time,side,order_type,time_in_force,original_quantity,price,average_price,order_status,last_fill_quantity,accumulated_fill_quantity
2024-01-02 00:24:53.424,BUY,LIMIT,IOC,4,0.093651,0.09252,FILLED,4,4
2024-01-02 00:46:32.567,BUY,LIMIT,IOC,26,0.094041,0.09307,FILLED,26,26
2024-01-02 00:47:21.846,BUY,LIMIT,IOC,395,0.094473,0.09338,FILLED,43,395
2024-01-02 07:34:50.307,BUY,LIMIT,IOC,15,0.095045,0.09396,FILLED,15,15
2024-01-02 08:50:02.543,BUY,LIMIT,IOC,2,0.095516,0.09439,FILLED,2,2
2024-01-02 14:55:51.498,SELL,LIMIT,IOC,2,0.090367,0.09145,FILLED,2,2
2024-01-02 20:52:33.554,SELL,LIMIT,IOC,46,0.089899,0.09095,FILLED,39,46
2024-01-02 21:04:07.800,SELL,LIMIT,IOC,24,0.089592,0.090629,FILLED,1,24
2024-01-03 11:49:37.100,SELL,LIMIT,IOC,1,0.089442,0.0905,FILLED,1,1
2024-01-03 11:50:31.878,SELL,LIMIT,IOC,101,0.089277,0.090331,FILLED,14,101
2024-01-03 11:51:48.529,SELL,LIMIT,IOC,60,0.089215,0.09028,FILLED,32,60
2024-01-03 11:54:52.432,SELL,LIMIT,IOC,2,0.089037,0.09009,FILLED,2,2
2024-01-03 11:55:19.248,SELL,LIMIT,IOC,5,0.088856,0.08998,FILLED,5,5
2024-01-03 11:55:53.728,SELL,LIMIT,IOC,20,0.08871,0.08967,FILLED,19,20
2024-01-03 11:55:55.296,SELL,LIMIT,IOC,112,0.088606,0.08956,FILLED,60,112
2024-01-03 11:55:56.607,SELL,LIMIT,IOC,5,0.088601,0.08954,FILLED,5,5
2024-01-03 11:55:57.792,SELL,LIMIT,IOC,35,0.088549,0.08943,FILLED,13,35
2024-01-03 11:56:00.560,SELL,LIMIT,IOC,21,0.088412,0.08937,FILLED,21,21
2024-01-03 11:56:03.043,SELL,LIMIT,IOC,17,0.088361,0.08908,FILLED,4,17
2024-01-03 11:56:04.849,SELL,LIMIT,IOC,19,0.088311,0.08909,FILLED,19,19
2024-01-03 11:56:09.520,SELL,LIMIT,IOC,5,0.0881,0.08918,FILLED,5,5
2024-01-03 12:01:09.214,SELL,LIMIT,IOC,3,0.088064,0.08901,FILLED,3,3
2024-01-03 12:01:15.306,SELL,LIMIT,IOC,256,0.087833,0.08884,FILLED,75,256
2024-01-03 12:01:20.126,SELL,LIMIT,IOC,5,0.087745,0.08838,FILLED,5,5
2024-01-03 12:01:22.099,SELL,LIMIT,IOC,17,0.087629,0.08827,FILLED,13,17
2024-01-03 12:01:24.199,SELL,LIMIT,IOC,20,0.087525,0.088055,FILLED,10,20
2024-01-03 12:01:26.164,SELL,LIMIT,IOC,74,0.087407,0.08823,FILLED,21,74
2024-01-03 12:01:28.068,SELL,LIMIT,IOC,5110,0.087068,0.087881,FILLED,225,5110
2024-01-03 12:01:30.202,SELL,LIMIT,IOC,20,0.087205,0.08784,FILLED,20,20
2024-01-03 12:01:32.358,SELL,LIMIT,IOC,9,0.087071,0.08746,FILLED,9,9
2024-01-03 12:01:33.553,SELL,LIMIT,IOC,400,0.087032,0.08715,FILLED,400,400
2024-01-03 12:01:34.714,SELL,LIMIT,IOC,20,0.086883,0.08741,FILLED,20,20
2024-01-03 12:01:36.877,SELL,LIMIT,IOC,2743,0.086847,0.08712,FILLED,617,2743
2024-01-03 12:01:39.110,SELL,LIMIT,IOC,94,0.086799,0.087049,FILLED,52,94
2024-01-03 12:01:41.775,SELL,LIMIT,IOC,1,0.086645,0.086645,FILLED,1,1
2024-01-03 12:01:43.256,SELL,LIMIT,IOC,3,0.086552,0.086552,FILLED,3,3
2024-01-03 12:01:45.206,SELL,LIMIT,IOC,11,0.086475,0.086475,FILLED,11,11
2024-01-03 12:01:46.219,SELL,LIMIT,IOC,80,0.086303,0.086303,FILLED,80,80
2024-01-03 12:01:48.094,SELL,LIMIT,IOC,6,0.086135,0.086135,FILLED,6,6
2024-01-03 12:01:49.180,SELL,LIMIT,IOC,7640,0.085343,0.085343,FILLED,7640,7640
2024-01-03 12:01:50.211,SELL,LIMIT,IOC,57,0.085704,0.085704,FILLED,57,57
2024-01-03 12:01:52.054,SELL,LIMIT,IOC,74,0.085554,0.085554,FILLED,74,74
2024-01-03 12:01:53.126,SELL,LIMIT,IOC,4,0.085222,0.085222,FILLED,4,4
2024-01-03 12:01:54.360,SELL,LIMIT,IOC,6,0.085182,0.085182,FILLED,6,6
2024-01-03 12:01:55.485,SELL,LIMIT,IOC,16,0.085166,0.085166,FILLED,16,16
2024-01-03 12:01:56.533,SELL,LIMIT,IOC,31,0.084941,0.084941,FILLED,31,31
2024-01-03 12:01:57.576,SELL,LIMIT,IOC,5337,0.084462,0.084462,FILLED,5337,5337
2024-01-03 12:08:23.856,SELL,LIMIT,IOC,36,0.084658,0.08521,FILLED,36,36
2024-01-03 12:08:25.068,SELL,LIMIT,IOC,4734,0.084353,0.08483,FILLED,2590,4734
2024-01-03 12:08:26.466,SELL,LIMIT,IOC,6090,0.083986,0.084579,FILLED,184,6090
2024-01-03 12:08:28.054,SELL,LIMIT,IOC,12,0.084205,0.084205,FILLED,12,12
2024-01-03 12:08:29.075,SELL,LIMIT,IOC,7,0.08395,0.08395,FILLED,7,7
2024-01-03 12:08:34.072,SELL,LIMIT,IOC,2,0.083847,0.083847,FILLED,2,2
2024-01-03 12:08:35.089,SELL,LIMIT,IOC,149,0.08354,0.08354,FILLED,149,149
2024-01-03 12:08:36.154,SELL,LIMIT,IOC,401,0.083405,0.083405,FILLED,401,401
2024-01-03 12:08:38.520,SELL,LIMIT,IOC,1,0.083378,0.083378,FILLED,1,1
2024-01-03 12:08:40.138,SELL,LIMIT,IOC,14,0.083216,0.08354,FILLED,14,14
2024-01-03 12:08:42.314,SELL,LIMIT,IOC,19,0.083169,0.083169,FILLED,19,19
2024-01-03 12:08:44.264,SELL,LIMIT,IOC,5,0.083088,0.083088,FILLED,5,5
2024-01-03 12:08:46.088,SELL,LIMIT,IOC,5,0.082564,0.082564,FILLED,5,5
2024-01-03 12:08:49.064,SELL,LIMIT,IOC,535,0.08247,0.08247,FILLED,535,535
2024-01-03 12:08:51.183,SELL,LIMIT,IOC,448,0.082406,0.082406,FILLED,448,448
2024-01-03 12:08:53.141,SELL,LIMIT,IOC,26,0.082141,0.082141,FILLED,26,26
2024-01-03 12:09:28.229,SELL,LIMIT,IOC,16,0.081952,0.081952,FILLED,16,16
2024-01-03 12:09:30.066,SELL,LIMIT,IOC,2,0.081634,0.081634,FILLED,2,2
2024-01-03 12:09:32.055,SELL,LIMIT,IOC,106,0.081442,0.081442,FILLED,106,106
2024-01-03 12:09:33.251,SELL,LIMIT,IOC,26,0.081312,0.081312,FILLED,26,26
2024-01-03 12:09:35.265,SELL,LIMIT,IOC,83,0.081263,0.081263,FILLED,83,83
2024-01-03 12:09:36.285,SELL,LIMIT,IOC,6,0.081053,0.081053,FILLED,6,6
2024-01-03 12:09:37.588,SELL,LIMIT,IOC,343,0.080964,0.080964,FILLED,343,343
2024-01-03 12:09:38.622,SELL,LIMIT,IOC,528,0.080817,0.080817,FILLED,528,528
2024-01-03 12:09:45.135,SELL,LIMIT,IOC,7,0.080749,0.080749,FILLED,7,7
2024-01-03 12:09:46.427,SELL,LIMIT,IOC,29,0.080723,0.080723,FILLED,29,29
2024-01-03 12:09:50.354,SELL,LIMIT,IOC,14,0.080647,0.080647,FILLED,14,14
2024-01-03 12:09:57.287,SELL,LIMIT,IOC,2,0.080634,0.080634,FILLED,2,2
2024-01-03 12:10:01.227,SELL,LIMIT,IOC,7,0.081304,0.081304,FILLED,7,7
2024-01-03 12:10:02.230,SELL,LIMIT,IOC,17,0.080506,0.080506,FILLED,17,17
2024-01-03 12:10:03.332,SELL,LIMIT,IOC,1,0.080337,0.080337,FILLED,1,1
2024-01-03 12:10:05.417,SELL,LIMIT,IOC,221,0.080296,0.080296,FILLED,221,221
2024-01-03 12:10:12.226,SELL,LIMIT,IOC,3,0.080118,0.080118,FILLED,3,3
2024-01-03 12:10:14.499,SELL,LIMIT,IOC,1,0.080015,0.080015,FILLED,1,1
2024-01-03 12:10:16.067,SELL,LIMIT,IOC,35,0.079592,0.079592,FILLED,35,35
2024-01-03 12:10:18.041,SELL,LIMIT,IOC,251,0.078807,0.078807,FILLED,251,251
2024-01-03 12:10:21.040,SELL,LIMIT,IOC,34,0.077541,0.077541,FILLED,34,34
2024-01-03 12:10:29.159,SELL,LIMIT,IOC,36,0.077154,0.077154,FILLED,36,36
2024-01-03 12:10:30.161,SELL,LIMIT,IOC,29,0.076763,0.076763,FILLED,29,29
2024-01-03 12:10:47.143,SELL,LIMIT,IOC,46,0.075924,0.075924,FILLED,46,46
2024-01-03 12:10:48.319,SELL,LIMIT,IOC,135,0.07583,0.07583,FILLED,135,135
2024-01-03 12:10:51.075,SELL,LIMIT,IOC,9,0.075446,0.07574,FILLED,9,9
2024-01-03 12:10:52.105,SELL,LIMIT,IOC,39,0.075542,0.075542,FILLED,39,39
2024-01-03 12:10:55.216,SELL,LIMIT,IOC,162,0.07508,0.075533,FILLED,147,162
2024-01-03 12:10:57.555,SELL,LIMIT,IOC,1700,0.07507,0.075517,FILLED,792,1700
2024-01-03 12:11:48.228,BUY,LIMIT,IOC,1,0.079377,0.07847,FILLED,1,1
2024-01-03 14:16:30.846,SELL,LIMIT,IOC,1,0.080656,0.08142,FILLED,1,1
2024-01-04 15:30:56.853,BUY,LIMIT,IOC,1,0.085634,0.08463,FILLED,1,1
2024-01-05 01:48:50.509,SELL,LIMIT,IOC,27,0.08122,0.08185,FILLED,27,27
2024-01-05 01:48:53.421,SELL,LIMIT,IOC,23,0.081051,0.081657,FILLED,2,23
2024-01-05 01:48:55.177,SELL,LIMIT,IOC,41,0.080975,0.08144,FILLED,32,41
2024-01-05 01:48:57.288,SELL,LIMIT,IOC,5,0.080905,0.08138,FILLED,5,5
2024-01-05 01:48:58.466,SELL,LIMIT,IOC,2129,0.080832,0.081432,FILLED,160,2129
2024-01-05 01:49:03.326,SELL,LIMIT,IOC,216,0.080559,0.081077,FILLED,29,216
2024-01-05 01:49:06.511,SELL,LIMIT,IOC,46,0.080452,0.080452,FILLED,46,46
2024-01-05 01:49:07.792,SELL,LIMIT,IOC,3,0.080199,0.080199,FILLED,3,3
2024-01-05 17:05:49.829,SELL,LIMIT,IOC,337,0.079912,0.080814,FILLED,189,337
2024-01-05 17:05:53.153,SELL,LIMIT,IOC,7,0.079793,0.08073,FILLED,7,7
2024-01-05 17:09:15.049,SELL,LIMIT,IOC,1,0.079754,0.08068,FILLED,1,1
2024-01-06 05:25:40.677,SELL,LIMIT,IOC,51,0.079628,0.0805,FILLED,51,51
2024-01-06 05:25:47.472,SELL,LIMIT,IOC,9,0.079472,0.08039,FILLED,9,9
2024-01-06 05:25:52.160,SELL,LIMIT,IOC,1,0.079427,0.08034,FILLED,1,1
2024-01-06 05:27:52.577,SELL,LIMIT,IOC,1,0.079202,0.0801,FILLED,1,1
2024-01-06 05:28:24.355,SELL,LIMIT,IOC,4,0.078981,0.07985,FILLED,4,4
2024-01-06 05:28:25.503,SELL,LIMIT,IOC,46,0.078927,0.07987,FILLED,46,46
2024-01-06 05:28:28.591,SELL,LIMIT,IOC,50,0.078855,0.07975,FILLED,50,50
2024-01-06 05:28:30.254,SELL,LIMIT,IOC,7,0.078775,0.07971,FILLED,7,7
2024-01-06 05:52:08.528,SELL,LIMIT,IOC,41,0.078727,0.07962,FILLED,1,41
2024-01-06 05:52:28.239,SELL,LIMIT,IOC,2,0.078637,0.07944,FILLED,2,2
2024-01-06 05:52:29.831,SELL,LIMIT,IOC,683,0.078563,0.079408,FILLED,95,683
2024-01-06 06:11:06.375,SELL,LIMIT,IOC,62,0.078503,0.07941,FILLED,47,62
2024-01-06 06:11:09.201,SELL,LIMIT,IOC,12,0.078472,0.07938,FILLED,12,12
2024-01-06 06:11:16.141,SELL,LIMIT,IOC,1,0.078392,0.07934,FILLED,1,1
2024-01-06 06:11:28.350,SELL,LIMIT,IOC,57,0.078369,0.079176,FILLED,34,57
2024-01-06 06:11:29.692,SELL,LIMIT,IOC,3,0.078316,0.07923,FILLED,3,3
2024-01-06 06:12:04.729,SELL,LIMIT,IOC,8,0.078273,0.07915,FILLED,8,8
2024-01-06 06:24:29.472,SELL,LIMIT,IOC,2,0.078085,0.07899,FILLED,2,2
2024-01-06 06:24:32.870,SELL,LIMIT,IOC,3996,0.077999,0.078896,FILLED,627,3996
2024-01-06 06:25:09.076,SELL,LIMIT,IOC,13,0.077888,0.078856,FILLED,5,13
2024-01-06 06:55:48.844,SELL,LIMIT,IOC,163,0.077748,0.078615,FILLED,73,163
2024-01-06 06:56:15.570,SELL,LIMIT,IOC,25,0.07764,0.07846,FILLED,25,25
2024-01-06 06:56:19.623,SELL,LIMIT,IOC,351,0.077582,0.078472,FILLED,72,351
2024-01-06 06:57:06.743,SELL,LIMIT,IOC,142,0.077534,0.0784,FILLED,45,142
2024-01-07 16:49:41.110,SELL,LIMIT,IOC,1,0.078317,0.07915,FILLED,1,1
2024-01-07 22:07:28.046,SELL,LIMIT,IOC,49,0.077873,0.078828,FILLED,3,49
2024-01-07 22:07:55.400,SELL,LIMIT,IOC,50,0.07773,0.07859,FILLED,50,50
2024-01-07 22:07:57.767,SELL,LIMIT,IOC,46,0.077693,0.078555,FILLED,20,46
2024-01-07 22:16:19.567,SELL,LIMIT,IOC,94,0.077565,0.078413,FILLED,14,94
2024-01-07 22:16:21.573,SELL,LIMIT,IOC,13,0.077532,0.07841,FILLED,13,13
2024-01-07 22:16:25.040,SELL,LIMIT,IOC,1,0.077483,0.07833,FILLED,1,1
2024-01-07 22:16:41.105,SELL,LIMIT,IOC,15,0.077359,0.07822,FILLED,12,15
2024-01-07 22:16:47.064,SELL,LIMIT,IOC,2,0.077302,0.07821,FILLED,2,2
2024-01-07 22:17:25.168,SELL,LIMIT,IOC,104,0.077184,0.078034,FILLED,11,104
2024-01-07 22:17:30.171,SELL,LIMIT,IOC,20,0.077079,0.078,FILLED,20,20
2024-01-07 22:19:06.405,SELL,LIMIT,IOC,3,0.077037,0.077903,FILLED,2,3
2024-01-07 22:19:11.336,SELL,LIMIT,IOC,16,0.076964,0.0778,FILLED,16,16
2024-01-07 22:31:32.127,SELL,LIMIT,IOC,1,0.076761,0.07757,FILLED,1,1
2024-01-07 22:31:35.639,SELL,LIMIT,IOC,11,0.076527,0.07736,FILLED,11,11
2024-01-07 22:31:36.774,SELL,LIMIT,IOC,5,0.076494,0.07738,FILLED,5,5
2024-01-07 22:35:51.322,SELL,LIMIT,IOC,4,0.076472,0.07733,FILLED,4,4
2024-01-07 22:35:53.045,SELL,LIMIT,IOC,3,0.076437,0.07727,FILLED,2,3
2024-01-07 22:35:57.764,SELL,LIMIT,IOC,9,0.076335,0.0772,FILLED,9,9
2024-01-07 22:36:06.498,SELL,LIMIT,IOC,22,0.076295,0.07717,FILLED,22,22
2024-01-07 22:36:08.490,SELL,LIMIT,IOC,858,0.076285,0.07715,FILLED,9,858
2024-01-07 22:36:40.429,SELL,LIMIT,IOC,10,0.076237,0.077124,FILLED,6,10
2024-01-08 02:17:41.554,SELL,LIMIT,IOC,111,0.076114,0.07702,FILLED,11,111
2024-01-08 02:17:46.363,SELL,LIMIT,IOC,1,0.07604,0.07689,FILLED,1,1
2024-01-08 02:33:01.538,SELL,LIMIT,IOC,1,0.075998,0.07692,FILLED,1,1
2024-01-08 02:36:47.536,SELL,LIMIT,IOC,5,0.07598,0.07683,FILLED,5,5
2024-01-08 02:37:07.302,SELL,LIMIT,IOC,7,0.075828,0.076628,FILLED,1,7
2024-01-08 02:37:08.678,SELL,LIMIT,IOC,11,0.07582,0.0766,FILLED,11,11
2024-01-08 02:37:11.166,SELL,LIMIT,IOC,4,0.075774,0.07666,FILLED,4,4
2024-01-08 02:37:26.243,SELL,LIMIT,IOC,3,0.075723,0.07652,FILLED,2,3
2024-01-08 02:37:29.958,SELL,LIMIT,IOC,13,0.075657,0.07652,FILLED,13,13
2024-01-08 02:38:13.244,SELL,LIMIT,IOC,2,0.075601,0.07644,FILLED,2,2
2024-01-08 02:38:15.484,SELL,LIMIT,IOC,88,0.075588,0.076519,FILLED,7,88
2024-01-08 02:51:36.556,SELL,LIMIT,IOC,101,0.075558,0.076422,FILLED,35,101
2024-01-08 02:51:38.083,SELL,LIMIT,IOC,146,0.07551,0.07633,FILLED,146,146
2024-01-08 02:51:39.850,SELL,LIMIT,IOC,248,0.075475,0.076302,FILLED,186,248
2024-01-08 02:51:44.565,SELL,LIMIT,IOC,6,0.075377,0.07617,FILLED,6,6
2024-01-08 02:51:45.693,SELL,LIMIT,IOC,1,0.075372,0.07623,FILLED,1,1
2024-01-08 02:51:56.351,SELL,LIMIT,IOC,1,0.07526,0.07615,FILLED,1,1
2024-01-08 02:51:58.558,SELL,LIMIT,IOC,1026,0.075249,0.076,FILLED,317,1026
2024-01-08 02:51:59.868,SELL,LIMIT,IOC,469,0.075224,0.075959,FILLED,149,469
2024-01-08 02:52:32.080,SELL,LIMIT,IOC,243,0.075057,0.075914,FILLED,106,243
2024-01-08 02:52:34.497,SELL,LIMIT,IOC,1,0.075021,0.07588,FILLED,1,1
2024-01-08 02:52:38.251,SELL,LIMIT,IOC,900,0.075005,0.075857,FILLED,56,900
2024-01-08 02:52:42.706,SELL,LIMIT,IOC,199,0.074995,0.075588,FILLED,7,199
2024-01-08 02:52:43.803,SELL,LIMIT,IOC,20,0.074934,0.07576,FILLED,5,20
2024-01-08 02:52:54.136,SELL,LIMIT,IOC,53,0.074649,0.07541,FILLED,53,53
2024-01-08 02:53:23.246,SELL,LIMIT,IOC,12,0.07462,0.07533,FILLED,12,12
2024-01-08 02:53:24.354,SELL,LIMIT,IOC,400,0.074586,0.075224,FILLED,207,400
2024-01-08 02:53:25.437,SELL,LIMIT,IOC,57,0.074448,0.075336,FILLED,19,57
2024-01-08 02:53:27.150,SELL,LIMIT,IOC,3732,0.074556,0.075311,FILLED,405,3732
2024-01-08 02:53:43.262,SELL,LIMIT,IOC,147,0.07442,0.07518,FILLED,19,147
2024-01-08 02:53:46.390,SELL,LIMIT,IOC,1,0.07427,0.07513,FILLED,1,1
2024-01-08 03:16:50.422,SELL,LIMIT,IOC,1,0.074217,0.07508,FILLED,1,1
2024-01-08 03:16:52.766,SELL,LIMIT,IOC,5,0.074214,0.07507,FILLED,5,5
2024-01-08 03:16:54.205,SELL,LIMIT,IOC,50,0.074213,0.075077,FILLED,13,50
2024-01-08 03:17:04.131,SELL,LIMIT,IOC,4,0.074188,0.07503,FILLED,3,4
2024-01-08 03:17:05.415,SELL,LIMIT,IOC,137,0.074143,0.074998,FILLED,21,137
2024-01-08 03:17:08.763,SELL,LIMIT,IOC,3,0.074131,0.074973,FILLED,2,3
2024-01-08 03:22:55.426,SELL,LIMIT,IOC,7,0.074127,0.07495,FILLED,7,7
2024-01-08 03:22:58.144,SELL,LIMIT,IOC,7,0.074057,0.07486,FILLED,1,7
2024-01-08 03:23:01.235,SELL,LIMIT,IOC,382,0.07399,0.074828,FILLED,146,382
2024-01-08 03:23:25.129,SELL,LIMIT,IOC,114,0.073952,0.07475,FILLED,76,114
2024-01-08 03:23:27.054,SELL,LIMIT,IOC,226,0.073887,0.074652,FILLED,149,226
2024-01-08 03:23:31.102,SELL,LIMIT,IOC,400,0.073843,0.074612,FILLED,4,400
2024-01-08 03:23:34.472,SELL,LIMIT,IOC,1,0.073789,0.07458,FILLED,1,1
2024-01-08 03:25:24.489,SELL,LIMIT,IOC,500,0.073697,0.074452,FILLED,261,500
2024-01-08 03:25:26.628,SELL,LIMIT,IOC,91,0.073662,0.07448,FILLED,91,91
2024-01-08 03:25:29.509,SELL,LIMIT,IOC,92,0.073649,0.07444,FILLED,54,92
2024-01-08 03:25:31.261,SELL,LIMIT,IOC,159,0.073595,0.074394,FILLED,8,159
2024-01-08 03:25:34.122,SELL,LIMIT,IOC,3,0.073568,0.07443,FILLED,3,3
2024-01-08 03:25:39.330,SELL,LIMIT,IOC,125,0.073526,0.074295,FILLED,54,125
2024-01-08 03:25:40.696,SELL,LIMIT,IOC,43,0.073494,0.074288,FILLED,5,43
2024-01-08 03:25:41.722,SELL,LIMIT,IOC,177,0.073472,0.074452,FILLED,25,177
2024-01-08 03:26:59.037,SELL,LIMIT,IOC,396,0.073451,0.074272,FILLED,356,396
2024-01-08 03:27:11.243,SELL,LIMIT,IOC,231,0.073398,0.074139,FILLED,68,231
2024-01-08 03:27:12.270,SELL,LIMIT,IOC,117,0.073381,0.07422,FILLED,117,117
2024-01-08 03:27:34.778,SELL,LIMIT,IOC,18,0.073342,0.07421,FILLED,18,18
2024-01-08 18:35:26.528,BUY,LIMIT,IOC,3,0.08178,0.08079,FILLED,3,3
2024-01-08 23:00:12.167,BUY,LIMIT,IOC,7,0.082673,0.08173,FILLED,1,7
2024-01-09 09:45:42.045,SELL,LIMIT,IOC,1,0.077838,0.07872,FILLED,1,1
2024-01-09 09:45:46.182,SELL,LIMIT,IOC,204,0.077774,0.07869,FILLED,154,204
2024-01-09 12:56:28.654,SELL,LIMIT,IOC,125,0.077324,0.078029,FILLED,11,125
2024-01-09 12:56:31.793,SELL,LIMIT,IOC,3956,0.077128,0.077929,FILLED,403,3956
2024-01-09 12:56:34.355,SELL,LIMIT,IOC,64,0.076897,0.07754,FILLED,64,64
2024-01-09 12:56:37.824,SELL,LIMIT,IOC,7,0.076734,0.07729,FILLED,7,7
2024-01-09 12:56:39.431,SELL,LIMIT,IOC,14,0.076544,0.076852,FILLED,3,14
2024-01-09 12:56:43.325,SELL,LIMIT,IOC,2,0.076386,0.07653,FILLED,2,2
2024-01-09 12:56:45.179,SELL,LIMIT,IOC,31,0.076166,0.07679,FILLED,31,31
2024-01-09 17:27:20.662,BUY,LIMIT,IOC,305,0.080531,0.079845,FILLED,210,305
2024-01-09 17:28:44.464,BUY,LIMIT,IOC,30,0.081742,0.0808,FILLED,30,30
2024-01-09 17:29:19.787,BUY,LIMIT,IOC,1,0.082046,0.08101,FILLED,1,1
2024-01-09 17:29:54.597,BUY,LIMIT,IOC,1,0.082508,0.08169,FILLED,1,1
2024-01-09 17:30:21.101,BUY,LIMIT,IOC,1,0.082758,0.0818,FILLED,1,1
2024-01-09 17:30:44.608,BUY,LIMIT,IOC,19,0.083331,0.08264,FILLED,19,19
2024-01-09 17:35:21.833,SELL,LIMIT,IOC,912,0.079109,0.079859,FILLED,148,912
2024-01-09 17:36:36.830,SELL,LIMIT,IOC,2,0.078655,0.07908,FILLED,2,2
2024-01-09 17:36:41.355,SELL,LIMIT,IOC,4019,0.077848,0.078443,FILLED,982,4019
2024-01-09 20:54:37.174,SELL,LIMIT,IOC,54,0.077013,0.077933,FILLED,34,54
2024-01-09 20:57:25.666,SELL,LIMIT,IOC,200,0.076876,0.07782,FILLED,10,200
2024-01-09 20:57:33.849,SELL,LIMIT,IOC,73,0.076803,0.077734,FILLED,24,73
2024-01-09 21:32:29.185,SELL,LIMIT,IOC,2600,0.076316,0.077148,FILLED,132,2600
2024-01-09 21:32:45.594,SELL,LIMIT,IOC,828,0.076258,0.07702,FILLED,427,828
2024-01-09 21:32:46.604,SELL,LIMIT,IOC,18,0.076192,0.077049,FILLED,9,18
2024-01-09 21:32:54.042,SELL,LIMIT,IOC,2,0.075998,0.07683,FILLED,2,2
2024-01-09 21:32:59.127,SELL,LIMIT,IOC,26,0.075943,0.076856,FILLED,9,26
2024-01-09 22:15:20.251,BUY,LIMIT,IOC,2,0.08132,0.08047,FILLED,2,2
2024-01-09 22:15:26.468,BUY,LIMIT,IOC,4,0.08151,0.08131,FILLED,4,4
2024-01-10 12:28:36.605,SELL,LIMIT,IOC,5,0.076649,0.07762,FILLED,5,5
2024-01-10 12:48:40.188,SELL,LIMIT,IOC,32,0.076391,0.07726,FILLED,32,32
2024-01-10 12:48:49.669,SELL,LIMIT,IOC,380,0.076242,0.077111,FILLED,16,380
2024-01-10 12:48:50.706,SELL,LIMIT,IOC,55,0.076201,0.077074,FILLED,4,55
2024-01-10 12:54:37.492,SELL,LIMIT,IOC,427,0.076146,0.076932,FILLED,360,427
2024-01-10 12:54:47.135,SELL,LIMIT,IOC,47,0.076012,0.07671,FILLED,47,47
2024-01-10 12:55:47.086,SELL,LIMIT,IOC,10,0.075756,0.0765,FILLED,6,10
2024-01-10 12:55:49.032,SELL,LIMIT,IOC,4,0.075591,0.07653,FILLED,4,4
2024-01-10 12:57:12.096,SELL,LIMIT,IOC,89,0.075512,0.07638,FILLED,89,89
2024-01-10 21:11:37.271,BUY,LIMIT,IOC,1,0.080832,0.0799,FILLED,1,1
2024-01-10 21:50:47.160,BUY,LIMIT,IOC,250,0.081999,0.081028,FILLED,60,250
2024-01-10 22:27:00.521,BUY,LIMIT,IOC,1,0.084448,0.08349,FILLED,1,1
2024-01-10 23:20:29.536,BUY,LIMIT,IOC,10,0.08542,0.08439,FILLED,8,10
2024-01-11 10:53:43.062,BUY,LIMIT,IOC,5,0.086101,0.08509,FILLED,5,5
2024-01-11 11:52:15.263,BUY,LIMIT,IOC,4,0.086969,0.085932,FILLED,1,4
2024-01-11 11:54:20.769,BUY,LIMIT,IOC,62,0.087115,0.086079,FILLED,5,62
2024-01-11 12:06:13.041,BUY,LIMIT,IOC,17,0.087554,0.08653,FILLED,17,17
2024-01-11 14:47:09.063,BUY,LIMIT,IOC,1,0.088244,0.08722,FILLED,1,1
2024-01-11 14:47:14.781,BUY,LIMIT,IOC,2,0.088284,0.087239,FILLED,1,2
2024-01-11 15:42:25.332,SELL,LIMIT,IOC,24,0.084183,0.08515,FILLED,24,24
2024-01-11 15:43:42.060,SELL,LIMIT,IOC,20,0.083919,0.08484,FILLED,20,20
2024-01-11 15:50:27.869,SELL,LIMIT,IOC,23,0.083463,0.084451,FILLED,19,23
2024-01-11 16:10:04.162,SELL,LIMIT,IOC,139,0.083116,0.084067,FILLED,40,139
2024-01-11 16:12:22.285,SELL,LIMIT,IOC,1227,0.082715,0.08363,FILLED,101,1227
2024-01-11 16:15:38.506,SELL,LIMIT,IOC,5,0.082635,0.08358,FILLED,5,5
2024-01-11 16:16:14.052,SELL,LIMIT,IOC,77,0.082476,0.08343,FILLED,13,77
2024-01-11 16:16:43.447,SELL,LIMIT,IOC,11,0.082106,0.08309,FILLED,11,11
2024-01-12 01:28:44.791,SELL,LIMIT,IOC,27,0.082337,0.0833,FILLED,25,27
2024-01-12 15:39:21.315,SELL,LIMIT,IOC,280,0.081731,0.082714,FILLED,42,280
2024-01-12 15:39:37.332,SELL,LIMIT,IOC,11,0.081691,0.08267,FILLED,2,11
2024-01-12 15:56:04.265,SELL,LIMIT,IOC,35,0.081577,0.08253,FILLED,35,35
2024-01-12 15:56:14.382,SELL,LIMIT,IOC,15,0.081505,0.08244,FILLED,5,15
2024-01-12 16:20:02.389,SELL,LIMIT,IOC,4,0.081177,0.08214,FILLED,4,4
2024-01-12 16:20:09.307,SELL,LIMIT,IOC,2,0.081053,0.08194,FILLED,2,2
2024-01-12 16:21:13.148,SELL,LIMIT,IOC,2,0.080963,0.0819,FILLED,2,2
2024-01-12 16:21:14.566,SELL,LIMIT,IOC,39,0.080951,0.081899,FILLED,1,39
2024-01-12 16:37:54.128,SELL,LIMIT,IOC,3,0.080793,0.08175,FILLED,3,3
2024-01-12 16:38:59.911,SELL,LIMIT,IOC,311,0.080684,0.081599,FILLED,140,311
2024-01-12 16:39:02.803,SELL,LIMIT,IOC,400,0.080641,0.081592,FILLED,22,400
2024-01-12 16:52:52.430,SELL,LIMIT,IOC,31,0.080556,0.081504,FILLED,17,31
2024-01-12 16:52:56.654,SELL,LIMIT,IOC,12,0.080528,0.0815,FILLED,12,12
2024-01-12 16:53:15.045,SELL,LIMIT,IOC,5,0.080423,0.08139,FILLED,5,5
2024-01-12 16:53:21.093,SELL,LIMIT,IOC,620,0.080285,0.08123,FILLED,60,620
2024-01-12 16:53:39.792,SELL,LIMIT,IOC,17,0.080076,0.08108,FILLED,17,17
2024-01-12 16:53:42.166,SELL,LIMIT,IOC,30,0.080055,0.08095,FILLED,30,30
2024-01-12 16:53:58.300,SELL,LIMIT,IOC,13,0.079952,0.08089,FILLED,13,13
2024-01-12 16:54:00.858,SELL,LIMIT,IOC,49,0.079871,0.08078,FILLED,17,49
2024-01-12 16:54:02.126,SELL,LIMIT,IOC,38,0.079758,0.08072,FILLED,38,38
2024-01-12 16:54:06.855,SELL,LIMIT,IOC,4,0.079709,0.08061,FILLED,4,4
2024-01-12 16:54:28.813,SELL,LIMIT,IOC,149,0.079526,0.080427,FILLED,7,149
2024-01-12 16:54:33.377,SELL,LIMIT,IOC,2,0.079399,0.08031,FILLED,2,2
2024-01-12 17:20:30.462,SELL,LIMIT,IOC,179,0.079257,0.08021,FILLED,173,179
2024-01-12 17:21:03.946,SELL,LIMIT,IOC,10,0.079071,0.08006,FILLED,10,10
2024-01-12 17:21:43.284,SELL,LIMIT,IOC,176,0.078944,0.079854,FILLED,20,176
2024-01-12 17:21:50.219,SELL,LIMIT,IOC,2688,0.078737,0.079642,FILLED,451,2688
2024-01-12 21:44:32.559,SELL,LIMIT,IOC,2,0.078782,0.07971,FILLED,2,2
2024-01-12 22:03:54.107,SELL,LIMIT,IOC,366,0.078712,0.079533,FILLED,3,366
2024-01-12 22:03:57.338,SELL,LIMIT,IOC,133,0.07864,0.07967,FILLED,72,133
2024-01-12 22:04:43.519,SELL,LIMIT,IOC,22,0.0786,0.07932,FILLED,22,22
2024-01-12 22:04:44.524,SELL,LIMIT,IOC,2065,0.07852,0.07922,FILLED,35,2065
2024-01-12 22:04:47.158,SELL,LIMIT,IOC,551,0.078364,0.07929,FILLED,91,551
2024-01-12 22:05:17.056,SELL,LIMIT,IOC,41,0.07834,0.07923,FILLED,41,41
2024-01-12 22:05:29.524,SELL,LIMIT,IOC,9,0.078202,0.07914,FILLED,9,9
2024-01-12 22:21:15.192,SELL,LIMIT,IOC,56,0.078124,0.07904,FILLED,56,56
2024-01-12 22:21:19.534,SELL,LIMIT,IOC,70,0.07809,0.07893,FILLED,14,70
2024-01-12 22:21:24.284,SELL,LIMIT,IOC,110,0.077848,0.0787,FILLED,32,110
2024-01-12 22:21:26.167,SELL,LIMIT,IOC,130,0.077819,0.078547,FILLED,17,130
2024-01-12 22:21:27.216,SELL,LIMIT,IOC,101,0.077703,0.078502,FILLED,54,101
2024-01-12 22:21:28.489,SELL,LIMIT,IOC,3,0.077646,0.07839,FILLED,3,3
2024-01-12 22:21:58.591,SELL,LIMIT,IOC,33,0.077514,0.07835,FILLED,32,33
2024-01-12 22:21:59.834,SELL,LIMIT,IOC,5,0.077493,0.07815,FILLED,5,5
2024-01-12 22:22:01.410,SELL,LIMIT,IOC,40,0.0773,0.07806,FILLED,28,40
2024-01-12 22:22:02.693,SELL,LIMIT,IOC,12,0.07723,0.07802,FILLED,6,12
2024-01-12 22:22:07.099,SELL,LIMIT,IOC,3,0.077058,0.077846,FILLED,2,3
2024-01-12 22:22:10.284,SELL,LIMIT,IOC,1800,0.0769,0.077709,FILLED,36,1800
2024-01-13 15:31:36.863,BUY,LIMIT,IOC,1,0.082104,0.08112,FILLED,1,1
2024-01-14 07:45:23.151,BUY,LIMIT,IOC,4,0.082812,0.08186,FILLED,4,4
2024-01-14 10:25:15.330,BUY,LIMIT,IOC,15,0.084274,0.08331,FILLED,15,15
2024-01-14 10:25:29.041,BUY,LIMIT,IOC,31,0.0844,0.08338,FILLED,31,31
2024-01-14 10:28:25.676,BUY,LIMIT,IOC,364,0.084708,0.083835,FILLED,50,364
2024-01-14 19:52:59.228,SELL,LIMIT,IOC,6,0.079887,0.08081,FILLED,6,6
2024-01-14 19:53:29.381,SELL,LIMIT,IOC,319,0.079809,0.08076,FILLED,76,319
2024-01-14 19:57:47.836,SELL,LIMIT,IOC,6,0.079763,0.0807,FILLED,6,6
2024-01-14 20:02:27.642,SELL,LIMIT,IOC,75,0.079452,0.080328,FILLED,7,75
2024-01-14 23:09:19.502,SELL,LIMIT,IOC,37,0.079159,0.08011,FILLED,29,37
2024-01-14 23:36:03.336,SELL,LIMIT,IOC,1,0.078917,0.07981,FILLED,1,1
2024-01-14 23:36:16.730,SELL,LIMIT,IOC,2123,0.07881,0.079675,FILLED,343,2123
2024-01-14 23:36:32.780,SELL,LIMIT,IOC,6,0.078755,0.07965,FILLED,6,6
2024-01-16 14:40:47.503,SELL,LIMIT,IOC,8,0.078962,0.07988,FILLED,8,8
2024-01-17 17:05:30.065,SELL,LIMIT,IOC,1,0.078581,0.07951,FILLED,1,1
2024-01-18 13:15:46.703,SELL,LIMIT,IOC,12,0.078369,0.07927,FILLED,12,12
2024-01-18 13:17:27.576,SELL,LIMIT,IOC,4,0.078272,0.07915,FILLED,4,4
2024-01-18 16:38:28.853,SELL,LIMIT,IOC,85,0.078198,0.079105,FILLED,36,85
2024-01-18 16:38:36.107,SELL,LIMIT,IOC,2481,0.078133,0.079062,FILLED,337,2481
2024-01-18 16:38:55.759,SELL,LIMIT,IOC,1,0.077977,0.07889,FILLED,1,1
2024-01-18 16:39:08.185,SELL,LIMIT,IOC,5,0.077897,0.07884,FILLED,5,5
2024-01-18 16:39:11.262,SELL,LIMIT,IOC,1568,0.07786,0.078766,FILLED,190,1568
2024-01-18 16:48:21.604,SELL,LIMIT,IOC,5,0.077826,0.07868,FILLED,4,5
2024-01-18 16:48:32.064,SELL,LIMIT,IOC,60,0.077732,0.07867,FILLED,60,60
2024-01-18 16:48:35.624,SELL,LIMIT,IOC,266,0.077708,0.07857,FILLED,40,266
2024-01-18 16:48:38.275,SELL,LIMIT,IOC,20,0.077618,0.07853,FILLED,20,20
2024-01-18 16:49:02.391,SELL,LIMIT,IOC,8,0.077478,0.07845,FILLED,8,8
2024-01-18 16:49:04.103,SELL,LIMIT,IOC,112,0.077383,0.07823,FILLED,53,112
2024-01-18 16:49:07.487,SELL,LIMIT,IOC,11,0.077295,0.0782,FILLED,11,11
2024-01-18 16:50:22.482,SELL,LIMIT,IOC,37,0.077253,0.0781,FILLED,37,37
2024-01-18 16:50:26.445,SELL,LIMIT,IOC,2,0.077157,0.07809,FILLED,2,2
2024-01-18 16:50:49.031,SELL,LIMIT,IOC,2,0.077069,0.07789,FILLED,1,2
2024-01-18 16:50:52.079,SELL,LIMIT,IOC,13,0.076995,0.07791,FILLED,13,13
2024-01-18 16:50:55.482,SELL,LIMIT,IOC,27,0.076985,0.07785,FILLED,27,27
2024-01-18 18:09:25.116,SELL,LIMIT,IOC,36,0.07692,0.07784,FILLED,36,36
2024-01-18 18:09:28.404,SELL,LIMIT,IOC,229,0.076877,0.07785,FILLED,12,229
2024-01-18 18:12:07.595,SELL,LIMIT,IOC,76,0.076792,0.07772,FILLED,30,76
2024-01-18 19:54:21.766,SELL,LIMIT,IOC,33,0.076739,0.07767,FILLED,28,33
2024-01-18 19:55:06.252,SELL,LIMIT,IOC,3,0.076682,0.07751,FILLED,3,3
2024-01-18 19:55:15.035,SELL,LIMIT,IOC,402,0.076564,0.07746,FILLED,99,402
2024-01-18 19:55:22.416,SELL,LIMIT,IOC,8,0.076549,0.07744,FILLED,7,8
2024-01-18 19:55:23.672,SELL,LIMIT,IOC,59,0.076527,0.07741,FILLED,37,59
2024-01-18 19:55:25.768,SELL,LIMIT,IOC,3,0.076483,0.07738,FILLED,3,3
2024-01-18 19:57:51.118,SELL,LIMIT,IOC,199,0.076273,0.077128,FILLED,9,199
2024-01-18 19:57:53.112,SELL,LIMIT,IOC,270,0.076189,0.077017,FILLED,46,270
2024-01-18 19:58:44.680,SELL,LIMIT,IOC,17,0.076086,0.07693,FILLED,17,17
2024-01-18 19:58:45.789,SELL,LIMIT,IOC,97,0.076075,0.07696,FILLED,1,97
2024-01-18 19:58:48.544,SELL,LIMIT,IOC,15,0.076016,0.07689,FILLED,15,15
2024-01-19 01:31:18.074,SELL,LIMIT,IOC,35,0.075981,0.07687,FILLED,30,35
2024-01-19 03:26:57.194,SELL,LIMIT,IOC,4,0.075938,0.07683,FILLED,4,4
2024-01-19 03:27:04.108,SELL,LIMIT,IOC,1,0.075868,0.07676,FILLED,1,1
2024-01-19 03:27:06.079,SELL,LIMIT,IOC,30,0.075842,0.07673,FILLED,1,30
2024-01-19 03:27:10.830,SELL,LIMIT,IOC,15,0.075783,0.07667,FILLED,15,15
2024-01-19 03:27:12.497,SELL,LIMIT,IOC,2,0.075766,0.07667,FILLED,2,2
2024-01-19 03:27:32.414,SELL,LIMIT,IOC,35,0.075678,0.07657,FILLED,33,35
2024-01-19 03:31:18.566,SELL,LIMIT,IOC,1,0.075664,0.07654,FILLED,1,1
2024-01-19 03:32:09.438,SELL,LIMIT,IOC,44,0.075599,0.0764,FILLED,10,44
2024-01-19 03:32:10.549,SELL,LIMIT,IOC,38,0.075556,0.076371,FILLED,14,38
2024-01-19 03:32:11.725,SELL,LIMIT,IOC,3,0.075503,0.07646,FILLED,3,3
2024-01-19 16:23:16.343,SELL,LIMIT,IOC,164,0.075418,0.07633,FILLED,25,164
2024-01-19 16:24:20.263,SELL,LIMIT,IOC,210,0.075378,0.07626,FILLED,29,210
2024-01-19 16:24:21.871,SELL,LIMIT,IOC,80,0.075366,0.07623,FILLED,79,80
2024-01-19 16:26:11.172,SELL,LIMIT,IOC,42,0.075319,0.07621,FILLED,7,42
2024-01-19 16:26:17.398,SELL,LIMIT,IOC,15,0.075298,0.07619,FILLED,15,15
2024-01-19 16:27:14.291,SELL,LIMIT,IOC,28,0.075266,0.07614,FILLED,28,28
2024-01-19 16:27:25.549,SELL,LIMIT,IOC,89,0.075224,0.07611,FILLED,37,89
2024-01-19 16:27:27.515,SELL,LIMIT,IOC,5,0.0752,0.07608,FILLED,3,5
2024-01-19 16:27:41.484,SELL,LIMIT,IOC,18,0.075134,0.07601,FILLED,6,18
2024-01-19 16:31:18.611,SELL,LIMIT,IOC,3,0.075107,0.07593,FILLED,1,3
2024-01-19 16:31:22.443,SELL,LIMIT,IOC,7,0.07497,0.07591,FILLED,7,7
2024-01-19 16:34:34.170,SELL,LIMIT,IOC,43,0.074918,0.07581,FILLED,19,43
2024-01-19 16:38:38.496,SELL,LIMIT,IOC,86,0.074867,0.07572,FILLED,22,86
2024-01-19 16:38:52.059,SELL,LIMIT,IOC,9,0.07481,0.07571,FILLED,9,9
2024-01-19 16:38:55.274,SELL,LIMIT,IOC,2,0.074776,0.07567,FILLED,2,2
2024-01-19 16:39:24.254,SELL,LIMIT,IOC,116,0.074714,0.075554,FILLED,30,116
2024-01-19 16:39:26.060,SELL,LIMIT,IOC,46,0.074672,0.07552,FILLED,7,46
2024-01-19 16:39:27.324,SELL,LIMIT,IOC,1,0.074657,0.07553,FILLED,1,1
2024-01-19 16:39:31.953,SELL,LIMIT,IOC,1186,0.074627,0.075495,FILLED,152,1186
2024-01-19 16:39:36.240,SELL,LIMIT,IOC,7,0.074598,0.07547,FILLED,7,7
2024-01-19 16:40:09.372,SELL,LIMIT,IOC,4110,0.074495,0.075391,FILLED,182,4110
2024-01-19 16:40:23.169,SELL,LIMIT,IOC,35,0.074504,0.07537,FILLED,35,35
2024-01-19 16:40:31.663,SELL,LIMIT,IOC,1,0.074469,0.07539,FILLED,1,1
2024-01-19 16:40:37.204,SELL,LIMIT,IOC,85,0.07444,0.07531,FILLED,31,85
2024-01-19 16:41:04.746,SELL,LIMIT,IOC,1983,0.074418,0.075253,FILLED,234,1983
2024-01-19 16:41:48.266,SELL,LIMIT,IOC,167,0.074318,0.07518,FILLED,31,167
2024-01-19 16:41:52.304,SELL,LIMIT,IOC,155,0.074271,0.075124,FILLED,10,155
2024-01-19 16:42:40.527,SELL,LIMIT,IOC,70,0.074218,0.07507,FILLED,70,70
2024-01-19 16:42:42.548,SELL,LIMIT,IOC,522,0.074161,0.075026,FILLED,98,522
2024-01-19 16:43:16.100,SELL,LIMIT,IOC,18,0.07411,0.07496,FILLED,18,18
2024-01-19 16:43:19.208,SELL,LIMIT,IOC,76,0.074041,0.07491,FILLED,14,76
2024-01-19 16:43:24.374,SELL,LIMIT,IOC,70,0.074022,0.074878,FILLED,9,70
2024-01-19 16:43:27.886,SELL,LIMIT,IOC,1,0.073947,0.07478,FILLED,1,1
2024-01-19 20:03:41.667,BUY,LIMIT,IOC,18,0.079471,0.07854,FILLED,18,18
2024-01-20 18:02:04.924,BUY,LIMIT,IOC,10,0.081136,0.08018,FILLED,10,10
2024-01-20 19:38:32.498,BUY,LIMIT,IOC,1,0.08168,0.08075,FILLED,1,1
2024-01-20 19:49:17.848,BUY,LIMIT,IOC,1,0.082656,0.0818,FILLED,1,1
2024-01-20 19:49:19.075,BUY,LIMIT,IOC,500,0.08271,0.081767,FILLED,40,500
2024-01-20 19:49:25.862,BUY,LIMIT,IOC,13,0.082788,0.08177,FILLED,13,13
2024-01-20 19:57:09.383,BUY,LIMIT,IOC,28,0.083051,0.08217,FILLED,28,28
2024-01-20 19:57:48.752,BUY,LIMIT,IOC,180,0.08329,0.082286,FILLED,12,180
2024-01-20 19:57:54.078,BUY,LIMIT,IOC,1,0.083341,0.08234,FILLED,1,1
2024-01-20 20:03:06.740,BUY,LIMIT,IOC,79,0.083602,0.08261,FILLED,79,79
2024-01-20 20:03:11.533,BUY,LIMIT,IOC,1,0.083617,0.08265,FILLED,1,1
2024-01-20 20:06:52.847,BUY,LIMIT,IOC,3,0.083995,0.08298,FILLED,3,3
2024-01-20 20:10:46.607,BUY,LIMIT,IOC,3,0.084595,0.08356,FILLED,3,3
2024-01-20 20:13:33.853,BUY,LIMIT,IOC,26,0.086056,0.08488,FILLED,26,26
2024-01-20 21:11:48.193,BUY,LIMIT,IOC,1,0.086388,0.08534,FILLED,1,1
2024-01-20 22:52:09.389,BUY,LIMIT,IOC,8,0.08701,0.08598,FILLED,8,8
2024-01-20 22:53:32.322,BUY,LIMIT,IOC,4,0.087378,0.0864,FILLED,4,4
2024-01-20 22:57:11.118,BUY,LIMIT,IOC,10,0.087691,0.08665,FILLED,10,10
2024-01-20 22:58:06.472,BUY,LIMIT,IOC,95,0.087764,0.08673,FILLED,36,95
2024-01-20 22:58:38.370,BUY,LIMIT,IOC,8,0.087833,0.08681,FILLED,2,8
2024-01-20 22:58:40.569,BUY,LIMIT,IOC,78,0.087847,0.0868,FILLED,28,78
2024-01-20 22:58:47.674,BUY,LIMIT,IOC,3,0.087916,0.08685,FILLED,2,3
2024-01-20 23:00:10.818,BUY,LIMIT,IOC,1,0.087976,0.08687,FILLED,1,1
2024-01-20 23:01:16.865,BUY,LIMIT,IOC,2,0.088087,0.087,FILLED,2,2
2024-01-20 23:02:27.480,BUY,LIMIT,IOC,9,0.088295,0.08719,FILLED,9,9
2024-01-20 23:06:26.496,BUY,LIMIT,IOC,2,0.088545,0.08743,FILLED,2,2
2024-01-20 23:06:28.352,BUY,LIMIT,IOC,2,0.088578,0.08741,FILLED,2,2
2024-01-20 23:07:01.551,BUY,LIMIT,IOC,2,0.088698,0.08751,FILLED,2,2
2024-01-20 23:07:21.768,BUY,LIMIT,IOC,400,0.088733,0.08758,FILLED,2,400
2024-01-20 23:11:01.084,BUY,LIMIT,IOC,13,0.08903,0.08798,FILLED,13,13
2024-01-20 23:14:36.330,BUY,LIMIT,IOC,72,0.089237,0.08815,FILLED,11,72
2024-01-20 23:14:54.751,BUY,LIMIT,IOC,34,0.089452,0.08823,FILLED,34,34
2024-01-20 23:15:59.810,BUY,LIMIT,IOC,800,0.089844,0.088582,FILLED,313,800
2024-01-20 23:18:03.714,BUY,LIMIT,IOC,4,0.090264,0.08897,FILLED,4,4
2024-01-20 23:18:30.225,BUY,LIMIT,IOC,235,0.09061,0.089352,FILLED,27,235
2024-01-20 23:18:52.256,BUY,LIMIT,IOC,7,0.090679,0.0895,FILLED,7,7
2024-01-20 23:18:55.568,BUY,LIMIT,IOC,10,0.09082,0.08954,FILLED,9,10
2024-01-20 23:20:16.044,BUY,LIMIT,IOC,24,0.0911,0.08951,FILLED,24,24
2024-01-20 23:20:18.035,BUY,LIMIT,IOC,179,0.091166,0.0899,FILLED,168,179
2024-01-20 23:20:48.862,BUY,LIMIT,IOC,7,0.092264,0.0902,FILLED,7,7
2024-01-20 23:21:19.205,BUY,LIMIT,IOC,20,0.092453,0.09044,FILLED,20,20
2024-01-20 23:21:44.201,BUY,LIMIT,IOC,24,0.092695,0.09002,FILLED,24,24
2024-01-21 03:32:21.236,SELL,LIMIT,IOC,133,0.086321,0.08731,FILLED,41,133
2024-01-21 03:34:56.701,SELL,LIMIT,IOC,8,0.085882,0.08689,FILLED,8,8
2024-01-21 04:54:04.431,SELL,LIMIT,IOC,204,0.085244,0.086283,FILLED,40,204
2024-01-21 07:08:35.651,SELL,LIMIT,IOC,19,0.084116,0.08511,FILLED,7,19
2024-01-21 07:13:55.528,SELL,LIMIT,IOC,1,0.083777,0.08474,FILLED,1,1
2024-01-21 13:47:16.725,BUY,LIMIT,IOC,31,0.089255,0.08825,FILLED,6,31
2024-01-21 20:47:03.040,SELL,LIMIT,IOC,171,0.084346,0.085316,FILLED,2,171
2024-01-21 20:47:10.433,SELL,LIMIT,IOC,120,0.084311,0.08531,FILLED,69,120
2024-01-21 21:06:00.435,SELL,LIMIT,IOC,1,0.083865,0.08482,FILLED,1,1
2024-01-21 22:54:44.046,SELL,LIMIT,IOC,1000,0.083776,0.084701,FILLED,328,1000
2024-01-22 00:27:31.469,SELL,LIMIT,IOC,9,0.083691,0.08455,FILLED,9,9
2024-01-22 00:38:42.037,SELL,LIMIT,IOC,2,0.083075,0.08407,FILLED,2,2
2024-01-22 01:12:23.537,SELL,LIMIT,IOC,3,0.083065,0.08404,FILLED,2,3
2024-01-22 01:12:25.715,SELL,LIMIT,IOC,6,0.083036,0.08403,FILLED,6,6
2024-01-22 01:13:02.483,SELL,LIMIT,IOC,7,0.082733,0.0837,FILLED,7,7
2024-01-22 01:13:06.521,SELL,LIMIT,IOC,434,0.082692,0.083616,FILLED,45,434
2024-01-22 01:13:32.212,SELL,LIMIT,IOC,126,0.082629,0.083639,FILLED,3,126
2024-01-22 01:17:14.592,SELL,LIMIT,IOC,18,0.082502,0.08348,FILLED,18,18
2024-01-22 01:55:31.102,SELL,LIMIT,IOC,1,0.082072,0.08302,FILLED,1,1
2024-01-22 02:13:50.768,SELL,LIMIT,IOC,5,0.081984,0.08299,FILLED,5,5
2024-01-22 02:33:05.824,SELL,LIMIT,IOC,7,0.081851,0.08282,FILLED,6,7
2024-01-22 02:33:29.135,SELL,LIMIT,IOC,3,0.081833,0.08286,FILLED,3,3
2024-01-22 02:34:26.824,SELL,LIMIT,IOC,66,0.081772,0.08275,FILLED,28,66
2024-01-22 02:34:33.428,SELL,LIMIT,IOC,3,0.08173,0.08271,FILLED,3,3
2024-01-22 02:46:46.190,SELL,LIMIT,IOC,45,0.081661,0.08263,FILLED,45,45
2024-01-22 02:46:49.118,SELL,LIMIT,IOC,6,0.08162,0.08259,FILLED,6,6
2024-01-22 05:00:23.164,SELL,LIMIT,IOC,21,0.081372,0.08234,FILLED,21,21
2024-01-22 09:53:35.178,SELL,LIMIT,IOC,16,0.081223,0.08219,FILLED,16,16
2024-01-22 10:26:05.197,SELL,LIMIT,IOC,25,0.081158,0.08213,FILLED,9,25
2024-01-22 10:27:25.677,SELL,LIMIT,IOC,94,0.080852,0.08186,FILLED,36,94
2024-01-22 10:27:30.823,SELL,LIMIT,IOC,3,0.080787,0.081766,FILLED,2,3
2024-01-22 10:28:13.549,SELL,LIMIT,IOC,44,0.080667,0.0816,FILLED,41,44
2024-01-22 13:11:36.300,BUY,LIMIT,IOC,140,0.085503,0.084533,FILLED,10,140
2024-01-22 19:16:03.748,SELL,LIMIT,IOC,1,0.081205,0.08211,FILLED,1,1
2024-01-22 19:17:15.496,SELL,LIMIT,IOC,26,0.080957,0.08194,FILLED,26,26
2024-01-22 19:22:32.898,SELL,LIMIT,IOC,1888,0.080711,0.081771,FILLED,5,1888
2024-01-22 19:29:28.792,SELL,LIMIT,IOC,73,0.080627,0.08162,FILLED,25,73
2024-01-22 19:30:42.126,SELL,LIMIT,IOC,3,0.080474,0.08136,FILLED,1,3
2024-01-22 19:31:13.676,SELL,LIMIT,IOC,5,0.080368,0.08129,FILLED,4,5
2024-01-22 19:31:15.612,SELL,LIMIT,IOC,5,0.080314,0.081271,FILLED,4,5
2024-01-22 19:39:04.062,SELL,LIMIT,IOC,3,0.080229,0.08117,FILLED,3,3
2024-01-22 19:40:09.887,SELL,LIMIT,IOC,191,0.08012,0.081063,FILLED,68,191
2024-01-22 19:40:45.637,SELL,LIMIT,IOC,10,0.080035,0.081,FILLED,10,10
2024-01-22 19:40:49.023,SELL,LIMIT,IOC,10,0.080014,0.08093,FILLED,10,10
2024-01-22 19:40:52.812,SELL,LIMIT,IOC,243,0.079948,0.080811,FILLED,53,243
2024-01-22 19:40:55.306,SELL,LIMIT,IOC,8,0.079873,0.08084,FILLED,8,8
2024-01-22 19:41:08.525,SELL,LIMIT,IOC,50,0.079849,0.080829,FILLED,3,50
2024-01-22 19:41:28.480,SELL,LIMIT,IOC,415,0.07976,0.080683,FILLED,344,415
2024-01-22 19:41:41.339,SELL,LIMIT,IOC,24,0.079693,0.08061,FILLED,24,24
2024-01-22 19:42:34.792,SELL,LIMIT,IOC,1,0.079615,0.08062,FILLED,1,1
2024-01-22 19:42:38.275,SELL,LIMIT,IOC,90,0.079558,0.080481,FILLED,8,90
2024-01-22 19:42:42.113,SELL,LIMIT,IOC,66,0.079522,0.08041,FILLED,2,66
2024-01-22 19:42:43.695,SELL,LIMIT,IOC,50,0.07946,0.080348,FILLED,8,50
2024-01-22 22:46:36.621,SELL,LIMIT,IOC,73,0.079292,0.0802,FILLED,71,73
2024-01-22 22:46:40.083,SELL,LIMIT,IOC,3,0.079256,0.08021,FILLED,2,3
2024-01-23 07:27:51.078,SELL,LIMIT,IOC,1,0.079123,0.08006,FILLED,1,1
2024-01-23 07:29:23.720,SELL,LIMIT,IOC,1,0.079046,0.07997,FILLED,1,1
2024-01-23 07:42:26.750,SELL,LIMIT,IOC,66,0.078698,0.07961,FILLED,48,66
2024-01-23 07:49:30.639,SELL,LIMIT,IOC,2,0.078547,0.07942,FILLED,2,2
2024-01-23 08:14:41.547,SELL,LIMIT,IOC,62,0.078318,0.07924,FILLED,62,62
2024-01-23 08:14:44.437,SELL,LIMIT,IOC,1619,0.078248,0.079183,FILLED,759,1619
2024-01-23 08:14:49.081,SELL,LIMIT,IOC,93,0.078048,0.078722,FILLED,21,93
2024-01-23 08:14:50.807,SELL,LIMIT,IOC,313,0.07789,0.078814,FILLED,45,313
2024-01-23 08:15:34.298,SELL,LIMIT,IOC,1,0.077843,0.07872,FILLED,1,1
2024-01-23 08:15:35.628,SELL,LIMIT,IOC,20,0.077777,0.07865,FILLED,20,20
2024-01-23 08:15:42.691,SELL,LIMIT,IOC,7,0.077757,0.0787,FILLED,7,7
2024-01-23 08:16:24.177,SELL,LIMIT,IOC,27,0.07762,0.07849,FILLED,19,27
2024-01-23 08:16:55.195,SELL,LIMIT,IOC,3,0.077537,0.07845,FILLED,3,3
2024-01-23 08:17:10.879,SELL,LIMIT,IOC,516,0.07744,0.078363,FILLED,32,516
2024-01-23 08:25:24.387,SELL,LIMIT,IOC,1045,0.077391,0.078293,FILLED,62,1045
2024-01-23 08:25:27.716,SELL,LIMIT,IOC,3832,0.077358,0.078156,FILLED,131,3832
2024-01-23 08:34:12.598,SELL,LIMIT,IOC,4047,0.077177,0.078084,FILLED,1002,4047
2024-01-23 08:37:43.871,SELL,LIMIT,IOC,69,0.077086,0.078,FILLED,69,69
2024-01-23 08:37:46.442,SELL,LIMIT,IOC,118,0.07705,0.077906,FILLED,23,118
2024-01-23 08:49:13.588,SELL,LIMIT,IOC,2,0.076908,0.07783,FILLED,2,2
2024-01-23 08:49:32.238,SELL,LIMIT,IOC,98,0.076875,0.077798,FILLED,9,98
2024-01-23 08:49:34.534,SELL,LIMIT,IOC,2,0.076859,0.07779,FILLED,2,2
2024-01-23 08:49:40.831,SELL,LIMIT,IOC,893,0.076844,0.07771,FILLED,62,893
2024-01-23 08:50:15.756,SELL,LIMIT,IOC,59,0.076758,0.07766,FILLED,57,59
2024-01-23 08:50:19.056,SELL,LIMIT,IOC,6,0.076746,0.07761,FILLED,6,6
2024-01-23 09:10:50.419,SELL,LIMIT,IOC,389,0.076425,0.077323,FILLED,146,389
2024-01-23 09:11:10.196,SELL,LIMIT,IOC,107,0.076356,0.07725,FILLED,21,107
2024-01-23 09:11:11.701,SELL,LIMIT,IOC,100,0.076336,0.07722,FILLED,100,100
2024-01-23 09:11:13.347,SELL,LIMIT,IOC,11,0.076298,0.0772,FILLED,11,11
2024-01-23 09:26:28.200,SELL,LIMIT,IOC,2,0.07626,0.07718,FILLED,2,2
2024-01-23 09:27:23.367,SELL,LIMIT,IOC,1,0.07612,0.07701,FILLED,1,1
2024-01-23 09:27:49.779,SELL,LIMIT,IOC,23,0.076076,0.07698,FILLED,23,23
2024-01-23 09:27:51.663,SELL,LIMIT,IOC,70,0.07607,0.076931,FILLED,54,70
2024-01-23 09:28:05.034,SELL,LIMIT,IOC,4,0.076,0.07691,FILLED,4,4
2024-01-23 09:28:15.049,SELL,LIMIT,IOC,1,0.075944,0.07682,FILLED,1,1
2024-01-23 09:28:18.675,SELL,LIMIT,IOC,23,0.075903,0.07671,FILLED,2,23
2024-01-23 09:28:28.143,SELL,LIMIT,IOC,5,0.075841,0.07667,FILLED,5,5
2024-01-23 09:28:30.423,SELL,LIMIT,IOC,521,0.075775,0.076567,FILLED,141,521
2024-01-23 09:28:51.814,SELL,LIMIT,IOC,1155,0.075666,0.076537,FILLED,329,1155
2024-01-23 09:29:20.701,SELL,LIMIT,IOC,2,0.075553,0.07637,FILLED,1,2
2024-01-23 09:29:24.489,SELL,LIMIT,IOC,11,0.075482,0.07624,FILLED,11,11
2024-01-23 09:29:35.668,SELL,LIMIT,IOC,18,0.0753,0.07616,FILLED,18,18
2024-01-23 09:29:37.746,SELL,LIMIT,IOC,460,0.07525,0.07612,FILLED,450,460
2024-01-23 09:29:49.622,SELL,LIMIT,IOC,507,0.07523,0.076,FILLED,155,507
2024-01-23 09:29:51.230,SELL,LIMIT,IOC,2,0.075159,0.07599,FILLED,1,2
2024-01-23 09:29:56.681,SELL,LIMIT,IOC,22,0.075089,0.07592,FILLED,22,22
2024-01-24 06:24:40.579,BUY,LIMIT,IOC,11,0.080185,0.07924,FILLED,10,11
2024-01-24 09:04:17.282,BUY,LIMIT,IOC,4035,0.081002,0.080093,FILLED,115,4035
2024-01-24 09:16:39.409,BUY,LIMIT,IOC,55,0.081331,0.08042,FILLED,17,55
2024-01-24 18:21:58.278,SELL,LIMIT,IOC,175,0.07735,0.07827,FILLED,175,175
2024-01-24 18:22:24.510,SELL,LIMIT,IOC,99,0.07717,0.07809,FILLED,1,99
2024-01-25 04:48:07.228,SELL,LIMIT,IOC,19,0.076765,0.077651,FILLED,15,19
2024-01-25 05:22:10.046,SELL,LIMIT,IOC,492,0.076513,0.077373,FILLED,107,492
2024-01-25 05:22:12.574,SELL,LIMIT,IOC,199,0.076462,0.07738,FILLED,26,199
2024-01-25 17:08:57.784,SELL,LIMIT,IOC,75,0.076201,0.07706,FILLED,75,75
2024-01-26 16:29:40.587,BUY,LIMIT,IOC,58,0.080954,0.07999,FILLED,58,58
2024-01-28 04:57:34.870,BUY,LIMIT,IOC,1,0.082375,0.08141,FILLED,1,1
2024-01-28 19:38:54.563,SELL,LIMIT,IOC,7,0.077608,0.07849,FILLED,5,7
2024-01-29 09:34:12.809,BUY,LIMIT,IOC,2,0.08165,0.08074,FILLED,2,2
2024-01-29 09:34:17.384,BUY,LIMIT,IOC,127,0.0818,0.080865,FILLED,20,127
2024-01-29 09:34:45.531,BUY,LIMIT,IOC,59,0.082117,0.081249,FILLED,54,59
2024-01-29 09:34:58.476,BUY,LIMIT,IOC,2378,0.082349,0.081577,FILLED,252,2378
2024-01-29 09:35:44.114,BUY,LIMIT,IOC,515,0.082916,0.082057,FILLED,35,515
2024-01-29 09:36:03.439,BUY,LIMIT,IOC,3,0.083179,0.0824,FILLED,1,3
2024-01-29 13:05:36.646,BUY,LIMIT,IOC,1,0.083909,0.08295,FILLED,1,1
2024-01-29 13:49:30.672,SELL,LIMIT,IOC,75,0.079352,0.08028,FILLED,75,75
2024-01-30 23:39:22.835,SELL,LIMIT,IOC,1,0.078763,0.0797,FILLED,1,1
2024-01-30 23:40:28.735,SELL,LIMIT,IOC,2,0.078665,0.07961,FILLED,2,2
2024-01-30 23:42:12.490,SELL,LIMIT,IOC,158,0.078487,0.07942,FILLED,14,158
2024-01-31 00:18:03.348,SELL,LIMIT,IOC,20,0.078452,0.07935,FILLED,7,20
2024-01-31 00:18:06.851,SELL,LIMIT,IOC,1403,0.078384,0.079298,FILLED,114,1403
2024-01-31 00:19:24.576,SELL,LIMIT,IOC,3,0.078156,0.07906,FILLED,3,3
2024-01-31 09:29:04.461,SELL,LIMIT,IOC,2,0.078094,0.07904,FILLED,2,2
2024-01-31 09:58:57.574,SELL,LIMIT,IOC,23,0.078052,0.07895,FILLED,18,23
2024-01-31 10:00:00.394,SELL,LIMIT,IOC,38,0.077944,0.07891,FILLED,38,38
2024-01-31 10:46:07.067,SELL,LIMIT,IOC,265,0.077557,0.078502,FILLED,11,265
2024-01-31 21:29:38.332,SELL,LIMIT,IOC,1,0.077255,0.07815,FILLED,1,1
2024-01-31 21:29:44.771,SELL,LIMIT,IOC,4,0.077232,0.07812,FILLED,4,4
2024-01-31 21:29:46.093,SELL,LIMIT,IOC,28,0.077175,0.07808,FILLED,4,28
2024-02-01 01:20:12.482,SELL,LIMIT,IOC,17,0.077099,0.07796,FILLED,17,17
2024-02-01 01:20:14.324,SELL,LIMIT,IOC,42,0.077047,0.07788,FILLED,42,42
2024-02-01 01:20:16.111,SELL,LIMIT,IOC,24,0.076937,0.07777,FILLED,24,24
2024-02-01 01:20:17.322,SELL,LIMIT,IOC,12,0.076851,0.07771,FILLED,12,12
2024-02-01 01:20:18.737,SELL,LIMIT,IOC,113,0.076816,0.07767,FILLED,42,113
2024-02-01 01:20:21.536,SELL,LIMIT,IOC,1,0.076778,0.07763,FILLED,1,1
2024-02-01 01:20:24.513,SELL,LIMIT,IOC,806,0.076727,0.077609,FILLED,123,806
2024-02-01 01:20:28.317,SELL,LIMIT,IOC,59,0.076658,0.07762,FILLED,59,59
2024-02-01 01:21:11.089,SELL,LIMIT,IOC,4,0.076569,0.07745,FILLED,4,4
2024-02-01 01:21:15.215,SELL,LIMIT,IOC,289,0.076457,0.07732,FILLED,40,289
2024-02-01 01:21:16.467,SELL,LIMIT,IOC,3,0.076436,0.07736,FILLED,3,3
2024-02-05 01:08:22.457,SELL,LIMIT,IOC,1,0.076785,0.07759,FILLED,1,1
2024-02-05 01:10:11.881,SELL,LIMIT,IOC,1,0.076524,0.07738,FILLED,1,1
2024-02-05 01:10:14.065,SELL,LIMIT,IOC,41,0.076471,0.07734,FILLED,41,41
2024-02-05 22:23:53.061,SELL,LIMIT,IOC,5,0.07685,0.07777,FILLED,5,5
2024-02-08 16:03:19.837,BUY,LIMIT,IOC,8,0.081815,0.08085,FILLED,6,8
2024-02-09 07:48:52.467,BUY,LIMIT,IOC,1028,0.082317,0.081346,FILLED,136,1028
2024-02-09 07:53:33.352,BUY,LIMIT,IOC,3,0.08245,0.0815,FILLED,3,3
2024-02-09 07:53:38.608,BUY,LIMIT,IOC,436,0.082507,0.081566,FILLED,135,436
2024-02-09 12:08:16.644,BUY,LIMIT,IOC,116,0.083077,0.0821,FILLED,116,116
2024-02-11 06:44:38.497,BUY,LIMIT,IOC,3,0.083409,0.08244,FILLED,3,3
2024-02-11 07:21:44.302,BUY,LIMIT,IOC,5,0.083492,0.08252,FILLED,5,5
2024-02-11 07:23:16.075,BUY,LIMIT,IOC,38,0.08357,0.082599,FILLED,30,38
2024-02-11 07:52:57.214,BUY,LIMIT,IOC,27,0.083903,0.08305,FILLED,24,27
2024-02-11 07:52:58.739,BUY,LIMIT,IOC,364,0.084023,0.083458,FILLED,88,364
2024-02-11 07:54:03.295,BUY,LIMIT,IOC,3,0.084474,0.0836,FILLED,3,3
2024-02-11 07:54:05.318,BUY,LIMIT,IOC,70,0.08459,0.08365,FILLED,47,70
2024-02-12 02:37:25.801,SELL,LIMIT,IOC,266,0.079576,0.080457,FILLED,59,266
2024-02-12 02:46:07.356,SELL,LIMIT,IOC,9,0.079326,0.08027,FILLED,9,9
2024-02-12 02:47:22.175,SELL,LIMIT,IOC,60,0.079131,0.08008,FILLED,60,60
2024-02-12 02:47:39.832,SELL,LIMIT,IOC,97,0.079058,0.08003,FILLED,97,97
2024-02-12 06:46:20.324,SELL,LIMIT,IOC,8,0.078964,0.07986,FILLED,8,8
2024-02-12 06:47:37.149,SELL,LIMIT,IOC,11,0.078827,0.07969,FILLED,11,11
2024-02-12 06:47:39.104,SELL,LIMIT,IOC,101,0.0787,0.07966,FILLED,101,101
2024-02-12 18:03:10.978,BUY,LIMIT,IOC,18,0.083834,0.08288,FILLED,9,18
2024-02-13 01:04:27.065,BUY,LIMIT,IOC,10,0.084015,0.08304,FILLED,10,10
2024-02-13 13:36:59.094,SELL,LIMIT,IOC,1880,0.079761,0.080492,FILLED,49,1880
2024-02-13 14:21:41.792,SELL,LIMIT,IOC,33,0.0796,0.08059,FILLED,33,33
2024-02-13 14:22:31.417,SELL,LIMIT,IOC,16,0.079394,0.08024,FILLED,16,16
2024-02-13 14:22:33.103,SELL,LIMIT,IOC,125,0.079331,0.08009,FILLED,108,125
2024-02-13 14:24:01.311,SELL,LIMIT,IOC,151,0.079054,0.07996,FILLED,62,151
2024-02-13 14:24:03.534,SELL,LIMIT,IOC,6,0.07899,0.07974,FILLED,6,6
2024-02-13 14:24:04.540,SELL,LIMIT,IOC,1,0.078835,0.07985,FILLED,1,1
2024-02-14 09:49:53.496,BUY,LIMIT,IOC,108,0.08412,0.083188,FILLED,38,108
2024-02-14 17:01:04.825,BUY,LIMIT,IOC,13,0.084849,0.0839,FILLED,2,13
2024-02-14 17:01:25.160,BUY,LIMIT,IOC,3,0.085014,0.08409,FILLED,3,3
2024-02-14 17:02:13.304,BUY,LIMIT,IOC,16,0.085152,0.08419,FILLED,4,16
2024-02-14 17:02:42.150,BUY,LIMIT,IOC,92,0.085196,0.08423,FILLED,19,92
2024-02-14 17:03:56.147,BUY,LIMIT,IOC,3,0.08562,0.08464,FILLED,3,3
2024-02-14 17:04:04.585,BUY,LIMIT,IOC,1,0.085725,0.08478,FILLED,1,1
2024-02-14 17:04:08.461,BUY,LIMIT,IOC,3,0.085912,0.08498,FILLED,3,3
2024-02-14 17:06:10.118,BUY,LIMIT,IOC,9,0.086381,0.08547,FILLED,7,9
2024-02-14 17:06:16.403,BUY,LIMIT,IOC,300,0.086533,0.085556,FILLED,30,300
2024-02-14 17:06:19.745,BUY,LIMIT,IOC,32,0.08662,0.08556,FILLED,32,32
2024-02-14 17:06:27.599,BUY,LIMIT,IOC,7,0.086741,0.0858,FILLED,7,7
2024-02-14 17:07:34.696,BUY,LIMIT,IOC,9,0.086875,0.08591,FILLED,2,9
2024-02-14 17:09:19.219,BUY,LIMIT,IOC,70,0.08717,0.08616,FILLED,7,70
2024-02-14 17:13:59.346,BUY,LIMIT,IOC,1,0.087236,0.0862,FILLED,1,1
2024-02-14 17:14:47.551,BUY,LIMIT,IOC,3,0.087475,0.0865,FILLED,3,3
2024-02-14 17:15:44.298,BUY,LIMIT,IOC,10,0.087588,0.08667,FILLED,10,10
2024-02-14 17:15:45.778,BUY,LIMIT,IOC,4734,0.087713,0.086723,FILLED,135,4734
2024-02-14 21:18:51.501,BUY,LIMIT,IOC,200,0.08798,0.08703,FILLED,131,200
2024-02-15 01:09:46.530,BUY,LIMIT,IOC,3,0.088198,0.08718,FILLED,3,3
2024-02-15 01:11:15.198,BUY,LIMIT,IOC,43,0.088318,0.08732,FILLED,42,43
2024-02-15 01:12:02.710,BUY,LIMIT,IOC,1,0.088603,0.0876,FILLED,1,1
2024-02-15 01:31:02.491,BUY,LIMIT,IOC,138,0.08907,0.08808,FILLED,12,138
2024-02-15 15:46:51.392,SELL,LIMIT,IOC,7,0.083765,0.0848,FILLED,7,7
2024-02-15 16:06:28.768,SELL,LIMIT,IOC,39,0.083428,0.08449,FILLED,39,39
2024-02-15 16:10:51.188,SELL,LIMIT,IOC,11,0.083247,0.0843,FILLED,11,11
2024-02-16 12:50:23.265,BUY,LIMIT,IOC,162,0.088954,0.087961,FILLED,53,162
2024-02-16 14:54:42.573,SELL,LIMIT,IOC,866,0.083638,0.084577,FILLED,38,866
2024-02-16 15:13:23.287,SELL,LIMIT,IOC,90,0.083342,0.084312,FILLED,17,90
2024-02-17 13:21:36.337,SELL,LIMIT,IOC,9,0.08292,0.08388,FILLED,9,9
2024-02-17 13:26:30.079,SELL,LIMIT,IOC,3,0.082722,0.08373,FILLED,3,3
2024-02-17 13:27:14.456,SELL,LIMIT,IOC,398,0.082699,0.083698,FILLED,17,398
2024-02-17 13:29:27.561,SELL,LIMIT,IOC,15,0.082619,0.08362,FILLED,13,15
2024-02-17 13:29:29.573,SELL,LIMIT,IOC,102,0.082599,0.0836,FILLED,8,102
2024-02-17 13:35:17.537,SELL,LIMIT,IOC,42,0.082311,0.08321,FILLED,38,42
2024-02-17 14:31:03.126,SELL,LIMIT,IOC,316,0.082143,0.08311,FILLED,195,316
2024-02-17 14:31:11.881,SELL,LIMIT,IOC,10,0.082093,0.08301,FILLED,10,10
2024-02-17 14:31:13.713,SELL,LIMIT,IOC,5,0.082081,0.083,FILLED,5,5
2024-02-17 14:31:48.973,SELL,LIMIT,IOC,8,0.081872,0.08284,FILLED,8,8
2024-02-17 14:32:23.102,SELL,LIMIT,IOC,1,0.081765,0.08276,FILLED,1,1
2024-02-17 14:32:25.895,SELL,LIMIT,IOC,107,0.081742,0.082604,FILLED,18,107
2024-02-17 14:33:15.466,SELL,LIMIT,IOC,19,0.081649,0.08251,FILLED,7,19
2024-02-17 14:33:16.651,SELL,LIMIT,IOC,69,0.08157,0.08254,FILLED,69,69
2024-02-17 14:33:22.456,SELL,LIMIT,IOC,47,0.081402,0.08228,FILLED,3,47
2024-02-17 14:33:23.755,SELL,LIMIT,IOC,13,0.081321,0.08235,FILLED,6,13
2024-02-17 14:36:26.707,SELL,LIMIT,IOC,53,0.081289,0.08225,FILLED,53,53
2024-02-17 14:36:56.891,SELL,LIMIT,IOC,51,0.081235,0.08214,FILLED,11,51
2024-02-17 14:36:59.279,SELL,LIMIT,IOC,1,0.081156,0.08208,FILLED,1,1
2024-02-17 14:37:03.358,SELL,LIMIT,IOC,18,0.081074,0.0821,FILLED,18,18
2024-02-19 02:16:03.662,BUY,LIMIT,IOC,8,0.086904,0.08588,FILLED,3,8
2024-02-19 02:25:41.345,BUY,LIMIT,IOC,200,0.087241,0.08621,FILLED,50,200
2024-02-19 06:09:26.615,BUY,LIMIT,IOC,12,0.087555,0.08652,FILLED,12,12
2024-02-19 07:08:25.169,BUY,LIMIT,IOC,1,0.087681,0.08664,FILLED,1,1
2024-02-19 15:41:47.779,BUY,LIMIT,IOC,195,0.088203,0.087187,FILLED,2,195
2024-02-19 15:45:35.733,BUY,LIMIT,IOC,308,0.088748,0.087745,FILLED,126,308
2024-02-19 16:41:30.441,BUY,LIMIT,IOC,25,0.089336,0.08828,FILLED,25,25
2024-02-19 16:42:15.827,BUY,LIMIT,IOC,72,0.089389,0.088461,FILLED,10,72
2024-02-19 16:45:41.574,BUY,LIMIT,IOC,1,0.089685,0.08868,FILLED,1,1
2024-02-19 19:38:27.533,BUY,LIMIT,IOC,1,0.090001,0.08898,FILLED,1,1
2024-02-19 19:40:39.381,BUY,LIMIT,IOC,127,0.090132,0.08908,FILLED,32,127
2024-02-19 19:41:57.048,BUY,LIMIT,IOC,10,0.090321,0.08929,FILLED,10,10
2024-02-19 20:04:13.063,BUY,LIMIT,IOC,1009,0.090738,0.089692,FILLED,379,1009
2024-02-19 20:05:46.837,BUY,LIMIT,IOC,85,0.090833,0.08979,FILLED,65,85
2024-02-19 20:05:52.058,BUY,LIMIT,IOC,12,0.090877,0.08983,FILLED,12,12
2024-02-19 22:46:44.611,BUY,LIMIT,IOC,2,0.091381,0.09031,FILLED,2,2
2024-02-19 23:30:18.447,BUY,LIMIT,IOC,119,0.091746,0.0907,FILLED,38,119
2024-02-19 23:30:27.250,BUY,LIMIT,IOC,71,0.091799,0.09077,FILLED,49,71
2024-02-20 00:29:14.179,BUY,LIMIT,IOC,1,0.092071,0.09113,FILLED,1,1
2024-02-20 00:29:34.516,BUY,LIMIT,IOC,46,0.092205,0.09116,FILLED,46,46
2024-02-20 00:29:41.314,BUY,LIMIT,IOC,1497,0.092342,0.091337,FILLED,67,1497
2024-02-20 00:30:00.496,BUY,LIMIT,IOC,30,0.092531,0.09153,FILLED,30,30
2024-02-20 03:43:51.830,SELL,LIMIT,IOC,215,0.087385,0.08846,FILLED,69,215
2024-02-20 03:44:44.668,SELL,LIMIT,IOC,10,0.087308,0.08835,FILLED,10,10
2024-02-20 03:56:31.234,SELL,LIMIT,IOC,1011,0.086895,0.087904,FILLED,28,1011
2024-02-20 04:05:39.435,SELL,LIMIT,IOC,88,0.086744,0.087788,FILLED,14,88
2024-02-20 07:56:35.226,SELL,LIMIT,IOC,23,0.086118,0.08715,FILLED,23,23
2024-02-20 08:10:43.411,SELL,LIMIT,IOC,190,0.085879,0.0869,FILLED,68,190
2024-02-20 08:10:49.282,SELL,LIMIT,IOC,10,0.085798,0.08682,FILLED,10,10
2024-02-20 09:17:17.564,SELL,LIMIT,IOC,13,0.08519,0.08628,FILLED,13,13
2024-02-20 09:20:47.112,SELL,LIMIT,IOC,5,0.08514,0.08613,FILLED,4,5
2024-02-20 09:44:03.361,SELL,LIMIT,IOC,351,0.085051,0.08604,FILLED,93,351
2024-02-20 09:46:14.292,SELL,LIMIT,IOC,85,0.084992,0.085952,FILLED,53,85
2024-02-20 09:46:15.425,SELL,LIMIT,IOC,6,0.084976,0.08595,FILLED,3,6
2024-02-20 09:46:25.062,SELL,LIMIT,IOC,2,0.084917,0.08592,FILLED,2,2
2024-02-20 09:48:20.411,SELL,LIMIT,IOC,5,0.084715,0.08565,FILLED,5,5
2024-02-20 09:48:44.323,SELL,LIMIT,IOC,1,0.084662,0.08567,FILLED,1,1
2024-02-20 09:48:55.903,SELL,LIMIT,IOC,549,0.084598,0.085598,FILLED,69,549
2024-02-20 14:41:04.516,SELL,LIMIT,IOC,220,0.084397,0.085498,FILLED,19,220
2024-02-20 15:05:50.096,SELL,LIMIT,IOC,45,0.084347,0.08533,FILLED,43,45
2024-02-20 15:16:40.819,SELL,LIMIT,IOC,5,0.084151,0.08518,FILLED,5,5
2024-02-20 15:28:13.703,SELL,LIMIT,IOC,903,0.084027,0.08502,FILLED,84,903
2024-02-20 15:28:58.726,SELL,LIMIT,IOC,163,0.083721,0.084703,FILLED,98,163
2024-02-20 15:29:11.267,SELL,LIMIT,IOC,18,0.083666,0.08471,FILLED,8,18
2024-02-20 15:29:20.154,SELL,LIMIT,IOC,14,0.083579,0.08456,FILLED,14,14
2024-02-20 15:29:22.842,SELL,LIMIT,IOC,25,0.083513,0.084378,FILLED,6,25
2024-02-20 15:29:24.367,SELL,LIMIT,IOC,1,0.083402,0.08427,FILLED,1,1
2024-02-20 15:29:29.247,SELL,LIMIT,IOC,4542,0.083166,0.083963,FILLED,1026,4542
2024-02-20 15:29:31.393,SELL,LIMIT,IOC,7,0.083023,0.083804,FILLED,2,7
2024-02-20 15:29:32.559,SELL,LIMIT,IOC,27,0.082969,0.08375,FILLED,20,27
2024-02-20 15:29:34.031,SELL,LIMIT,IOC,50,0.082562,0.08322,FILLED,50,50
2024-02-20 15:29:35.250,SELL,LIMIT,IOC,39,0.082428,0.082986,FILLED,1,39
2024-02-20 15:29:36.417,SELL,LIMIT,IOC,1000,0.082286,0.082728,FILLED,16,1000
2024-02-20 15:29:37.477,SELL,LIMIT,IOC,215,0.082004,0.082851,FILLED,11,215
2024-02-21 09:29:22.061,SELL,LIMIT,IOC,5,0.082464,0.08344,FILLED,5,5
2024-02-21 09:39:35.159,SELL,LIMIT,IOC,60,0.082353,0.083317,FILLED,16,60
2024-02-21 09:42:09.542,SELL,LIMIT,IOC,15,0.082173,0.08315,FILLED,15,15
2024-02-21 09:58:32.221,SELL,LIMIT,IOC,634,0.081977,0.082925,FILLED,39,634
2024-02-21 09:58:53.436,SELL,LIMIT,IOC,20,0.081881,0.082839,FILLED,1,20
2024-02-21 10:07:38.879,SELL,LIMIT,IOC,201,0.081814,0.08276,FILLED,29,201
2024-02-21 10:08:20.899,SELL,LIMIT,IOC,2998,0.081725,0.082673,FILLED,387,2998
2024-02-21 10:11:11.029,SELL,LIMIT,IOC,36,0.081554,0.08253,FILLED,19,36
2024-02-21 10:11:44.861,SELL,LIMIT,IOC,1,0.081508,0.08246,FILLED,1,1
2024-02-21 18:25:48.887,SELL,LIMIT,IOC,25,0.081439,0.0824,FILLED,25,25
2024-02-21 18:26:04.507,SELL,LIMIT,IOC,150,0.081368,0.08233,FILLED,91,150
2024-02-21 18:26:37.513,SELL,LIMIT,IOC,33,0.081279,0.08222,FILLED,17,33
2024-02-21 18:28:17.413,SELL,LIMIT,IOC,2,0.081161,0.08211,FILLED,2,2
2024-02-21 18:29:01.151,SELL,LIMIT,IOC,146,0.081071,0.082024,FILLED,63,146
2024-02-22 07:26:50.596,BUY,LIMIT,IOC,179,0.085963,0.084959,FILLED,134,179
2024-02-22 07:43:13.262,BUY,LIMIT,IOC,6,0.08643,0.08542,FILLED,6,6
2024-02-23 08:52:20.164,SELL,LIMIT,IOC,1,0.082178,0.08313,FILLED,1,1
2024-02-23 16:05:38.435,SELL,LIMIT,IOC,76,0.082052,0.08302,FILLED,76,76
2024-02-24 15:08:32.632,BUY,LIMIT,IOC,1,0.087101,0.0861,FILLED,1,1
2024-02-24 17:04:26.859,BUY,LIMIT,IOC,3,0.087261,0.08624,FILLED,1,3
2024-02-25 08:29:20.452,BUY,LIMIT,IOC,16,0.087584,0.08654,FILLED,16,16
2024-02-26 09:21:45.917,SELL,LIMIT,IOC,3,0.08357,0.08459,FILLED,3,3
2024-02-26 16:09:48.666,BUY,LIMIT,IOC,197,0.088194,0.087211,FILLED,4,197
2024-02-26 19:08:48.640,BUY,LIMIT,IOC,16,0.088883,0.08787,FILLED,16,16
2024-02-26 19:44:22.584,BUY,LIMIT,IOC,6,0.0894,0.08831,FILLED,6,6
2024-02-26 19:58:53.376,BUY,LIMIT,IOC,9,0.090013,0.08894,FILLED,4,9
2024-02-26 20:00:41.782,BUY,LIMIT,IOC,23,0.090173,0.08914,FILLED,23,23
2024-02-26 20:05:11.408,BUY,LIMIT,IOC,35,0.090227,0.089197,FILLED,19,35
2024-02-26 23:07:32.215,BUY,LIMIT,IOC,2,0.090627,0.08957,FILLED,2,2
2024-02-26 23:16:43.286,BUY,LIMIT,IOC,23,0.090941,0.08987,FILLED,21,23
2024-02-26 23:18:34.097,BUY,LIMIT,IOC,28,0.091196,0.09011,FILLED,28,28
2024-02-27 02:36:55.484,BUY,LIMIT,IOC,4,0.091291,0.09023,FILLED,4,4
2024-02-27 05:11:19.778,BUY,LIMIT,IOC,4,0.092042,0.09103,FILLED,4,4
2024-02-27 07:52:48.534,BUY,LIMIT,IOC,38,0.092774,0.0917,FILLED,38,38
2024-02-27 08:44:17.670,BUY,LIMIT,IOC,39,0.093167,0.092089,FILLED,37,39
2024-02-27 08:46:03.323,BUY,LIMIT,IOC,5,0.09325,0.09217,FILLED,5,5
2024-02-27 08:52:46.221,BUY,LIMIT,IOC,85,0.093509,0.09242,FILLED,13,85
2024-02-27 08:53:08.375,BUY,LIMIT,IOC,1,0.093663,0.09259,FILLED,1,1
2024-02-27 08:53:09.817,BUY,LIMIT,IOC,348,0.093679,0.092603,FILLED,4,348
2024-02-27 08:53:15.088,BUY,LIMIT,IOC,30,0.093713,0.09266,FILLED,11,30
2024-02-27 08:53:18.337,BUY,LIMIT,IOC,42,0.093757,0.09273,FILLED,42,42
2024-02-27 08:53:20.408,BUY,LIMIT,IOC,3,0.093776,0.09271,FILLED,3,3
2024-02-27 09:03:49.118,BUY,LIMIT,IOC,102,0.094171,0.09305,FILLED,14,102
2024-02-27 09:22:45.155,BUY,LIMIT,IOC,9,0.094737,0.09369,FILLED,9,9
2024-02-27 09:23:02.524,BUY,LIMIT,IOC,12,0.094839,0.09376,FILLED,12,12
2024-02-27 09:26:21.739,BUY,LIMIT,IOC,100,0.094972,0.093949,FILLED,23,100
2024-02-27 09:26:23.663,BUY,LIMIT,IOC,32,0.095075,0.09394,FILLED,32,32
2024-02-27 09:26:53.315,BUY,LIMIT,IOC,4,0.095214,0.0941,FILLED,4,4
2024-02-27 09:27:29.158,BUY,LIMIT,IOC,5,0.095228,0.09415,FILLED,5,5
2024-02-27 09:27:31.565,BUY,LIMIT,IOC,162,0.095283,0.09421,FILLED,162,162
2024-02-27 09:27:33.819,BUY,LIMIT,IOC,44,0.095321,0.09418,FILLED,20,44
2024-02-27 09:27:44.289,BUY,LIMIT,IOC,2,0.095422,0.09434,FILLED,2,2
2024-02-27 09:28:04.043,BUY,LIMIT,IOC,4,0.095595,0.0945,FILLED,4,4
2024-02-27 09:28:23.885,BUY,LIMIT,IOC,1,0.095848,0.09476,FILLED,1,1
2024-02-27 09:28:28.051,BUY,LIMIT,IOC,604,0.095973,0.094895,FILLED,25,604
2024-02-27 09:49:27.324,BUY,LIMIT,IOC,70,0.096673,0.095566,FILLED,1,70
2024-02-27 09:49:40.528,BUY,LIMIT,IOC,1,0.096863,0.09601,FILLED,1,1
2024-02-27 09:51:57.046,BUY,LIMIT,IOC,1,0.097194,0.09613,FILLED,1,1
2024-02-27 13:58:01.519,BUY,LIMIT,IOC,43,0.099367,0.0982,FILLED,17,43
2024-02-27 13:58:04.337,BUY,LIMIT,IOC,12,0.099394,0.09827,FILLED,12,12
2024-02-27 16:09:45.370,SELL,LIMIT,IOC,10,0.094063,0.09516,FILLED,10,10
2024-02-27 16:09:57.148,SELL,LIMIT,IOC,12,0.093772,0.09471,FILLED,12,12
2024-02-27 16:32:32.380,BUY,LIMIT,IOC,32,0.099541,0.09839,FILLED,29,32
2024-02-27 16:33:40.282,BUY,LIMIT,IOC,1593,0.099718,0.098519,FILLED,473,1593
2024-02-27 19:25:10.416,BUY,LIMIT,IOC,2,0.100016,0.09891,FILLED,2,2
2024-02-27 19:25:25.247,BUY,LIMIT,IOC,1,0.100164,0.09907,FILLED,1,1
2024-02-27 19:51:41.758,BUY,LIMIT,IOC,11,0.100291,0.09913,FILLED,11,11
2024-02-27 19:52:16.161,BUY,LIMIT,IOC,584,0.100517,0.099396,FILLED,412,584
2024-02-27 19:52:17.747,BUY,LIMIT,IOC,2,0.100542,0.09939,FILLED,2,2
2024-02-27 19:52:42.305,BUY,LIMIT,IOC,1,0.100702,0.09951,FILLED,1,1
2024-02-27 19:52:54.623,BUY,LIMIT,IOC,5,0.100818,0.09964,FILLED,5,5
2024-02-27 20:12:57.327,BUY,LIMIT,IOC,4,0.101047,0.09982,FILLED,4,4
2024-02-27 20:13:49.047,BUY,LIMIT,IOC,9,0.10107,0.09994,FILLED,9,9
2024-02-27 20:13:52.383,BUY,LIMIT,IOC,2,0.101187,0.09994,FILLED,2,2
2024-02-27 20:34:29.548,BUY,LIMIT,IOC,3,0.10129,0.10009,FILLED,3,3
2024-02-27 20:37:46.800,BUY,LIMIT,IOC,57,0.101729,0.100521,FILLED,5,57
2024-02-27 20:38:03.116,BUY,LIMIT,IOC,72,0.101851,0.10073,FILLED,72,72
2024-02-27 21:03:40.465,SELL,LIMIT,IOC,12,0.0962,0.09724,FILLED,12,12
2024-02-27 21:04:40.771,SELL,LIMIT,IOC,16,0.095853,0.09694,FILLED,16,16
2024-02-28 01:35:21.295,SELL,LIMIT,IOC,122,0.095213,0.09634,FILLED,36,122
2024-02-28 03:09:38.335,SELL,LIMIT,IOC,2895,0.093911,0.094941,FILLED,136,2895
2024-02-28 03:56:56.344,SELL,LIMIT,IOC,1218,0.093592,0.094692,FILLED,41,1218
2024-02-28 03:57:25.827,SELL,LIMIT,IOC,2,0.093377,0.09451,FILLED,2,2
2024-02-28 08:21:12.067,BUY,LIMIT,IOC,13,0.099226,0.09808,FILLED,3,13
2024-02-28 08:25:43.063,BUY,LIMIT,IOC,14,0.099789,0.09863,FILLED,12,14
2024-02-28 08:50:23.083,BUY,LIMIT,IOC,27,0.10042,0.09924,FILLED,27,27
2024-02-28 08:51:03.075,BUY,LIMIT,IOC,13,0.100576,0.099398,FILLED,10,13
2024-02-28 08:54:46.077,BUY,LIMIT,IOC,15,0.100872,0.099695,FILLED,2,15
2024-02-28 09:20:32.026,SELL,LIMIT,IOC,122,0.096433,0.0976,FILLED,16,122
2024-02-28 10:58:04.073,BUY,LIMIT,IOC,72,0.101982,0.10075,FILLED,29,72
2024-02-28 10:58:29.066,BUY,LIMIT,IOC,4,0.102045,0.10082,FILLED,4,4
2024-02-28 11:52:58.100,SELL,LIMIT,IOC,28,0.095836,0.09687,FILLED,28,28
2024-02-28 11:53:07.037,SELL,LIMIT,IOC,40,0.095698,0.09692,FILLED,30,40
2024-02-28 11:53:11.073,SELL,LIMIT,IOC,243,0.095639,0.096606,FILLED,28,243
2024-02-28 11:53:13.092,SELL,LIMIT,IOC,3,0.09538,0.09654,FILLED,3,3
2024-02-28 16:15:42.046,BUY,LIMIT,IOC,23,0.102803,0.10161,FILLED,23,23
2024-02-28 16:15:56.069,BUY,LIMIT,IOC,1,0.10303,0.10195,FILLED,1,1
2024-02-28 16:15:57.107,BUY,LIMIT,IOC,94,0.103112,0.10201,FILLED,47,94
2024-02-28 16:15:58.115,BUY,LIMIT,IOC,200,0.103271,0.102291,FILLED,128,200
2024-02-28 16:16:01.058,BUY,LIMIT,IOC,4,0.103399,0.10246,FILLED,4,4
2024-02-28 16:16:02.089,BUY,LIMIT,IOC,160,0.103487,0.102444,FILLED,39,160
2024-02-28 16:16:07.061,BUY,LIMIT,IOC,5,0.103719,0.10263,FILLED,5,5
2024-02-28 16:16:13.077,BUY,LIMIT,IOC,43,0.10388,0.10279,FILLED,38,43
2024-02-28 16:16:17.071,BUY,LIMIT,IOC,24,0.103972,0.102797,FILLED,14,24
2024-02-28 16:16:19.078,BUY,LIMIT,IOC,70,0.104007,0.10291,FILLED,5,70
2024-02-28 16:16:30.087,BUY,LIMIT,IOC,30,0.10434,0.103235,FILLED,1,30
2024-02-28 16:16:56.036,BUY,LIMIT,IOC,45,0.104551,0.10334,FILLED,9,45
2024-02-28 16:17:01.074,BUY,LIMIT,IOC,5,0.104704,0.10368,FILLED,5,5
2024-02-28 16:17:06.077,BUY,LIMIT,IOC,3,0.105042,0.10405,FILLED,3,3
2024-02-28 16:17:11.095,BUY,LIMIT,IOC,6,0.105185,0.104514,FILLED,2,6
2024-02-28 16:17:24.098,BUY,LIMIT,IOC,113,0.105682,0.10455,FILLED,1,113
2024-02-28 16:17:30.078,BUY,LIMIT,IOC,52,0.105708,0.10457,FILLED,52,52
2024-02-28 16:17:54.052,BUY,LIMIT,IOC,5,0.10589,0.10474,FILLED,4,5
2024-02-28 16:23:15.028,BUY,LIMIT,IOC,22,0.106031,0.104892,FILLED,6,22
2024-02-28 16:24:54.051,BUY,LIMIT,IOC,80,0.106616,0.105663,FILLED,9,80
2024-02-28 16:24:59.038,BUY,LIMIT,IOC,19,0.106807,0.105662,FILLED,10,19
2024-02-28 16:25:01.070,BUY,LIMIT,IOC,360,0.106945,0.105994,FILLED,181,360
2024-02-28 16:25:02.100,BUY,LIMIT,IOC,3,0.107153,0.10601,FILLED,3,3
2024-02-28 16:25:18.039,BUY,LIMIT,IOC,2,0.107436,0.10637,FILLED,2,2
2024-02-28 16:25:20.103,BUY,LIMIT,IOC,6,0.107528,0.10664,FILLED,6,6
2024-02-28 16:25:24.105,BUY,LIMIT,IOC,39,0.107766,0.10687,FILLED,35,39
2024-02-28 16:25:26.066,BUY,LIMIT,IOC,171,0.108224,0.10699,FILLED,55,171
2024-02-28 16:25:29.082,BUY,LIMIT,IOC,1,0.10826,0.10723,FILLED,1,1
2024-02-28 16:25:33.042,BUY,LIMIT,IOC,2,0.108326,0.10756,FILLED,2,2
2024-02-28 16:43:44.039,BUY,LIMIT,IOC,9,0.108653,0.10737,FILLED,9,9
2024-02-28 16:43:46.052,BUY,LIMIT,IOC,34,0.108722,0.108,FILLED,15,34
2024-02-28 16:43:52.047,BUY,LIMIT,IOC,30,0.109239,0.10802,FILLED,20,30
2024-02-28 16:43:54.067,BUY,LIMIT,IOC,1,0.109344,0.10811,FILLED,1,1
2024-02-28 16:43:56.060,BUY,LIMIT,IOC,2,0.109439,0.10822,FILLED,2,2
2024-02-28 16:43:57.088,BUY,LIMIT,IOC,241,0.109484,0.108274,FILLED,1,241
2024-02-28 16:44:06.034,BUY,LIMIT,IOC,13,0.109893,0.10857,FILLED,5,13
2024-02-28 16:44:49.039,BUY,LIMIT,IOC,100,0.109995,0.109005,FILLED,52,100
2024-02-28 16:44:50.054,BUY,LIMIT,IOC,100,0.110044,0.10907,FILLED,100,100
2024-02-28 16:45:03.044,BUY,LIMIT,IOC,3,0.110695,0.10943,FILLED,3,3
2024-02-28 16:45:19.059,BUY,LIMIT,IOC,6,0.111081,0.10997,FILLED,6,6
2024-02-28 16:45:45.080,BUY,LIMIT,IOC,4,0.111843,0.11066,FILLED,4,4
2024-02-28 16:45:47.097,BUY,LIMIT,IOC,48,0.112056,0.110866,FILLED,9,48
2024-02-28 16:46:00.088,BUY,LIMIT,IOC,398,0.112565,0.111662,FILLED,304,398
2024-02-28 16:46:03.052,BUY,LIMIT,IOC,3,0.112832,0.11129,FILLED,3,3
2024-02-28 16:46:09.077,BUY,LIMIT,IOC,1,0.112976,0.11179,FILLED,1,1
2024-02-28 16:46:11.059,BUY,LIMIT,IOC,1,0.113301,0.11206,FILLED,1,1
2024-02-28 16:46:42.030,BUY,LIMIT,IOC,85,0.113437,0.112012,FILLED,18,85
2024-02-28 16:48:04.104,BUY,LIMIT,IOC,1,0.113547,0.11249,FILLED,1,1
2024-02-28 16:48:11.034,BUY,LIMIT,IOC,6,0.113961,0.11292,FILLED,6,6
2024-02-28 16:48:13.066,BUY,LIMIT,IOC,862,0.114093,0.113849,FILLED,846,862
2024-02-28 16:48:15.057,BUY,LIMIT,IOC,20,0.114793,0.11386,FILLED,20,20
2024-02-28 16:48:29.030,BUY,LIMIT,IOC,2,0.115141,0.11413,FILLED,2,2
2024-02-28 16:49:02.037,BUY,LIMIT,IOC,177,0.115647,0.114219,FILLED,8,177
2024-02-28 16:49:07.036,BUY,LIMIT,IOC,50,0.115751,0.115028,FILLED,42,50
2024-02-28 16:49:09.032,BUY,LIMIT,IOC,31,0.116318,0.115094,FILLED,15,31
2024-02-28 16:49:12.071,BUY,LIMIT,IOC,20,0.116534,0.115825,FILLED,12,20
2024-02-28 16:49:14.022,BUY,LIMIT,IOC,525,0.116771,0.115811,FILLED,397,525
2024-02-28 16:49:15.063,BUY,LIMIT,IOC,5,0.11701,0.11592,FILLED,4,5
2024-02-28 16:49:18.045,BUY,LIMIT,IOC,49,0.117244,0.116181,FILLED,3,49
2024-02-28 16:49:20.019,BUY,LIMIT,IOC,211,0.117608,0.11666,FILLED,111,211
2024-02-28 16:49:32.041,BUY,LIMIT,IOC,139,0.118141,0.117081,FILLED,28,139
2024-02-28 16:52:04.059,BUY,LIMIT,IOC,4,0.118212,0.11701,FILLED,4,4
2024-02-28 16:52:06.041,BUY,LIMIT,IOC,67,0.11827,0.117304,FILLED,6,67
2024-02-28 16:52:18.037,BUY,LIMIT,IOC,5793,0.118714,0.117692,FILLED,15,5793
2024-02-28 16:52:23.091,BUY,LIMIT,IOC,759,0.119186,0.11807,FILLED,7,759
2024-02-28 16:52:24.102,BUY,LIMIT,IOC,29,0.119244,0.11828,FILLED,29,29
2024-02-28 16:52:35.048,BUY,LIMIT,IOC,1489,0.11966,0.118594,FILLED,302,1489
2024-02-28 16:55:54.069,BUY,LIMIT,IOC,1,0.119973,0.11845,FILLED,1,1
2024-02-28 16:56:59.088,BUY,LIMIT,IOC,3,0.120155,0.1188,FILLED,3,3
2024-02-28 16:57:02.037,BUY,LIMIT,IOC,1000,0.120307,0.119042,FILLED,826,1000
2024-02-28 16:57:03.053,BUY,LIMIT,IOC,71,0.120381,0.119025,FILLED,52,71
2024-02-28 16:57:37.042,BUY,LIMIT,IOC,18,0.120536,0.1193,FILLED,9,18
2024-02-28 16:57:46.067,BUY,LIMIT,IOC,38,0.120698,0.11947,FILLED,38,38
2024-02-28 16:59:07.034,BUY,LIMIT,IOC,78,0.121211,0.11958,FILLED,78,78
2024-02-28 17:01:34.057,BUY,LIMIT,IOC,9227,0.12238,0.121479,FILLED,254,9227
2024-02-28 17:01:36.054,BUY,LIMIT,IOC,11,0.122271,0.12094,FILLED,11,11
2024-02-28 17:01:38.098,BUY,LIMIT,IOC,63,0.122478,0.12126,FILLED,63,63
2024-02-28 17:01:57.118,BUY,LIMIT,IOC,252,0.122796,0.121776,FILLED,159,252
2024-02-28 17:02:02.090,BUY,LIMIT,IOC,8,0.123082,0.12193,FILLED,8,8
2024-02-28 17:02:12.058,BUY,LIMIT,IOC,37317,0.125349,0.122,FILLED,37317,37317
2024-02-28 17:02:16.073,BUY,LIMIT,IOC,4,0.123785,0.123214,FILLED,2,4
2024-02-28 17:02:37.052,BUY,LIMIT,IOC,20,0.124481,0.12372,FILLED,20,20
2024-02-28 17:02:38.092,BUY,LIMIT,IOC,3,0.124698,0.12341,FILLED,3,3
2024-02-28 17:06:36.109,SELL,LIMIT,IOC,2114,0.116728,0.117821,FILLED,900,2114
2024-02-28 17:23:13.036,SELL,LIMIT,IOC,176,0.114702,0.11585,FILLED,120,176
2024-02-28 17:23:19.051,SELL,LIMIT,IOC,358,0.114008,0.115093,FILLED,35,358
2024-02-28 17:23:22.050,SELL,LIMIT,IOC,2313,0.113091,0.114304,FILLED,1,2313
2024-02-28 17:25:07.042,SELL,LIMIT,IOC,230,0.112714,0.113884,FILLED,94,230
2024-02-28 17:25:08.117,SELL,LIMIT,IOC,1352,0.112592,0.113072,FILLED,304,1352
2024-02-28 17:25:09.037,SELL,LIMIT,IOC,31,0.112382,0.11314,FILLED,31,31
2024-02-28 17:25:14.063,SELL,LIMIT,IOC,104,0.111845,0.11392,FILLED,104,104
2024-02-28 17:25:58.027,SELL,LIMIT,IOC,223,0.111883,0.112832,FILLED,214,223
2024-02-28 17:26:10.054,SELL,LIMIT,IOC,546,0.110224,0.110278,FILLED,466,546
2024-02-28 17:26:11.087,SELL,LIMIT,IOC,2293,0.110022,0.110186,FILLED,1912,2293
2024-02-28 17:26:17.110,SELL,LIMIT,IOC,116,0.109182,0.110588,FILLED,3,116
2024-02-28 17:30:29.075,SELL,LIMIT,IOC,1,0.109106,0.10997,FILLED,1,1
2024-02-28 17:30:30.079,SELL,LIMIT,IOC,356,0.108763,0.109567,FILLED,280,356
2024-02-28 17:31:05.095,SELL,LIMIT,IOC,1,0.107697,0.1084,FILLED,1,1
2024-02-28 17:31:10.061,SELL,LIMIT,IOC,25255,0.106345,0.107297,FILLED,3356,25255
2024-02-28 17:31:37.046,SELL,LIMIT,IOC,1,0.1066,0.1066,FILLED,1,1
2024-02-28 17:31:38.058,SELL,LIMIT,IOC,151,0.105537,0.105537,FILLED,151,151
2024-02-28 17:31:42.076,SELL,LIMIT,IOC,1,0.105109,0.105109,FILLED,1,1
2024-02-28 17:31:43.064,SELL,LIMIT,IOC,103,0.104266,0.104266,FILLED,103,103
2024-02-28 17:31:45.035,SELL,LIMIT,IOC,5,0.103739,0.103739,FILLED,5,5
2024-02-28 17:31:46.072,SELL,LIMIT,IOC,333,0.103573,0.103573,FILLED,333,333
2024-02-28 17:31:47.060,SELL,LIMIT,IOC,1,0.103202,0.103202,FILLED,1,1
2024-02-28 17:31:48.115,SELL,LIMIT,IOC,161,0.102883,0.102883,FILLED,161,161
2024-02-28 17:31:51.049,SELL,LIMIT,IOC,149,0.102492,0.102492,FILLED,149,149
2024-02-28 17:31:53.079,SELL,LIMIT,IOC,70,0.101537,0.101537,FILLED,70,70
2024-02-28 17:32:11.065,BUY,LIMIT,IOC,80,0.106928,0.105245,FILLED,53,80
2024-02-28 17:42:47.068,BUY,LIMIT,IOC,26,0.110516,0.109328,FILLED,13,26
2024-02-28 17:44:40.565,SELL,LIMIT,IOC,1500,0.109365,0.110349,FILLED,66,1500
2024-02-28 18:05:49.094,SELL,LIMIT,IOC,130,0.106106,0.10734,FILLED,130,130
2024-02-28 18:06:00.104,SELL,LIMIT,IOC,2,0.10579,0.10715,FILLED,2,2
2024-02-28 18:10:16.071,SELL,LIMIT,IOC,2,0.105424,0.10664,FILLED,2,2
2024-02-28 18:21:56.092,SELL,LIMIT,IOC,72,0.104915,0.106132,FILLED,64,72
2024-02-28 18:21:58.063,SELL,LIMIT,IOC,7,0.10482,0.10586,FILLED,7,7
2024-02-28 18:22:04.087,SELL,LIMIT,IOC,57,0.104293,0.10563,FILLED,57,57
2024-02-28 18:22:52.080,SELL,LIMIT,IOC,64,0.103915,0.1049,FILLED,13,64
2024-02-28 18:22:54.062,SELL,LIMIT,IOC,273,0.10355,0.10493,FILLED,243,273
2024-02-28 18:22:58.081,SELL,LIMIT,IOC,2,0.103399,0.10443,FILLED,2,2
2024-02-28 18:23:31.072,SELL,LIMIT,IOC,136,0.10281,0.1041,FILLED,136,136
2024-02-28 18:23:39.026,SELL,LIMIT,IOC,27,0.102403,0.10345,FILLED,6,27
2024-02-28 18:23:43.047,SELL,LIMIT,IOC,1,0.102286,0.10322,FILLED,1,1
2024-02-28 18:24:01.038,SELL,LIMIT,IOC,161,0.101544,0.102574,FILLED,56,161
2024-02-28 18:24:04.069,SELL,LIMIT,IOC,26,0.101104,0.10173,FILLED,26,26
2024-02-28 18:47:31.066,BUY,LIMIT,IOC,184,0.110408,0.10906,FILLED,184,184
2024-02-28 19:02:14.094,BUY,LIMIT,IOC,250,0.111548,0.110295,FILLED,2,250
2024-02-28 19:02:35.056,BUY,LIMIT,IOC,4,0.11185,0.11064,FILLED,4,4
2024-02-28 19:17:15.059,BUY,LIMIT,IOC,1,0.113923,0.11259,FILLED,1,1
2024-02-28 19:20:54.025,BUY,LIMIT,IOC,6,0.114377,0.113254,FILLED,4,6
2024-02-28 19:24:49.064,BUY,LIMIT,IOC,2,0.11596,0.11477,FILLED,2,2
2024-02-28 19:24:51.075,BUY,LIMIT,IOC,15,0.116095,0.114921,FILLED,4,15
2024-02-28 19:36:19.048,SELL,LIMIT,IOC,79,0.113259,0.114635,FILLED,28,79
2024-02-28 19:45:18.063,SELL,LIMIT,IOC,30,0.111894,0.11296,FILLED,30,30
2024-02-28 22:20:08.075,BUY,LIMIT,IOC,253,0.117562,0.116269,FILLED,38,253
2024-02-28 22:38:32.082,BUY,LIMIT,IOC,509,0.118397,0.117057,FILLED,1,509
2024-02-28 23:06:13.062,BUY,LIMIT,IOC,1,0.119962,0.11869,FILLED,1,1
2024-02-28 23:06:47.043,BUY,LIMIT,IOC,45,0.120429,0.11911,FILLED,45,45
2024-02-28 23:06:49.081,BUY,LIMIT,IOC,11,0.120475,0.11927,FILLED,3,11
2024-02-28 23:07:28.101,BUY,LIMIT,IOC,41,0.120897,0.11952,FILLED,5,41
2024-02-28 23:07:31.061,BUY,LIMIT,IOC,1,0.121027,0.11978,FILLED,1,1
2024-02-29 00:02:52.046,SELL,LIMIT,IOC,210,0.114005,0.11512,FILLED,210,210
2024-02-29 00:13:54.064,SELL,LIMIT,IOC,90,0.112824,0.114118,FILLED,9,90
2024-02-29 00:33:04.042,SELL,LIMIT,IOC,288,0.111939,0.11313,FILLED,70,288
2024-02-29 02:21:32.054,SELL,LIMIT,IOC,1069,0.110433,0.111676,FILLED,275,1069
2024-02-29 03:28:39.045,BUY,LIMIT,IOC,58,0.119301,0.118,FILLED,44,58
2024-02-29 03:30:11.034,BUY,LIMIT,IOC,750,0.119896,0.11868,FILLED,108,750
2024-02-29 03:31:19.093,BUY,LIMIT,IOC,4286,0.121731,0.120691,FILLED,210,4286
2024-02-29 03:31:45.108,BUY,LIMIT,IOC,2,0.122682,0.12165,FILLED,2,2
2024-02-29 03:36:20.061,BUY,LIMIT,IOC,10,0.124869,0.12368,FILLED,10,10
2024-02-29 03:50:13.058,BUY,LIMIT,IOC,78,0.125852,0.124436,FILLED,63,78
2024-02-29 03:50:25.041,BUY,LIMIT,IOC,24,0.126073,0.12478,FILLED,24,24
2024-02-29 03:50:30.096,BUY,LIMIT,IOC,24,0.126338,0.12486,FILLED,24,24
2024-02-29 03:51:25.068,BUY,LIMIT,IOC,55,0.12727,0.12582,FILLED,55,55
2024-02-29 03:51:30.086,BUY,LIMIT,IOC,5,0.127529,0.126271,FILLED,1,5
2024-02-29 03:51:31.094,BUY,LIMIT,IOC,21,0.127717,0.12623,FILLED,21,21
2024-02-29 03:51:35.044,BUY,LIMIT,IOC,42,0.127851,0.126468,FILLED,29,42
2024-02-29 04:12:12.105,BUY,LIMIT,IOC,1,0.128543,0.12724,FILLED,1,1
2024-02-29 04:12:14.100,BUY,LIMIT,IOC,9,0.128666,0.12736,FILLED,9,9
2024-02-29 04:15:19.093,BUY,LIMIT,IOC,12,0.129744,0.128642,FILLED,3,12
2024-02-29 04:49:56.040,BUY,LIMIT,IOC,3,0.130071,0.12865,FILLED,3,3
2024-02-29 04:50:03.038,BUY,LIMIT,IOC,33,0.130398,0.129199,FILLED,14,33
2024-02-29 04:50:04.085,BUY,LIMIT,IOC,1,0.130679,0.12917,FILLED,1,1
2024-02-29 04:50:34.103,BUY,LIMIT,IOC,14,0.131276,0.129945,FILLED,1,14
2024-02-29 04:50:41.039,BUY,LIMIT,IOC,36,0.131551,0.130264,FILLED,16,36
2024-02-29 05:45:35.046,BUY,LIMIT,IOC,54,0.132342,0.130982,FILLED,13,54
2024-02-29 06:16:45.089,BUY,LIMIT,IOC,1,0.133431,0.13206,FILLED,1,1
2024-02-29 06:19:20.040,BUY,LIMIT,IOC,19,0.13366,0.132367,FILLED,1,19
2024-02-29 06:19:24.042,BUY,LIMIT,IOC,5,0.133952,0.13251,FILLED,5,5
2024-02-29 06:19:29.043,BUY,LIMIT,IOC,900,0.134161,0.132792,FILLED,43,900
2024-02-29 06:19:30.088,BUY,LIMIT,IOC,28,0.134229,0.132934,FILLED,9,28
2024-02-29 06:19:33.033,BUY,LIMIT,IOC,42,0.1344,0.13292,FILLED,1,42
2024-02-29 06:40:21.060,BUY,LIMIT,IOC,2,0.13514,0.13402,FILLED,2,2
2024-02-29 06:40:37.072,BUY,LIMIT,IOC,150,0.135885,0.134575,FILLED,102,150
2024-02-29 06:48:19.027,BUY,LIMIT,IOC,2028,0.136254,0.134501,FILLED,177,2028
2024-02-29 07:16:37.097,SELL,LIMIT,IOC,8,0.129352,0.13089,FILLED,8,8
2024-02-29 07:20:42.094,SELL,LIMIT,IOC,8,0.127635,0.12919,FILLED,2,8
2024-02-29 07:29:26.064,SELL,LIMIT,IOC,1,0.126799,0.12833,FILLED,1,1
2024-02-29 07:37:39.084,SELL,LIMIT,IOC,224,0.126528,0.128006,FILLED,9,224
2024-02-29 08:08:21.058,SELL,LIMIT,IOC,80,0.125937,0.12739,FILLED,80,80
2024-02-29 08:08:24.064,SELL,LIMIT,IOC,46,0.12568,0.12685,FILLED,46,46
2024-02-29 08:08:25.065,SELL,LIMIT,IOC,12,0.125398,0.12664,FILLED,7,12
2024-02-29 08:08:33.044,SELL,LIMIT,IOC,100,0.124976,0.12646,FILLED,87,100
2024-02-29 10:10:26.057,SELL,LIMIT,IOC,815,0.123781,0.12472,FILLED,523,815
2024-02-29 10:11:13.066,SELL,LIMIT,IOC,3,0.123434,0.12487,FILLED,3,3
2024-02-29 10:11:25.040,SELL,LIMIT,IOC,15,0.123306,0.12472,FILLED,15,15
2024-02-29 11:23:09.021,BUY,LIMIT,IOC,51,0.132174,0.1307,FILLED,51,51
2024-02-29 12:12:58.101,SELL,LIMIT,IOC,1,0.125743,0.12727,FILLED,1,1
2024-02-29 12:13:05.030,SELL,LIMIT,IOC,184,0.125627,0.127048,FILLED,6,184
2024-02-29 12:53:22.037,SELL,LIMIT,IOC,4,0.124899,0.12635,FILLED,4,4
2024-02-29 12:54:47.041,SELL,LIMIT,IOC,11,0.12476,0.12624,FILLED,11,11
2024-02-29 14:12:08.070,BUY,LIMIT,IOC,533,0.133777,0.132287,FILLED,5,533
2024-02-29 14:19:29.058,BUY,LIMIT,IOC,13,0.134895,0.13325,FILLED,13,13
2024-02-29 14:51:33.082,SELL,LIMIT,IOC,32,0.127083,0.12855,FILLED,32,32
2024-02-29 16:00:20.050,BUY,LIMIT,IOC,600,0.136574,0.135008,FILLED,157,600
2024-02-29 16:17:55.032,SELL,LIMIT,IOC,1,0.129163,0.13063,FILLED,1,1
2024-02-29 16:18:28.068,SELL,LIMIT,IOC,32,0.128597,0.13024,FILLED,32,32
2024-02-29 16:19:39.092,SELL,LIMIT,IOC,271,0.128388,0.129801,FILLED,223,271
2024-02-29 16:26:49.080,SELL,LIMIT,IOC,6,0.127315,0.12885,FILLED,6,6
2024-02-29 16:28:03.049,SELL,LIMIT,IOC,40,0.127042,0.12852,FILLED,17,40
2024-02-29 16:28:14.056,SELL,LIMIT,IOC,267,0.126783,0.128266,FILLED,23,267
2024-02-29 16:28:17.078,SELL,LIMIT,IOC,1469,0.126736,0.128251,FILLED,74,1469
2024-02-29 16:28:54.082,SELL,LIMIT,IOC,2075,0.126371,0.12778,FILLED,215,2075
2024-02-29 16:40:57.030,SELL,LIMIT,IOC,248,0.125681,0.127223,FILLED,81,248
2024-02-29 16:41:20.057,SELL,LIMIT,IOC,480,0.125303,0.126613,FILLED,42,480
2024-02-29 16:41:23.065,SELL,LIMIT,IOC,25,0.124955,0.12641,FILLED,22,25
2024-02-29 17:42:06.061,SELL,LIMIT,IOC,1,0.124794,0.12629,FILLED,1,1
2024-02-29 17:42:09.063,SELL,LIMIT,IOC,36,0.124544,0.125932,FILLED,1,36
2024-02-29 17:42:10.055,SELL,LIMIT,IOC,14,0.124481,0.1258,FILLED,14,14
2024-02-29 17:52:50.030,SELL,LIMIT,IOC,26,0.123823,0.1252,FILLED,26,26
2024-02-29 17:52:52.097,SELL,LIMIT,IOC,939,0.123678,0.12501,FILLED,50,939
2024-02-29 18:33:06.048,SELL,LIMIT,IOC,214,0.123492,0.12499,FILLED,214,214
2024-02-29 18:33:12.078,SELL,LIMIT,IOC,1,0.123437,0.12476,FILLED,1,1
2024-02-29 18:33:22.038,SELL,LIMIT,IOC,1,0.12312,0.12452,FILLED,1,1
2024-02-29 18:33:24.041,SELL,LIMIT,IOC,72,0.122682,0.1232,FILLED,72,72
2024-02-29 18:33:25.058,SELL,LIMIT,IOC,5,0.122018,0.12272,FILLED,5,5
2024-02-29 18:33:26.061,SELL,LIMIT,IOC,1,0.121562,0.12332,FILLED,1,1
2024-02-29 20:28:14.046,BUY,LIMIT,IOC,1,0.129505,0.12801,FILLED,1,1
2024-02-29 21:10:56.088,SELL,LIMIT,IOC,51,0.122844,0.12439,FILLED,18,51
2024-02-29 21:11:57.111,SELL,LIMIT,IOC,16,0.122026,0.123467,FILLED,4,16
2024-02-29 21:13:58.053,SELL,LIMIT,IOC,1,0.121839,0.12309,FILLED,1,1
2024-02-29 21:14:18.029,SELL,LIMIT,IOC,40,0.121551,0.12272,FILLED,40,40
2024-02-29 21:14:22.019,SELL,LIMIT,IOC,12,0.121138,0.12226,FILLED,12,12
2024-02-29 21:16:39.055,SELL,LIMIT,IOC,80,0.120895,0.122256,FILLED,51,80
2024-02-29 21:22:09.032,SELL,LIMIT,IOC,4,0.120398,0.12107,FILLED,4,4
2024-02-29 21:22:10.055,SELL,LIMIT,IOC,536,0.119934,0.121171,FILLED,126,536
2024-02-29 21:22:11.056,SELL,LIMIT,IOC,388,0.119608,0.120947,FILLED,331,388
2024-02-29 21:22:43.050,SELL,LIMIT,IOC,286,0.119266,0.120617,FILLED,90,286
2024-02-29 21:22:45.055,SELL,LIMIT,IOC,2746,0.11902,0.120027,FILLED,1549,2746
2024-02-29 21:22:56.048,SELL,LIMIT,IOC,1,0.118842,0.12015,FILLED,1,1
2024-02-29 21:22:59.064,SELL,LIMIT,IOC,24,0.118714,0.120023,FILLED,1,24
2024-02-29 21:24:41.095,SELL,LIMIT,IOC,7,0.118332,0.119644,FILLED,4,7
2024-02-29 21:28:57.078,SELL,LIMIT,IOC,38,0.118117,0.11939,FILLED,38,38
2024-02-29 21:28:59.054,SELL,LIMIT,IOC,1500,0.117892,0.119255,FILLED,23,1500
2024-02-29 21:29:01.048,SELL,LIMIT,IOC,24,0.117804,0.11925,FILLED,24,24
2024-02-29 21:29:11.076,SELL,LIMIT,IOC,581,0.117617,0.118911,FILLED,427,581
2024-02-29 21:29:14.038,SELL,LIMIT,IOC,17,0.117542,0.119057,FILLED,5,17
2024-02-29 21:30:00.038,SELL,LIMIT,IOC,138,0.117455,0.118833,FILLED,21,138
2024-02-29 21:35:13.082,SELL,LIMIT,IOC,104,0.117008,0.118372,FILLED,52,104
2024-02-29 21:36:38.034,SELL,LIMIT,IOC,1,0.116967,0.11833,FILLED,1,1
2024-02-29 21:38:23.063,SELL,LIMIT,IOC,113,0.116692,0.117833,FILLED,73,113
2024-02-29 21:38:25.036,SELL,LIMIT,IOC,24,0.116403,0.117611,FILLED,1,24
2024-02-29 22:20:12.093,SELL,LIMIT,IOC,38,0.1162,0.11753,FILLED,38,38
2024-02-29 22:28:15.032,SELL,LIMIT,IOC,78,0.11611,0.11729,FILLED,16,78
2024-02-29 22:28:17.032,SELL,LIMIT,IOC,14,0.11584,0.11711,FILLED,5,14
2024-02-29 22:28:18.075,SELL,LIMIT,IOC,764,0.115756,0.117053,FILLED,420,764
2024-02-29 22:28:20.028,SELL,LIMIT,IOC,9,0.115597,0.11695,FILLED,9,9
2024-02-29 22:28:21.061,SELL,LIMIT,IOC,23,0.115558,0.116807,FILLED,11,23
2024-02-29 22:28:23.037,SELL,LIMIT,IOC,28,0.11542,0.11652,FILLED,28,28
2024-02-29 22:28:24.060,SELL,LIMIT,IOC,1,0.115207,0.1164,FILLED,1,1
2024-02-29 22:29:18.069,SELL,LIMIT,IOC,615,0.115093,0.116247,FILLED,424,615
2024-02-29 22:29:31.070,SELL,LIMIT,IOC,4,0.114837,0.11612,FILLED,4,4
2024-02-29 22:29:55.040,SELL,LIMIT,IOC,2,0.114675,0.11621,FILLED,2,2
2024-02-29 22:37:38.041,SELL,LIMIT,IOC,1,0.114547,0.11583,FILLED,1,1
2024-02-29 22:37:41.045,SELL,LIMIT,IOC,1,0.114308,0.11567,FILLED,1,1
2024-02-29 22:37:42.049,SELL,LIMIT,IOC,1,0.11427,0.11566,FILLED,1,1
2024-02-29 22:37:44.033,SELL,LIMIT,IOC,2,0.114253,0.11549,FILLED,2,2
2024-02-29 22:37:56.038,SELL,LIMIT,IOC,201,0.114112,0.11557,FILLED,32,201
2024-02-29 22:38:06.065,SELL,LIMIT,IOC,5942,0.113936,0.115239,FILLED,9,5942
2024-02-29 22:38:10.058,SELL,LIMIT,IOC,775,0.113865,0.115125,FILLED,276,775
2024-02-29 22:38:11.079,SELL,LIMIT,IOC,95,0.113767,0.11508,FILLED,80,95
2024-02-29 22:38:46.043,SELL,LIMIT,IOC,9748,0.113465,0.114807,FILLED,1181,9748
2024-02-29 22:38:47.074,SELL,LIMIT,IOC,188,0.113499,0.114793,FILLED,25,188
2024-02-29 22:38:48.088,SELL,LIMIT,IOC,312,0.113446,0.11461,FILLED,312,312
2024-03-01 07:40:33.061,SELL,LIMIT,IOC,1,0.11696,0.11839,FILLED,1,1
2024-03-01 08:44:01.051,BUY,LIMIT,IOC,59,0.123568,0.12213,FILLED,27,59
2024-03-01 13:47:39.102,BUY,LIMIT,IOC,60,0.125951,0.124589,FILLED,25,60
2024-03-01 13:51:22.068,BUY,LIMIT,IOC,142,0.126644,0.125186,FILLED,83,142
2024-03-01 13:52:09.095,BUY,LIMIT,IOC,10,0.127132,0.12581,FILLED,10,10
2024-03-01 13:52:22.040,BUY,LIMIT,IOC,28,0.127817,0.126479,FILLED,10,28
2024-03-01 13:52:23.093,BUY,LIMIT,IOC,140,0.128035,0.12649,FILLED,106,140
2024-03-01 13:52:49.059,BUY,LIMIT,IOC,11,0.128229,0.126764,FILLED,5,11
2024-03-01 13:52:55.103,BUY,LIMIT,IOC,12,0.128492,0.127057,FILLED,9,12
2024-03-01 13:53:10.043,BUY,LIMIT,IOC,2,0.129131,0.12773,FILLED,2,2
2024-03-01 14:09:43.087,BUY,LIMIT,IOC,8,0.129641,0.12826,FILLED,6,8
2024-03-01 14:09:47.099,BUY,LIMIT,IOC,510,0.129751,0.128457,FILLED,53,510
2024-03-01 14:26:16.101,BUY,LIMIT,IOC,3,0.130364,0.128859,FILLED,2,3
2024-03-01 14:27:27.109,BUY,LIMIT,IOC,28,0.130944,0.12964,FILLED,3,28
2024-03-01 14:27:45.096,BUY,LIMIT,IOC,72,0.131379,0.129968,FILLED,17,72
2024-03-01 14:27:48.048,BUY,LIMIT,IOC,15,0.131416,0.129925,FILLED,8,15
2024-03-01 14:28:37.072,BUY,LIMIT,IOC,2,0.131597,0.13007,FILLED,2,2
2024-03-01 16:07:29.088,BUY,LIMIT,IOC,156,0.130267,0.128799,FILLED,155,156
2024-03-01 17:14:13.048,BUY,LIMIT,IOC,5,0.132919,0.13133,FILLED,5,5
2024-03-01 17:14:40.107,BUY,LIMIT,IOC,6,0.133418,0.13185,FILLED,6,6
2024-03-01 17:47:22.063,BUY,LIMIT,IOC,34,0.13499,0.13349,FILLED,34,34
2024-03-01 18:10:55.034,BUY,LIMIT,IOC,17,0.13559,0.134079,FILLED,16,17
2024-03-01 18:14:20.071,BUY,LIMIT,IOC,20,0.135867,0.13432,FILLED,20,20
2024-03-01 18:17:49.094,BUY,LIMIT,IOC,4,0.136271,0.13484,FILLED,3,4
2024-03-01 18:18:09.061,BUY,LIMIT,IOC,108,0.137144,0.135467,FILLED,80,108
2024-03-01 18:20:31.083,BUY,LIMIT,IOC,270,0.13785,0.136282,FILLED,43,270
2024-03-01 18:20:42.073,BUY,LIMIT,IOC,9,0.138339,0.136692,FILLED,2,9
2024-03-01 18:21:46.060,BUY,LIMIT,IOC,1,0.138966,0.13751,FILLED,1,1
2024-03-01 18:22:08.022,BUY,LIMIT,IOC,241,0.139412,0.137972,FILLED,154,241
2024-03-01 18:22:12.081,BUY,LIMIT,IOC,1,0.139572,0.13802,FILLED,1,1
2024-03-01 18:22:14.047,BUY,LIMIT,IOC,7279,0.139758,0.138067,FILLED,334,7279
2024-03-01 18:22:22.072,BUY,LIMIT,IOC,6,0.139719,0.13836,FILLED,6,6
2024-03-01 18:22:49.049,BUY,LIMIT,IOC,2,0.140226,0.13866,FILLED,2,2
2024-03-01 18:53:01.043,SELL,LIMIT,IOC,9,0.133125,0.13458,FILLED,8,9
2024-03-01 19:03:42.072,SELL,LIMIT,IOC,20,0.132621,0.134166,FILLED,6,20
2024-03-01 19:11:40.069,SELL,LIMIT,IOC,294,0.131834,0.133507,FILLED,107,294
2024-03-01 20:36:08.032,BUY,LIMIT,IOC,40,0.140657,0.13915,FILLED,40,40
2024-03-01 20:55:18.082,BUY,LIMIT,IOC,248,0.14132,0.13973,FILLED,35,248
2024-03-01 20:55:34.059,BUY,LIMIT,IOC,64,0.141716,0.140091,FILLED,5,64
2024-03-01 21:11:22.087,SELL,LIMIT,IOC,1,0.134171,0.13569,FILLED,1,1
2024-03-01 21:11:25.037,SELL,LIMIT,IOC,1045,0.134029,0.135548,FILLED,526,1045
2024-03-01 21:31:18.075,BUY,LIMIT,IOC,30,0.142346,0.140948,FILLED,5,30
2024-03-01 21:31:19.096,BUY,LIMIT,IOC,100,0.142464,0.141039,FILLED,50,100
2024-03-01 22:00:25.062,BUY,LIMIT,IOC,24,0.143634,0.142024,FILLED,6,24
2024-03-01 22:04:42.031,BUY,LIMIT,IOC,3,0.143969,0.14259,FILLED,3,3
2024-03-01 22:04:43.083,BUY,LIMIT,IOC,9,0.144069,0.1424,FILLED,6,9
2024-03-01 22:05:14.032,BUY,LIMIT,IOC,260,0.144651,0.143032,FILLED,67,260
2024-03-01 22:05:27.056,BUY,LIMIT,IOC,259,0.144816,0.143254,FILLED,56,259
2024-03-01 22:12:54.058,BUY,LIMIT,IOC,6,0.145505,0.14386,FILLED,6,6
2024-03-01 22:13:00.027,BUY,LIMIT,IOC,19,0.14558,0.143956,FILLED,6,19
2024-03-01 22:17:21.073,BUY,LIMIT,IOC,1860,0.145895,0.144316,FILLED,226,1860
2024-03-01 22:17:23.100,BUY,LIMIT,IOC,6,0.145977,0.14422,FILLED,6,6
2024-03-01 22:17:29.042,BUY,LIMIT,IOC,24,0.146156,0.14451,FILLED,24,24
2024-03-01 22:17:33.032,BUY,LIMIT,IOC,5957,0.146228,0.144663,FILLED,1758,5957
2024-03-01 22:27:08.056,BUY,LIMIT,IOC,74,0.147337,0.145685,FILLED,35,74
2024-03-01 23:39:57.129,SELL,LIMIT,IOC,237,0.137376,0.13875,FILLED,237,237
2024-03-01 23:42:23.043,SELL,LIMIT,IOC,10,0.136789,0.138633,FILLED,6,10
2024-03-02 00:08:50.056,BUY,LIMIT,IOC,1,0.144185,0.14253,FILLED,1,1
2024-03-02 00:25:54.080,BUY,LIMIT,IOC,20,0.146457,0.14469,FILLED,20,20
2024-03-02 00:26:14.098,BUY,LIMIT,IOC,30,0.146861,0.145113,FILLED,18,30
2024-03-02 00:35:27.052,BUY,LIMIT,IOC,1,0.148198,0.14655,FILLED,1,1
2024-03-02 00:35:35.061,BUY,LIMIT,IOC,112,0.148295,0.146695,FILLED,14,112
2024-03-02 00:36:57.080,BUY,LIMIT,IOC,25,0.148501,0.1468,FILLED,5,25
2024-03-02 00:37:24.064,BUY,LIMIT,IOC,536,0.148926,0.147346,FILLED,75,536
2024-03-02 00:37:25.089,BUY,LIMIT,IOC,400,0.148937,0.147358,FILLED,2,400
2024-03-02 00:37:45.106,BUY,LIMIT,IOC,50,0.149501,0.147787,FILLED,6,50
2024-03-02 00:38:16.099,BUY,LIMIT,IOC,410,0.149928,0.1483,FILLED,3,410
2024-03-02 00:38:18.075,BUY,LIMIT,IOC,5,0.150064,0.14811,FILLED,5,5
2024-03-02 00:38:33.109,BUY,LIMIT,IOC,24,0.150114,0.1485,FILLED,24,24
2024-03-02 00:38:40.083,BUY,LIMIT,IOC,12,0.150401,0.14866,FILLED,12,12
2024-03-02 00:38:57.040,BUY,LIMIT,IOC,6,0.150983,0.14918,FILLED,6,6
2024-03-02 00:39:10.059,BUY,LIMIT,IOC,10,0.151092,0.14945,FILLED,10,10
2024-03-02 00:39:26.023,BUY,LIMIT,IOC,371,0.151273,0.149667,FILLED,168,371
2024-03-02 00:39:29.021,BUY,LIMIT,IOC,22,0.151386,0.14959,FILLED,22,22
2024-03-02 00:50:16.068,BUY,LIMIT,IOC,7,0.15189,0.15018,FILLED,7,7
2024-03-02 01:01:26.038,SELL,LIMIT,IOC,80,0.143777,0.145528,FILLED,1,80
2024-03-02 01:01:31.098,SELL,LIMIT,IOC,71,0.143499,0.14528,FILLED,4,71
2024-03-02 01:11:03.064,SELL,LIMIT,IOC,1000,0.142943,0.144405,FILLED,817,1000
2024-03-02 01:18:10.073,SELL,LIMIT,IOC,20,0.141865,0.14334,FILLED,20,20
2024-03-02 01:18:12.096,SELL,LIMIT,IOC,9,0.141638,0.14341,FILLED,9,9
2024-03-02 01:18:24.096,SELL,LIMIT,IOC,4,0.141367,0.14284,FILLED,2,4
2024-03-02 01:19:15.047,SELL,LIMIT,IOC,5,0.140922,0.142555,FILLED,2,5
2024-03-02 01:21:59.031,SELL,LIMIT,IOC,1269,0.139869,0.141483,FILLED,61,1269
2024-03-02 01:22:21.052,SELL,LIMIT,IOC,674,0.138985,0.140382,FILLED,44,674
2024-03-02 01:24:47.051,SELL,LIMIT,IOC,270,0.138563,0.140083,FILLED,28,270
2024-03-02 01:24:48.057,SELL,LIMIT,IOC,8,0.138403,0.1402,FILLED,8,8
2024-03-02 02:51:06.102,SELL,LIMIT,IOC,33,0.138143,0.13991,FILLED,33,33
2024-03-02 05:18:44.091,SELL,LIMIT,IOC,1,0.138002,0.13952,FILLED,1,1
2024-03-02 07:14:48.041,BUY,LIMIT,IOC,817,0.147185,0.145543,FILLED,422,817
2024-03-02 07:15:07.033,BUY,LIMIT,IOC,15,0.147342,0.14565,FILLED,15,15
2024-03-02 07:45:15.080,BUY,LIMIT,IOC,500,0.148408,0.146775,FILLED,208,500
2024-03-02 08:05:18.100,BUY,LIMIT,IOC,2,0.150505,0.14886,FILLED,2,2
2024-03-02 08:15:35.062,BUY,LIMIT,IOC,42,0.150771,0.14894,FILLED,42,42
2024-03-02 08:16:15.110,BUY,LIMIT,IOC,4,0.151522,0.14988,FILLED,4,4
2024-03-02 09:03:07.102,SELL,LIMIT,IOC,17,0.144575,0.1463,FILLED,13,17
2024-03-02 09:03:22.088,SELL,LIMIT,IOC,253,0.144215,0.145884,FILLED,6,253
2024-03-02 09:12:04.066,SELL,LIMIT,IOC,308,0.143387,0.14507,FILLED,216,308
2024-03-02 09:12:05.111,SELL,LIMIT,IOC,30,0.143355,0.14497,FILLED,30,30
2024-03-02 09:12:20.092,SELL,LIMIT,IOC,120,0.142858,0.144306,FILLED,5,120
2024-03-02 09:13:00.061,SELL,LIMIT,IOC,5812,0.14252,0.144065,FILLED,477,5812
2024-03-02 09:13:03.076,SELL,LIMIT,IOC,604,0.142205,0.14368,FILLED,231,604
2024-03-02 09:16:04.061,SELL,LIMIT,IOC,1000,0.141526,0.143,FILLED,873,1000
2024-03-02 09:16:07.087,SELL,LIMIT,IOC,9,0.141254,0.142847,FILLED,4,9
2024-03-02 09:18:37.067,SELL,LIMIT,IOC,33,0.140794,0.14225,FILLED,33,33
2024-03-02 09:18:40.119,SELL,LIMIT,IOC,2,0.140477,0.14215,FILLED,2,2
2024-03-02 09:18:42.061,SELL,LIMIT,IOC,103,0.140328,0.141854,FILLED,38,103
2024-03-02 09:31:24.033,SELL,LIMIT,IOC,646,0.139413,0.141105,FILLED,586,646
2024-03-02 09:31:33.042,SELL,LIMIT,IOC,15,0.139265,0.14111,FILLED,15,15
2024-03-02 09:31:40.066,SELL,LIMIT,IOC,191,0.139172,0.140539,FILLED,1,191
2024-03-02 14:01:38.074,SELL,LIMIT,IOC,230,0.138671,0.14033,FILLED,82,230
2024-03-02 14:02:17.052,SELL,LIMIT,IOC,8,0.138637,0.14016,FILLED,8,8
2024-03-02 14:02:32.089,SELL,LIMIT,IOC,65,0.13821,0.139907,FILLED,28,65
2024-03-02 14:02:58.087,SELL,LIMIT,IOC,243,0.138152,0.139732,FILLED,2,243
2024-03-02 14:03:43.031,SELL,LIMIT,IOC,89,0.137646,0.139412,FILLED,1,89
2024-03-02 14:23:30.061,SELL,LIMIT,IOC,26,0.13747,0.13886,FILLED,26,26
2024-03-02 14:23:39.023,SELL,LIMIT,IOC,2,0.137046,0.138534,FILLED,1,2
2024-03-02 14:23:40.046,SELL,LIMIT,IOC,12,0.136911,0.13844,FILLED,1,12
2024-03-02 14:25:42.035,SELL,LIMIT,IOC,33,0.136722,0.1382,FILLED,33,33
2024-03-02 14:25:43.078,SELL,LIMIT,IOC,124,0.136582,0.138094,FILLED,12,124
2024-03-02 14:25:51.095,SELL,LIMIT,IOC,220,0.136386,0.137589,FILLED,157,220
2024-03-02 14:25:54.062,SELL,LIMIT,IOC,430,0.135829,0.137241,FILLED,392,430
2024-03-02 14:25:56.044,SELL,LIMIT,IOC,264,0.135571,0.137136,FILLED,2,264
2024-03-02 14:25:58.051,SELL,LIMIT,IOC,50,0.135413,0.136902,FILLED,34,50
2024-03-02 14:25:59.099,SELL,LIMIT,IOC,7372,0.135331,0.136937,FILLED,8,7372
2024-03-02 14:26:31.044,SELL,LIMIT,IOC,100,0.135115,0.136408,FILLED,8,100
2024-03-02 14:26:32.059,SELL,LIMIT,IOC,47,0.135034,0.136688,FILLED,9,47
2024-03-02 14:26:41.075,SELL,LIMIT,IOC,330,0.134846,0.136444,FILLED,188,330
2024-03-02 14:28:40.041,SELL,LIMIT,IOC,2,0.134763,0.13633,FILLED,2,2
2024-03-02 14:28:41.111,SELL,LIMIT,IOC,18,0.134682,0.1364,FILLED,18,18
2024-03-02 18:22:57.086,BUY,LIMIT,IOC,14,0.143209,0.141697,FILLED,9,14
2024-03-02 18:25:20.095,BUY,LIMIT,IOC,1,0.143553,0.14193,FILLED,1,1
2024-03-02 18:25:39.061,BUY,LIMIT,IOC,5,0.143696,0.142,FILLED,5,5
2024-03-02 18:42:44.083,BUY,LIMIT,IOC,300,0.144308,0.142746,FILLED,70,300
2024-03-02 23:05:12.110,BUY,LIMIT,IOC,17,0.145547,0.14388,FILLED,17,17
2024-03-02 23:22:52.072,BUY,LIMIT,IOC,7444,0.146397,0.144762,FILLED,790,7444
2024-03-03 00:12:22.078,SELL,LIMIT,IOC,28,0.138724,0.140405,FILLED,12,28
2024-03-03 02:18:44.083,SELL,LIMIT,IOC,40,0.137657,0.13925,FILLED,40,40
2024-03-03 02:22:42.043,SELL,LIMIT,IOC,33,0.137559,0.13918,FILLED,33,33
2024-03-03 06:10:49.109,SELL,LIMIT,IOC,2,0.136551,0.13814,FILLED,2,2
2024-03-03 06:11:38.061,SELL,LIMIT,IOC,259,0.136167,0.137805,FILLED,45,259
2024-03-03 06:11:45.056,SELL,LIMIT,IOC,394,0.136055,0.137643,FILLED,75,394
2024-03-03 06:12:04.099,SELL,LIMIT,IOC,7,0.135901,0.13746,FILLED,7,7
2024-03-03 07:17:16.061,SELL,LIMIT,IOC,51,0.135512,0.13707,FILLED,23,51
2024-03-03 07:18:58.091,SELL,LIMIT,IOC,3,0.134987,0.13658,FILLED,3,3
2024-03-03 07:23:05.120,SELL,LIMIT,IOC,895,0.134784,0.136311,FILLED,158,895
2024-03-03 07:23:24.079,SELL,LIMIT,IOC,6,0.134657,0.13614,FILLED,6,6
2024-03-03 07:23:26.030,SELL,LIMIT,IOC,23,0.134534,0.13618,FILLED,23,23
2024-03-03 07:23:30.050,SELL,LIMIT,IOC,175,0.134159,0.13575,FILLED,175,175
2024-03-03 07:23:40.063,SELL,LIMIT,IOC,23,0.134071,0.13577,FILLED,22,23
2024-03-03 07:23:41.094,SELL,LIMIT,IOC,22,0.133997,0.135603,FILLED,14,22
2024-03-03 07:23:46.063,SELL,LIMIT,IOC,134,0.13393,0.13543,FILLED,75,134
2024-03-03 07:23:47.093,SELL,LIMIT,IOC,95,0.133894,0.135372,FILLED,2,95
2024-03-03 07:23:48.094,SELL,LIMIT,IOC,10,0.133785,0.13537,FILLED,10,10
2024-03-03 07:23:49.108,SELL,LIMIT,IOC,20,0.133775,0.13539,FILLED,19,20
2024-03-03 07:23:53.039,SELL,LIMIT,IOC,28,0.133507,0.13465,FILLED,28,28
2024-03-03 07:23:54.086,SELL,LIMIT,IOC,262,0.133378,0.134627,FILLED,72,262
2024-03-03 07:23:56.092,SELL,LIMIT,IOC,133,0.133179,0.134596,FILLED,41,133
2024-03-03 07:24:46.030,SELL,LIMIT,IOC,104,0.132824,0.13445,FILLED,10,104
2024-03-03 07:24:48.068,SELL,LIMIT,IOC,63,0.132738,0.134262,FILLED,2,63
2024-03-03 07:24:50.051,SELL,LIMIT,IOC,1,0.132663,0.13431,FILLED,1,1
2024-03-03 07:25:43.093,SELL,LIMIT,IOC,10,0.132631,0.13439,FILLED,10,10
2024-03-03 07:25:51.111,SELL,LIMIT,IOC,8,0.132337,0.133852,FILLED,3,8
2024-03-03 07:25:56.065,SELL,LIMIT,IOC,1421,0.132295,0.133778,FILLED,578,1421
2024-03-03 07:26:13.091,SELL,LIMIT,IOC,78,0.132181,0.133696,FILLED,30,78
2024-03-03 07:26:15.101,SELL,LIMIT,IOC,147,0.132055,0.133549,FILLED,45,147
2024-03-03 07:26:23.089,SELL,LIMIT,IOC,100,0.131855,0.13318,FILLED,84,100
2024-03-03 07:26:25.089,SELL,LIMIT,IOC,63,0.131829,0.133371,FILLED,12,63
2024-03-03 07:26:38.056,SELL,LIMIT,IOC,47,0.131571,0.13309,FILLED,47,47
2024-03-03 07:26:42.065,SELL,LIMIT,IOC,33,0.131494,0.132905,FILLED,8,33
2024-03-03 07:26:44.064,SELL,LIMIT,IOC,200,0.131401,0.132882,FILLED,183,200
2024-03-03 07:26:46.079,SELL,LIMIT,IOC,244,0.131342,0.132582,FILLED,232,244
2024-03-03 07:26:48.107,SELL,LIMIT,IOC,3,0.131239,0.1327,FILLED,3,3
2024-03-03 07:26:51.026,SELL,LIMIT,IOC,1,0.13107,0.13224,FILLED,1,1
2024-03-03 07:26:53.071,SELL,LIMIT,IOC,6,0.131016,0.13224,FILLED,6,6
2024-03-03 07:26:55.061,SELL,LIMIT,IOC,1267,0.130823,0.132012,FILLED,487,1267
2024-03-03 07:27:00.064,SELL,LIMIT,IOC,50,0.130548,0.13161,FILLED,50,50
2024-03-03 07:27:03.069,SELL,LIMIT,IOC,1329,0.130324,0.13135,FILLED,448,1329
2024-03-03 07:27:08.108,SELL,LIMIT,IOC,155,0.13006,0.13135,FILLED,155,155
2024-03-03 07:27:11.071,SELL,LIMIT,IOC,62,0.12991,0.13075,FILLED,16,62
2024-03-03 07:27:12.072,SELL,LIMIT,IOC,2979,0.129714,0.13013,FILLED,2979,2979
2024-03-03 07:27:14.067,SELL,LIMIT,IOC,152,0.129196,0.12984,FILLED,152,152
2024-03-03 07:27:16.050,SELL,LIMIT,IOC,80,0.12894,0.12902,FILLED,80,80
2024-03-03 07:27:18.082,SELL,LIMIT,IOC,26,0.128241,0.128418,FILLED,7,26
2024-03-03 07:27:20.038,SELL,LIMIT,IOC,23,0.128024,0.128024,FILLED,23,23
2024-03-03 07:27:21.039,SELL,LIMIT,IOC,54,0.12786,0.12786,FILLED,54,54
2024-03-03 07:27:22.038,SELL,LIMIT,IOC,98,0.127576,0.127576,FILLED,98,98
2024-03-03 07:27:23.057,SELL,LIMIT,IOC,12,0.127048,0.127048,FILLED,12,12
2024-03-03 07:27:24.102,SELL,LIMIT,IOC,5,0.126783,0.126783,FILLED,5,5
2024-03-03 07:27:25.115,SELL,LIMIT,IOC,20,0.126421,0.126421,FILLED,20,20
2024-03-03 07:27:27.032,SELL,LIMIT,IOC,556,0.126387,0.126387,FILLED,556,556
2024-03-03 07:27:28.054,SELL,LIMIT,IOC,474,0.125969,0.125969,FILLED,474,474
2024-03-03 07:27:31.058,SELL,LIMIT,IOC,421,0.125529,0.125529,FILLED,421,421
2024-03-03 07:27:32.042,SELL,LIMIT,IOC,599,0.125332,0.125332,FILLED,599,599
2024-03-03 07:27:33.065,SELL,LIMIT,IOC,149,0.12473,0.12473,FILLED,149,149
2024-03-03 07:27:35.038,SELL,LIMIT,IOC,2,0.124569,0.124569,FILLED,2,2
2024-03-03 07:27:37.079,SELL,LIMIT,IOC,1,0.124334,0.124334,FILLED,1,1
2024-03-03 07:27:38.106,SELL,LIMIT,IOC,207,0.124269,0.124269,FILLED,207,207
2024-03-03 07:27:41.051,SELL,LIMIT,IOC,42,0.12411,0.12411,FILLED,42,42
2024-03-03 07:27:46.057,SELL,LIMIT,IOC,7,0.123868,0.123868,FILLED,7,7
2024-03-03 08:09:59.114,SELL,LIMIT,IOC,5,0.127899,0.12947,FILLED,5,5
2024-03-03 11:43:11.034,BUY,LIMIT,IOC,1,0.139387,0.138,FILLED,1,1
2024-03-03 11:43:26.091,BUY,LIMIT,IOC,6,0.140157,0.13877,FILLED,6,6
2024-03-03 11:47:31.078,BUY,LIMIT,IOC,75,0.141273,0.13972,FILLED,75,75
2024-03-03 11:47:34.030,BUY,LIMIT,IOC,13,0.141523,0.14,FILLED,13,13
2024-03-03 11:50:00.083,BUY,LIMIT,IOC,50,0.142419,0.140935,FILLED,16,50
2024-03-03 11:50:09.078,BUY,LIMIT,IOC,3,0.142697,0.14099,FILLED,3,3
2024-03-03 11:50:14.057,BUY,LIMIT,IOC,46,0.143183,0.14152,FILLED,39,46
2024-03-03 11:50:17.094,BUY,LIMIT,IOC,19,0.143303,0.141728,FILLED,18,19
2024-03-03 11:53:28.069,BUY,LIMIT,IOC,19,0.144493,0.1429,FILLED,3,19
2024-03-03 12:00:51.065,BUY,LIMIT,IOC,11,0.14477,0.143188,FILLED,3,11
2024-03-03 13:36:22.085,SELL,LIMIT,IOC,1602,0.137145,0.138772,FILLED,5,1602
2024-03-03 14:54:08.103,SELL,LIMIT,IOC,265,0.136603,0.138011,FILLED,168,265
2024-03-03 14:54:11.117,SELL,LIMIT,IOC,62,0.136236,0.137873,FILLED,18,62
2024-03-03 18:37:02.111,BUY,LIMIT,IOC,53,0.145889,0.144149,FILLED,4,53
2024-03-03 18:37:13.088,BUY,LIMIT,IOC,612,0.146156,0.144562,FILLED,88,612
2024-03-03 18:37:15.097,BUY,LIMIT,IOC,11,0.146172,0.14476,FILLED,11,11
2024-03-03 18:37:26.098,BUY,LIMIT,IOC,22,0.146519,0.14475,FILLED,22,22
2024-03-03 18:38:03.094,BUY,LIMIT,IOC,65,0.146911,0.145395,FILLED,35,65
2024-03-03 18:38:14.057,BUY,LIMIT,IOC,156,0.14735,0.145771,FILLED,51,156
2024-03-03 18:38:15.108,BUY,LIMIT,IOC,6,0.147367,0.1458,FILLED,6,6
2024-03-03 18:38:37.058,BUY,LIMIT,IOC,11,0.147652,0.146,FILLED,11,11
2024-03-03 18:39:43.108,BUY,LIMIT,IOC,856,0.148057,0.146338,FILLED,72,856
2024-03-03 18:39:52.061,BUY,LIMIT,IOC,548,0.148111,0.146323,FILLED,98,548
2024-03-03 18:40:26.030,BUY,LIMIT,IOC,15,0.148633,0.14688,FILLED,15,15
2024-03-03 18:40:55.143,BUY,LIMIT,IOC,2,0.14895,0.14721,FILLED,2,2
2024-03-03 18:45:05.106,BUY,LIMIT,IOC,3,0.15095,0.1493,FILLED,3,3
2024-03-03 19:01:48.072,BUY,LIMIT,IOC,4,0.152052,0.150362,FILLED,1,4
2024-03-03 19:06:40.097,BUY,LIMIT,IOC,102,0.153156,0.15144,FILLED,102,102
2024-03-03 19:06:47.077,BUY,LIMIT,IOC,20,0.153503,0.15163,FILLED,20,20
2024-03-03 19:06:51.048,BUY,LIMIT,IOC,34,0.153636,0.151999,FILLED,1,34
2024-03-03 19:07:13.037,BUY,LIMIT,IOC,15,0.154005,0.15241,FILLED,15,15
2024-03-03 19:07:15.112,BUY,LIMIT,IOC,34,0.154238,0.152718,FILLED,16,34
2024-03-03 19:14:54.082,SELL,LIMIT,IOC,3014,0.144749,0.146254,FILLED,282,3014
2024-03-03 19:40:27.086,BUY,LIMIT,IOC,1,0.153408,0.15158,FILLED,1,1
2024-03-03 19:40:39.065,BUY,LIMIT,IOC,6,0.154134,0.15231,FILLED,6,6
2024-03-03 19:45:14.067,BUY,LIMIT,IOC,2,0.155003,0.15346,FILLED,2,2
2024-03-03 20:02:17.104,BUY,LIMIT,IOC,3,0.155623,0.15392,FILLED,3,3
2024-03-03 20:02:21.056,BUY,LIMIT,IOC,1,0.155714,0.15385,FILLED,1,1
2024-03-03 20:02:27.083,BUY,LIMIT,IOC,569,0.156253,0.154737,FILLED,26,569
2024-03-03 20:02:28.088,BUY,LIMIT,IOC,1,0.156314,0.15467,FILLED,1,1
2024-03-03 20:28:13.094,BUY,LIMIT,IOC,10,0.156886,0.15509,FILLED,10,10
2024-03-03 20:30:27.108,BUY,LIMIT,IOC,143,0.15714,0.155473,FILLED,51,143
2024-03-03 20:30:40.048,BUY,LIMIT,IOC,11,0.157344,0.1556,FILLED,11,11
2024-03-03 20:30:48.046,BUY,LIMIT,IOC,13,0.157373,0.15563,FILLED,13,13
2024-03-03 22:55:47.067,SELL,LIMIT,IOC,9,0.149032,0.15068,FILLED,9,9
2024-03-03 22:55:49.067,SELL,LIMIT,IOC,29,0.148921,0.150696,FILLED,11,29
2024-03-03 22:57:32.064,SELL,LIMIT,IOC,290,0.148584,0.150222,FILLED,238,290
2024-03-03 22:57:38.072,SELL,LIMIT,IOC,61,0.148387,0.15014,FILLED,29,61
2024-03-03 22:57:40.066,SELL,LIMIT,IOC,1,0.148077,0.14977,FILLED,1,1
2024-03-04 00:04:30.123,SELL,LIMIT,IOC,41,0.150469,0.152175,FILLED,20,41
2024-03-04 00:49:27.137,SELL,LIMIT,IOC,259,0.1475,0.148738,FILLED,8,259
2024-03-04 00:49:29.051,SELL,LIMIT,IOC,41,0.14695,0.14803,FILLED,41,41
2024-03-04 00:49:30.113,SELL,LIMIT,IOC,402,0.146681,0.1476,FILLED,10,402
2024-03-04 00:49:55.100,SELL,LIMIT,IOC,77,0.146018,0.1468,FILLED,77,77
2024-03-04 00:49:57.045,SELL,LIMIT,IOC,59,0.145396,0.146513,FILLED,26,59
2024-03-04 00:49:59.066,SELL,LIMIT,IOC,69,0.145151,0.14554,FILLED,69,69
2024-03-04 00:50:01.096,SELL,LIMIT,IOC,3,0.144551,0.14536,FILLED,3,3
2024-03-04 02:29:09.066,BUY,LIMIT,IOC,30,0.159348,0.15767,FILLED,14,30
2024-03-04 02:29:21.105,BUY,LIMIT,IOC,36,0.159685,0.157851,FILLED,6,36
2024-03-04 02:30:35.076,BUY,LIMIT,IOC,750,0.160626,0.158868,FILLED,2,750
2024-03-04 05:05:20.112,BUY,LIMIT,IOC,115,0.161356,0.159583,FILLED,36,115
2024-03-04 05:05:22.097,BUY,LIMIT,IOC,26,0.161445,0.15957,FILLED,26,26
2024-03-04 05:05:32.100,BUY,LIMIT,IOC,2,0.161718,0.15982,FILLED,2,2
2024-03-04 05:10:24.072,BUY,LIMIT,IOC,13,0.162124,0.16032,FILLED,13,13
2024-03-04 05:55:10.056,BUY,LIMIT,IOC,1,0.162351,0.16062,FILLED,1,1
2024-03-04 05:55:16.102,BUY,LIMIT,IOC,6,0.162563,0.16092,FILLED,6,6
2024-03-04 05:55:31.101,BUY,LIMIT,IOC,52,0.162706,0.16078,FILLED,19,52
2024-03-04 06:10:06.083,BUY,LIMIT,IOC,18,0.163479,0.16166,FILLED,18,18
2024-03-04 06:10:10.070,BUY,LIMIT,IOC,3,0.163646,0.16177,FILLED,3,3
2024-03-04 06:10:12.086,BUY,LIMIT,IOC,1,0.16374,0.16182,FILLED,1,1
2024-03-04 06:10:18.106,BUY,LIMIT,IOC,600,0.164013,0.162393,FILLED,25,600
2024-03-04 06:10:47.063,BUY,LIMIT,IOC,13,0.164348,0.16244,FILLED,13,13
2024-03-04 06:11:05.088,BUY,LIMIT,IOC,12,0.164483,0.162764,FILLED,5,12
2024-03-04 06:11:08.108,BUY,LIMIT,IOC,625,0.16467,0.163082,FILLED,240,625
2024-03-04 06:11:16.065,BUY,LIMIT,IOC,1,0.164928,0.16298,FILLED,1,1
2024-03-04 06:11:19.074,BUY,LIMIT,IOC,83,0.165218,0.163482,FILLED,53,83
2024-03-04 06:11:29.076,BUY,LIMIT,IOC,22,0.165326,0.16383,FILLED,22,22
2024-03-04 06:11:37.028,BUY,LIMIT,IOC,8,0.165996,0.164598,FILLED,7,8
2024-03-04 06:11:38.077,BUY,LIMIT,IOC,50,0.166219,0.164337,FILLED,26,50
2024-03-04 06:11:41.088,BUY,LIMIT,IOC,4,0.166367,0.16466,FILLED,4,4
2024-03-04 06:35:11.092,BUY,LIMIT,IOC,35,0.166999,0.165108,FILLED,8,35
2024-03-04 06:40:39.060,BUY,LIMIT,IOC,17,0.167438,0.16565,FILLED,16,17
2024-03-04 06:40:47.102,BUY,LIMIT,IOC,26,0.167621,0.16564,FILLED,26,26
2024-03-04 06:43:38.126,BUY,LIMIT,IOC,717,0.1681,0.166149,FILLED,259,717
2024-03-04 06:43:43.049,BUY,LIMIT,IOC,52,0.168327,0.166304,FILLED,9,52
2024-03-04 06:44:18.062,BUY,LIMIT,IOC,167,0.168903,0.167123,FILLED,78,167
2024-03-04 08:37:31.083,BUY,LIMIT,IOC,26,0.169668,0.16789,FILLED,7,26
2024-03-04 08:38:03.075,BUY,LIMIT,IOC,254,0.17025,0.168373,FILLED,67,254
2024-03-04 08:40:03.148,BUY,LIMIT,IOC,85,0.170858,0.16905,FILLED,85,85
2024-03-04 08:40:07.108,BUY,LIMIT,IOC,1,0.171031,0.16919,FILLED,1,1
2024-03-04 08:40:59.087,BUY,LIMIT,IOC,101,0.171321,0.16943,FILLED,92,101
2024-03-04 08:41:45.138,BUY,LIMIT,IOC,164,0.171575,0.169677,FILLED,84,164
2024-03-04 08:42:05.069,BUY,LIMIT,IOC,14,0.172022,0.17018,FILLED,14,14
2024-03-04 08:42:12.116,BUY,LIMIT,IOC,338,0.172222,0.170568,FILLED,323,338
2024-03-04 08:43:26.043,BUY,LIMIT,IOC,88,0.173029,0.171186,FILLED,47,88
2024-03-04 08:43:28.102,BUY,LIMIT,IOC,10,0.17313,0.17132,FILLED,10,10
2024-03-04 08:43:29.118,BUY,LIMIT,IOC,48,0.173257,0.171493,FILLED,3,48
2024-03-04 08:44:47.128,BUY,LIMIT,IOC,176,0.173924,0.171997,FILLED,42,176
2024-03-04 08:45:02.087,BUY,LIMIT,IOC,21,0.173978,0.17195,FILLED,21,21
2024-03-04 09:06:20.156,SELL,LIMIT,IOC,6,0.1642,0.16605,FILLED,6,6
2024-03-04 09:16:31.057,SELL,LIMIT,IOC,184,0.16333,0.1652,FILLED,28,184
2024-03-04 09:16:36.086,SELL,LIMIT,IOC,17,0.162936,0.164699,FILLED,1,17
2024-03-04 09:16:37.149,SELL,LIMIT,IOC,1463,0.162921,0.164601,FILLED,83,1463
2024-03-04 10:03:18.087,SELL,LIMIT,IOC,325,0.160943,0.162701,FILLED,240,325
2024-03-04 10:03:47.093,SELL,LIMIT,IOC,5099,0.160668,0.162555,FILLED,488,5099
2024-03-04 10:03:51.151,SELL,LIMIT,IOC,7,0.160557,0.16248,FILLED,7,7
2024-03-04 10:05:33.106,SELL,LIMIT,IOC,22,0.160034,0.161797,FILLED,3,22
2024-03-04 10:05:35.041,SELL,LIMIT,IOC,1,0.159791,0.16162,FILLED,1,1
2024-03-04 10:05:41.078,SELL,LIMIT,IOC,40,0.159621,0.16149,FILLED,40,40
2024-03-04 10:05:48.076,SELL,LIMIT,IOC,148,0.159544,0.16144,FILLED,104,148
2024-03-04 10:37:48.062,SELL,LIMIT,IOC,1582,0.159166,0.161016,FILLED,521,1582
2024-03-04 10:37:56.082,SELL,LIMIT,IOC,10,0.15889,0.160729,FILLED,2,10
2024-03-04 10:37:58.063,SELL,LIMIT,IOC,398,0.158783,0.16061,FILLED,398,398
2024-03-04 10:39:21.069,SELL,LIMIT,IOC,33,0.158488,0.160331,FILLED,10,33
2024-03-04 10:39:22.106,SELL,LIMIT,IOC,365,0.158414,0.16027,FILLED,49,365
2024-03-04 11:30:39.027,SELL,LIMIT,IOC,9,0.15804,0.159752,FILLED,8,9
2024-03-04 11:30:41.071,SELL,LIMIT,IOC,2595,0.157703,0.159445,FILLED,1,2595
2024-03-04 14:02:35.048,SELL,LIMIT,IOC,15,0.157437,0.15886,FILLED,15,15
2024-03-04 14:02:37.026,SELL,LIMIT,IOC,11,0.15721,0.15817,FILLED,11,11
2024-03-04 14:02:39.035,SELL,LIMIT,IOC,668,0.156836,0.158765,FILLED,1,668
2024-03-04 14:03:16.071,SELL,LIMIT,IOC,2326,0.156353,0.158062,FILLED,32,2326
2024-03-04 14:37:49.083,BUY,LIMIT,IOC,100,0.16771,0.16591,FILLED,6,100
2024-03-04 14:37:58.093,BUY,LIMIT,IOC,22,0.168093,0.16617,FILLED,22,22
2024-03-04 14:38:00.083,BUY,LIMIT,IOC,1,0.16819,0.16632,FILLED,1,1
2024-03-04 14:38:25.065,BUY,LIMIT,IOC,2,0.16913,0.1673,FILLED,2,2
2024-03-04 14:38:26.102,BUY,LIMIT,IOC,1171,0.169209,0.167522,FILLED,415,1171
2024-03-04 14:38:59.036,BUY,LIMIT,IOC,2,0.170922,0.1691,FILLED,2,2
2024-03-04 15:19:33.078,BUY,LIMIT,IOC,15,0.1721,0.17028,FILLED,15,15
2024-03-04 15:56:57.084,BUY,LIMIT,IOC,128,0.172356,0.170527,FILLED,59,128
2024-03-04 15:57:29.039,BUY,LIMIT,IOC,9,0.172824,0.17085,FILLED,9,9
2024-03-04 15:58:46.271,BUY,LIMIT,IOC,9269,0.174273,0.172242,FILLED,421,9269
2024-03-04 15:58:50.091,BUY,LIMIT,IOC,55,0.174389,0.17227,FILLED,9,55
2024-03-04 16:00:13.079,BUY,LIMIT,IOC,332,0.174474,0.172299,FILLED,42,332
2024-03-04 16:00:22.055,BUY,LIMIT,IOC,1,0.174518,0.17265,FILLED,1,1
2024-03-04 16:00:42.039,BUY,LIMIT,IOC,1,0.174957,0.1729,FILLED,1,1
2024-03-04 16:12:12.046,BUY,LIMIT,IOC,70,0.175182,0.173074,FILLED,30,70
2024-03-04 16:13:04.046,BUY,LIMIT,IOC,140,0.175878,0.17385,FILLED,10,140
2024-03-04 16:13:11.092,BUY,LIMIT,IOC,3,0.176025,0.17414,FILLED,3,3
2024-03-04 16:13:13.029,BUY,LIMIT,IOC,5,0.176213,0.17417,FILLED,5,5
2024-03-04 16:13:20.029,BUY,LIMIT,IOC,11,0.176651,0.17498,FILLED,11,11
2024-03-04 16:13:27.069,BUY,LIMIT,IOC,1211,0.177221,0.175211,FILLED,41,1211
2024-03-04 16:13:31.032,BUY,LIMIT,IOC,108,0.177515,0.175516,FILLED,73,108
2024-03-04 16:13:52.093,BUY,LIMIT,IOC,3,0.178103,0.17623,FILLED,3,3
2024-03-04 16:14:30.039,BUY,LIMIT,IOC,2254,0.178578,0.176343,FILLED,28,2254
2024-03-04 16:14:32.088,BUY,LIMIT,IOC,16,0.178891,0.176753,FILLED,6,16
2024-03-04 16:14:56.041,BUY,LIMIT,IOC,165,0.17991,0.177785,FILLED,15,165
2024-03-04 16:14:59.069,BUY,LIMIT,IOC,3213,0.180113,0.17838,FILLED,784,3213
2024-03-04 16:15:01.032,BUY,LIMIT,IOC,160,0.18045,0.1785,FILLED,160,160
2024-03-04 16:28:28.037,SELL,LIMIT,IOC,315,0.171196,0.172695,FILLED,9,315
2024-03-04 16:28:53.037,SELL,LIMIT,IOC,12,0.169928,0.17169,FILLED,12,12
2024-03-04 16:40:34.043,BUY,LIMIT,IOC,1,0.180944,0.17875,FILLED,1,1
2024-03-04 16:41:15.078,BUY,LIMIT,IOC,52,0.181347,0.179298,FILLED,8,52
2024-03-04 16:42:38.075,BUY,LIMIT,IOC,4700,0.1817,0.179699,FILLED,605,4700
2024-03-04 16:42:43.021,BUY,LIMIT,IOC,1874,0.181791,0.179915,FILLED,395,1874
2024-03-04 16:42:48.045,BUY,LIMIT,IOC,7,0.182011,0.18001,FILLED,7,7
2024-03-04 16:44:49.104,BUY,LIMIT,IOC,964,0.182644,0.1809,FILLED,33,964
2024-03-04 16:44:56.081,BUY,LIMIT,IOC,1000,0.183263,0.181603,FILLED,494,1000
2024-03-04 16:44:58.059,BUY,LIMIT,IOC,1,0.183316,0.18156,FILLED,1,1
2024-03-04 16:48:30.066,BUY,LIMIT,IOC,8,0.183536,0.18175,FILLED,8,8
2024-03-04 16:48:33.052,BUY,LIMIT,IOC,78,0.183712,0.181933,FILLED,21,78
2024-03-04 16:48:36.060,BUY,LIMIT,IOC,52,0.183912,0.18213,FILLED,20,52
2024-03-04 16:49:02.045,BUY,LIMIT,IOC,4,0.184402,0.1826,FILLED,4,4
2024-03-04 16:49:03.085,BUY,LIMIT,IOC,42,0.184596,0.182813,FILLED,1,42
2024-03-04 16:49:08.071,BUY,LIMIT,IOC,857,0.184781,0.183021,FILLED,47,857
2024-03-04 16:49:12.093,BUY,LIMIT,IOC,11,0.18495,0.18302,FILLED,11,11
2024-03-04 16:49:14.076,BUY,LIMIT,IOC,1,0.185143,0.18346,FILLED,1,1
2024-03-04 16:49:48.029,BUY,LIMIT,IOC,339,0.185853,0.184066,FILLED,53,339
2024-03-04 16:57:57.031,BUY,LIMIT,IOC,6,0.186682,0.1847,FILLED,6,6
2024-03-04 16:58:06.061,BUY,LIMIT,IOC,135,0.187182,0.185141,FILLED,3,135
2024-03-04 17:04:04.088,SELL,LIMIT,IOC,81,0.177653,0.179045,FILLED,43,81
2024-03-04 17:04:09.051,SELL,LIMIT,IOC,40,0.177499,0.179287,FILLED,11,40
2024-03-04 17:04:34.045,SELL,LIMIT,IOC,445,0.176335,0.1777,FILLED,253,445
2024-03-04 17:04:35.057,SELL,LIMIT,IOC,53,0.176196,0.177768,FILLED,6,53
2024-03-04 17:06:02.082,SELL,LIMIT,IOC,1076,0.176182,0.178226,FILLED,555,1076
2024-03-04 17:07:58.059,SELL,LIMIT,IOC,1,0.17567,0.17796,FILLED,1,1
2024-03-04 17:08:04.047,SELL,LIMIT,IOC,14,0.175136,0.1773,FILLED,14,14
2024-03-04 17:08:08.106,SELL,LIMIT,IOC,98,0.17479,0.17723,FILLED,17,98
2024-03-04 17:08:11.081,SELL,LIMIT,IOC,1127,0.17449,0.17647,FILLED,225,1127
2024-03-04 17:09:21.087,SELL,LIMIT,IOC,105,0.173081,0.175223,FILLED,10,105
2024-03-04 17:09:38.034,SELL,LIMIT,IOC,18,0.172436,0.17484,FILLED,18,18
2024-03-04 17:17:55.022,BUY,LIMIT,IOC,3,0.183815,0.18191,FILLED,3,3
2024-03-04 17:47:36.037,SELL,LIMIT,IOC,5,0.176239,0.1779,FILLED,5,5
2024-03-04 17:47:40.044,SELL,LIMIT,IOC,8,0.175477,0.17757,FILLED,8,8
2024-03-04 17:47:45.036,SELL,LIMIT,IOC,4742,0.175124,0.176663,FILLED,988,4742
2024-03-04 17:47:47.046,SELL,LIMIT,IOC,38,0.174319,0.176436,FILLED,15,38
2024-03-04 17:47:48.063,SELL,LIMIT,IOC,96,0.174226,0.175997,FILLED,11,96
2024-03-04 17:48:08.052,SELL,LIMIT,IOC,38,0.173926,0.175464,FILLED,3,38
2024-03-04 17:48:13.038,SELL,LIMIT,IOC,8,0.173584,0.17558,FILLED,8,8
2024-03-04 17:48:18.045,SELL,LIMIT,IOC,42,0.173302,0.17528,FILLED,42,42
2024-03-04 17:48:20.045,SELL,LIMIT,IOC,25,0.17317,0.17486,FILLED,25,25
2024-03-04 17:51:12.042,SELL,LIMIT,IOC,339,0.17223,0.174008,FILLED,52,339
2024-03-04 18:12:24.025,SELL,LIMIT,IOC,1,0.171187,0.17249,FILLED,1,1
2024-03-04 18:12:41.040,SELL,LIMIT,IOC,1,0.170119,0.17212,FILLED,1,1
2024-03-04 18:12:42.098,SELL,LIMIT,IOC,6197,0.169971,0.171432,FILLED,1982,6197
2024-03-04 18:12:55.099,SELL,LIMIT,IOC,45,0.169841,0.171537,FILLED,13,45
2024-03-04 18:24:16.032,SELL,LIMIT,IOC,13,0.16935,0.17153,FILLED,10,13
2024-03-04 18:24:18.080,SELL,LIMIT,IOC,22,0.169292,0.171496,FILLED,7,22
2024-03-04 18:24:54.078,SELL,LIMIT,IOC,900,0.169207,0.171021,FILLED,8,900
2024-03-04 18:24:56.095,SELL,LIMIT,IOC,14,0.168995,0.17089,FILLED,14,14
2024-03-04 18:24:58.038,SELL,LIMIT,IOC,73,0.168804,0.170875,FILLED,55,73
2024-03-04 18:25:02.059,SELL,LIMIT,IOC,64,0.168542,0.170612,FILLED,7,64
2024-03-04 18:25:12.022,SELL,LIMIT,IOC,16,0.168391,0.169285,FILLED,1,16
2024-03-04 18:25:14.082,SELL,LIMIT,IOC,1,0.167258,0.16895,FILLED,1,1
2024-03-04 18:25:16.069,SELL,LIMIT,IOC,5,0.167131,0.16897,FILLED,5,5
2024-03-04 18:25:46.084,SELL,LIMIT,IOC,42,0.16634,0.168283,FILLED,9,42
2024-03-04 18:28:59.050,SELL,LIMIT,IOC,64,0.165991,0.167611,FILLED,42,64
2024-03-04 18:29:28.019,SELL,LIMIT,IOC,11,0.165413,0.16721,FILLED,1,11
2024-03-04 18:29:29.066,SELL,LIMIT,IOC,40,0.165296,0.167251,FILLED,10,40
2024-03-04 18:45:06.035,BUY,LIMIT,IOC,8,0.176236,0.17419,FILLED,8,8
2024-03-04 19:27:22.047,BUY,LIMIT,IOC,45,0.178172,0.176143,FILLED,4,45
2024-03-04 20:25:00.041,BUY,LIMIT,IOC,2181,0.181719,0.17962,FILLED,207,2181
2024-03-04 20:26:04.094,BUY,LIMIT,IOC,9,0.183751,0.181713,FILLED,3,9
2024-03-04 20:27:22.035,BUY,LIMIT,IOC,12,0.185358,0.183383,FILLED,2,12
2024-03-04 20:48:25.082,SELL,LIMIT,IOC,33,0.175569,0.177862,FILLED,15,33
2024-03-04 20:48:30.059,SELL,LIMIT,IOC,1,0.175287,0.17703,FILLED,1,1
2024-03-04 20:48:50.054,SELL,LIMIT,IOC,12,0.174806,0.175716,FILLED,8,12
2024-03-04 21:12:57.019,SELL,LIMIT,IOC,27,0.171778,0.17381,FILLED,27,27
2024-03-04 23:09:33.044,BUY,LIMIT,IOC,23,0.185082,0.18275,FILLED,23,23
2024-03-05 00:12:20.064,BUY,LIMIT,IOC,8,0.189318,0.18729,FILLED,8,8
2024-03-05 00:15:46.111,BUY,LIMIT,IOC,13,0.189927,0.18759,FILLED,13,13
2024-03-05 00:16:21.074,BUY,LIMIT,IOC,2,0.190156,0.18804,FILLED,2,2
2024-03-05 00:16:51.080,BUY,LIMIT,IOC,43,0.190601,0.188388,FILLED,11,43
2024-03-05 00:17:26.068,BUY,LIMIT,IOC,17,0.191442,0.189365,FILLED,9,17
2024-03-05 00:17:42.056,BUY,LIMIT,IOC,692,0.191653,0.189485,FILLED,31,692
2024-03-05 00:18:01.092,BUY,LIMIT,IOC,1,0.193445,0.1918,FILLED,1,1
2024-03-05 00:28:59.048,BUY,LIMIT,IOC,2,0.196692,0.19449,FILLED,2,2
2024-03-05 00:41:26.047,BUY,LIMIT,IOC,2046,0.197653,0.195289,FILLED,310,2046
2024-03-05 00:41:46.060,BUY,LIMIT,IOC,4,0.197764,0.19548,FILLED,4,4
2024-03-05 00:41:54.028,BUY,LIMIT,IOC,3,0.198257,0.19579,FILLED,3,3
2024-03-05 00:42:10.076,BUY,LIMIT,IOC,5,0.199304,0.19659,FILLED,5,5
2024-03-05 00:42:28.053,BUY,LIMIT,IOC,1633,0.199669,0.197238,FILLED,169,1633
2024-03-05 00:42:46.084,BUY,LIMIT,IOC,33,0.199879,0.19737,FILLED,18,33
2024-03-05 00:43:12.079,BUY,LIMIT,IOC,226,0.200159,0.197729,FILLED,211,226
2024-03-05 00:43:47.100,BUY,LIMIT,IOC,17,0.200264,0.197872,FILLED,4,17
2024-03-05 00:43:51.067,BUY,LIMIT,IOC,7,0.200364,0.19785,FILLED,7,7
2024-03-05 00:56:56.085,BUY,LIMIT,IOC,2,0.201473,0.19896,FILLED,2,2
2024-03-05 01:03:15.044,BUY,LIMIT,IOC,43,0.201849,0.19949,FILLED,43,43
2024-03-05 01:04:04.076,BUY,LIMIT,IOC,3031,0.202467,0.20013,FILLED,67,3031
2024-03-05 01:56:16.064,BUY,LIMIT,IOC,2,0.20282,0.20083,FILLED,2,2
2024-03-05 01:57:59.031,BUY,LIMIT,IOC,2,0.203052,0.20082,FILLED,2,2
2024-03-05 01:58:44.067,BUY,LIMIT,IOC,68,0.203399,0.201428,FILLED,48,68
2024-03-05 01:58:48.031,BUY,LIMIT,IOC,2,0.20415,0.20239,FILLED,2,2
2024-03-05 01:58:52.057,BUY,LIMIT,IOC,38,0.204369,0.20274,FILLED,38,38
2024-03-05 01:58:58.072,BUY,LIMIT,IOC,112,0.205281,0.20284,FILLED,14,112
2024-03-05 01:59:07.061,BUY,LIMIT,IOC,738,0.2057,0.20377,FILLED,165,738
2024-03-05 01:59:30.057,BUY,LIMIT,IOC,2,0.206445,0.20494,FILLED,2,2
2024-03-05 01:59:31.079,BUY,LIMIT,IOC,125,0.207287,0.205186,FILLED,5,125
2024-03-05 02:04:49.047,BUY,LIMIT,IOC,403,0.207923,0.205686,FILLED,260,403
2024-03-05 02:04:51.047,BUY,LIMIT,IOC,15,0.20802,0.20563,FILLED,15,15
2024-03-05 02:04:53.068,BUY,LIMIT,IOC,74,0.208128,0.2056,FILLED,1,74
2024-03-05 02:05:40.053,BUY,LIMIT,IOC,17,0.208864,0.20662,FILLED,17,17
2024-03-05 02:05:43.102,BUY,LIMIT,IOC,14,0.209244,0.20677,FILLED,14,14
2024-03-05 02:11:35.081,SELL,LIMIT,IOC,10,0.198516,0.20066,FILLED,10,10
2024-03-05 02:12:39.048,SELL,LIMIT,IOC,400,0.197176,0.19871,FILLED,400,400
2024-03-05 02:12:42.108,SELL,LIMIT,IOC,411,0.196006,0.198519,FILLED,117,411
2024-03-05 02:12:51.019,SELL,LIMIT,IOC,142,0.195841,0.198385,FILLED,114,142
2024-03-05 02:16:30.101,SELL,LIMIT,IOC,3,0.194571,0.19695,FILLED,3,3
2024-03-05 02:17:54.070,BUY,LIMIT,IOC,39,0.199081,0.196343,FILLED,6,39
2024-03-05 02:17:59.068,SELL,LIMIT,IOC,23,0.193819,0.1962,FILLED,23,23
2024-03-05 02:18:01.083,SELL,LIMIT,IOC,57,0.193622,0.196336,FILLED,26,57
2024-03-05 02:26:47.092,SELL,LIMIT,IOC,9,0.19341,0.19571,FILLED,9,9
2024-03-05 02:29:42.028,SELL,LIMIT,IOC,17,0.193128,0.19532,FILLED,17,17
2024-03-05 02:30:21.068,SELL,LIMIT,IOC,4,0.191392,0.19373,FILLED,4,4
2024-03-05 02:39:54.032,SELL,LIMIT,IOC,1,0.189524,0.1917,FILLED,1,1
2024-03-05 02:39:56.082,SELL,LIMIT,IOC,355,0.189299,0.19158,FILLED,187,355
2024-03-05 04:09:15.088,SELL,LIMIT,IOC,8356,0.191131,0.193259,FILLED,26,8356
2024-03-05 04:09:23.027,SELL,LIMIT,IOC,10,0.19091,0.193121,FILLED,8,10
2024-03-05 04:09:25.108,SELL,LIMIT,IOC,39,0.190412,0.19221,FILLED,39,39
2024-03-05 04:09:37.061,SELL,LIMIT,IOC,62,0.189716,0.19186,FILLED,9,62
2024-03-05 04:09:38.093,SELL,LIMIT,IOC,4461,0.189535,0.191507,FILLED,889,4461
2024-03-05 04:09:43.026,SELL,LIMIT,IOC,1,0.189287,0.19127,FILLED,1,1
2024-03-05 04:09:44.055,SELL,LIMIT,IOC,1,0.189057,0.19124,FILLED,1,1
2024-03-05 04:09:45.067,SELL,LIMIT,IOC,1265,0.188838,0.191172,FILLED,84,1265
2024-03-05 04:09:52.103,SELL,LIMIT,IOC,41,0.188797,0.19105,FILLED,41,41
2024-03-05 04:09:54.038,SELL,LIMIT,IOC,50,0.188354,0.190561,FILLED,22,50
2024-03-05 04:09:55.094,SELL,LIMIT,IOC,2,0.188269,0.1902,FILLED,2,2
2024-03-05 04:09:59.059,SELL,LIMIT,IOC,523,0.187873,0.19,FILLED,523,523
2024-03-05 04:10:01.078,SELL,LIMIT,IOC,36,0.187146,0.18925,FILLED,36,36
2024-03-05 04:10:02.097,SELL,LIMIT,IOC,19,0.187036,0.189054,FILLED,9,19
2024-03-05 04:10:03.105,SELL,LIMIT,IOC,980,0.186703,0.188838,FILLED,286,980
2024-03-05 04:10:04.118,SELL,LIMIT,IOC,21,0.186552,0.18884,FILLED,21,21
2024-03-05 04:19:14.093,SELL,LIMIT,IOC,21,0.185799,0.1882,FILLED,19,21
2024-03-05 04:19:39.043,SELL,LIMIT,IOC,500,0.185777,0.187497,FILLED,262,500
2024-03-05 04:19:43.060,SELL,LIMIT,IOC,993,0.18516,0.187044,FILLED,364,993
2024-03-05 04:19:47.034,SELL,LIMIT,IOC,16,0.184902,0.18734,FILLED,16,16
2024-03-05 04:20:10.041,SELL,LIMIT,IOC,1,0.184435,0.18629,FILLED,1,1
2024-03-05 04:20:12.063,SELL,LIMIT,IOC,17,0.183848,0.18612,FILLED,17,17
2024-03-05 04:20:45.102,SELL,LIMIT,IOC,6,0.183062,0.1851,FILLED,6,6
2024-03-05 04:27:57.060,SELL,LIMIT,IOC,11,0.182277,0.18432,FILLED,11,11
2024-03-05 04:39:46.047,SELL,LIMIT,IOC,53,0.182041,0.18395,FILLED,53,53
2024-03-05 04:39:48.053,SELL,LIMIT,IOC,87,0.181197,0.183033,FILLED,56,87
2024-03-05 04:44:12.055,SELL,LIMIT,IOC,681,0.180669,0.182501,FILLED,10,681
2024-03-05 04:44:13.080,SELL,LIMIT,IOC,1019,0.180346,0.18243,FILLED,375,1019
2024-03-05 04:44:18.057,SELL,LIMIT,IOC,1,0.179997,0.18216,FILLED,1,1
2024-03-05 04:44:25.111,SELL,LIMIT,IOC,108,0.179891,0.181774,FILLED,43,108
2024-03-05 04:44:27.064,SELL,LIMIT,IOC,2240,0.17962,0.181894,FILLED,502,2240
2024-03-05 04:44:32.023,SELL,LIMIT,IOC,38,0.179553,0.181664,FILLED,7,38
2024-03-05 04:45:51.086,SELL,LIMIT,IOC,100,0.179368,0.181641,FILLED,44,100
2024-03-05 04:45:56.063,SELL,LIMIT,IOC,71,0.179228,0.181311,FILLED,46,71
2024-03-05 04:45:57.090,SELL,LIMIT,IOC,3,0.179038,0.18137,FILLED,3,3
2024-03-05 04:46:24.039,SELL,LIMIT,IOC,9808,0.178724,0.181059,FILLED,3009,9808
2024-03-05 04:46:25.041,SELL,LIMIT,IOC,68,0.178855,0.18142,FILLED,68,68
2024-03-05 04:46:43.104,SELL,LIMIT,IOC,48,0.178402,0.180884,FILLED,27,48
2024-03-05 04:48:17.083,SELL,LIMIT,IOC,7,0.178013,0.18014,FILLED,7,7
2024-03-05 04:49:17.080,SELL,LIMIT,IOC,3,0.177247,0.17958,FILLED,3,3
2024-03-05 04:49:42.030,SELL,LIMIT,IOC,198,0.176013,0.17821,FILLED,198,198
2024-03-05 04:49:47.084,SELL,LIMIT,IOC,29,0.17565,0.177716,FILLED,12,29
2024-03-05 04:49:49.052,SELL,LIMIT,IOC,4,0.175496,0.177419,FILLED,2,4
2024-03-05 04:49:50.096,SELL,LIMIT,IOC,95,0.175346,0.177091,FILLED,81,95
2024-03-05 04:49:51.101,SELL,LIMIT,IOC,39,0.174985,0.17662,FILLED,9,39
2024-03-05 04:49:55.057,SELL,LIMIT,IOC,901,0.174368,0.176455,FILLED,248,901
2024-03-05 04:50:04.060,SELL,LIMIT,IOC,1382,0.174161,0.176356,FILLED,43,1382
2024-03-05 05:01:15.059,SELL,LIMIT,IOC,172,0.176904,0.179081,FILLED,16,172
2024-03-05 05:02:41.026,SELL,LIMIT,IOC,2677,0.174886,0.176646,FILLED,543,2677
2024-03-05 05:02:42.037,SELL,LIMIT,IOC,118,0.174521,0.1766,FILLED,118,118
2024-03-05 05:02:50.016,SELL,LIMIT,IOC,34,0.174225,0.17555,FILLED,34,34
2024-03-05 05:02:51.102,SELL,LIMIT,IOC,1103,0.173618,0.1758,FILLED,9,1103
2024-03-05 05:03:06.069,SELL,LIMIT,IOC,108,0.173261,0.175192,FILLED,82,108
2024-03-05 05:03:07.072,SELL,LIMIT,IOC,1,0.173054,0.17486,FILLED,1,1
2024-03-05 05:03:08.078,SELL,LIMIT,IOC,1,0.172929,0.17457,FILLED,1,1
2024-03-05 05:03:09.066,SELL,LIMIT,IOC,837,0.171804,0.173047,FILLED,216,837
2024-03-05 05:03:10.077,SELL,LIMIT,IOC,69,0.171271,0.173399,FILLED,15,69
2024-03-05 05:03:12.042,SELL,LIMIT,IOC,4670,0.170971,0.172639,FILLED,1839,4670
2024-03-05 05:03:13.055,SELL,LIMIT,IOC,123,0.170655,0.17275,FILLED,123,123
2024-03-05 05:03:16.090,SELL,LIMIT,IOC,27,0.170541,0.172405,FILLED,1,27
2024-03-05 05:03:18.051,SELL,LIMIT,IOC,57,0.170001,0.171078,FILLED,32,57
2024-03-05 05:03:36.051,SELL,LIMIT,IOC,3,0.169159,0.17119,FILLED,3,3
2024-03-05 05:03:38.046,SELL,LIMIT,IOC,23,0.168866,0.1702,FILLED,11,23
2024-03-05 05:03:39.056,SELL,LIMIT,IOC,66,0.168674,0.170163,FILLED,54,66
2024-03-05 05:03:40.087,SELL,LIMIT,IOC,6,0.168484,0.17008,FILLED,6,6
2024-03-05 05:03:42.057,SELL,LIMIT,IOC,600,0.168154,0.169234,FILLED,542,600
2024-03-05 05:03:46.069,SELL,LIMIT,IOC,1,0.167667,0.17033,FILLED,1,1
2024-03-05 05:10:26.063,BUY,LIMIT,IOC,87,0.181188,0.179199,FILLED,3,87
2024-03-05 05:22:32.038,BUY,LIMIT,IOC,50,0.186002,0.183953,FILLED,8,50
2024-03-05 05:34:04.110,BUY,LIMIT,IOC,41811,0.185046,0.183059,FILLED,991,41811
2024-03-05 05:37:27.792,SELL,LIMIT,IOC,314,0.179357,0.181804,FILLED,214,314
2024-03-05 05:41:44.102,SELL,LIMIT,IOC,2,0.176288,0.17832,FILLED,2,2
2024-03-05 05:41:50.091,SELL,LIMIT,IOC,7,0.176097,0.17818,FILLED,7,7
2024-03-05 06:21:25.037,BUY,LIMIT,IOC,6,0.187063,0.18476,FILLED,6,6
2024-03-05 06:21:32.107,BUY,LIMIT,IOC,305,0.187143,0.184908,FILLED,286,305
2024-03-05 06:21:38.060,BUY,LIMIT,IOC,647,0.18724,0.185104,FILLED,1,647
2024-03-05 06:43:09.107,BUY,LIMIT,IOC,4,0.189633,0.18737,FILLED,4,4
2024-03-05 07:23:18.069,SELL,LIMIT,IOC,321,0.179523,0.181147,FILLED,19,321
2024-03-05 07:29:32.108,SELL,LIMIT,IOC,6,0.179298,0.18145,FILLED,6,6
2024-03-05 07:29:52.048,SELL,LIMIT,IOC,18,0.178865,0.18086,FILLED,18,18
2024-03-05 07:46:16.042,SELL,LIMIT,IOC,3,0.178234,0.18029,FILLED,3,3
2024-03-05 07:55:24.058,SELL,LIMIT,IOC,527,0.177869,0.179791,FILLED,507,527
2024-03-05 07:57:57.048,SELL,LIMIT,IOC,84,0.177346,0.179493,FILLED,15,84
2024-03-05 07:58:25.054,SELL,LIMIT,IOC,51,0.176889,0.178732,FILLED,22,51
2024-03-05 07:58:30.100,SELL,LIMIT,IOC,2,0.176667,0.17869,FILLED,2,2
2024-03-05 07:58:35.062,SELL,LIMIT,IOC,10,0.176434,0.17849,FILLED,10,10
2024-03-05 08:04:19.073,SELL,LIMIT,IOC,82,0.176405,0.178342,FILLED,14,82
2024-03-05 08:05:59.071,SELL,LIMIT,IOC,11,0.175608,0.177568,FILLED,1,11
2024-03-05 08:06:09.092,SELL,LIMIT,IOC,22,0.175254,0.17739,FILLED,22,22
2024-03-05 08:06:25.018,SELL,LIMIT,IOC,96,0.174993,0.176957,FILLED,9,96
2024-03-05 08:06:26.077,SELL,LIMIT,IOC,10,0.174915,0.17686,FILLED,10,10
2024-03-05 08:08:31.066,SELL,LIMIT,IOC,302,0.17463,0.176771,FILLED,256,302
2024-03-05 08:09:21.028,SELL,LIMIT,IOC,966,0.173592,0.175446,FILLED,598,966
2024-03-05 08:09:25.061,SELL,LIMIT,IOC,5681,0.173334,0.175368,FILLED,340,5681
2024-03-05 08:09:40.035,SELL,LIMIT,IOC,1376,0.173295,0.17528,FILLED,117,1376
2024-03-05 08:23:13.086,BUY,LIMIT,IOC,6,0.183885,0.18186,FILLED,6,6
2024-03-05 09:49:30.095,SELL,LIMIT,IOC,1,0.175666,0.17773,FILLED,1,1
2024-03-05 09:49:54.071,SELL,LIMIT,IOC,486,0.175168,0.177216,FILLED,8,486
2024-03-05 11:41:18.056,SELL,LIMIT,IOC,1,0.1794,0.18105,FILLED,1,1
2024-03-05 13:04:59.110,BUY,LIMIT,IOC,20,0.189693,0.18753,FILLED,20,20
2024-03-05 13:24:18.112,BUY,LIMIT,IOC,1,0.19212,0.18994,FILLED,1,1
2024-03-05 13:53:13.048,BUY,LIMIT,IOC,7,0.19349,0.19188,FILLED,7,7
2024-03-05 13:53:14.072,BUY,LIMIT,IOC,600,0.19385,0.191977,FILLED,175,600
2024-03-05 13:55:06.066,BUY,LIMIT,IOC,1,0.194346,0.1923,FILLED,1,1
2024-03-05 13:55:07.092,BUY,LIMIT,IOC,3,0.194584,0.19238,FILLED,3,3
2024-03-05 14:02:33.097,SELL,LIMIT,IOC,75,0.184096,0.18611,FILLED,75,75
2024-03-05 14:10:47.042,SELL,LIMIT,IOC,168,0.182231,0.18437,FILLED,168,168
2024-03-05 14:12:17.081,SELL,LIMIT,IOC,2,0.181196,0.18349,FILLED,2,2
2024-03-05 14:12:24.080,SELL,LIMIT,IOC,43,0.180969,0.18298,FILLED,43,43
2024-03-05 14:25:41.090,SELL,LIMIT,IOC,16,0.179351,0.18156,FILLED,16,16
2024-03-05 14:44:05.063,BUY,LIMIT,IOC,6,0.190658,0.18855,FILLED,6,6
2024-03-05 14:44:44.089,BUY,LIMIT,IOC,2,0.191814,0.18975,FILLED,2,2
2024-03-05 15:05:22.065,SELL,LIMIT,IOC,52,0.183286,0.184136,FILLED,17,52
2024-03-05 15:05:51.082,SELL,LIMIT,IOC,48,0.18266,0.184313,FILLED,19,48
2024-03-05 15:05:56.047,SELL,LIMIT,IOC,162,0.182299,0.18326,FILLED,162,162
2024-03-05 15:05:57.087,SELL,LIMIT,IOC,12,0.181959,0.182956,FILLED,6,12
2024-03-05 15:06:03.081,SELL,LIMIT,IOC,15,0.181434,0.182536,FILLED,6,15
2024-03-05 15:19:20.059,SELL,LIMIT,IOC,200,0.181016,0.18311,FILLED,200,200
2024-03-05 15:19:30.064,SELL,LIMIT,IOC,221,0.180692,0.182748,FILLED,105,221
2024-03-05 15:20:51.096,SELL,LIMIT,IOC,5,0.179724,0.18181,FILLED,5,5
2024-03-05 15:25:00.094,SELL,LIMIT,IOC,2,0.178504,0.18067,FILLED,2,2
2024-03-05 15:25:08.040,SELL,LIMIT,IOC,45,0.178319,0.180394,FILLED,1,45
2024-03-05 15:25:13.057,SELL,LIMIT,IOC,744,0.177989,0.179066,FILLED,279,744
2024-03-05 15:25:15.047,SELL,LIMIT,IOC,141,0.177593,0.179532,FILLED,4,141
2024-03-05 15:27:12.095,SELL,LIMIT,IOC,159,0.177346,0.179496,FILLED,29,159
2024-03-05 15:27:14.047,SELL,LIMIT,IOC,22,0.177326,0.1794,FILLED,22,22
2024-03-05 15:27:23.072,SELL,LIMIT,IOC,67,0.177025,0.179,FILLED,56,67
2024-03-05 15:27:46.082,SELL,LIMIT,IOC,1,0.176521,0.17861,FILLED,1,1
2024-03-05 15:28:58.041,SELL,LIMIT,IOC,603,0.17599,0.178001,FILLED,259,603
2024-03-05 15:29:01.066,SELL,LIMIT,IOC,1,0.175863,0.1779,FILLED,1,1
2024-03-05 15:29:04.061,SELL,LIMIT,IOC,1841,0.17554,0.177631,FILLED,348,1841
2024-03-05 15:29:30.059,SELL,LIMIT,IOC,14,0.175122,0.17716,FILLED,14,14
2024-03-05 15:29:34.073,SELL,LIMIT,IOC,55,0.174874,0.176828,FILLED,15,55
2024-03-05 15:29:37.106,SELL,LIMIT,IOC,100,0.174633,0.176779,FILLED,20,100
2024-03-05 15:31:58.061,SELL,LIMIT,IOC,237,0.173845,0.1757,FILLED,237,237
2024-03-05 15:31:59.068,SELL,LIMIT,IOC,40,0.173725,0.17573,FILLED,13,40
2024-03-05 15:44:32.097,SELL,LIMIT,IOC,25,0.173397,0.17473,FILLED,25,25
2024-03-05 15:44:33.094,SELL,LIMIT,IOC,3993,0.1733,0.174449,FILLED,642,3993
2024-03-05 15:44:36.035,SELL,LIMIT,IOC,147,0.172181,0.17426,FILLED,147,147
2024-03-05 15:44:50.033,SELL,LIMIT,IOC,12,0.171925,0.17333,FILLED,12,12
2024-03-05 15:44:51.088,SELL,LIMIT,IOC,140,0.171815,0.17368,FILLED,140,140
2024-03-05 15:44:54.046,SELL,LIMIT,IOC,19,0.171631,0.17351,FILLED,18,19
2024-03-05 15:57:49.070,SELL,LIMIT,IOC,927,0.171392,0.17334,FILLED,252,927
2024-03-05 15:57:56.058,SELL,LIMIT,IOC,1893,0.171322,0.17335,FILLED,599,1893
2024-03-05 15:57:58.028,SELL,LIMIT,IOC,8,0.171203,0.17333,FILLED,8,8
2024-03-05 16:01:36.051,SELL,LIMIT,IOC,192,0.171007,0.173147,FILLED,23,192
2024-03-05 16:01:37.081,SELL,LIMIT,IOC,50,0.1709,0.17296,FILLED,50,50
2024-03-05 16:01:38.104,SELL,LIMIT,IOC,1,0.170838,0.17286,FILLED,1,1
2024-03-05 16:01:42.086,SELL,LIMIT,IOC,36,0.170555,0.17283,FILLED,36,36
2024-03-05 16:01:48.077,SELL,LIMIT,IOC,1521,0.170472,0.172443,FILLED,464,1521
2024-03-05 16:02:02.088,SELL,LIMIT,IOC,29,0.170438,0.172467,FILLED,6,29
2024-03-05 16:02:18.105,SELL,LIMIT,IOC,80,0.170333,0.172363,FILLED,17,80
2024-03-05 16:02:22.026,SELL,LIMIT,IOC,8,0.170145,0.17216,FILLED,8,8
2024-03-05 16:02:25.034,SELL,LIMIT,IOC,25,0.169774,0.17173,FILLED,25,25
2024-03-05 16:02:26.086,SELL,LIMIT,IOC,11,0.169571,0.17108,FILLED,11,11
2024-03-05 16:02:27.093,SELL,LIMIT,IOC,65,0.169292,0.171435,FILLED,32,65
2024-03-05 16:02:29.037,SELL,LIMIT,IOC,434,0.168929,0.17078,FILLED,120,434
2024-03-05 16:02:32.038,SELL,LIMIT,IOC,569,0.168509,0.170537,FILLED,71,569
2024-03-05 16:02:40.055,SELL,LIMIT,IOC,20,0.168343,0.17046,FILLED,20,20
2024-03-05 16:02:53.022,SELL,LIMIT,IOC,17,0.168164,0.17051,FILLED,17,17
2024-03-05 16:02:55.046,SELL,LIMIT,IOC,226,0.168041,0.170133,FILLED,90,226
2024-03-05 16:02:57.105,SELL,LIMIT,IOC,73,0.167915,0.169636,FILLED,31,73
2024-03-05 16:02:59.036,SELL,LIMIT,IOC,6,0.167777,0.17045,FILLED,6,6
2024-03-05 16:03:32.047,SELL,LIMIT,IOC,12,0.167645,0.1695,FILLED,12,12
2024-03-05 16:03:38.054,SELL,LIMIT,IOC,5,0.167255,0.16884,FILLED,5,5
2024-03-05 16:03:40.071,SELL,LIMIT,IOC,13,0.166743,0.16862,FILLED,2,13
2024-03-05 16:03:41.086,SELL,LIMIT,IOC,22,0.166591,0.16801,FILLED,22,22
2024-03-05 16:03:42.092,SELL,LIMIT,IOC,264,0.166399,0.16758,FILLED,264,264
2024-03-05 16:03:44.054,SELL,LIMIT,IOC,379,0.165782,0.16776,FILLED,65,379
2024-03-05 16:03:48.064,SELL,LIMIT,IOC,1784,0.165695,0.167475,FILLED,310,1784
2024-03-05 16:03:49.073,SELL,LIMIT,IOC,345,0.165182,0.167047,FILLED,33,345
2024-03-05 16:03:50.074,SELL,LIMIT,IOC,2457,0.164451,0.166111,FILLED,105,2457
2024-03-05 16:05:59.050,SELL,LIMIT,IOC,165,0.164218,0.166178,FILLED,116,165
2024-03-05 16:06:00.068,SELL,LIMIT,IOC,398,0.164137,0.16618,FILLED,398,398
2024-03-05 16:06:01.071,SELL,LIMIT,IOC,181,0.163906,0.16518,FILLED,181,181
2024-03-05 16:06:02.074,SELL,LIMIT,IOC,20,0.163754,0.16502,FILLED,20,20
2024-03-05 16:06:04.056,SELL,LIMIT,IOC,227,0.163165,0.165012,FILLED,90,227
2024-03-05 16:06:05.083,SELL,LIMIT,IOC,71,0.162734,0.1643,FILLED,71,71
2024-03-05 16:06:06.085,SELL,LIMIT,IOC,29,0.162385,0.16401,FILLED,16,29
2024-03-05 16:06:08.076,SELL,LIMIT,IOC,34,0.161936,0.162843,FILLED,21,34
2024-03-05 16:06:09.065,SELL,LIMIT,IOC,63,0.160939,0.162123,FILLED,10,63
2024-03-05 16:06:10.081,SELL,LIMIT,IOC,39,0.160737,0.162135,FILLED,17,39
2024-03-05 16:06:11.084,SELL,LIMIT,IOC,39,0.160121,0.16204,FILLED,35,39
2024-03-05 16:07:42.068,SELL,LIMIT,IOC,94,0.16009,0.16201,FILLED,90,94
2024-03-05 16:07:43.079,SELL,LIMIT,IOC,7254,0.160025,0.162,FILLED,7254,7254
2024-03-05 16:07:46.051,SELL,LIMIT,IOC,100,0.159768,0.16168,FILLED,33,100
2024-03-05 16:07:48.069,SELL,LIMIT,IOC,164,0.159266,0.160975,FILLED,11,164
2024-03-05 16:07:49.068,SELL,LIMIT,IOC,268,0.158858,0.161248,FILLED,198,268
2024-03-05 16:07:54.050,SELL,LIMIT,IOC,10,0.158619,0.16078,FILLED,10,10
2024-03-05 16:07:57.057,SELL,LIMIT,IOC,27,0.158274,0.159942,FILLED,26,27
2024-03-05 16:07:58.057,SELL,LIMIT,IOC,107,0.15818,0.16,FILLED,107,107
2024-03-05 16:08:16.092,SELL,LIMIT,IOC,1422,0.157613,0.158899,FILLED,76,1422
2024-03-05 16:08:17.100,SELL,LIMIT,IOC,13,0.15757,0.15882,FILLED,13,13
2024-03-05 16:08:23.091,SELL,LIMIT,IOC,9,0.156963,0.158368,FILLED,2,9
2024-03-05 16:08:26.084,SELL,LIMIT,IOC,1,0.156892,0.15841,FILLED,1,1
2024-03-05 16:08:28.044,SELL,LIMIT,IOC,5,0.156617,0.15812,FILLED,5,5
2024-03-05 16:09:17.032,BUY,LIMIT,IOC,5,0.165717,0.165717,FILLED,5,5
2024-03-05 16:12:51.065,SELL,LIMIT,IOC,110,0.157997,0.159448,FILLED,8,110
2024-03-05 16:29:09.046,BUY,LIMIT,IOC,417,0.170786,0.168829,FILLED,12,417
2024-03-05 16:44:28.049,SELL,LIMIT,IOC,1,0.161647,0.16313,FILLED,1,1
2024-03-05 16:44:29.070,SELL,LIMIT,IOC,9,0.161315,0.16307,FILLED,8,9
2024-03-05 16:47:49.112,SELL,LIMIT,IOC,222,0.16051,0.162023,FILLED,3,222
2024-03-05 16:48:22.102,SELL,LIMIT,IOC,1,0.159748,0.16162,FILLED,1,1
2024-03-05 17:03:51.060,SELL,LIMIT,IOC,18,0.159627,0.1614,FILLED,18,18
2024-03-05 17:03:53.050,SELL,LIMIT,IOC,790,0.159352,0.16114,FILLED,146,790
2024-03-05 17:03:56.042,SELL,LIMIT,IOC,188,0.159049,0.160659,FILLED,12,188
2024-03-05 17:03:58.049,SELL,LIMIT,IOC,151,0.158879,0.160577,FILLED,1,151
2024-03-05 17:04:29.057,SELL,LIMIT,IOC,113,0.158583,0.16048,FILLED,113,113
2024-03-05 17:06:32.103,SELL,LIMIT,IOC,331,0.157906,0.159775,FILLED,74,331
2024-03-05 17:06:35.025,SELL,LIMIT,IOC,70,0.157474,0.15953,FILLED,70,70
2024-03-05 17:06:54.073,SELL,LIMIT,IOC,6,0.157204,0.15876,FILLED,6,6
2024-03-05 17:06:55.090,SELL,LIMIT,IOC,4,0.156917,0.15872,FILLED,4,4
2024-03-05 17:06:59.036,SELL,LIMIT,IOC,32,0.156391,0.158213,FILLED,26,32
2024-03-05 17:07:00.061,SELL,LIMIT,IOC,25,0.156263,0.157866,FILLED,9,25
2024-03-05 17:07:01.093,SELL,LIMIT,IOC,19,0.156165,0.15826,FILLED,19,19
2024-03-05 17:07:44.046,SELL,LIMIT,IOC,42,0.156043,0.15761,FILLED,42,42
2024-03-05 17:07:45.062,SELL,LIMIT,IOC,8,0.155958,0.15795,FILLED,8,8
2024-03-05 17:07:47.064,SELL,LIMIT,IOC,66,0.155447,0.156965,FILLED,51,66
2024-03-05 17:07:48.123,SELL,LIMIT,IOC,670,0.155312,0.156826,FILLED,276,670
2024-03-05 17:07:50.076,SELL,LIMIT,IOC,37,0.154525,0.15653,FILLED,37,37
2024-03-05 17:08:12.031,SELL,LIMIT,IOC,4,0.154278,0.15634,FILLED,4,4
2024-03-05 17:08:21.057,SELL,LIMIT,IOC,3,0.154078,0.15632,FILLED,3,3
2024-03-05 17:08:24.040,SELL,LIMIT,IOC,1118,0.15405,0.155814,FILLED,271,1118
2024-03-05 17:09:11.055,SELL,LIMIT,IOC,236,0.153744,0.155613,FILLED,41,236
2024-03-05 17:09:28.034,SELL,LIMIT,IOC,12,0.153481,0.15538,FILLED,12,12
2024-03-05 17:09:32.031,SELL,LIMIT,IOC,64,0.15328,0.155366,FILLED,24,64
2024-03-05 17:09:34.045,SELL,LIMIT,IOC,900,0.153108,0.155,FILLED,41,900
2024-03-05 17:09:37.037,SELL,LIMIT,IOC,60,0.152949,0.155013,FILLED,38,60
2024-03-05 17:09:38.093,SELL,LIMIT,IOC,41,0.152722,0.15489,FILLED,41,41
2024-03-05 17:10:08.044,SELL,LIMIT,IOC,296,0.152357,0.154176,FILLED,201,296
2024-03-05 17:10:13.088,SELL,LIMIT,IOC,3,0.152108,0.15448,FILLED,3,3
2024-03-05 17:10:32.050,SELL,LIMIT,IOC,100,0.151985,0.154032,FILLED,15,100
2024-03-05 17:10:37.034,SELL,LIMIT,IOC,49,0.15195,0.153766,FILLED,16,49
2024-03-05 17:10:38.055,SELL,LIMIT,IOC,2,0.151937,0.1538,FILLED,2,2
2024-03-05 17:21:06.058,BUY,LIMIT,IOC,387,0.163191,0.161103,FILLED,25,387
2024-03-05 17:46:40.082,BUY,LIMIT,IOC,3,0.164472,0.16245,FILLED,3,3
2024-03-05 18:48:39.070,SELL,LIMIT,IOC,19,0.158442,0.16018,FILLED,19,19
2024-03-05 18:48:43.109,SELL,LIMIT,IOC,49,0.157415,0.159451,FILLED,41,49
2024-03-05 18:51:25.115,SELL,LIMIT,IOC,8,0.156962,0.15727,FILLED,8,8
2024-03-05 18:51:27.036,SELL,LIMIT,IOC,9,0.155703,0.157353,FILLED,8,9
2024-03-05 18:51:41.060,SELL,LIMIT,IOC,259,0.155463,0.157211,FILLED,75,259
2024-03-05 19:07:48.069,SELL,LIMIT,IOC,11,0.154848,0.15674,FILLED,11,11
2024-03-05 19:09:52.094,SELL,LIMIT,IOC,157,0.154388,0.15633,FILLED,24,157
2024-03-05 19:10:39.056,SELL,LIMIT,IOC,18,0.153779,0.15568,FILLED,18,18
2024-03-05 19:14:06.051,SELL,LIMIT,IOC,25,0.153437,0.1553,FILLED,25,25
2024-03-05 19:14:36.048,SELL,LIMIT,IOC,896,0.152648,0.154512,FILLED,288,896
2024-03-05 19:14:52.068,SELL,LIMIT,IOC,2,0.152551,0.15451,FILLED,2,2
2024-03-05 19:14:54.034,SELL,LIMIT,IOC,44,0.15253,0.15448,FILLED,44,44
2024-03-05 19:16:52.066,SELL,LIMIT,IOC,1080,0.152296,0.154219,FILLED,116,1080
2024-03-05 19:17:12.053,SELL,LIMIT,IOC,19,0.152024,0.15391,FILLED,19,19
2024-03-05 19:17:30.049,SELL,LIMIT,IOC,368,0.151755,0.153827,FILLED,26,368
2024-03-05 19:17:53.043,SELL,LIMIT,IOC,99,0.151455,0.152797,FILLED,8,99
2024-03-05 19:17:56.028,SELL,LIMIT,IOC,29,0.150819,0.152477,FILLED,8,29
2024-03-05 19:17:57.082,SELL,LIMIT,IOC,7947,0.15084,0.152854,FILLED,48,7947
2024-03-05 19:36:51.101,SELL,LIMIT,IOC,389,0.151651,0.153321,FILLED,10,389
2024-03-05 19:37:42.033,SELL,LIMIT,IOC,3,0.151448,0.15299,FILLED,3,3
2024-03-05 19:37:48.041,SELL,LIMIT,IOC,19,0.150779,0.15211,FILLED,19,19
2024-03-05 19:37:49.091,SELL,LIMIT,IOC,79,0.150358,0.151922,FILLED,74,79
2024-03-05 19:37:50.102,SELL,LIMIT,IOC,360,0.150035,0.15172,FILLED,334,360
2024-03-05 19:38:05.061,SELL,LIMIT,IOC,471,0.149874,0.151492,FILLED,79,471
2024-03-05 19:38:06.075,SELL,LIMIT,IOC,154,0.149725,0.151422,FILLED,64,154
2024-03-05 19:38:30.063,SELL,LIMIT,IOC,38,0.149432,0.151138,FILLED,3,38
2024-03-05 19:38:32.050,SELL,LIMIT,IOC,2284,0.149271,0.1509,FILLED,382,2284
2024-03-05 19:38:33.075,SELL,LIMIT,IOC,3,0.149194,0.15088,FILLED,3,3
2024-03-05 19:39:37.048,SELL,LIMIT,IOC,21,0.148904,0.150501,FILLED,18,21
2024-03-05 19:39:38.061,SELL,LIMIT,IOC,880,0.14876,0.150413,FILLED,264,880
2024-03-05 19:39:41.106,SELL,LIMIT,IOC,131,0.148616,0.15034,FILLED,4,131
2024-03-05 19:40:02.044,SELL,LIMIT,IOC,3,0.148523,0.15053,FILLED,3,3
2024-03-05 19:41:04.082,BUY,LIMIT,IOC,18,0.154622,0.152994,FILLED,3,18
2024-03-05 19:46:38.027,SELL,LIMIT,IOC,691,0.147962,0.14949,FILLED,691,691
2024-03-05 19:46:40.034,SELL,LIMIT,IOC,5933,0.147851,0.149129,FILLED,1088,5933
2024-03-05 19:46:41.079,SELL,LIMIT,IOC,147,0.147568,0.14915,FILLED,15,147
2024-03-05 19:46:44.092,SELL,LIMIT,IOC,75,0.147284,0.14924,FILLED,38,75
2024-03-05 19:47:03.030,SELL,LIMIT,IOC,42,0.147246,0.14901,FILLED,42,42
2024-03-05 19:47:04.067,SELL,LIMIT,IOC,19,0.147114,0.14917,FILLED,19,19
2024-03-05 19:47:26.026,SELL,LIMIT,IOC,5381,0.146931,0.148334,FILLED,467,5381
2024-03-05 19:47:27.040,SELL,LIMIT,IOC,64,0.146884,0.148239,FILLED,16,64
2024-03-05 19:47:28.107,SELL,LIMIT,IOC,69,0.146634,0.148479,FILLED,34,69
2024-03-05 19:47:34.067,SELL,LIMIT,IOC,19,0.146618,0.14824,FILLED,19,19
2024-03-05 19:47:35.095,SELL,LIMIT,IOC,3,0.14648,0.14813,FILLED,3,3
2024-03-05 19:47:37.087,SELL,LIMIT,IOC,2,0.146409,0.14831,FILLED,2,2
2024-03-05 19:52:32.070,SELL,LIMIT,IOC,26,0.146236,0.147898,FILLED,6,26
2024-03-05 19:52:35.045,SELL,LIMIT,IOC,6142,0.146092,0.147732,FILLED,601,6142
2024-03-05 19:52:37.096,SELL,LIMIT,IOC,54,0.145965,0.147749,FILLED,15,54
2024-03-05 19:52:43.046,SELL,LIMIT,IOC,10,0.145629,0.14732,FILLED,10,10
2024-03-05 19:52:44.104,SELL,LIMIT,IOC,2,0.145526,0.14717,FILLED,2,2
2024-03-05 19:52:47.105,SELL,LIMIT,IOC,31,0.145135,0.14673,FILLED,3,31
2024-03-05 19:52:53.066,SELL,LIMIT,IOC,93,0.144615,0.1459,FILLED,9,93
2024-03-05 19:52:54.080,SELL,LIMIT,IOC,1037,0.144366,0.14596,FILLED,22,1037
2024-03-05 19:52:58.050,SELL,LIMIT,IOC,3,0.144259,0.14597,FILLED,3,3
2024-03-05 19:53:01.024,SELL,LIMIT,IOC,31,0.144211,0.145818,FILLED,5,31
2024-03-05 19:53:02.100,SELL,LIMIT,IOC,53,0.144086,0.145513,FILLED,28,53
2024-03-05 19:53:04.024,SELL,LIMIT,IOC,67,0.14369,0.145098,FILLED,22,67
2024-03-05 19:53:33.055,SELL,LIMIT,IOC,300,0.143311,0.144362,FILLED,112,300
2024-03-05 19:53:35.096,SELL,LIMIT,IOC,448,0.142848,0.14361,FILLED,27,448
2024-03-05 19:53:37.049,SELL,LIMIT,IOC,89,0.142438,0.14398,FILLED,84,89
2024-03-05 19:53:38.081,SELL,LIMIT,IOC,5,0.142316,0.14371,FILLED,5,5
2024-03-05 19:53:39.090,SELL,LIMIT,IOC,81,0.142279,0.14334,FILLED,81,81
2024-03-05 19:53:40.106,SELL,LIMIT,IOC,16,0.141886,0.143,FILLED,16,16
2024-03-05 19:53:43.070,SELL,LIMIT,IOC,116,0.141612,0.141612,FILLED,116,116
2024-03-05 19:53:44.076,SELL,LIMIT,IOC,16,0.141037,0.141037,FILLED,16,16
2024-03-05 19:53:47.041,SELL,LIMIT,IOC,504,0.140949,0.141351,FILLED,339,504
2024-03-05 19:53:48.102,SELL,LIMIT,IOC,4,0.140718,0.14179,FILLED,4,4
2024-03-05 19:53:55.071,SELL,LIMIT,IOC,2,0.140452,0.1422,FILLED,2,2
2024-03-05 19:54:31.035,SELL,LIMIT,IOC,51,0.140424,0.141507,FILLED,14,51
2024-03-05 19:54:32.034,SELL,LIMIT,IOC,249,0.14014,0.14094,FILLED,141,249
2024-03-05 19:54:41.044,SELL,LIMIT,IOC,560,0.139653,0.140682,FILLED,2,560
2024-03-05 19:54:43.059,SELL,LIMIT,IOC,7500,0.139351,0.140191,FILLED,1419,7500
2024-03-05 19:54:44.058,SELL,LIMIT,IOC,6,0.139087,0.14006,FILLED,6,6
2024-03-05 19:54:45.067,SELL,LIMIT,IOC,83,0.13886,0.139853,FILLED,66,83
2024-03-05 19:54:46.108,SELL,LIMIT,IOC,24,0.138579,0.13964,FILLED,24,24
2024-03-05 19:54:48.043,SELL,LIMIT,IOC,361,0.138288,0.139707,FILLED,213,361
2024-03-05 19:54:58.052,SELL,LIMIT,IOC,92,0.13816,0.13869,FILLED,92,92
2024-03-05 19:54:59.072,SELL,LIMIT,IOC,138,0.138059,0.138059,FILLED,138,138
2024-03-05 19:55:01.057,SELL,LIMIT,IOC,885,0.137284,0.137284,FILLED,885,885
2024-03-05 19:55:03.030,SELL,LIMIT,IOC,1049,0.13719,0.13719,FILLED,1049,1049
2024-03-05 19:55:04.044,SELL,LIMIT,IOC,60,0.13678,0.13678,FILLED,60,60
2024-03-05 19:55:05.111,SELL,LIMIT,IOC,272,0.136297,0.136297,FILLED,272,272
2024-03-05 19:55:08.044,SELL,LIMIT,IOC,219,0.135895,0.135895,FILLED,219,219
2024-03-05 19:55:09.039,SELL,LIMIT,IOC,135,0.135794,0.135794,FILLED,135,135
2024-03-05 19:55:10.054,SELL,LIMIT,IOC,54,0.135252,0.135252,FILLED,54,54
2024-03-05 19:55:15.060,SELL,LIMIT,IOC,2139,0.135105,0.135105,FILLED,2139,2139
2024-03-05 19:55:16.053,SELL,LIMIT,IOC,327,0.134924,0.134924,FILLED,327,327
2024-03-05 19:55:23.058,SELL,LIMIT,IOC,6,0.134866,0.13538,FILLED,6,6
2024-03-05 19:55:26.047,SELL,LIMIT,IOC,1543,0.134553,0.135132,FILLED,126,1543
2024-03-05 19:55:27.061,SELL,LIMIT,IOC,76,0.134411,0.13464,FILLED,76,76
2024-03-05 19:55:29.028,SELL,LIMIT,IOC,1010,0.134307,0.134307,FILLED,1010,1010
2024-03-05 19:55:30.032,SELL,LIMIT,IOC,20,0.134021,0.13474,FILLED,5,20
2024-03-05 19:56:01.117,SELL,LIMIT,IOC,40,0.133896,0.13498,FILLED,40,40
2024-03-05 19:56:03.023,SELL,LIMIT,IOC,221,0.13374,0.133764,FILLED,117,221
2024-03-05 19:56:04.049,SELL,LIMIT,IOC,29,0.133514,0.133514,FILLED,29,29
2024-03-05 19:56:05.064,SELL,LIMIT,IOC,81,0.133412,0.133412,FILLED,81,81
2024-03-05 19:56:06.079,SELL,LIMIT,IOC,82,0.132808,0.132808,FILLED,82,82
2024-03-05 19:56:08.040,SELL,LIMIT,IOC,369,0.13257,0.13257,FILLED,369,369
2024-03-05 19:56:10.096,SELL,LIMIT,IOC,5107,0.132339,0.132339,FILLED,5107,5107
2024-03-05 19:56:12.036,SELL,LIMIT,IOC,88790,0.126887,0.12987,FILLED,88719,88790
2024-03-05 19:56:13.105,SELL,LIMIT,IOC,529,0.131689,0.131689,FILLED,529,529
2024-03-05 19:56:16.050,SELL,LIMIT,IOC,29,0.131405,0.131405,FILLED,29,29
2024-03-05 19:56:21.049,SELL,LIMIT,IOC,1748,0.129819,0.129819,FILLED,1748,1748
2024-03-05 19:56:49.097,SELL,LIMIT,IOC,10,0.128741,0.128741,FILLED,10,10
2024-03-05 19:56:51.094,SELL,LIMIT,IOC,142,0.128696,0.128696,FILLED,142,142
2024-03-05 19:57:00.035,SELL,LIMIT,IOC,58,0.128525,0.128525,FILLED,58,58
2024-03-05 19:57:01.050,SELL,LIMIT,IOC,12,0.128447,0.128447,FILLED,12,12
2024-03-05 19:57:12.102,SELL,LIMIT,IOC,358,0.127571,0.127571,FILLED,358,358
2024-03-05 19:57:13.095,SELL,LIMIT,IOC,611,0.127425,0.127425,FILLED,611,611
2024-03-05 19:57:14.108,SELL,LIMIT,IOC,185,0.126577,0.126577,FILLED,185,185
2024-03-05 19:57:18.043,SELL,LIMIT,IOC,3,0.12625,0.12625,FILLED,3,3
2024-03-05 19:57:19.315,SELL,LIMIT,IOC,54,0.126183,0.126183,FILLED,54,54
2024-03-05 19:57:24.047,SELL,LIMIT,IOC,2,0.12617,0.12617,FILLED,2,2
2024-03-05 19:57:26.076,SELL,LIMIT,IOC,96,0.125065,0.125065,FILLED,96,96
2024-03-05 19:57:30.038,SELL,LIMIT,IOC,820,0.124769,0.125249,FILLED,304,820
2024-03-05 19:58:25.045,BUY,LIMIT,IOC,10,0.137184,0.137184,FILLED,10,10
2024-03-05 20:02:10.079,BUY,LIMIT,IOC,11,0.143204,0.14179,FILLED,11,11
2024-03-05 20:17:11.095,SELL,LIMIT,IOC,2042,0.139053,0.140686,FILLED,417,2042
2024-03-05 20:17:17.097,SELL,LIMIT,IOC,2,0.138848,0.14045,FILLED,2,2
2024-03-05 20:17:20.100,SELL,LIMIT,IOC,28,0.138625,0.14006,FILLED,28,28
2024-03-05 20:17:36.103,SELL,LIMIT,IOC,1534,0.137495,0.138447,FILLED,387,1534
2024-03-05 20:17:50.054,SELL,LIMIT,IOC,23,0.137277,0.1388,FILLED,23,23
2024-03-05 20:17:57.034,SELL,LIMIT,IOC,2,0.137067,0.13859,FILLED,2,2
2024-03-05 20:29:20.069,SELL,LIMIT,IOC,403,0.136438,0.13777,FILLED,403,403
2024-03-05 20:29:21.098,SELL,LIMIT,IOC,24,0.135917,0.137296,FILLED,15,24
2024-03-05 20:29:23.042,SELL,LIMIT,IOC,133,0.135795,0.136727,FILLED,60,133
2024-03-05 20:29:26.039,SELL,LIMIT,IOC,46,0.134795,0.13611,FILLED,17,46
2024-03-05 20:36:05.037,SELL,LIMIT,IOC,27,0.134728,0.136295,FILLED,11,27
2024-03-05 20:36:11.055,SELL,LIMIT,IOC,13,0.134517,0.13519,FILLED,6,13
2024-03-05 20:36:12.062,SELL,LIMIT,IOC,32,0.133718,0.135153,FILLED,8,32
2024-03-05 20:36:24.065,SELL,LIMIT,IOC,100,0.133338,0.134763,FILLED,94,100
2024-03-05 20:36:25.086,SELL,LIMIT,IOC,2000,0.133266,0.134508,FILLED,327,2000
2024-03-05 20:36:47.039,SELL,LIMIT,IOC,3,0.132689,0.13394,FILLED,3,3
2024-03-05 20:36:55.068,SELL,LIMIT,IOC,183,0.132388,0.133318,FILLED,77,183
2024-03-05 20:36:56.087,SELL,LIMIT,IOC,27,0.131676,0.133276,FILLED,3,27
2024-03-05 20:37:04.086,SELL,LIMIT,IOC,6,0.131343,0.13301,FILLED,6,6
2024-03-05 20:37:50.046,SELL,LIMIT,IOC,2,0.1309,0.13237,FILLED,2,2
2024-03-05 20:37:51.071,SELL,LIMIT,IOC,1,0.130654,0.13187,FILLED,1,1
2024-03-05 20:38:02.047,SELL,LIMIT,IOC,924,0.129994,0.131471,FILLED,55,924
2024-03-05 20:38:07.043,SELL,LIMIT,IOC,42,0.129866,0.131177,FILLED,11,42
2024-03-05 20:38:08.046,SELL,LIMIT,IOC,1622,0.129575,0.131,FILLED,1622,1622
2024-03-05 20:38:09.087,SELL,LIMIT,IOC,6,0.129522,0.13118,FILLED,6,6
2024-03-05 20:38:50.081,SELL,LIMIT,IOC,349,0.129342,0.130354,FILLED,276,349
2024-03-05 20:38:52.058,SELL,LIMIT,IOC,1094,0.129093,0.130117,FILLED,278,1094
2024-03-05 20:38:55.089,SELL,LIMIT,IOC,141,0.12844,0.129491,FILLED,124,141
2024-03-05 20:38:56.109,SELL,LIMIT,IOC,70,0.128137,0.129707,FILLED,11,70
2024-03-05 20:40:50.040,SELL,LIMIT,IOC,112,0.127234,0.128359,FILLED,3,112
2024-03-05 20:40:59.044,SELL,LIMIT,IOC,35,0.126487,0.12767,FILLED,1,35
2024-03-05 20:45:17.063,BUY,LIMIT,IOC,19,0.13767,0.13596,FILLED,19,19
2024-03-05 20:46:41.093,BUY,LIMIT,IOC,1,0.138889,0.13728,FILLED,1,1
2024-03-05 20:53:44.049,BUY,LIMIT,IOC,18,0.141633,0.139771,FILLED,2,18
2024-03-05 21:05:13.098,BUY,LIMIT,IOC,95,0.143002,0.141413,FILLED,34,95
2024-03-05 21:08:15.034,BUY,LIMIT,IOC,49,0.144447,0.14274,FILLED,3,49
2024-03-05 21:08:17.023,BUY,LIMIT,IOC,1,0.144628,0.14296,FILLED,1,1
2024-03-05 21:17:31.065,BUY,LIMIT,IOC,2,0.147669,0.14496,FILLED,2,2
2024-03-05 21:25:00.101,BUY,LIMIT,IOC,318,0.150073,0.148165,FILLED,15,318
2024-03-05 21:25:48.068,BUY,LIMIT,IOC,17,0.154128,0.15233,FILLED,17,17
2024-03-05 21:35:11.092,SELL,LIMIT,IOC,249,0.147081,0.148845,FILLED,30,249
2024-03-05 22:22:09.046,SELL,LIMIT,IOC,43,0.145595,0.14707,FILLED,26,43
2024-03-05 22:22:58.105,SELL,LIMIT,IOC,50,0.144642,0.146475,FILLED,20,50
2024-03-05 23:01:38.089,BUY,LIMIT,IOC,152,0.155945,0.154087,FILLED,28,152
2024-03-05 23:01:45.080,BUY,LIMIT,IOC,87,0.156002,0.15422,FILLED,8,87
2024-03-05 23:49:00.065,BUY,LIMIT,IOC,1,0.158594,0.15668,FILLED,1,1
2024-03-06 00:15:10.067,SELL,LIMIT,IOC,10,0.149597,0.15129,FILLED,10,10
2024-03-06 00:15:25.038,SELL,LIMIT,IOC,253,0.149221,0.151004,FILLED,45,253
2024-03-06 00:15:42.044,SELL,LIMIT,IOC,171,0.148928,0.15063,FILLED,47,171
2024-03-06 00:29:46.038,BUY,LIMIT,IOC,41,0.160513,0.15889,FILLED,16,41
2024-03-06 00:29:51.097,BUY,LIMIT,IOC,18,0.161129,0.159494,FILLED,2,18
2024-03-06 00:54:40.112,SELL,LIMIT,IOC,1,0.152877,0.15464,FILLED,1,1
2024-03-06 00:55:59.081,SELL,LIMIT,IOC,33,0.152258,0.15401,FILLED,5,33
2024-03-06 00:57:37.047,SELL,LIMIT,IOC,224,0.1517,0.153503,FILLED,20,224
2024-03-06 01:10:35.081,SELL,LIMIT,IOC,215,0.150279,0.152065,FILLED,7,215
2024-03-06 01:10:48.061,SELL,LIMIT,IOC,15,0.150163,0.1519,FILLED,15,15
2024-03-06 01:29:10.069,SELL,LIMIT,IOC,62,0.149501,0.151217,FILLED,13,62
2024-03-06 01:29:13.056,SELL,LIMIT,IOC,1,0.149374,0.15111,FILLED,1,1
2024-03-06 01:29:21.060,SELL,LIMIT,IOC,918,0.148998,0.150763,FILLED,160,918
2024-03-06 01:29:24.079,SELL,LIMIT,IOC,94,0.148798,0.14998,FILLED,17,94
2024-03-06 01:55:52.118,SELL,LIMIT,IOC,329,0.148158,0.149878,FILLED,58,329
2024-03-06 01:55:57.079,SELL,LIMIT,IOC,3000,0.148053,0.149566,FILLED,170,3000
2024-03-06 01:56:00.069,SELL,LIMIT,IOC,1,0.147812,0.14961,FILLED,1,1
2024-03-06 01:56:04.102,SELL,LIMIT,IOC,61,0.147738,0.14948,FILLED,19,61
2024-03-06 01:58:42.063,SELL,LIMIT,IOC,474,0.147467,0.149008,FILLED,176,474
2024-03-06 01:58:43.100,SELL,LIMIT,IOC,37,0.147323,0.148959,FILLED,20,37
2024-03-06 02:18:28.044,SELL,LIMIT,IOC,35,0.146355,0.14807,FILLED,7,35
2024-03-06 02:51:58.068,SELL,LIMIT,IOC,100,0.146137,0.147834,FILLED,25,100
2024-03-06 04:47:17.051,BUY,LIMIT,IOC,50,0.155869,0.15401,FILLED,26,50
2024-03-06 04:48:54.073,BUY,LIMIT,IOC,26,0.156805,0.155071,FILLED,3,26
2024-03-06 04:53:43.028,BUY,LIMIT,IOC,41,0.159453,0.1578,FILLED,4,41
2024-03-06 04:57:04.045,BUY,LIMIT,IOC,1,0.163209,0.16172,FILLED,1,1
2024-03-06 04:57:31.085,BUY,LIMIT,IOC,19,0.164802,0.16323,FILLED,18,19
2024-03-06 04:57:34.042,BUY,LIMIT,IOC,59,0.165695,0.163808,FILLED,13,59
2024-03-06 05:37:43.070,BUY,LIMIT,IOC,36,0.169024,0.167191,FILLED,7,36
2024-03-06 05:39:00.041,BUY,LIMIT,IOC,10,0.17046,0.16849,FILLED,10,10
2024-03-06 06:17:49.070,BUY,LIMIT,IOC,5,0.170629,0.1687,FILLED,5,5
2024-03-06 07:04:44.015,SELL,LIMIT,IOC,5,0.162127,0.16397,FILLED,5,5
2024-03-06 08:12:47.026,BUY,LIMIT,IOC,5,0.173575,0.17162,FILLED,5,5
2024-03-06 08:14:04.055,BUY,LIMIT,IOC,1772,0.174261,0.172428,FILLED,675,1772
2024-03-06 08:14:18.073,BUY,LIMIT,IOC,33,0.174462,0.172573,FILLED,11,33
2024-03-06 08:14:24.058,BUY,LIMIT,IOC,15,0.174746,0.17267,FILLED,15,15
2024-03-06 08:16:02.037,BUY,LIMIT,IOC,38,0.176301,0.1743,FILLED,16,38
2024-03-06 08:16:48.043,BUY,LIMIT,IOC,18,0.176415,0.174331,FILLED,3,18
2024-03-06 08:27:45.092,BUY,LIMIT,IOC,485,0.177081,0.175028,FILLED,20,485
2024-03-06 08:29:05.026,BUY,LIMIT,IOC,12,0.177714,0.1758,FILLED,12,12
2024-03-06 08:29:38.068,BUY,LIMIT,IOC,5,0.178291,0.17622,FILLED,5,5
2024-03-06 08:34:08.023,BUY,LIMIT,IOC,10,0.181383,0.17951,FILLED,10,10
2024-03-06 08:34:12.098,BUY,LIMIT,IOC,53,0.18152,0.179536,FILLED,36,53
2024-03-06 09:33:05.046,SELL,LIMIT,IOC,942,0.16654,0.168028,FILLED,13,942
2024-03-06 09:50:36.069,SELL,LIMIT,IOC,20,0.16615,0.16812,FILLED,20,20
2024-03-06 09:53:42.041,SELL,LIMIT,IOC,14,0.166062,0.1678,FILLED,14,14
2024-03-06 09:56:36.086,SELL,LIMIT,IOC,3,0.165363,0.16737,FILLED,3,3
2024-03-06 12:14:04.072,SELL,LIMIT,IOC,3,0.16389,0.16586,FILLED,3,3
2024-03-06 12:14:18.032,SELL,LIMIT,IOC,51,0.163442,0.165369,FILLED,26,51
2024-03-06 12:18:17.059,SELL,LIMIT,IOC,37,0.163026,0.16486,FILLED,37,37
2024-03-06 12:18:18.068,SELL,LIMIT,IOC,107,0.162877,0.16471,FILLED,2,107
2024-03-06 12:18:27.031,SELL,LIMIT,IOC,47,0.162766,0.164724,FILLED,3,47
2024-03-06 12:23:41.070,SELL,LIMIT,IOC,28,0.162513,0.16451,FILLED,28,28
2024-03-06 12:38:51.024,SELL,LIMIT,IOC,1,0.162254,0.16404,FILLED,1,1
2024-03-06 12:38:52.064,SELL,LIMIT,IOC,1048,0.16212,0.163773,FILLED,405,1048
2024-03-06 12:38:58.049,SELL,LIMIT,IOC,169,0.16184,0.163615,FILLED,84,169
2024-03-06 12:39:31.043,SELL,LIMIT,IOC,782,0.161607,0.163178,FILLED,20,782
2024-03-06 12:39:37.050,SELL,LIMIT,IOC,2,0.161238,0.16307,FILLED,2,2
2024-03-06 12:39:39.028,SELL,LIMIT,IOC,50,0.161105,0.16294,FILLED,50,50
2024-03-06 12:39:44.079,SELL,LIMIT,IOC,23,0.160881,0.16285,FILLED,5,23
2024-03-06 12:44:45.036,SELL,LIMIT,IOC,11,0.160821,0.162601,FILLED,3,11
2024-03-06 12:44:53.061,SELL,LIMIT,IOC,509,0.160573,0.162468,FILLED,207,509
2024-03-06 12:45:01.048,SELL,LIMIT,IOC,5,0.160498,0.16237,FILLED,5,5
2024-03-06 12:45:04.048,SELL,LIMIT,IOC,1,0.160356,0.16235,FILLED,1,1
2024-03-06 12:45:52.062,SELL,LIMIT,IOC,16,0.160025,0.161674,FILLED,3,16
2024-03-06 12:45:56.094,SELL,LIMIT,IOC,738,0.159784,0.161706,FILLED,70,738
2024-03-06 12:46:00.088,SELL,LIMIT,IOC,19,0.159717,0.16157,FILLED,19,19
2024-03-06 12:46:02.094,SELL,LIMIT,IOC,6419,0.15956,0.161358,FILLED,198,6419
2024-03-06 12:46:04.023,SELL,LIMIT,IOC,500,0.159404,0.16103,FILLED,178,500
2024-03-06 12:46:15.037,SELL,LIMIT,IOC,392,0.158896,0.160829,FILLED,15,392
2024-03-06 12:46:16.042,SELL,LIMIT,IOC,244,0.158742,0.160546,FILLED,37,244
2024-03-06 12:46:18.073,SELL,LIMIT,IOC,2,0.158719,0.16046,FILLED,2,2
2024-03-06 12:46:22.049,SELL,LIMIT,IOC,60,0.158408,0.160082,FILLED,14,60
2024-03-06 12:46:24.072,SELL,LIMIT,IOC,100,0.158066,0.15962,FILLED,93,100
2024-03-06 12:46:25.046,SELL,LIMIT,IOC,953,0.158024,0.15898,FILLED,205,953
2024-03-06 12:46:28.041,SELL,LIMIT,IOC,630,0.156931,0.157262,FILLED,5,630
2024-03-06 12:46:29.066,SELL,LIMIT,IOC,7,0.156113,0.157442,FILLED,6,7
2024-03-06 12:46:30.100,SELL,LIMIT,IOC,514,0.156029,0.157801,FILLED,51,514
2024-03-06 13:55:38.051,BUY,LIMIT,IOC,14,0.166635,0.16472,FILLED,14,14
2024-03-06 14:43:39.087,SELL,LIMIT,IOC,2,0.158521,0.16043,FILLED,2,2
2024-03-06 14:43:55.089,SELL,LIMIT,IOC,5,0.157846,0.1598,FILLED,5,5
2024-03-06 15:01:12.070,SELL,LIMIT,IOC,32,0.157167,0.158911,FILLED,8,32
2024-03-06 15:01:17.085,SELL,LIMIT,IOC,60,0.156794,0.158671,FILLED,3,60
2024-03-06 15:02:09.041,SELL,LIMIT,IOC,315,0.156769,0.1587,FILLED,11,315
2024-03-06 15:02:20.072,SELL,LIMIT,IOC,1500,0.156646,0.158464,FILLED,601,1500
2024-03-06 15:03:33.070,SELL,LIMIT,IOC,1723,0.156357,0.158175,FILLED,126,1723
2024-03-06 15:03:43.059,SELL,LIMIT,IOC,19,0.156189,0.157831,FILLED,8,19
2024-03-06 15:03:56.061,SELL,LIMIT,IOC,46,0.155714,0.1575,FILLED,46,46
2024-03-06 15:04:08.062,SELL,LIMIT,IOC,74,0.155401,0.15722,FILLED,58,74
2024-03-06 15:07:06.055,SELL,LIMIT,IOC,17,0.155212,0.156683,FILLED,12,17
2024-03-06 15:07:13.023,SELL,LIMIT,IOC,41,0.154918,0.15679,FILLED,17,41
2024-03-06 15:07:15.073,SELL,LIMIT,IOC,344,0.154756,0.156554,FILLED,125,344
2024-03-06 15:07:16.090,SELL,LIMIT,IOC,750,0.154702,0.156364,FILLED,1,750
2024-03-06 15:07:18.085,SELL,LIMIT,IOC,25,0.154559,0.15658,FILLED,25,25
2024-03-06 15:07:54.094,SELL,LIMIT,IOC,239,0.154261,0.156126,FILLED,24,239
2024-03-06 17:22:28.063,SELL,LIMIT,IOC,298,0.156722,0.158604,FILLED,32,298
2024-03-06 18:26:48.074,SELL,LIMIT,IOC,3,0.156182,0.15806,FILLED,3,3
2024-03-06 18:32:27.039,SELL,LIMIT,IOC,11,0.155441,0.15729,FILLED,11,11
2024-03-06 18:32:34.045,SELL,LIMIT,IOC,374,0.155214,0.157041,FILLED,31,374
2024-03-06 18:35:25.028,SELL,LIMIT,IOC,34,0.15437,0.156245,FILLED,25,34
2024-03-06 18:48:33.078,SELL,LIMIT,IOC,267,0.15412,0.155762,FILLED,14,267
2024-03-06 18:48:36.054,SELL,LIMIT,IOC,1479,0.153894,0.155606,FILLED,129,1479
2024-03-06 18:48:37.063,SELL,LIMIT,IOC,169,0.153884,0.155589,FILLED,12,169
2024-03-06 18:48:39.071,SELL,LIMIT,IOC,3380,0.153749,0.155488,FILLED,426,3380
2024-03-06 18:48:54.028,SELL,LIMIT,IOC,19,0.153545,0.15538,FILLED,19,19
2024-03-06 20:07:45.089,BUY,LIMIT,IOC,4,0.16371,0.16178,FILLED,4,4
2024-03-06 20:08:01.068,BUY,LIMIT,IOC,35,0.164323,0.16304,FILLED,35,35
2024-03-06 21:15:41.040,SELL,LIMIT,IOC,12,0.155298,0.15708,FILLED,3,12
2024-03-07 00:21:49.072,SELL,LIMIT,IOC,2,0.153577,0.15538,FILLED,2,2
2024-03-07 00:24:35.055,SELL,LIMIT,IOC,4,0.153382,0.15517,FILLED,4,4
2024-03-07 00:26:59.042,SELL,LIMIT,IOC,3,0.153128,0.15487,FILLED,3,3
2024-03-07 00:27:03.048,SELL,LIMIT,IOC,576,0.152667,0.154365,FILLED,22,576
2024-03-07 00:27:05.087,SELL,LIMIT,IOC,69,0.152588,0.154304,FILLED,37,69
2024-03-07 00:28:01.025,SELL,LIMIT,IOC,3,0.152382,0.15419,FILLED,3,3
2024-03-07 00:28:05.039,SELL,LIMIT,IOC,140,0.152243,0.154,FILLED,130,140
2024-03-07 00:28:07.059,SELL,LIMIT,IOC,6,0.152149,0.15384,FILLED,6,6
2024-03-07 00:28:08.099,SELL,LIMIT,IOC,86,0.152125,0.153869,FILLED,11,86
2024-03-07 00:28:21.021,SELL,LIMIT,IOC,4022,0.151917,0.153919,FILLED,2,4022
2024-03-07 00:58:44.086,BUY,LIMIT,IOC,236,0.161013,0.159179,FILLED,231,236
2024-03-07 02:53:36.022,SELL,LIMIT,IOC,21,0.155783,0.1576,FILLED,13,21
2024-03-07 03:36:18.051,SELL,LIMIT,IOC,52,0.152578,0.15441,FILLED,52,52
2024-03-07 03:37:46.021,SELL,LIMIT,IOC,1051,0.152196,0.153998,FILLED,535,1051
2024-03-07 03:38:07.041,SELL,LIMIT,IOC,20,0.151948,0.1538,FILLED,20,20
2024-03-07 03:38:26.074,SELL,LIMIT,IOC,7842,0.151789,0.153566,FILLED,2783,7842
2024-03-07 03:38:28.080,SELL,LIMIT,IOC,21,0.151742,0.1535,FILLED,21,21
2024-03-07 03:38:31.092,SELL,LIMIT,IOC,89,0.151684,0.153467,FILLED,24,89
2024-03-07 03:38:51.026,SELL,LIMIT,IOC,304,0.151372,0.153092,FILLED,68,304
2024-03-07 03:38:52.057,SELL,LIMIT,IOC,1,0.151327,0.15312,FILLED,1,1
2024-03-07 03:38:56.082,SELL,LIMIT,IOC,1216,0.151157,0.152917,FILLED,384,1216
2024-03-07 03:43:51.085,SELL,LIMIT,IOC,10,0.150718,0.152415,FILLED,4,10
2024-03-07 03:43:52.095,SELL,LIMIT,IOC,2,0.150685,0.15246,FILLED,2,2
2024-03-07 03:43:55.044,SELL,LIMIT,IOC,158,0.150558,0.152291,FILLED,3,158
2024-03-07 03:43:56.050,SELL,LIMIT,IOC,16,0.150484,0.15228,FILLED,6,16
2024-03-07 03:43:59.076,SELL,LIMIT,IOC,314,0.150399,0.15217,FILLED,313,314
2024-03-07 03:58:02.086,SELL,LIMIT,IOC,26,0.150344,0.15215,FILLED,26,26
2024-03-07 04:02:45.071,SELL,LIMIT,IOC,8,0.150028,0.15175,FILLED,8,8
2024-03-07 04:02:50.095,SELL,LIMIT,IOC,2,0.149865,0.15164,FILLED,2,2
2024-03-07 04:03:06.058,SELL,LIMIT,IOC,875,0.149719,0.151405,FILLED,99,875
2024-03-07 04:03:25.075,SELL,LIMIT,IOC,2,0.149378,0.15118,FILLED,2,2
2024-03-07 04:03:33.053,SELL,LIMIT,IOC,13,0.14935,0.15115,FILLED,13,13
2024-03-07 04:03:58.055,SELL,LIMIT,IOC,164,0.149275,0.151001,FILLED,122,164
2024-03-07 04:03:59.092,SELL,LIMIT,IOC,1858,0.149235,0.151,FILLED,1858,1858
2024-03-07 04:04:01.089,SELL,LIMIT,IOC,36,0.149157,0.15104,FILLED,36,36
2024-03-07 05:18:07.022,SELL,LIMIT,IOC,15,0.148953,0.15072,FILLED,15,15
2024-03-07 05:18:09.086,SELL,LIMIT,IOC,709,0.148884,0.150675,FILLED,26,709
2024-03-07 05:18:12.074,SELL,LIMIT,IOC,93,0.148798,0.15056,FILLED,85,93
2024-03-07 05:32:33.022,SELL,LIMIT,IOC,38,0.14871,0.150528,FILLED,6,38
2024-03-07 05:32:48.096,SELL,LIMIT,IOC,15,0.148569,0.15028,FILLED,15,15
2024-03-07 05:32:52.023,SELL,LIMIT,IOC,3,0.148444,0.15025,FILLED,3,3
2024-03-07 05:34:56.084,SELL,LIMIT,IOC,1,0.148146,0.14963,FILLED,1,1
2024-03-07 05:35:25.072,SELL,LIMIT,IOC,7856,0.147753,0.149428,FILLED,325,7856
2024-03-07 05:36:47.020,SELL,LIMIT,IOC,3,0.147648,0.1494,FILLED,3,3
2024-03-07 05:37:46.091,SELL,LIMIT,IOC,15,0.147521,0.1493,FILLED,15,15
2024-03-07 05:37:48.086,SELL,LIMIT,IOC,3,0.147411,0.14905,FILLED,3,3
2024-03-07 05:37:50.032,SELL,LIMIT,IOC,840,0.147109,0.148893,FILLED,420,840
2024-03-07 05:37:53.083,SELL,LIMIT,IOC,7641,0.14698,0.148551,FILLED,161,7641
2024-03-07 05:38:43.057,SELL,LIMIT,IOC,184,0.14671,0.148533,FILLED,1,184
2024-03-07 05:38:47.048,SELL,LIMIT,IOC,5,0.146654,0.14839,FILLED,5,5
2024-03-07 05:41:16.051,SELL,LIMIT,IOC,40,0.146518,0.14821,FILLED,1,40
2024-03-07 05:51:38.051,SELL,LIMIT,IOC,394,0.146133,0.147785,FILLED,267,394
2024-03-07 05:51:43.108,SELL,LIMIT,IOC,353,0.146005,0.147711,FILLED,19,353
2024-03-07 05:52:10.043,SELL,LIMIT,IOC,31,0.145884,0.14765,FILLED,31,31
2024-03-07 05:53:45.033,SELL,LIMIT,IOC,296,0.145677,0.147456,FILLED,83,296
2024-03-07 05:53:52.039,SELL,LIMIT,IOC,1027,0.145486,0.146989,FILLED,24,1027
2024-03-07 05:53:53.056,SELL,LIMIT,IOC,8,0.145402,0.14699,FILLED,8,8
2024-03-07 05:54:13.044,SELL,LIMIT,IOC,2,0.145002,0.14671,FILLED,2,2
2024-03-07 08:03:55.038,BUY,LIMIT,IOC,54,0.154786,0.153042,FILLED,8,54
2024-03-07 08:03:56.062,BUY,LIMIT,IOC,35,0.154839,0.15308,FILLED,30,35
2024-03-07 08:06:28.082,BUY,LIMIT,IOC,5,0.155185,0.153423,FILLED,2,5
2024-03-07 08:07:36.052,BUY,LIMIT,IOC,68,0.155455,0.153612,FILLED,16,68
2024-03-07 08:11:53.089,BUY,LIMIT,IOC,806,0.15688,0.155128,FILLED,229,806
2024-03-07 09:04:58.055,BUY,LIMIT,IOC,13,0.157078,0.15527,FILLED,13,13
2024-03-07 11:05:03.089,BUY,LIMIT,IOC,700,0.157668,0.155867,FILLED,17,700
2024-03-07 11:05:41.037,BUY,LIMIT,IOC,58,0.157979,0.15614,FILLED,58,58
2024-03-07 12:47:43.038,SELL,LIMIT,IOC,18,0.149995,0.15169,FILLED,18,18
2024-03-07 12:55:38.063,SELL,LIMIT,IOC,13,0.148425,0.150062,FILLED,3,13
2024-03-07 13:02:37.027,SELL,LIMIT,IOC,38,0.148031,0.149793,FILLED,25,38
2024-03-07 13:03:22.085,SELL,LIMIT,IOC,43,0.147979,0.14974,FILLED,7,43
2024-03-07 13:03:38.043,SELL,LIMIT,IOC,25,0.147841,0.1496,FILLED,25,25
2024-03-07 13:03:45.037,SELL,LIMIT,IOC,95,0.147639,0.14937,FILLED,68,95
2024-03-07 13:12:27.049,SELL,LIMIT,IOC,435,0.147397,0.149137,FILLED,71,435
2024-03-07 14:22:52.085,BUY,LIMIT,IOC,17,0.158315,0.15668,FILLED,17,17
2024-03-07 14:23:15.092,BUY,LIMIT,IOC,4,0.159019,0.15747,FILLED,4,4
2024-03-07 14:23:21.035,BUY,LIMIT,IOC,125,0.159411,0.157606,FILLED,17,125
2024-03-07 14:39:20.039,BUY,LIMIT,IOC,76,0.160393,0.158541,FILLED,7,76
2024-03-07 14:39:55.068,BUY,LIMIT,IOC,35,0.160821,0.15899,FILLED,2,35
2024-03-07 15:51:03.049,BUY,LIMIT,IOC,77,0.161461,0.159772,FILLED,19,77
2024-03-07 15:59:48.069,BUY,LIMIT,IOC,5,0.161979,0.16022,FILLED,5,5
2024-03-07 16:38:28.051,SELL,LIMIT,IOC,4,0.151976,0.15376,FILLED,4,4
2024-03-07 16:45:16.038,SELL,LIMIT,IOC,49,0.151373,0.15321,FILLED,17,49
2024-03-07 16:45:25.062,SELL,LIMIT,IOC,174,0.151289,0.15306,FILLED,85,174
2024-03-07 16:48:08.074,SELL,LIMIT,IOC,14,0.150833,0.1526,FILLED,14,14
2024-03-07 20:29:31.030,BUY,LIMIT,IOC,1,0.160813,0.15899,FILLED,1,1
2024-03-07 21:34:31.036,SELL,LIMIT,IOC,279,0.153298,0.15515,FILLED,52,279
2024-03-07 21:45:47.081,SELL,LIMIT,IOC,31,0.152751,0.154566,FILLED,11,31
2024-03-08 00:54:51.090,BUY,LIMIT,IOC,17,0.162642,0.16096,FILLED,16,17
2024-03-08 01:08:31.032,BUY,LIMIT,IOC,1,0.163762,0.16203,FILLED,1,1
2024-03-08 01:10:00.077,BUY,LIMIT,IOC,15,0.164288,0.16234,FILLED,14,15
2024-03-08 01:18:47.089,BUY,LIMIT,IOC,7,0.165042,0.16312,FILLED,7,7
2024-03-08 01:18:51.072,BUY,LIMIT,IOC,4,0.165182,0.16323,FILLED,4,4
2024-03-08 01:45:05.044,BUY,LIMIT,IOC,1,0.165901,0.16407,FILLED,1,1
2024-03-08 01:48:25.044,BUY,LIMIT,IOC,10,0.166447,0.16446,FILLED,10,10
2024-03-08 01:52:09.080,BUY,LIMIT,IOC,654,0.167119,0.165202,FILLED,300,654
2024-03-08 02:19:41.078,BUY,LIMIT,IOC,373,0.168071,0.166154,FILLED,22,373
2024-03-08 02:20:39.102,BUY,LIMIT,IOC,3,0.168318,0.16644,FILLED,3,3
2024-03-08 02:50:39.108,BUY,LIMIT,IOC,39,0.168881,0.166959,FILLED,25,39
2024-03-08 02:50:47.054,BUY,LIMIT,IOC,8,0.169018,0.16711,FILLED,8,8
2024-03-08 02:53:33.048,BUY,LIMIT,IOC,3,0.170108,0.16819,FILLED,3,3
2024-03-08 03:34:45.047,SELL,LIMIT,IOC,263,0.161368,0.163272,FILLED,88,263
2024-03-08 04:00:03.082,BUY,LIMIT,IOC,25,0.170723,0.16881,FILLED,25,25
2024-03-08 04:00:11.031,BUY,LIMIT,IOC,75,0.17093,0.16893,FILLED,13,75
2024-03-08 05:20:48.073,SELL,LIMIT,IOC,1,0.160809,0.16274,FILLED,1,1
2024-03-08 05:27:04.088,SELL,LIMIT,IOC,64,0.160286,0.16201,FILLED,46,64
2024-03-08 07:19:24.062,BUY,LIMIT,IOC,4,0.169809,0.16783,FILLED,4,4
2024-03-08 08:22:47.073,SELL,LIMIT,IOC,72,0.161702,0.163603,FILLED,41,72
2024-03-08 08:29:16.094,SELL,LIMIT,IOC,1,0.161563,0.16345,FILLED,1,1
2024-03-08 10:49:21.087,BUY,LIMIT,IOC,343,0.170801,0.168812,FILLED,21,343
2024-03-08 11:08:57.094,BUY,LIMIT,IOC,267,0.172514,0.170611,FILLED,53,267
2024-03-08 11:10:17.048,BUY,LIMIT,IOC,25,0.173325,0.17143,FILLED,10,25
2024-03-08 11:10:24.036,BUY,LIMIT,IOC,7,0.17377,0.17181,FILLED,7,7
2024-03-08 11:11:02.094,BUY,LIMIT,IOC,32,0.174379,0.172428,FILLED,25,32
2024-03-08 11:23:35.083,BUY,LIMIT,IOC,25,0.174805,0.17285,FILLED,25,25
2024-03-08 11:24:40.025,BUY,LIMIT,IOC,9,0.175901,0.17403,FILLED,9,9
2024-03-08 11:24:43.028,BUY,LIMIT,IOC,10,0.176035,0.17419,FILLED,10,10
2024-03-08 12:04:09.080,SELL,LIMIT,IOC,331,0.16557,0.167507,FILLED,3,331
2024-03-08 13:23:13.074,SELL,LIMIT,IOC,17,0.16383,0.16585,FILLED,17,17
2024-03-08 13:52:12.065,BUY,LIMIT,IOC,16,0.174083,0.17214,FILLED,6,16
2024-03-08 13:52:43.106,BUY,LIMIT,IOC,22,0.174773,0.17271,FILLED,22,22
2024-03-08 13:57:33.055,BUY,LIMIT,IOC,1,0.17546,0.17354,FILLED,1,1
2024-03-08 14:05:02.026,BUY,LIMIT,IOC,1200,0.175766,0.173879,FILLED,248,1200
2024-03-08 14:05:25.093,BUY,LIMIT,IOC,3,0.176182,0.17419,FILLED,3,3
2024-03-08 14:06:16.030,BUY,LIMIT,IOC,5,0.177259,0.17517,FILLED,5,5
2024-03-08 14:11:54.053,BUY,LIMIT,IOC,7,0.177497,0.17547,FILLED,7,7
2024-03-08 14:12:10.034,BUY,LIMIT,IOC,990,0.178236,0.176297,FILLED,15,990
2024-03-08 14:42:04.023,SELL,LIMIT,IOC,9,0.168346,0.17035,FILLED,9,9
2024-03-08 14:56:08.087,SELL,LIMIT,IOC,767,0.16792,0.169778,FILLED,17,767
2024-03-08 15:05:29.079,SELL,LIMIT,IOC,141,0.166456,0.168458,FILLED,22,141
2024-03-08 15:25:41.047,SELL,LIMIT,IOC,80,0.166331,0.16832,FILLED,21,80
2024-03-08 15:25:49.093,SELL,LIMIT,IOC,140,0.166321,0.168305,FILLED,23,140
2024-03-08 15:27:13.066,SELL,LIMIT,IOC,64,0.165994,0.16777,FILLED,64,64
2024-03-08 15:32:10.070,SELL,LIMIT,IOC,1741,0.165832,0.167334,FILLED,288,1741
2024-03-08 15:32:16.056,SELL,LIMIT,IOC,1,0.165187,0.16603,FILLED,1,1
2024-03-08 15:32:29.047,SELL,LIMIT,IOC,1055,0.16441,0.16559,FILLED,1040,1055
2024-03-08 15:32:30.102,SELL,LIMIT,IOC,127,0.164048,0.165503,FILLED,82,127
2024-03-08 15:32:32.085,SELL,LIMIT,IOC,7,0.163678,0.16538,FILLED,7,7
2024-03-08 15:32:35.049,SELL,LIMIT,IOC,13,0.163117,0.163676,FILLED,12,13
2024-03-08 15:32:36.050,SELL,LIMIT,IOC,135,0.162453,0.1632,FILLED,135,135
2024-03-08 15:32:38.079,SELL,LIMIT,IOC,25,0.162251,0.162251,FILLED,25,25
2024-03-08 15:32:40.035,SELL,LIMIT,IOC,171,0.16064,0.16064,FILLED,171,171
2024-03-08 15:32:42.058,SELL,LIMIT,IOC,1186,0.159823,0.159823,FILLED,1186,1186
2024-03-08 15:32:44.084,SELL,LIMIT,IOC,3,0.159489,0.159489,FILLED,3,3
2024-03-08 15:32:47.050,SELL,LIMIT,IOC,42,0.159305,0.159305,FILLED,42,42
2024-03-08 15:38:18.043,SELL,LIMIT,IOC,150,0.162005,0.163733,FILLED,9,150
2024-03-08 15:38:47.033,SELL,LIMIT,IOC,98,0.160589,0.162632,FILLED,18,98
2024-03-08 16:01:50.059,SELL,LIMIT,IOC,131,0.161124,0.162791,FILLED,44,131
2024-03-08 16:04:46.075,SELL,LIMIT,IOC,1200,0.158984,0.160868,FILLED,10,1200
2024-03-08 16:04:58.037,SELL,LIMIT,IOC,34,0.158842,0.160528,FILLED,5,34
2024-03-08 16:04:59.078,SELL,LIMIT,IOC,771,0.158687,0.16051,FILLED,771,771
2024-03-08 16:05:00.102,SELL,LIMIT,IOC,561,0.158605,0.160413,FILLED,43,561
2024-03-08 16:11:08.040,SELL,LIMIT,IOC,2,0.158387,0.16005,FILLED,2,2
2024-03-08 16:11:09.088,SELL,LIMIT,IOC,12,0.158227,0.15993,FILLED,12,12
2024-03-08 16:11:11.038,SELL,LIMIT,IOC,24,0.157892,0.159582,FILLED,9,24
2024-03-08 16:11:14.039,SELL,LIMIT,IOC,251,0.157588,0.159276,FILLED,23,251
2024-03-08 16:46:23.038,BUY,LIMIT,IOC,4,0.168675,0.16679,FILLED,4,4
2024-03-08 17:52:47.038,BUY,LIMIT,IOC,203,0.171458,0.169945,FILLED,119,203
2024-03-08 20:18:55.071,BUY,LIMIT,IOC,48,0.175036,0.17305,FILLED,48,48
2024-03-08 21:48:11.023,SELL,LIMIT,IOC,17,0.165744,0.1678,FILLED,17,17
2024-03-08 21:50:51.029,SELL,LIMIT,IOC,2000,0.165685,0.167643,FILLED,367,2000
2024-03-08 21:55:00.081,SELL,LIMIT,IOC,426,0.164359,0.166302,FILLED,73,426
2024-03-08 22:01:43.039,SELL,LIMIT,IOC,23,0.163726,0.16556,FILLED,22,23
2024-03-08 22:01:56.091,SELL,LIMIT,IOC,3,0.163628,0.16571,FILLED,3,3
2024-03-08 22:01:58.025,SELL,LIMIT,IOC,276,0.163619,0.165707,FILLED,60,276
2024-03-08 23:43:18.021,SELL,LIMIT,IOC,27,0.162331,0.16408,FILLED,26,27
2024-03-09 03:21:44.063,BUY,LIMIT,IOC,25,0.173667,0.17167,FILLED,25,25
2024-03-09 04:52:18.084,BUY,LIMIT,IOC,1,0.17433,0.17239,FILLED,1,1
2024-03-09 04:54:54.095,BUY,LIMIT,IOC,82,0.174471,0.17248,FILLED,53,82
2024-03-09 09:12:22.091,SELL,LIMIT,IOC,213,0.164471,0.166378,FILLED,20,213
2024-03-09 09:48:08.041,SELL,LIMIT,IOC,2,0.164147,0.16603,FILLED,2,2
2024-03-09 09:51:09.076,SELL,LIMIT,IOC,1490,0.163517,0.165396,FILLED,45,1490
2024-03-09 10:21:54.078,SELL,LIMIT,IOC,1,0.16283,0.16476,FILLED,1,1
2024-03-09 10:21:56.074,SELL,LIMIT,IOC,1528,0.162676,0.164646,FILLED,95,1528
2024-03-09 10:22:47.078,SELL,LIMIT,IOC,6,0.162528,0.16444,FILLED,6,6
2024-03-09 10:27:55.031,SELL,LIMIT,IOC,18,0.161621,0.16355,FILLED,18,18
2024-03-09 16:17:10.026,BUY,LIMIT,IOC,3,0.174513,0.17265,FILLED,3,3
2024-03-09 16:17:52.069,BUY,LIMIT,IOC,3,0.174707,0.17273,FILLED,3,3
2024-03-09 16:18:42.053,BUY,LIMIT,IOC,3,0.175262,0.17329,FILLED,3,3
2024-03-09 16:18:49.017,BUY,LIMIT,IOC,30,0.175489,0.17368,FILLED,23,30
2024-03-09 16:20:13.052,BUY,LIMIT,IOC,3,0.176316,0.17424,FILLED,3,3
2024-03-09 16:21:12.037,BUY,LIMIT,IOC,5,0.176672,0.17457,FILLED,5,5
2024-03-09 16:21:29.067,BUY,LIMIT,IOC,110,0.177115,0.175,FILLED,110,110
2024-03-09 16:23:54.073,BUY,LIMIT,IOC,218,0.178764,0.176793,FILLED,14,218
2024-03-09 16:24:13.023,BUY,LIMIT,IOC,10,0.179321,0.17739,FILLED,5,10
2024-03-09 16:24:47.040,BUY,LIMIT,IOC,6,0.179795,0.17771,FILLED,6,6
2024-03-09 16:50:37.062,BUY,LIMIT,IOC,255,0.180374,0.178368,FILLED,25,255
2024-03-09 16:51:00.065,BUY,LIMIT,IOC,17,0.180674,0.17864,FILLED,17,17
2024-03-09 16:51:07.027,BUY,LIMIT,IOC,99,0.181062,0.178959,FILLED,1,99
2024-03-09 17:12:33.059,BUY,LIMIT,IOC,4,0.181469,0.17915,FILLED,4,4
2024-03-09 17:30:03.065,BUY,LIMIT,IOC,5,0.182849,0.18092,FILLED,5,5
2024-03-09 17:30:37.108,BUY,LIMIT,IOC,18,0.184147,0.18225,FILLED,18,18
2024-03-09 17:30:40.023,BUY,LIMIT,IOC,16,0.184232,0.18229,FILLED,16,16
2024-03-09 17:31:21.099,BUY,LIMIT,IOC,15,0.18467,0.182722,FILLED,4,15
2024-03-09 17:31:24.047,BUY,LIMIT,IOC,380,0.184871,0.183077,FILLED,28,380
2024-03-09 17:31:35.090,BUY,LIMIT,IOC,5,0.185599,0.18345,FILLED,5,5
2024-03-09 17:41:04.045,BUY,LIMIT,IOC,330,0.18652,0.18441,FILLED,15,330
2024-03-09 17:46:37.092,BUY,LIMIT,IOC,41,0.187175,0.18492,FILLED,6,41
2024-03-09 19:47:09.062,SELL,LIMIT,IOC,210,0.177396,0.179198,FILLED,135,210
2024-03-09 19:50:26.074,SELL,LIMIT,IOC,484,0.176357,0.178399,FILLED,37,484
2024-03-09 19:56:21.078,SELL,LIMIT,IOC,21,0.175802,0.17794,FILLED,21,21
2024-03-09 19:59:33.038,SELL,LIMIT,IOC,146,0.174946,0.176933,FILLED,96,146
2024-03-09 20:11:40.038,SELL,LIMIT,IOC,63,0.174553,0.17658,FILLED,63,63
2024-03-09 20:16:51.070,SELL,LIMIT,IOC,448,0.174207,0.175993,FILLED,7,448
2024-03-09 20:17:13.069,SELL,LIMIT,IOC,1,0.173709,0.17579,FILLED,1,1
2024-03-09 20:17:34.063,SELL,LIMIT,IOC,797,0.17355,0.175194,FILLED,132,797
2024-03-09 21:03:04.067,BUY,LIMIT,IOC,6,0.183825,0.18175,FILLED,6,6
2024-03-09 21:12:48.037,BUY,LIMIT,IOC,126,0.185399,0.183219,FILLED,122,126
2024-03-09 22:03:07.030,BUY,LIMIT,IOC,5,0.185687,0.18341,FILLED,5,5
2024-03-10 00:05:35.026,SELL,LIMIT,IOC,38,0.175641,0.1777,FILLED,12,38
2024-03-10 00:05:49.083,SELL,LIMIT,IOC,11,0.175529,0.17766,FILLED,11,11
2024-03-10 01:29:50.102,SELL,LIMIT,IOC,22,0.174028,0.17591,FILLED,21,22
2024-03-10 03:02:33.039,SELL,LIMIT,IOC,7,0.173396,0.17539,FILLED,3,7
2024-03-10 03:02:36.038,SELL,LIMIT,IOC,8,0.173218,0.17521,FILLED,8,8
2024-03-10 09:17:42.090,SELL,LIMIT,IOC,806,0.171698,0.173699,FILLED,39,806
2024-03-10 09:17:52.075,SELL,LIMIT,IOC,4,0.171405,0.17334,FILLED,4,4
2024-03-10 09:22:14.037,SELL,LIMIT,IOC,71,0.171192,0.17323,FILLED,69,71
2024-03-10 09:22:16.054,SELL,LIMIT,IOC,5,0.17117,0.17315,FILLED,5,5
2024-03-10 09:22:23.039,SELL,LIMIT,IOC,1896,0.170864,0.172789,FILLED,28,1896
2024-03-10 09:22:24.050,SELL,LIMIT,IOC,59,0.170838,0.17298,FILLED,59,59
2024-03-10 09:32:09.037,SELL,LIMIT,IOC,1,0.170412,0.17238,FILLED,1,1
2024-03-10 09:32:12.093,SELL,LIMIT,IOC,71,0.170251,0.172104,FILLED,21,71
2024-03-10 12:35:32.056,SELL,LIMIT,IOC,8288,0.169648,0.171568,FILLED,178,8288
2024-03-10 12:35:33.079,SELL,LIMIT,IOC,152,0.169467,0.171427,FILLED,18,152
2024-03-10 12:38:00.055,SELL,LIMIT,IOC,27,0.169056,0.171,FILLED,5,27
2024-03-10 12:38:02.053,SELL,LIMIT,IOC,21,0.168869,0.17079,FILLED,19,21
2024-03-10 12:38:05.078,SELL,LIMIT,IOC,46,0.168652,0.17065,FILLED,1,46
2024-03-10 13:57:19.101,SELL,LIMIT,IOC,105,0.168427,0.170327,FILLED,8,105
2024-03-10 13:57:21.078,SELL,LIMIT,IOC,14,0.168198,0.17022,FILLED,13,14
2024-03-10 13:57:53.030,SELL,LIMIT,IOC,1,0.16796,0.17,FILLED,1,1
2024-03-10 13:58:05.094,SELL,LIMIT,IOC,628,0.167905,0.169826,FILLED,16,628
2024-03-10 13:58:14.053,SELL,LIMIT,IOC,3,0.167503,0.16952,FILLED,3,3
2024-03-10 14:14:11.065,SELL,LIMIT,IOC,129,0.167208,0.169157,FILLED,35,129
2024-03-10 14:14:12.085,SELL,LIMIT,IOC,396,0.167127,0.16912,FILLED,368,396
2024-03-10 14:14:15.076,SELL,LIMIT,IOC,8,0.167081,0.16911,FILLED,8,8
2024-03-10 14:14:18.286,SELL,LIMIT,IOC,11,0.167024,0.16912,FILLED,11,11
2024-03-10 14:40:34.038,SELL,LIMIT,IOC,1,0.166775,0.16865,FILLED,1,1
2024-03-10 14:43:17.039,SELL,LIMIT,IOC,303,0.166265,0.168171,FILLED,78,303
2024-03-10 14:43:33.020,SELL,LIMIT,IOC,3,0.166002,0.16768,FILLED,3,3
2024-03-10 14:43:34.062,SELL,LIMIT,IOC,32,0.165676,0.16759,FILLED,28,32
2024-03-10 14:43:35.088,SELL,LIMIT,IOC,1092,0.165666,0.167425,FILLED,562,1092
2024-03-10 14:43:37.041,SELL,LIMIT,IOC,56,0.16543,0.16731,FILLED,21,56
2024-03-10 14:43:38.086,SELL,LIMIT,IOC,1,0.165351,0.1672,FILLED,1,1
2024-03-10 16:40:10.094,BUY,LIMIT,IOC,35,0.176799,0.17487,FILLED,3,35
2024-03-10 22:18:39.103,SELL,LIMIT,IOC,469,0.167462,0.169347,FILLED,5,469
2024-03-10 22:18:46.038,SELL,LIMIT,IOC,3,0.16736,0.1693,FILLED,3,3
2024-03-10 22:18:47.042,SELL,LIMIT,IOC,5478,0.167268,0.169219,FILLED,3,5478
2024-03-10 22:19:21.051,SELL,LIMIT,IOC,2,0.1671,0.16909,FILLED,2,2
2024-03-10 22:33:39.049,SELL,LIMIT,IOC,247,0.166563,0.168522,FILLED,9,247
2024-03-10 22:41:49.033,SELL,LIMIT,IOC,2,0.166188,0.16833,FILLED,2,2
2024-03-10 22:55:18.052,SELL,LIMIT,IOC,4,0.165355,0.16737,FILLED,4,4
2024-03-10 22:55:31.031,SELL,LIMIT,IOC,6,0.165317,0.16721,FILLED,6,6
2024-03-10 22:55:32.072,SELL,LIMIT,IOC,6,0.165214,0.16706,FILLED,4,6
2024-03-10 22:55:36.067,SELL,LIMIT,IOC,489,0.16492,0.16701,FILLED,410,489
2024-03-10 22:55:43.040,SELL,LIMIT,IOC,10,0.164751,0.16669,FILLED,10,10
2024-03-10 22:55:44.037,SELL,LIMIT,IOC,13,0.164702,0.16661,FILLED,13,13
2024-03-10 22:56:47.109,SELL,LIMIT,IOC,5490,0.164432,0.166061,FILLED,50,5490
2024-03-10 22:56:51.046,SELL,LIMIT,IOC,10,0.164154,0.16616,FILLED,10,10
2024-03-10 22:56:58.071,SELL,LIMIT,IOC,3,0.164045,0.16603,FILLED,3,3
2024-03-10 22:57:35.094,SELL,LIMIT,IOC,6828,0.163922,0.165856,FILLED,349,6828
2024-03-10 22:57:41.094,SELL,LIMIT,IOC,405,0.163876,0.165782,FILLED,188,405
2024-03-11 00:44:10.055,SELL,LIMIT,IOC,40,0.163747,0.165725,FILLED,18,40
2024-03-11 00:44:24.066,SELL,LIMIT,IOC,30,0.16353,0.165452,FILLED,22,30
2024-03-11 00:44:51.111,SELL,LIMIT,IOC,1013,0.163358,0.165392,FILLED,708,1013
2024-03-11 00:44:54.105,SELL,LIMIT,IOC,80,0.163199,0.16502,FILLED,45,80
2024-03-11 00:49:59.070,SELL,LIMIT,IOC,118,0.163038,0.164926,FILLED,46,118
2024-03-11 00:50:22.052,SELL,LIMIT,IOC,2698,0.162802,0.164682,FILLED,97,2698
2024-03-11 00:50:29.050,SELL,LIMIT,IOC,54,0.16259,0.16458,FILLED,54,54
2024-03-11 00:50:40.102,SELL,LIMIT,IOC,1277,0.162417,0.164231,FILLED,175,1277
2024-03-11 00:51:04.088,SELL,LIMIT,IOC,54,0.162234,0.163939,FILLED,7,54
2024-03-11 00:51:07.045,SELL,LIMIT,IOC,129,0.16191,0.163859,FILLED,6,129
2024-03-11 00:51:13.030,SELL,LIMIT,IOC,26,0.161833,0.16362,FILLED,26,26
2024-03-11 00:51:15.073,SELL,LIMIT,IOC,120,0.1616,0.16345,FILLED,120,120
2024-03-11 00:51:21.080,SELL,LIMIT,IOC,178,0.161379,0.163211,FILLED,30,178
2024-03-11 00:51:25.064,SELL,LIMIT,IOC,21,0.161276,0.163054,FILLED,3,21
2024-03-11 00:51:27.034,SELL,LIMIT,IOC,36,0.161218,0.16291,FILLED,36,36
2024-03-11 00:52:08.035,SELL,LIMIT,IOC,650,0.160858,0.162701,FILLED,34,650
2024-03-11 00:52:09.095,SELL,LIMIT,IOC,8,0.160818,0.16267,FILLED,8,8
2024-03-11 00:52:12.062,SELL,LIMIT,IOC,81,0.160432,0.16231,FILLED,24,81
2024-03-11 00:52:14.019,SELL,LIMIT,IOC,43,0.160389,0.16214,FILLED,43,43
2024-03-11 00:52:17.033,SELL,LIMIT,IOC,143,0.160097,0.161846,FILLED,12,143
2024-03-11 00:52:18.084,SELL,LIMIT,IOC,106,0.160054,0.16181,FILLED,106,106
2024-03-11 00:52:20.062,SELL,LIMIT,IOC,145,0.159682,0.1615,FILLED,106,145
2024-03-11 00:52:21.076,SELL,LIMIT,IOC,1,0.159473,0.16129,FILLED,1,1
2024-03-11 00:52:24.047,SELL,LIMIT,IOC,90,0.159347,0.16101,FILLED,59,90
2024-03-11 00:52:26.088,SELL,LIMIT,IOC,2511,0.159015,0.160756,FILLED,91,2511
2024-03-11 00:52:29.078,SELL,LIMIT,IOC,239,0.1587,0.160591,FILLED,214,239
2024-03-11 00:52:31.097,SELL,LIMIT,IOC,5153,0.158581,0.160214,FILLED,702,5153
2024-03-11 00:52:32.105,SELL,LIMIT,IOC,15,0.158546,0.16017,FILLED,15,15
2024-03-11 05:03:45.080,BUY,LIMIT,IOC,17,0.170003,0.168208,FILLED,15,17
2024-03-11 06:55:29.094,BUY,LIMIT,IOC,38,0.171345,0.16939,FILLED,26,38
2024-03-11 06:58:42.097,BUY,LIMIT,IOC,55,0.171743,0.169838,FILLED,12,55
2024-03-11 07:05:46.092,BUY,LIMIT,IOC,10,0.173702,0.1717,FILLED,10,10
2024-03-11 07:05:51.114,BUY,LIMIT,IOC,831,0.173849,0.171836,FILLED,185,831
2024-03-11 07:38:27.065,BUY,LIMIT,IOC,116,0.178798,0.176734,FILLED,26,116
2024-03-11 07:38:33.050,BUY,LIMIT,IOC,9,0.178915,0.17689,FILLED,9,9
2024-03-11 07:39:05.094,BUY,LIMIT,IOC,4,0.179537,0.17735,FILLED,4,4
2024-03-11 07:39:55.029,BUY,LIMIT,IOC,43,0.180616,0.178708,FILLED,16,43
2024-03-11 13:51:46.082,SELL,LIMIT,IOC,18,0.170913,0.17297,FILLED,9,18
2024-03-11 13:52:27.042,SELL,LIMIT,IOC,1907,0.17026,0.172433,FILLED,256,1907
2024-03-11 13:52:33.087,SELL,LIMIT,IOC,1,0.170023,0.17215,FILLED,1,1
2024-03-11 21:22:59.066,BUY,LIMIT,IOC,540,0.181985,0.179958,FILLED,16,540
2024-03-11 21:23:02.086,BUY,LIMIT,IOC,123,0.182117,0.180037,FILLED,23,123
2024-03-11 21:23:39.023,BUY,LIMIT,IOC,2,0.182442,0.18037,FILLED,2,2
2024-03-11 21:24:22.048,BUY,LIMIT,IOC,13,0.182534,0.18038,FILLED,13,13
2024-03-11 21:24:51.094,BUY,LIMIT,IOC,94,0.182701,0.180748,FILLED,20,94
2024-03-11 21:31:04.042,BUY,LIMIT,IOC,7,0.18333,0.181197,FILLED,6,7
2024-03-11 23:41:06.047,BUY,LIMIT,IOC,122,0.18376,0.1816,FILLED,72,122
2024-03-11 23:41:28.107,BUY,LIMIT,IOC,4,0.184034,0.18177,FILLED,4,4
2024-03-11 23:42:58.071,BUY,LIMIT,IOC,88,0.184128,0.181937,FILLED,16,88
2024-03-11 23:46:30.119,BUY,LIMIT,IOC,500,0.18537,0.183235,FILLED,194,500
2024-03-11 23:47:38.026,BUY,LIMIT,IOC,14,0.185704,0.18354,FILLED,14,14
2024-03-12 01:06:31.090,SELL,LIMIT,IOC,38,0.175874,0.17801,FILLED,38,38
2024-03-12 01:07:22.061,SELL,LIMIT,IOC,172,0.175678,0.17775,FILLED,6,172
2024-03-12 03:21:22.092,SELL,LIMIT,IOC,4263,0.173836,0.175776,FILLED,277,4263
2024-03-12 03:23:38.096,SELL,LIMIT,IOC,11,0.173211,0.17523,FILLED,11,11
2024-03-12 03:56:22.080,SELL,LIMIT,IOC,5,0.171923,0.17386,FILLED,5,5
2024-03-12 04:04:37.092,SELL,LIMIT,IOC,5,0.171097,0.17308,FILLED,5,5
2024-03-12 04:05:53.093,SELL,LIMIT,IOC,655,0.17086,0.172833,FILLED,61,655
2024-03-12 06:15:39.039,SELL,LIMIT,IOC,165,0.170459,0.1725,FILLED,165,165
2024-03-12 06:15:41.039,SELL,LIMIT,IOC,5499,0.17043,0.172376,FILLED,639,5499
2024-03-12 06:24:06.033,SELL,LIMIT,IOC,2,0.170049,0.17208,FILLED,2,2
2024-03-12 06:26:41.028,SELL,LIMIT,IOC,1310,0.169916,0.171869,FILLED,156,1310
2024-03-12 06:26:46.029,SELL,LIMIT,IOC,2,0.169736,0.17176,FILLED,2,2
2024-03-12 06:27:21.052,SELL,LIMIT,IOC,5,0.169676,0.17177,FILLED,4,5
2024-03-12 06:30:04.075,SELL,LIMIT,IOC,394,0.169087,0.171126,FILLED,6,394
2024-03-12 06:30:24.093,SELL,LIMIT,IOC,109,0.168937,0.170993,FILLED,14,109
2024-03-12 08:07:52.056,SELL,LIMIT,IOC,1936,0.168726,0.170674,FILLED,167,1936
2024-03-12 08:09:37.030,SELL,LIMIT,IOC,10,0.168687,0.17071,FILLED,10,10
2024-03-12 08:09:40.068,SELL,LIMIT,IOC,5,0.168576,0.17057,FILLED,5,5
2024-03-12 08:09:43.078,SELL,LIMIT,IOC,18,0.168469,0.170374,FILLED,9,18
2024-03-12 08:12:55.107,SELL,LIMIT,IOC,82,0.168355,0.17038,FILLED,20,82
2024-03-12 08:13:08.061,SELL,LIMIT,IOC,25,0.168227,0.1702,FILLED,25,25
2024-03-12 08:13:10.059,SELL,LIMIT,IOC,42,0.168033,0.17004,FILLED,25,42
2024-03-12 08:13:12.043,SELL,LIMIT,IOC,41,0.167981,0.16999,FILLED,38,41
2024-03-12 08:13:14.072,SELL,LIMIT,IOC,150,0.167822,0.169776,FILLED,46,150
2024-03-12 08:13:19.037,SELL,LIMIT,IOC,38,0.167704,0.16972,FILLED,38,38
2024-03-12 08:13:25.037,SELL,LIMIT,IOC,263,0.167334,0.1691,FILLED,263,263
2024-03-12 08:13:27.082,SELL,LIMIT,IOC,43,0.167179,0.16931,FILLED,43,43
2024-03-12 08:14:56.109,SELL,LIMIT,IOC,1409,0.166822,0.168737,FILLED,71,1409
2024-03-12 08:28:13.047,SELL,LIMIT,IOC,211,0.166498,0.16846,FILLED,23,211
2024-03-12 08:28:29.069,SELL,LIMIT,IOC,26,0.16636,0.1683,FILLED,26,26
2024-03-12 08:28:30.081,SELL,LIMIT,IOC,13,0.166291,0.16828,FILLED,13,13
2024-03-12 08:28:31.100,SELL,LIMIT,IOC,31,0.166255,0.16825,FILLED,31,31
2024-03-12 08:28:47.036,SELL,LIMIT,IOC,1750,0.166002,0.167962,FILLED,120,1750
2024-03-12 15:00:37.024,SELL,LIMIT,IOC,35,0.165858,0.16776,FILLED,35,35
2024-03-12 15:00:40.070,SELL,LIMIT,IOC,1,0.165477,0.16722,FILLED,1,1
2024-03-12 15:00:41.081,SELL,LIMIT,IOC,429,0.165303,0.166413,FILLED,79,429
2024-03-12 15:00:43.046,SELL,LIMIT,IOC,58,0.164791,0.166595,FILLED,14,58
2024-03-12 16:25:10.056,SELL,LIMIT,IOC,198,0.164533,0.16639,FILLED,173,198
2024-03-12 16:25:12.062,SELL,LIMIT,IOC,6,0.164417,0.16601,FILLED,6,6
2024-03-12 16:25:15.051,SELL,LIMIT,IOC,110,0.16384,0.16558,FILLED,67,110
2024-03-12 16:25:16.079,SELL,LIMIT,IOC,65,0.163637,0.165571,FILLED,40,65
2024-03-12 16:26:07.099,SELL,LIMIT,IOC,6,0.163603,0.16548,FILLED,6,6
2024-03-12 16:26:11.097,SELL,LIMIT,IOC,43,0.163412,0.165,FILLED,43,43
2024-03-12 17:06:20.062,SELL,LIMIT,IOC,20,0.163133,0.165337,FILLED,12,20
2024-03-12 17:06:27.037,SELL,LIMIT,IOC,85,0.163034,0.164937,FILLED,19,85
2024-03-12 17:06:31.053,SELL,LIMIT,IOC,2793,0.162724,0.164271,FILLED,276,2793
2024-03-12 17:06:33.113,SELL,LIMIT,IOC,27,0.162535,0.16407,FILLED,27,27
2024-03-12 17:06:34.077,SELL,LIMIT,IOC,194,0.162399,0.164231,FILLED,29,194
2024-03-12 17:09:36.081,SELL,LIMIT,IOC,515,0.162197,0.16398,FILLED,55,515
2024-03-12 17:09:38.066,SELL,LIMIT,IOC,1,0.162029,0.16385,FILLED,1,1
2024-03-12 17:09:51.083,SELL,LIMIT,IOC,1,0.161882,0.16375,FILLED,1,1
2024-03-12 17:09:52.107,SELL,LIMIT,IOC,211,0.161833,0.163856,FILLED,76,211
2024-03-12 17:18:02.064,SELL,LIMIT,IOC,16,0.161823,0.16373,FILLED,16,16
2024-03-12 17:18:08.066,SELL,LIMIT,IOC,5,0.161463,0.163331,FILLED,4,5
2024-03-12 17:18:09.086,SELL,LIMIT,IOC,271,0.161406,0.163378,FILLED,123,271
2024-03-12 17:20:31.034,SELL,LIMIT,IOC,19,0.161044,0.16291,FILLED,19,19
2024-03-12 17:20:33.057,SELL,LIMIT,IOC,59,0.16089,0.16264,FILLED,55,59
2024-03-12 17:20:34.073,SELL,LIMIT,IOC,517,0.160825,0.162441,FILLED,287,517
2024-03-12 17:20:35.092,SELL,LIMIT,IOC,60,0.160506,0.162416,FILLED,19,60
2024-03-12 17:20:45.033,SELL,LIMIT,IOC,189,0.160472,0.16247,FILLED,16,189
2024-03-12 17:20:52.097,SELL,LIMIT,IOC,25,0.160289,0.16211,FILLED,25,25
2024-03-12 17:20:53.112,SELL,LIMIT,IOC,8,0.160252,0.16213,FILLED,8,8
2024-03-12 17:20:58.061,SELL,LIMIT,IOC,89,0.160148,0.16193,FILLED,89,89
2024-03-12 17:21:00.068,SELL,LIMIT,IOC,1,0.16002,0.162,FILLED,1,1
2024-03-12 17:21:08.095,SELL,LIMIT,IOC,32,0.159991,0.161694,FILLED,7,32
2024-03-12 17:21:19.067,SELL,LIMIT,IOC,40,0.159647,0.161271,FILLED,23,40
2024-03-12 17:21:21.093,SELL,LIMIT,IOC,192,0.159353,0.161079,FILLED,16,192
2024-03-12 17:21:23.100,SELL,LIMIT,IOC,975,0.159184,0.161152,FILLED,84,975
2024-03-12 17:21:34.054,SELL,LIMIT,IOC,1,0.15916,0.16109,FILLED,1,1
2024-03-12 17:21:51.047,SELL,LIMIT,IOC,2,0.159108,0.16097,FILLED,2,2
2024-03-12 17:21:54.045,SELL,LIMIT,IOC,8,0.158787,0.1606,FILLED,8,8
2024-03-12 17:22:21.056,SELL,LIMIT,IOC,23,0.158578,0.16034,FILLED,19,23
2024-03-12 17:22:23.085,SELL,LIMIT,IOC,579,0.158438,0.160227,FILLED,157,579
2024-03-12 17:22:24.112,SELL,LIMIT,IOC,111,0.158353,0.160204,FILLED,11,111
2024-03-12 17:22:43.081,SELL,LIMIT,IOC,250,0.158249,0.16,FILLED,250,250
2024-03-12 17:22:44.071,SELL,LIMIT,IOC,91,0.15789,0.15863,FILLED,29,91
2024-03-12 17:22:45.100,SELL,LIMIT,IOC,41,0.157405,0.157405,FILLED,41,41
2024-03-12 17:22:46.135,SELL,LIMIT,IOC,13593,0.157217,0.157217,FILLED,13593,13593
2024-03-12 17:22:48.058,SELL,LIMIT,IOC,1,0.155828,0.156,FILLED,1,1
2024-03-12 17:22:49.071,SELL,LIMIT,IOC,6885,0.154507,0.154507,FILLED,6885,6885
2024-03-12 17:22:50.104,SELL,LIMIT,IOC,51,0.154313,0.154313,FILLED,51,51
2024-03-12 17:22:51.098,SELL,LIMIT,IOC,19,0.153449,0.15372,FILLED,19,19
2024-03-12 19:01:25.063,BUY,LIMIT,IOC,542,0.169351,0.167334,FILLED,250,542
2024-03-13 00:05:21.111,BUY,LIMIT,IOC,50,0.171223,0.169319,FILLED,49,50
2024-03-13 01:31:15.108,BUY,LIMIT,IOC,152,0.172016,0.17006,FILLED,29,152
2024-03-13 02:32:02.078,BUY,LIMIT,IOC,27,0.173684,0.17162,FILLED,27,27
2024-03-13 02:36:39.077,BUY,LIMIT,IOC,50,0.174915,0.17284,FILLED,50,50
2024-03-13 02:52:48.035,BUY,LIMIT,IOC,14,0.17542,0.17323,FILLED,14,14
2024-03-13 12:35:06.084,SELL,LIMIT,IOC,13,0.167156,0.16918,FILLED,13,13
2024-03-13 12:35:51.035,SELL,LIMIT,IOC,11,0.166885,0.168873,FILLED,7,11
2024-03-13 13:36:31.074,SELL,LIMIT,IOC,99,0.166333,0.168191,FILLED,51,99
2024-03-13 13:37:57.061,SELL,LIMIT,IOC,5506,0.165854,0.1677,FILLED,270,5506
2024-03-13 13:39:15.098,SELL,LIMIT,IOC,2,0.165589,0.16755,FILLED,2,2
2024-03-13 13:47:43.044,SELL,LIMIT,IOC,49,0.165381,0.16728,FILLED,45,49
2024-03-13 13:51:12.059,SELL,LIMIT,IOC,5,0.165255,0.16722,FILLED,3,5
2024-03-13 13:51:20.057,SELL,LIMIT,IOC,138,0.165012,0.16704,FILLED,35,138
2024-03-13 13:54:32.097,SELL,LIMIT,IOC,42,0.164581,0.166384,FILLED,2,42
2024-03-13 13:54:43.048,SELL,LIMIT,IOC,6,0.164283,0.16623,FILLED,6,6
2024-03-13 13:54:45.055,SELL,LIMIT,IOC,30,0.164232,0.16617,FILLED,30,30
2024-03-13 13:54:48.033,SELL,LIMIT,IOC,2,0.164185,0.16623,FILLED,2,2
2024-03-13 13:54:52.061,SELL,LIMIT,IOC,269,0.164121,0.166062,FILLED,45,269
2024-03-13 13:54:54.033,SELL,LIMIT,IOC,116,0.164033,0.166083,FILLED,75,116
2024-03-13 13:57:19.040,SELL,LIMIT,IOC,125,0.163703,0.16571,FILLED,82,125
2024-03-13 13:57:30.036,SELL,LIMIT,IOC,628,0.163484,0.165417,FILLED,121,628
2024-03-13 13:57:35.030,SELL,LIMIT,IOC,33,0.163426,0.16542,FILLED,33,33
2024-03-13 13:57:42.073,SELL,LIMIT,IOC,34,0.163308,0.16523,FILLED,34,34
2024-03-13 16:35:52.075,BUY,LIMIT,IOC,386,0.173348,0.171366,FILLED,57,386
2024-03-14 03:12:19.068,BUY,LIMIT,IOC,8,0.173695,0.17173,FILLED,8,8
2024-03-14 03:18:49.094,BUY,LIMIT,IOC,18,0.174145,0.1721,FILLED,18,18
2024-03-14 03:20:27.103,BUY,LIMIT,IOC,133,0.174573,0.172565,FILLED,2,133
2024-03-14 03:20:58.035,BUY,LIMIT,IOC,43,0.175173,0.1731,FILLED,43,43
2024-03-14 03:23:24.088,BUY,LIMIT,IOC,14,0.175893,0.17393,FILLED,14,14
2024-03-14 04:00:29.120,BUY,LIMIT,IOC,5,0.177528,0.17559,FILLED,5,5
2024-03-14 04:00:32.077,BUY,LIMIT,IOC,1,0.17772,0.17584,FILLED,1,1
2024-03-14 04:00:34.079,BUY,LIMIT,IOC,3358,0.178121,0.176223,FILLED,121,3358
2024-03-14 04:00:43.090,BUY,LIMIT,IOC,123,0.179129,0.177352,FILLED,35,123
2024-03-14 04:00:58.042,BUY,LIMIT,IOC,68,0.180267,0.178198,FILLED,10,68
2024-03-14 04:01:11.080,BUY,LIMIT,IOC,8,0.181009,0.17926,FILLED,8,8
2024-03-14 04:01:12.086,BUY,LIMIT,IOC,50,0.181128,0.179378,FILLED,1,50
2024-03-14 04:03:43.081,BUY,LIMIT,IOC,3,0.182909,0.18096,FILLED,1,3
2024-03-14 04:04:03.051,BUY,LIMIT,IOC,47,0.183616,0.18225,FILLED,47,47
2024-03-14 04:04:05.114,BUY,LIMIT,IOC,1,0.184189,0.18243,FILLED,1,1
2024-03-14 04:05:23.118,BUY,LIMIT,IOC,211,0.187141,0.185283,FILLED,79,211
2024-03-14 04:05:33.054,BUY,LIMIT,IOC,82,0.187953,0.186078,FILLED,51,82
2024-03-14 04:05:44.069,BUY,LIMIT,IOC,10,0.188329,0.18684,FILLED,10,10
2024-03-14 04:06:09.080,BUY,LIMIT,IOC,102,0.189603,0.187553,FILLED,1,102
2024-03-14 04:06:13.100,BUY,LIMIT,IOC,9,0.190452,0.18835,FILLED,9,9
2024-03-14 04:06:21.120,BUY,LIMIT,IOC,518,0.1909,0.189306,FILLED,91,518
2024-03-14 04:07:26.080,BUY,LIMIT,IOC,5,0.191469,0.18954,FILLED,1,5
2024-03-14 04:11:56.110,BUY,LIMIT,IOC,1,0.192372,0.19069,FILLED,1,1
2024-03-14 04:13:16.041,BUY,LIMIT,IOC,91,0.194381,0.192595,FILLED,16,91
2024-03-14 04:13:20.052,BUY,LIMIT,IOC,48,0.195063,0.193312,FILLED,27,48
2024-03-14 04:13:27.078,BUY,LIMIT,IOC,69,0.195319,0.19315,FILLED,69,69
2024-03-14 04:42:47.084,SELL,LIMIT,IOC,2,0.181264,0.1833,FILLED,2,2
2024-03-14 04:42:54.069,SELL,LIMIT,IOC,75,0.180812,0.182978,FILLED,1,75
2024-03-14 04:43:32.075,SELL,LIMIT,IOC,93,0.180351,0.1822,FILLED,21,93
2024-03-14 04:52:25.039,SELL,LIMIT,IOC,388,0.178677,0.180737,FILLED,58,388
2024-03-14 04:52:31.109,SELL,LIMIT,IOC,150,0.177459,0.17899,FILLED,41,150
2024-03-14 04:52:33.046,SELL,LIMIT,IOC,630,0.176852,0.17815,FILLED,396,630
2024-03-14 04:52:36.090,SELL,LIMIT,IOC,696,0.174886,0.176287,FILLED,182,696
2024-03-14 04:52:38.058,SELL,LIMIT,IOC,30,0.173111,0.17641,FILLED,30,30
2024-03-14 05:50:02.050,BUY,LIMIT,IOC,190,0.187422,0.185282,FILLED,52,190
2024-03-14 07:26:03.038,SELL,LIMIT,IOC,28,0.18088,0.183114,FILLED,20,28
2024-03-14 10:12:24.048,SELL,LIMIT,IOC,29,0.182645,0.184791,FILLED,25,29
2024-03-14 10:12:27.102,SELL,LIMIT,IOC,334,0.182507,0.184554,FILLED,145,334
2024-03-14 10:55:22.077,SELL,LIMIT,IOC,5,0.181522,0.18371,FILLED,5,5
2024-03-14 11:06:03.034,SELL,LIMIT,IOC,20,0.180338,0.18252,FILLED,13,20
2024-03-14 11:06:24.078,SELL,LIMIT,IOC,18,0.179993,0.18197,FILLED,18,18
2024-03-14 11:06:25.080,SELL,LIMIT,IOC,44,0.179829,0.18189,FILLED,16,44
2024-03-14 11:06:34.050,SELL,LIMIT,IOC,202,0.179476,0.18132,FILLED,155,202
2024-03-14 11:08:10.029,SELL,LIMIT,IOC,399,0.178918,0.180974,FILLED,74,399
2024-03-14 11:15:09.026,SELL,LIMIT,IOC,146,0.178464,0.180421,FILLED,8,146
2024-03-14 11:15:11.063,SELL,LIMIT,IOC,76,0.17815,0.180095,FILLED,33,76
2024-03-14 13:25:08.052,BUY,LIMIT,IOC,65,0.189831,0.18767,FILLED,17,65
2024-03-14 13:25:10.031,BUY,LIMIT,IOC,446,0.189953,0.187997,FILLED,293,446
2024-03-14 13:25:17.098,BUY,LIMIT,IOC,9,0.190683,0.18858,FILLED,9,9
2024-03-14 13:40:46.039,SELL,LIMIT,IOC,18,0.178944,0.181,FILLED,18,18
2024-03-14 13:40:47.076,SELL,LIMIT,IOC,743,0.178807,0.180782,FILLED,515,743
2024-03-14 13:46:13.080,SELL,LIMIT,IOC,3702,0.178223,0.180292,FILLED,931,3702
2024-03-14 13:48:14.037,SELL,LIMIT,IOC,300,0.177353,0.17942,FILLED,224,300
2024-03-14 13:49:47.059,SELL,LIMIT,IOC,8,0.176873,0.17885,FILLED,8,8
2024-03-14 13:49:50.088,SELL,LIMIT,IOC,52,0.176597,0.178671,FILLED,12,52
2024-03-14 13:52:04.038,SELL,LIMIT,IOC,56,0.176198,0.17823,FILLED,6,56
2024-03-14 13:52:06.053,SELL,LIMIT,IOC,73,0.175938,0.17785,FILLED,73,73
2024-03-14 13:52:08.057,SELL,LIMIT,IOC,818,0.175617,0.17727,FILLED,38,818
2024-03-14 13:52:11.040,SELL,LIMIT,IOC,902,0.175061,0.176823,FILLED,591,902
2024-03-14 13:52:12.102,SELL,LIMIT,IOC,2,0.174634,0.17642,FILLED,2,2
2024-03-14 13:52:15.080,SELL,LIMIT,IOC,50,0.174464,0.176279,FILLED,16,50
2024-03-14 13:52:17.026,SELL,LIMIT,IOC,5,0.174265,0.17634,FILLED,5,5
2024-03-14 13:52:23.029,SELL,LIMIT,IOC,172,0.173795,0.175655,FILLED,147,172
2024-03-14 13:52:37.037,SELL,LIMIT,IOC,10,0.173454,0.1755,FILLED,10,10
2024-03-14 15:27:09.078,SELL,LIMIT,IOC,263,0.173222,0.175154,FILLED,44,263
2024-03-14 15:27:33.093,SELL,LIMIT,IOC,123,0.173036,0.175157,FILLED,25,123
2024-03-14 15:28:17.072,SELL,LIMIT,IOC,93,0.172563,0.17447,FILLED,18,93
2024-03-14 15:36:55.065,SELL,LIMIT,IOC,10,0.172149,0.17419,FILLED,10,10
2024-03-14 15:36:58.020,SELL,LIMIT,IOC,259,0.171996,0.173515,FILLED,106,259
2024-03-14 15:36:59.092,SELL,LIMIT,IOC,48,0.171777,0.1737,FILLED,48,48
2024-03-14 15:37:01.037,SELL,LIMIT,IOC,25,0.171585,0.17365,FILLED,25,25
2024-03-14 15:37:06.028,SELL,LIMIT,IOC,8,0.171408,0.17315,FILLED,8,8
2024-03-14 15:37:07.039,SELL,LIMIT,IOC,4101,0.171253,0.17301,FILLED,3288,4101
2024-03-14 15:39:07.116,SELL,LIMIT,IOC,115,0.170962,0.17287,FILLED,66,115
2024-03-14 15:39:10.038,SELL,LIMIT,IOC,32,0.170471,0.17235,FILLED,1,32
2024-03-14 15:39:15.093,SELL,LIMIT,IOC,50,0.170231,0.172119,FILLED,2,50
2024-03-14 15:39:19.108,SELL,LIMIT,IOC,1000,0.169993,0.171725,FILLED,51,1000
2024-03-14 15:39:33.038,SELL,LIMIT,IOC,50,0.169295,0.17117,FILLED,50,50
2024-03-14 15:39:35.098,SELL,LIMIT,IOC,17,0.169033,0.17101,FILLED,12,17
2024-03-14 16:29:49.059,SELL,LIMIT,IOC,18,0.169079,0.1711,FILLED,18,18
2024-03-14 16:29:51.058,SELL,LIMIT,IOC,9,0.168956,0.17093,FILLED,9,9
2024-03-14 16:29:52.065,SELL,LIMIT,IOC,34,0.168903,0.17087,FILLED,34,34
2024-03-14 16:29:54.058,SELL,LIMIT,IOC,733,0.168788,0.170633,FILLED,452,733
2024-03-14 16:29:55.064,SELL,LIMIT,IOC,1,0.1687,0.17068,FILLED,1,1
2024-03-14 16:30:00.044,SELL,LIMIT,IOC,954,0.168497,0.17039,FILLED,27,954
2024-03-14 16:30:01.082,SELL,LIMIT,IOC,1703,0.168351,0.170355,FILLED,573,1703
2024-03-14 16:30:15.048,SELL,LIMIT,IOC,55,0.168339,0.17029,FILLED,4,55
2024-03-14 16:30:40.075,SELL,LIMIT,IOC,4,0.168046,0.17001,FILLED,4,4
2024-03-14 16:30:42.093,SELL,LIMIT,IOC,194,0.167898,0.169949,FILLED,3,194
2024-03-14 16:48:35.072,BUY,LIMIT,IOC,218,0.17894,0.176884,FILLED,20,218
2024-03-14 16:54:52.071,BUY,LIMIT,IOC,1,0.179641,0.17753,FILLED,1,1
2024-03-14 16:56:46.063,BUY,LIMIT,IOC,378,0.180093,0.178003,FILLED,28,378
2024-03-14 18:46:46.129,SELL,LIMIT,IOC,17,0.170442,0.172376,FILLED,6,17
2024-03-14 18:49:32.112,SELL,LIMIT,IOC,2,0.170026,0.17196,FILLED,2,2
2024-03-14 18:50:14.079,SELL,LIMIT,IOC,136,0.169925,0.171959,FILLED,13,136
2024-03-14 18:50:39.053,SELL,LIMIT,IOC,108,0.16928,0.171249,FILLED,3,108
2024-03-14 18:52:41.112,SELL,LIMIT,IOC,2,0.168658,0.17062,FILLED,2,2
2024-03-14 18:52:49.031,SELL,LIMIT,IOC,312,0.168377,0.17033,FILLED,29,312
2024-03-14 18:54:28.020,SELL,LIMIT,IOC,1,0.168143,0.17009,FILLED,1,1
2024-03-14 19:30:47.063,SELL,LIMIT,IOC,31,0.16786,0.16927,FILLED,31,31
2024-03-14 19:30:48.090,SELL,LIMIT,IOC,293,0.167266,0.168792,FILLED,85,293
2024-03-14 19:30:49.092,SELL,LIMIT,IOC,86,0.167191,0.168536,FILLED,6,86
2024-03-14 19:30:52.079,SELL,LIMIT,IOC,1358,0.166637,0.168289,FILLED,52,1358
2024-03-14 19:33:32.083,SELL,LIMIT,IOC,13,0.166552,0.16846,FILLED,13,13
2024-03-14 19:33:34.052,SELL,LIMIT,IOC,2,0.166518,0.16848,FILLED,2,2
2024-03-14 19:35:31.054,SELL,LIMIT,IOC,4,0.166367,0.16832,FILLED,4,4
2024-03-14 19:35:32.067,SELL,LIMIT,IOC,10,0.166248,0.16823,FILLED,10,10
2024-03-14 19:35:34.027,SELL,LIMIT,IOC,219,0.166039,0.168246,FILLED,33,219
2024-03-14 19:35:55.060,SELL,LIMIT,IOC,38,0.165945,0.16777,FILLED,38,38
2024-03-14 19:35:57.042,SELL,LIMIT,IOC,95,0.165677,0.167667,FILLED,30,95
2024-03-14 19:35:59.120,SELL,LIMIT,IOC,1051,0.165461,0.167245,FILLED,220,1051
2024-03-14 19:36:02.047,SELL,LIMIT,IOC,104,0.165175,0.167421,FILLED,38,104
2024-03-14 19:43:28.118,SELL,LIMIT,IOC,11,0.164864,0.16682,FILLED,4,11
2024-03-14 19:43:37.041,SELL,LIMIT,IOC,22,0.164582,0.16656,FILLED,11,22
2024-03-14 19:43:38.044,SELL,LIMIT,IOC,2,0.164453,0.16629,FILLED,2,2
2024-03-14 19:43:39.066,SELL,LIMIT,IOC,6,0.164297,0.1661,FILLED,6,6
2024-03-14 19:43:40.087,SELL,LIMIT,IOC,10,0.164146,0.1662,FILLED,10,10
2024-03-14 19:43:45.059,SELL,LIMIT,IOC,24,0.163985,0.16589,FILLED,24,24
2024-03-14 19:43:46.089,SELL,LIMIT,IOC,47,0.1639,0.16578,FILLED,47,47
2024-03-14 19:43:49.091,SELL,LIMIT,IOC,249,0.163438,0.165521,FILLED,8,249
2024-03-14 20:13:16.071,BUY,LIMIT,IOC,36,0.174746,0.17267,FILLED,34,36
2024-03-14 20:39:45.070,BUY,LIMIT,IOC,19,0.178038,0.17584,FILLED,18,19
2024-03-14 22:08:11.023,BUY,LIMIT,IOC,4,0.18102,0.17867,FILLED,4,4
2024-03-14 22:16:01.050,BUY,LIMIT,IOC,667,0.181132,0.179,FILLED,280,667
2024-03-14 22:19:07.035,BUY,LIMIT,IOC,14,0.181605,0.1792,FILLED,14,14
2024-03-14 22:19:36.066,BUY,LIMIT,IOC,500,0.182019,0.179656,FILLED,79,500
2024-03-15 00:32:46.082,BUY,LIMIT,IOC,49,0.183279,0.181258,FILLED,4,49
2024-03-15 02:26:31.059,SELL,LIMIT,IOC,20,0.173663,0.17567,FILLED,20,20
2024-03-15 02:29:46.059,SELL,LIMIT,IOC,1381,0.173116,0.175149,FILLED,12,1381
2024-03-15 02:36:38.123,SELL,LIMIT,IOC,1500,0.171677,0.173685,FILLED,37,1500
2024-03-15 02:36:43.097,SELL,LIMIT,IOC,175,0.171579,0.173413,FILLED,88,175
2024-03-15 02:36:51.064,SELL,LIMIT,IOC,10,0.171462,0.17352,FILLED,10,10
2024-03-15 02:36:57.113,SELL,LIMIT,IOC,5,0.171428,0.17347,FILLED,4,5
2024-03-15 02:37:41.094,SELL,LIMIT,IOC,69,0.171354,0.173289,FILLED,2,69
2024-03-15 02:37:51.050,SELL,LIMIT,IOC,14,0.171243,0.17337,FILLED,14,14
2024-03-15 02:39:27.054,SELL,LIMIT,IOC,81,0.170945,0.17296,FILLED,51,81
2024-03-15 02:39:33.080,SELL,LIMIT,IOC,15,0.170521,0.17251,FILLED,15,15
2024-03-15 02:41:40.081,SELL,LIMIT,IOC,96,0.170061,0.172077,FILLED,4,96
2024-03-15 02:41:41.083,SELL,LIMIT,IOC,148,0.170022,0.171953,FILLED,7,148
2024-03-15 02:41:46.018,SELL,LIMIT,IOC,3,0.169745,0.17178,FILLED,3,3
2024-03-15 02:45:28.097,SELL,LIMIT,IOC,41,0.169101,0.17106,FILLED,41,41
2024-03-15 02:52:38.085,SELL,LIMIT,IOC,15,0.167515,0.169545,FILLED,6,15
2024-03-15 02:53:01.039,SELL,LIMIT,IOC,1173,0.167142,0.16845,FILLED,603,1173
2024-03-15 02:53:04.051,SELL,LIMIT,IOC,307,0.166429,0.168221,FILLED,70,307
2024-03-15 03:21:42.086,SELL,LIMIT,IOC,4,0.16599,0.16782,FILLED,4,4
2024-03-15 03:21:46.066,SELL,LIMIT,IOC,8,0.165754,0.16756,FILLED,8,8
2024-03-15 03:22:26.130,SELL,LIMIT,IOC,755,0.165302,0.167203,FILLED,26,755
2024-03-15 03:22:29.088,SELL,LIMIT,IOC,1,0.165121,0.16695,FILLED,1,1
2024-03-15 03:23:56.031,SELL,LIMIT,IOC,8,0.1648,0.16618,FILLED,8,8
2024-03-15 03:23:57.079,SELL,LIMIT,IOC,54,0.164659,0.166068,FILLED,7,54
2024-03-15 03:23:58.093,SELL,LIMIT,IOC,9,0.164211,0.16615,FILLED,9,9
2024-03-15 03:24:19.057,SELL,LIMIT,IOC,9932,0.163865,0.165784,FILLED,608,9932
2024-03-15 03:24:20.112,SELL,LIMIT,IOC,27,0.164094,0.165661,FILLED,11,27
2024-03-15 03:25:26.093,SELL,LIMIT,IOC,91,0.163936,0.165781,FILLED,37,91
2024-03-15 03:25:38.048,SELL,LIMIT,IOC,4,0.163262,0.16472,FILLED,4,4
2024-03-15 03:25:40.131,SELL,LIMIT,IOC,959,0.162858,0.163895,FILLED,31,959
2024-03-15 03:25:41.133,SELL,LIMIT,IOC,282,0.162519,0.163975,FILLED,7,282
2024-03-15 03:27:19.043,SELL,LIMIT,IOC,60,0.162301,0.16404,FILLED,60,60
2024-03-15 03:27:20.060,SELL,LIMIT,IOC,11,0.162097,0.16391,FILLED,11,11
2024-03-15 03:27:23.050,SELL,LIMIT,IOC,60,0.16186,0.16343,FILLED,40,60
2024-03-15 03:27:25.061,SELL,LIMIT,IOC,53,0.161354,0.16311,FILLED,7,53
2024-03-15 03:27:27.043,SELL,LIMIT,IOC,65,0.161251,0.16267,FILLED,65,65
2024-03-15 03:27:28.082,SELL,LIMIT,IOC,23,0.161155,0.162,FILLED,23,23
2024-03-15 03:27:30.066,SELL,LIMIT,IOC,1980,0.160699,0.161642,FILLED,179,1980
2024-03-15 03:27:44.055,SELL,LIMIT,IOC,273,0.159863,0.160824,FILLED,9,273
2024-03-15 03:27:46.041,SELL,LIMIT,IOC,30,0.159601,0.16139,FILLED,30,30
2024-03-15 03:28:25.034,SELL,LIMIT,IOC,103,0.159344,0.160322,FILLED,31,103
2024-03-15 03:28:27.029,SELL,LIMIT,IOC,2,0.159033,0.16021,FILLED,2,2
2024-03-15 03:28:31.115,SELL,LIMIT,IOC,168,0.158862,0.160064,FILLED,24,168
2024-03-15 03:28:34.050,SELL,LIMIT,IOC,33,0.158685,0.15977,FILLED,33,33
2024-03-15 03:28:36.058,SELL,LIMIT,IOC,2653,0.158562,0.159282,FILLED,940,2653
2024-03-15 04:44:07.062,SELL,LIMIT,IOC,9,0.16054,0.16235,FILLED,8,9
2024-03-15 04:44:08.098,SELL,LIMIT,IOC,30,0.160396,0.16237,FILLED,30,30
2024-03-15 04:44:10.090,SELL,LIMIT,IOC,13,0.160302,0.16216,FILLED,6,13
2024-03-15 08:36:08.100,SELL,LIMIT,IOC,77,0.162409,0.164317,FILLED,5,77
2024-03-15 08:38:47.112,SELL,LIMIT,IOC,1,0.161643,0.16361,FILLED,1,1
2024-03-15 08:43:49.091,SELL,LIMIT,IOC,46,0.160936,0.16278,FILLED,46,46
2024-03-15 08:45:40.085,SELL,LIMIT,IOC,6,0.160441,0.16233,FILLED,3,6
2024-03-15 08:45:55.062,SELL,LIMIT,IOC,20,0.160007,0.16197,FILLED,20,20
2024-03-15 08:45:57.042,SELL,LIMIT,IOC,4,0.159964,0.16214,FILLED,4,4
2024-03-15 08:46:51.054,SELL,LIMIT,IOC,8,0.15978,0.16159,FILLED,8,8
2024-03-15 08:48:31.093,SELL,LIMIT,IOC,6,0.159392,0.16123,FILLED,6,6
2024-03-15 08:48:37.028,SELL,LIMIT,IOC,176,0.159165,0.161055,FILLED,82,176
2024-03-15 08:48:40.073,SELL,LIMIT,IOC,9,0.159035,0.16053,FILLED,9,9
2024-03-15 08:48:41.086,SELL,LIMIT,IOC,33,0.158987,0.16082,FILLED,33,33
2024-03-15 08:49:12.096,SELL,LIMIT,IOC,6,0.158683,0.16041,FILLED,6,6
2024-03-15 08:49:23.101,SELL,LIMIT,IOC,150,0.158343,0.160209,FILLED,12,150
2024-03-15 08:49:26.107,SELL,LIMIT,IOC,227,0.158273,0.160152,FILLED,1,227
2024-03-15 08:51:46.089,SELL,LIMIT,IOC,2,0.15818,0.16003,FILLED,2,2
2024-03-15 08:51:53.040,SELL,LIMIT,IOC,65,0.157946,0.159651,FILLED,51,65
2024-03-15 08:51:55.061,SELL,LIMIT,IOC,9,0.157795,0.159526,FILLED,2,9
2024-03-15 08:51:56.097,SELL,LIMIT,IOC,339,0.157675,0.159439,FILLED,104,339
2024-03-15 08:52:07.108,SELL,LIMIT,IOC,2,0.157359,0.15917,FILLED,2,2
2024-03-15 08:52:10.042,SELL,LIMIT,IOC,1036,0.157213,0.159002,FILLED,508,1036
2024-03-15 09:00:11.047,SELL,LIMIT,IOC,5,0.156878,0.15864,FILLED,5,5
2024-03-15 09:05:53.029,SELL,LIMIT,IOC,2,0.156803,0.15867,FILLED,2,2
2024-03-15 09:05:54.051,SELL,LIMIT,IOC,44,0.156761,0.15862,FILLED,44,44
2024-03-15 09:06:06.090,SELL,LIMIT,IOC,339,0.156499,0.158237,FILLED,67,339
2024-03-15 09:06:10.066,SELL,LIMIT,IOC,4,0.156284,0.15805,FILLED,4,4
2024-03-15 09:06:11.074,SELL,LIMIT,IOC,30,0.156189,0.15808,FILLED,30,30
2024-03-15 09:06:32.051,SELL,LIMIT,IOC,301,0.156122,0.157886,FILLED,166,301
2024-03-15 09:06:41.033,SELL,LIMIT,IOC,186,0.156037,0.157845,FILLED,1,186
2024-03-15 09:06:53.071,SELL,LIMIT,IOC,8593,0.155711,0.157626,FILLED,1992,8593
2024-03-15 09:06:58.023,SELL,LIMIT,IOC,81,0.155538,0.157085,FILLED,35,81
2024-03-15 09:07:00.057,SELL,LIMIT,IOC,8,0.155257,0.15691,FILLED,8,8
2024-03-15 09:07:38.048,SELL,LIMIT,IOC,7,0.155129,0.1567,FILLED,7,7
2024-03-15 09:07:39.061,SELL,LIMIT,IOC,93,0.155075,0.15667,FILLED,93,93
2024-03-15 09:07:40.114,SELL,LIMIT,IOC,61,0.15478,0.15646,FILLED,56,61
2024-03-15 09:09:32.047,SELL,LIMIT,IOC,3,0.154586,0.15461,FILLED,3,3
2024-03-15 09:09:33.064,SELL,LIMIT,IOC,23,0.154485,0.154485,FILLED,23,23
2024-03-15 09:09:34.071,SELL,LIMIT,IOC,94,0.154349,0.154349,FILLED,94,94
2024-03-15 09:11:43.054,SELL,LIMIT,IOC,2736,0.153677,0.15446,FILLED,400,2736
2024-03-15 09:11:46.022,SELL,LIMIT,IOC,16,0.153364,0.154298,FILLED,7,16
2024-03-15 09:11:56.178,SELL,LIMIT,IOC,8352,0.152741,0.154636,FILLED,509,8352
2024-03-15 09:12:00.071,SELL,LIMIT,IOC,11,0.152848,0.154415,FILLED,4,11
2024-03-15 09:12:50.064,SELL,LIMIT,IOC,125,0.152663,0.154426,FILLED,3,125
2024-03-15 09:12:52.055,SELL,LIMIT,IOC,189,0.152588,0.154484,FILLED,35,189
2024-03-15 09:13:02.024,SELL,LIMIT,IOC,274,0.152423,0.154201,FILLED,4,274
2024-03-15 09:13:07.028,SELL,LIMIT,IOC,452,0.152275,0.154028,FILLED,118,452
2024-03-15 09:13:10.040,SELL,LIMIT,IOC,58,0.152212,0.153918,FILLED,4,58
2024-03-15 09:13:11.076,SELL,LIMIT,IOC,15,0.152101,0.153817,FILLED,6,15
2024-03-15 09:13:12.075,SELL,LIMIT,IOC,749,0.152045,0.153808,FILLED,66,749
2024-03-15 09:13:16.067,SELL,LIMIT,IOC,28,0.151935,0.1535,FILLED,25,28
2024-03-15 09:13:17.090,SELL,LIMIT,IOC,309,0.151756,0.153495,FILLED,83,309
2024-03-15 09:13:18.111,SELL,LIMIT,IOC,33,0.151591,0.15331,FILLED,33,33
2024-03-15 09:13:21.031,SELL,LIMIT,IOC,7,0.151369,0.153,FILLED,7,7
2024-03-15 09:13:27.067,SELL,LIMIT,IOC,32,0.151227,0.15294,FILLED,22,32
2024-03-15 09:13:28.068,SELL,LIMIT,IOC,564,0.151182,0.1528,FILLED,564,564
2024-03-15 09:13:39.122,SELL,LIMIT,IOC,11,0.151084,0.15284,FILLED,1,11
2024-03-15 09:13:44.067,SELL,LIMIT,IOC,80,0.150869,0.152111,FILLED,6,80
2024-03-15 09:14:02.100,SELL,LIMIT,IOC,6276,0.15054,0.152105,FILLED,490,6276
2024-03-15 09:14:05.039,SELL,LIMIT,IOC,494,0.150292,0.151723,FILLED,229,494
2024-03-15 09:14:09.028,SELL,LIMIT,IOC,20,0.149867,0.15126,FILLED,20,20
2024-03-15 09:14:10.035,SELL,LIMIT,IOC,620,0.149604,0.151069,FILLED,104,620
2024-03-15 09:14:11.071,SELL,LIMIT,IOC,4,0.149439,0.15105,FILLED,4,4
2024-03-15 09:38:38.056,BUY,LIMIT,IOC,11,0.162513,0.1607,FILLED,11,11
2024-03-15 11:18:09.076,SELL,LIMIT,IOC,8,0.155168,0.15699,FILLED,8,8
2024-03-15 11:23:07.052,SELL,LIMIT,IOC,71,0.154335,0.156157,FILLED,11,71
2024-03-15 11:23:10.064,SELL,LIMIT,IOC,100,0.154168,0.15606,FILLED,5,100
2024-03-15 11:24:24.094,SELL,LIMIT,IOC,20,0.153745,0.15558,FILLED,20,20
2024-03-15 11:24:26.087,SELL,LIMIT,IOC,1,0.153645,0.15542,FILLED,1,1
2024-03-15 11:24:29.082,SELL,LIMIT,IOC,3,0.153538,0.15535,FILLED,3,3
2024-03-15 13:48:22.056,BUY,LIMIT,IOC,74,0.165664,0.163687,FILLED,52,74
2024-03-15 13:51:52.099,BUY,LIMIT,IOC,1184,0.166335,0.164532,FILLED,81,1184
2024-03-15 15:04:36.053,BUY,LIMIT,IOC,8,0.167596,0.16581,FILLED,8,8
2024-03-15 18:46:10.085,BUY,LIMIT,IOC,3,0.167697,0.16574,FILLED,3,3
2024-03-15 18:46:58.040,BUY,LIMIT,IOC,1,0.167899,0.16594,FILLED,1,1
2024-03-15 18:51:05.090,BUY,LIMIT,IOC,15,0.168279,0.1664,FILLED,1,15
2024-03-15 18:53:55.032,BUY,LIMIT,IOC,2,0.168718,0.16674,FILLED,2,2
2024-03-15 19:00:57.016,BUY,LIMIT,IOC,8,0.169766,0.16778,FILLED,8,8
2024-03-15 19:48:23.029,SELL,LIMIT,IOC,296,0.161261,0.16312,FILLED,90,296
2024-03-15 19:50:04.034,SELL,LIMIT,IOC,17,0.160742,0.162738,FILLED,2,17
2024-03-15 20:07:11.063,SELL,LIMIT,IOC,1308,0.158987,0.16074,FILLED,504,1308
2024-03-15 20:07:17.102,SELL,LIMIT,IOC,11,0.158685,0.16058,FILLED,10,11
2024-03-15 20:09:28.055,SELL,LIMIT,IOC,2,0.157488,0.15925,FILLED,2,2
2024-03-15 20:41:24.084,SELL,LIMIT,IOC,102,0.156948,0.15886,FILLED,102,102
2024-03-15 20:42:57.081,SELL,LIMIT,IOC,1,0.156629,0.1584,FILLED,1,1
2024-03-15 20:43:01.056,SELL,LIMIT,IOC,2,0.156513,0.15844,FILLED,2,2
2024-03-15 20:43:10.049,SELL,LIMIT,IOC,23,0.156333,0.15818,FILLED,23,23
2024-03-15 20:43:19.041,SELL,LIMIT,IOC,4,0.156278,0.15812,FILLED,4,4
2024-03-15 20:43:36.087,SELL,LIMIT,IOC,3,0.156208,0.15801,FILLED,3,3
2024-03-15 20:43:37.090,SELL,LIMIT,IOC,7,0.156138,0.15798,FILLED,7,7
2024-03-15 20:43:40.085,SELL,LIMIT,IOC,7,0.156014,0.15781,FILLED,5,7
2024-03-16 05:05:47.097,SELL,LIMIT,IOC,967,0.158283,0.160167,FILLED,390,967
2024-03-16 05:12:49.021,SELL,LIMIT,IOC,18,0.158019,0.15985,FILLED,18,18
2024-03-16 05:16:33.061,SELL,LIMIT,IOC,37,0.157242,0.15917,FILLED,35,37
2024-03-16 05:17:07.073,SELL,LIMIT,IOC,50,0.157095,0.15885,FILLED,50,50
2024-03-16 05:19:17.065,SELL,LIMIT,IOC,10,0.156522,0.15836,FILLED,10,10
2024-03-16 05:19:45.081,SELL,LIMIT,IOC,1212,0.156401,0.158178,FILLED,49,1212
2024-03-16 05:21:21.089,SELL,LIMIT,IOC,1,0.156178,0.15804,FILLED,1,1
2024-03-16 11:28:44.055,SELL,LIMIT,IOC,21,0.15587,0.15771,FILLED,21,21
2024-03-16 11:31:00.100,SELL,LIMIT,IOC,13,0.155397,0.15721,FILLED,13,13
2024-03-16 11:31:04.034,SELL,LIMIT,IOC,1,0.155329,0.15716,FILLED,1,1
2024-03-16 12:08:49.028,SELL,LIMIT,IOC,2,0.154822,0.15666,FILLED,2,2
2024-03-16 12:08:55.092,SELL,LIMIT,IOC,4,0.154732,0.15663,FILLED,4,4
2024-03-16 12:16:08.030,SELL,LIMIT,IOC,43,0.154564,0.15637,FILLED,37,43
2024-03-16 12:16:20.060,SELL,LIMIT,IOC,42,0.15437,0.15624,FILLED,42,42
2024-03-16 12:32:55.111,SELL,LIMIT,IOC,8516,0.154028,0.155964,FILLED,906,8516
2024-03-16 12:33:21.067,SELL,LIMIT,IOC,26,0.15393,0.15575,FILLED,26,26
2024-03-16 12:34:27.020,SELL,LIMIT,IOC,116,0.153661,0.155373,FILLED,68,116
2024-03-16 12:36:04.020,SELL,LIMIT,IOC,7,0.153427,0.15523,FILLED,7,7
2024-03-16 12:36:05.063,SELL,LIMIT,IOC,20,0.153394,0.15517,FILLED,20,20
2024-03-16 12:38:47.072,SELL,LIMIT,IOC,2,0.153039,0.15487,FILLED,2,2
2024-03-16 12:39:33.088,SELL,LIMIT,IOC,42,0.152878,0.15466,FILLED,42,42
2024-03-16 13:01:25.104,SELL,LIMIT,IOC,64,0.152121,0.153927,FILLED,13,64
2024-03-16 13:08:24.042,SELL,LIMIT,IOC,1,0.151838,0.15357,FILLED,1,1
2024-03-16 13:08:25.064,SELL,LIMIT,IOC,3,0.151797,0.15355,FILLED,3,3
2024-03-16 13:08:27.051,SELL,LIMIT,IOC,2,0.151698,0.15353,FILLED,2,2
2024-03-16 13:08:30.073,SELL,LIMIT,IOC,2134,0.151674,0.153354,FILLED,483,2134
2024-03-16 13:08:38.050,SELL,LIMIT,IOC,2,0.151382,0.1531,FILLED,2,2
2024-03-16 13:08:58.096,SELL,LIMIT,IOC,2489,0.151199,0.152946,FILLED,380,2489
2024-03-16 13:09:00.079,SELL,LIMIT,IOC,42,0.151187,0.15289,FILLED,42,42
2024-03-16 13:09:02.078,SELL,LIMIT,IOC,169,0.151034,0.152707,FILLED,4,169
2024-03-16 13:09:03.087,SELL,LIMIT,IOC,225,0.151007,0.15263,FILLED,10,225
2024-03-16 13:09:06.046,SELL,LIMIT,IOC,106,0.150821,0.152479,FILLED,8,106
2024-03-16 13:13:26.082,SELL,LIMIT,IOC,17,0.150642,0.152363,FILLED,9,17
2024-03-16 13:46:57.044,SELL,LIMIT,IOC,273,0.149996,0.151749,FILLED,46,273
2024-03-16 13:47:05.074,SELL,LIMIT,IOC,1187,0.149676,0.15156,FILLED,12,1187
2024-03-16 14:03:22.084,SELL,LIMIT,IOC,62,0.149572,0.15133,FILLED,61,62
2024-03-16 14:03:24.075,SELL,LIMIT,IOC,16,0.149491,0.15123,FILLED,16,16
2024-03-16 14:03:27.086,SELL,LIMIT,IOC,207,0.149363,0.151117,FILLED,48,207
2024-03-16 14:04:29.086,SELL,LIMIT,IOC,81,0.149283,0.15105,FILLED,81,81
2024-03-16 14:04:33.027,SELL,LIMIT,IOC,377,0.149095,0.150865,FILLED,231,377
2024-03-16 14:04:36.022,SELL,LIMIT,IOC,10,0.148964,0.15077,FILLED,10,10
2024-03-16 17:16:30.076,SELL,LIMIT,IOC,3,0.148992,0.15075,FILLED,1,3
2024-03-16 17:16:31.087,SELL,LIMIT,IOC,11,0.148953,0.15072,FILLED,6,11
2024-03-16 17:16:37.085,SELL,LIMIT,IOC,371,0.148931,0.150762,FILLED,12,371
2024-03-16 17:16:40.045,SELL,LIMIT,IOC,75,0.148786,0.1506,FILLED,26,75
2024-03-16 17:16:42.047,SELL,LIMIT,IOC,3,0.148783,0.15053,FILLED,3,3
2024-03-16 17:17:32.050,SELL,LIMIT,IOC,6,0.148667,0.15045,FILLED,6,6
2024-03-16 17:17:39.044,SELL,LIMIT,IOC,16,0.148499,0.1502,FILLED,16,16
2024-03-16 17:17:40.085,SELL,LIMIT,IOC,191,0.148458,0.150206,FILLED,60,191
2024-03-16 17:24:08.083,SELL,LIMIT,IOC,1,0.150031,0.150031,FILLED,1,1
2024-03-16 17:24:11.042,SELL,LIMIT,IOC,1,0.14807,0.14987,FILLED,1,1
2024-03-16 17:24:13.026,SELL,LIMIT,IOC,589,0.148028,0.149691,FILLED,261,589
2024-03-16 17:24:14.034,SELL,LIMIT,IOC,10,0.147959,0.14971,FILLED,10,10
2024-03-16 17:24:32.043,SELL,LIMIT,IOC,6,0.147893,0.14955,FILLED,6,6
2024-03-16 17:24:33.052,SELL,LIMIT,IOC,25,0.147797,0.149411,FILLED,3,25
2024-03-16 17:24:34.059,SELL,LIMIT,IOC,41,0.147704,0.14938,FILLED,41,41
2024-03-16 17:24:36.059,SELL,LIMIT,IOC,20,0.147557,0.149288,FILLED,11,20
2024-03-16 17:25:03.052,SELL,LIMIT,IOC,943,0.147419,0.149096,FILLED,37,943
2024-03-16 17:25:05.031,SELL,LIMIT,IOC,76,0.147264,0.149079,FILLED,3,76
2024-03-16 17:26:12.030,SELL,LIMIT,IOC,193,0.147222,0.148927,FILLED,25,193
2024-03-16 17:26:13.038,SELL,LIMIT,IOC,7,0.147196,0.14895,FILLED,7,7
2024-03-16 17:26:25.039,SELL,LIMIT,IOC,85,0.147067,0.148843,FILLED,32,85
2024-03-16 17:26:26.061,SELL,LIMIT,IOC,466,0.147036,0.148766,FILLED,396,466
2024-03-16 17:26:31.068,SELL,LIMIT,IOC,878,0.146994,0.148684,FILLED,255,878
2024-03-16 17:26:53.058,SELL,LIMIT,IOC,8,0.146865,0.14876,FILLED,6,8
2024-03-16 17:29:20.051,SELL,LIMIT,IOC,539,0.14679,0.14855,FILLED,117,539
2024-03-16 17:29:21.065,SELL,LIMIT,IOC,39,0.146776,0.148593,FILLED,26,39
2024-03-16 17:29:59.035,SELL,LIMIT,IOC,11,0.14666,0.14838,FILLED,10,11
2024-03-16 17:30:00.100,SELL,LIMIT,IOC,25,0.14665,0.14838,FILLED,25,25
2024-03-16 17:42:29.065,SELL,LIMIT,IOC,19,0.146612,0.14837,FILLED,19,19
2024-03-16 17:42:32.050,SELL,LIMIT,IOC,75,0.146563,0.148237,FILLED,9,75
2024-03-16 17:42:33.071,SELL,LIMIT,IOC,69,0.146522,0.148237,FILLED,17,69
2024-03-16 17:42:34.093,SELL,LIMIT,IOC,81,0.146492,0.148292,FILLED,11,81
2024-03-16 17:42:38.075,SELL,LIMIT,IOC,136,0.146459,0.148227,FILLED,30,136
2024-03-16 17:42:40.061,SELL,LIMIT,IOC,39,0.146411,0.148261,FILLED,33,39
2024-03-16 17:42:50.066,SELL,LIMIT,IOC,529,0.146356,0.148018,FILLED,134,529
2024-03-16 17:42:51.069,SELL,LIMIT,IOC,6963,0.146251,0.147833,FILLED,1281,6963
2024-03-16 17:43:05.085,SELL,LIMIT,IOC,43,0.14616,0.1479,FILLED,4,43
2024-03-16 17:43:11.044,SELL,LIMIT,IOC,11,0.146077,0.14779,FILLED,11,11
2024-03-16 17:43:18.039,SELL,LIMIT,IOC,77,0.145932,0.14767,FILLED,17,77
2024-03-16 17:43:19.065,SELL,LIMIT,IOC,18,0.145927,0.14763,FILLED,18,18
2024-03-16 17:43:20.109,SELL,LIMIT,IOC,8,0.145872,0.14759,FILLED,8,8
2024-03-16 17:43:50.027,SELL,LIMIT,IOC,200,0.145764,0.14743,FILLED,200,200
2024-03-16 17:44:53.093,SELL,LIMIT,IOC,17,0.145705,0.147423,FILLED,10,17
2024-03-16 17:44:55.031,SELL,LIMIT,IOC,1494,0.145664,0.14723,FILLED,105,1494
2024-03-16 17:44:56.079,SELL,LIMIT,IOC,58,0.145488,0.147196,FILLED,13,58
2024-03-16 18:10:42.056,SELL,LIMIT,IOC,5,0.145336,0.14705,FILLED,5,5
2024-03-16 18:11:09.038,SELL,LIMIT,IOC,2,0.145068,0.14664,FILLED,2,2
2024-03-16 18:11:10.049,SELL,LIMIT,IOC,16,0.144982,0.14661,FILLED,16,16
2024-03-16 18:11:13.057,SELL,LIMIT,IOC,9,0.144823,0.14667,FILLED,7,9
2024-03-16 18:11:20.027,SELL,LIMIT,IOC,11,0.14473,0.14629,FILLED,10,11
2024-03-16 18:11:21.073,SELL,LIMIT,IOC,3,0.144699,0.146123,FILLED,1,3
2024-03-16 18:11:22.073,SELL,LIMIT,IOC,700,0.144365,0.145935,FILLED,6,700
2024-03-16 18:11:26.019,SELL,LIMIT,IOC,3702,0.14416,0.14581,FILLED,938,3702
2024-03-16 18:11:27.061,SELL,LIMIT,IOC,1000,0.144103,0.1458,FILLED,1000,1000
2024-03-16 18:11:28.062,SELL,LIMIT,IOC,7141,0.143943,0.145566,FILLED,235,7141
2024-03-16 18:11:34.036,SELL,LIMIT,IOC,7206,0.143899,0.145366,FILLED,1106,7206
2024-03-16 18:11:45.037,SELL,LIMIT,IOC,28,0.143635,0.14531,FILLED,28,28
2024-03-16 18:11:47.020,SELL,LIMIT,IOC,73,0.143531,0.145141,FILLED,63,73
2024-03-16 18:11:48.062,SELL,LIMIT,IOC,266,0.143478,0.145085,FILLED,19,266
2024-03-16 18:12:04.088,SELL,LIMIT,IOC,1,0.143374,0.14501,FILLED,1,1
2024-03-16 18:12:05.091,SELL,LIMIT,IOC,2,0.143321,0.14507,FILLED,2,2
2024-03-16 18:12:24.047,SELL,LIMIT,IOC,34,0.143285,0.14488,FILLED,34,34
2024-03-16 18:12:25.066,SELL,LIMIT,IOC,56,0.14323,0.144832,FILLED,17,56
2024-03-16 18:12:26.095,SELL,LIMIT,IOC,33,0.143153,0.1447,FILLED,8,33
2024-03-16 18:12:40.053,SELL,LIMIT,IOC,548,0.1429,0.144567,FILLED,24,548
2024-03-16 18:12:42.106,SELL,LIMIT,IOC,149,0.142825,0.144502,FILLED,1,149
2024-03-16 18:12:47.116,SELL,LIMIT,IOC,15,0.142785,0.14451,FILLED,15,15
2024-03-16 18:12:49.043,SELL,LIMIT,IOC,9,0.142729,0.1444,FILLED,9,9
2024-03-16 18:13:06.035,SELL,LIMIT,IOC,15,0.142584,0.14415,FILLED,14,15
2024-03-16 18:13:12.093,SELL,LIMIT,IOC,247,0.142521,0.144165,FILLED,5,247
2024-03-16 18:13:14.064,SELL,LIMIT,IOC,9,0.142423,0.14402,FILLED,9,9
2024-03-16 18:13:15.071,SELL,LIMIT,IOC,9,0.142321,0.14408,FILLED,9,9
2024-03-16 18:13:44.046,SELL,LIMIT,IOC,55,0.14228,0.14391,FILLED,17,55
2024-03-16 18:13:46.045,SELL,LIMIT,IOC,10,0.142126,0.1437,FILLED,6,10
2024-03-16 18:13:52.048,SELL,LIMIT,IOC,36,0.142051,0.14384,FILLED,17,36
2024-03-16 18:14:03.056,SELL,LIMIT,IOC,6,0.142046,0.14369,FILLED,6,6
2024-03-16 18:14:04.064,SELL,LIMIT,IOC,470,0.141935,0.143505,FILLED,370,470
2024-03-16 18:14:05.086,SELL,LIMIT,IOC,24,0.141824,0.14343,FILLED,18,24
2024-03-16 18:14:07.035,SELL,LIMIT,IOC,2,0.141723,0.14328,FILLED,2,2
2024-03-16 18:26:23.036,SELL,LIMIT,IOC,19,0.141673,0.14332,FILLED,19,19
2024-03-16 18:26:25.028,SELL,LIMIT,IOC,44,0.141613,0.14328,FILLED,44,44
2024-03-16 18:26:28.046,SELL,LIMIT,IOC,34,0.141606,0.14334,FILLED,3,34
2024-03-16 18:26:31.027,SELL,LIMIT,IOC,8,0.141528,0.14312,FILLED,8,8
2024-03-16 18:26:34.070,SELL,LIMIT,IOC,675,0.14136,0.143022,FILLED,141,675
2024-03-16 18:27:55.097,SELL,LIMIT,IOC,12,0.141292,0.142934,FILLED,3,12
2024-03-16 18:27:56.103,SELL,LIMIT,IOC,2300,0.14126,0.142895,FILLED,1031,2300
2024-03-16 18:28:16.032,SELL,LIMIT,IOC,340,0.141168,0.142764,FILLED,69,340
2024-03-16 18:28:22.065,SELL,LIMIT,IOC,7373,0.141038,0.142618,FILLED,272,7373
2024-03-16 18:28:26.040,SELL,LIMIT,IOC,349,0.140915,0.14267,FILLED,80,349
2024-03-16 18:37:15.027,SELL,LIMIT,IOC,76,0.140885,0.142443,FILLED,21,76
2024-03-16 18:37:16.071,SELL,LIMIT,IOC,41,0.140728,0.14224,FILLED,41,41
2024-03-16 18:37:17.081,SELL,LIMIT,IOC,252,0.140609,0.142249,FILLED,72,252
2024-03-16 18:37:20.068,SELL,LIMIT,IOC,127,0.140535,0.142225,FILLED,6,127
2024-03-16 18:37:34.087,SELL,LIMIT,IOC,111,0.140477,0.142096,FILLED,30,111
2024-03-16 18:37:40.047,SELL,LIMIT,IOC,7313,0.140327,0.141974,FILLED,695,7313
2024-03-16 18:37:46.037,SELL,LIMIT,IOC,1,0.140282,0.14191,FILLED,1,1
2024-03-16 18:37:47.083,SELL,LIMIT,IOC,20,0.140238,0.14186,FILLED,20,20
2024-03-16 18:42:12.078,SELL,LIMIT,IOC,226,0.140225,0.14186,FILLED,127,226
2024-03-16 18:42:16.031,SELL,LIMIT,IOC,1203,0.140186,0.141788,FILLED,203,1203
2024-03-16 18:42:18.033,SELL,LIMIT,IOC,30,0.14,0.14151,FILLED,30,30
2024-03-16 18:42:19.058,SELL,LIMIT,IOC,52,0.139822,0.141451,FILLED,10,52
2024-03-16 18:42:26.029,SELL,LIMIT,IOC,19,0.139758,0.14142,FILLED,19,19
2024-03-16 18:43:19.060,SELL,LIMIT,IOC,35,0.139707,0.141317,FILLED,4,35
2024-03-16 18:43:22.045,SELL,LIMIT,IOC,29,0.139551,0.141194,FILLED,14,29
2024-03-16 18:43:45.033,SELL,LIMIT,IOC,13,0.13945,0.14106,FILLED,13,13
2024-03-16 18:43:47.057,SELL,LIMIT,IOC,52,0.139406,0.140986,FILLED,20,52
2024-03-16 18:43:48.086,SELL,LIMIT,IOC,475,0.13929,0.14083,FILLED,167,475
2024-03-16 18:54:37.024,SELL,LIMIT,IOC,11,0.139258,0.14084,FILLED,11,11
2024-03-16 18:54:40.082,SELL,LIMIT,IOC,5,0.139184,0.1408,FILLED,5,5
2024-03-16 18:54:42.026,SELL,LIMIT,IOC,13,0.139121,0.14072,FILLED,12,13
2024-03-16 18:54:43.052,SELL,LIMIT,IOC,40,0.1391,0.14068,FILLED,11,40
2024-03-16 18:54:44.081,SELL,LIMIT,IOC,32,0.139021,0.14061,FILLED,32,32
2024-03-16 18:54:50.040,SELL,LIMIT,IOC,80,0.138959,0.140534,FILLED,13,80
2024-03-16 18:54:51.046,SELL,LIMIT,IOC,29,0.138813,0.14045,FILLED,29,29
2024-03-16 18:54:52.048,SELL,LIMIT,IOC,337,0.138687,0.140224,FILLED,13,337
2024-03-16 19:09:36.104,BUY,LIMIT,IOC,1297,0.148583,0.146869,FILLED,18,1297
2024-03-16 20:15:32.094,SELL,LIMIT,IOC,7,0.14054,0.14222,FILLED,7,7
2024-03-16 20:15:41.097,SELL,LIMIT,IOC,7,0.140374,0.14206,FILLED,7,7
2024-03-16 20:17:47.022,SELL,LIMIT,IOC,32,0.140021,0.14166,FILLED,24,32
2024-03-16 20:17:58.098,SELL,LIMIT,IOC,47,0.139793,0.1415,FILLED,21,47
2024-03-16 20:18:08.036,SELL,LIMIT,IOC,5,0.139715,0.14135,FILLED,3,5
2024-03-16 21:20:30.069,SELL,LIMIT,IOC,162,0.139383,0.140971,FILLED,22,162
2024-03-16 21:20:39.085,SELL,LIMIT,IOC,11,0.139087,0.14072,FILLED,11,11
2024-03-16 21:20:48.041,SELL,LIMIT,IOC,5891,0.138577,0.140137,FILLED,868,5891
2024-03-16 21:21:54.052,SELL,LIMIT,IOC,179,0.138434,0.140035,FILLED,18,179
2024-03-16 21:22:22.083,SELL,LIMIT,IOC,8,0.138355,0.14002,FILLED,8,8
2024-03-16 21:22:31.070,SELL,LIMIT,IOC,15,0.138281,0.13992,FILLED,15,15
2024-03-16 21:22:56.024,SELL,LIMIT,IOC,28,0.138203,0.13977,FILLED,10,28
2024-03-16 21:22:58.022,SELL,LIMIT,IOC,3,0.138159,0.13975,FILLED,3,3
2024-03-16 21:23:05.039,SELL,LIMIT,IOC,69,0.13806,0.139603,FILLED,54,69
2024-03-16 21:23:06.056,SELL,LIMIT,IOC,10,0.138016,0.139525,FILLED,6,10
2024-03-16 21:23:07.078,SELL,LIMIT,IOC,125,0.137868,0.139436,FILLED,5,125
2024-03-16 21:23:08.077,SELL,LIMIT,IOC,26,0.13781,0.139334,FILLED,8,26
2024-03-16 23:10:43.055,SELL,LIMIT,IOC,116,0.138177,0.139746,FILLED,33,116
2024-03-16 23:10:55.060,SELL,LIMIT,IOC,42,0.138077,0.13964,FILLED,35,42
2024-03-16 23:10:58.040,SELL,LIMIT,IOC,23,0.13799,0.13949,FILLED,23,23
2024-03-16 23:13:31.033,SELL,LIMIT,IOC,160,0.137671,0.13919,FILLED,160,160
2024-03-16 23:13:33.083,SELL,LIMIT,IOC,7243,0.137449,0.139031,FILLED,603,7243
2024-03-16 23:13:36.090,SELL,LIMIT,IOC,41,0.137438,0.13913,FILLED,7,41
2024-03-16 23:14:18.055,SELL,LIMIT,IOC,1,0.137392,0.13894,FILLED,1,1
2024-03-16 23:14:21.073,SELL,LIMIT,IOC,1,0.137179,0.13872,FILLED,1,1
2024-03-16 23:14:22.079,SELL,LIMIT,IOC,45,0.137105,0.138736,FILLED,15,45
2024-03-16 23:17:42.079,SELL,LIMIT,IOC,1000,0.137076,0.138599,FILLED,632,1000
2024-03-16 23:17:44.037,SELL,LIMIT,IOC,45,0.136933,0.13859,FILLED,8,45
2024-03-16 23:18:03.069,SELL,LIMIT,IOC,18,0.136913,0.13849,FILLED,18,18
2024-03-16 23:18:05.043,SELL,LIMIT,IOC,241,0.136785,0.138336,FILLED,4,241
2024-03-16 23:18:06.043,SELL,LIMIT,IOC,489,0.136663,0.13828,FILLED,489,489
2024-03-16 23:18:07.069,SELL,LIMIT,IOC,2,0.136592,0.13822,FILLED,2,2
2024-03-16 23:18:14.049,SELL,LIMIT,IOC,2557,0.136492,0.138019,FILLED,618,2557
2024-03-17 00:09:13.087,BUY,LIMIT,IOC,1,0.146704,0.14504,FILLED,1,1
2024-03-17 00:57:43.025,SELL,LIMIT,IOC,19,0.139389,0.14104,FILLED,19,19
2024-03-17 00:57:57.089,SELL,LIMIT,IOC,5,0.139277,0.14091,FILLED,5,5
2024-03-17 02:27:11.076,BUY,LIMIT,IOC,2,0.147493,0.14579,FILLED,2,2
2024-03-17 02:41:13.068,BUY,LIMIT,IOC,5,0.148924,0.14723,FILLED,5,5
2024-03-17 06:33:14.062,SELL,LIMIT,IOC,4,0.140919,0.14257,FILLED,4,4
2024-03-17 06:34:10.036,SELL,LIMIT,IOC,59,0.140505,0.1422,FILLED,22,59
2024-03-17 06:35:46.063,SELL,LIMIT,IOC,1588,0.14046,0.142054,FILLED,31,1588
2024-03-17 06:36:25.020,SELL,LIMIT,IOC,72,0.140125,0.14179,FILLED,72,72
2024-03-17 06:42:39.058,SELL,LIMIT,IOC,80,0.139234,0.1409,FILLED,80,80
2024-03-17 06:58:00.059,SELL,LIMIT,IOC,143,0.139098,0.140695,FILLED,66,143
2024-03-17 07:00:02.055,SELL,LIMIT,IOC,37,0.138474,0.14023,FILLED,37,37
2024-03-17 07:13:28.053,SELL,LIMIT,IOC,643,0.138298,0.139916,FILLED,179,643
2024-03-17 07:13:39.047,SELL,LIMIT,IOC,1,0.138078,0.13973,FILLED,1,1
2024-03-17 07:14:10.020,SELL,LIMIT,IOC,192,0.137969,0.139587,FILLED,4,192
2024-03-17 07:14:11.057,SELL,LIMIT,IOC,1,0.137916,0.13959,FILLED,1,1
2024-03-17 07:16:29.042,SELL,LIMIT,IOC,21,0.13775,0.13935,FILLED,14,21
2024-03-17 07:18:05.079,SELL,LIMIT,IOC,1,0.137335,0.13898,FILLED,1,1
2024-03-17 07:18:21.060,SELL,LIMIT,IOC,425,0.137268,0.138778,FILLED,187,425
2024-03-17 07:18:35.091,SELL,LIMIT,IOC,7,0.136902,0.13854,FILLED,7,7
2024-03-17 07:19:10.048,SELL,LIMIT,IOC,25,0.136623,0.13823,FILLED,25,25
2024-03-17 07:20:17.070,SELL,LIMIT,IOC,40,0.136485,0.13805,FILLED,35,40
2024-03-17 07:20:34.079,SELL,LIMIT,IOC,1,0.136428,0.13805,FILLED,1,1
2024-03-17 07:20:51.036,SELL,LIMIT,IOC,80,0.136423,0.13803,FILLED,80,80
2024-03-17 07:20:54.080,SELL,LIMIT,IOC,25,0.136384,0.13811,FILLED,25,25
2024-03-17 07:21:21.035,SELL,LIMIT,IOC,3,0.136353,0.13805,FILLED,3,3
2024-03-17 07:21:27.104,SELL,LIMIT,IOC,4,0.136296,0.1378,FILLED,4,4
2024-03-17 07:21:36.026,SELL,LIMIT,IOC,320,0.136086,0.13756,FILLED,126,320
2024-03-17 07:21:37.050,SELL,LIMIT,IOC,750,0.136,0.137591,FILLED,46,750
2024-03-17 07:21:51.085,SELL,LIMIT,IOC,1,0.135896,0.13742,FILLED,1,1
2024-03-17 07:21:54.022,SELL,LIMIT,IOC,8,0.135749,0.13727,FILLED,8,8
2024-03-17 07:21:55.029,SELL,LIMIT,IOC,78,0.135645,0.13727,FILLED,78,78
2024-03-17 07:22:10.027,SELL,LIMIT,IOC,2,0.13554,0.13713,FILLED,2,2
2024-03-17 07:22:48.033,SELL,LIMIT,IOC,20,0.135337,0.13698,FILLED,20,20
2024-03-17 07:22:49.040,SELL,LIMIT,IOC,78,0.135286,0.13679,FILLED,56,78
2024-03-17 07:22:50.049,SELL,LIMIT,IOC,32,0.135165,0.13675,FILLED,22,32
2024-03-17 07:22:52.045,SELL,LIMIT,IOC,444,0.135096,0.136773,FILLED,49,444
2024-03-17 08:28:20.101,BUY,LIMIT,IOC,32,0.145005,0.14343,FILLED,32,32
2024-03-17 08:29:45.057,BUY,LIMIT,IOC,50,0.145388,0.14372,FILLED,50,50
2024-03-17 08:34:10.064,BUY,LIMIT,IOC,19,0.145665,0.14396,FILLED,19,19
2024-03-17 08:55:02.073,BUY,LIMIT,IOC,30,0.14769,0.14597,FILLED,30,30
2024-03-17 09:58:32.102,BUY,LIMIT,IOC,10,0.151454,0.14969,FILLED,9,10
2024-03-17 10:00:16.077,BUY,LIMIT,IOC,5,0.151821,0.15017,FILLED,5,5
2024-03-17 12:53:47.070,SELL,LIMIT,IOC,12,0.144864,0.14659,FILLED,12,12
2024-03-17 12:56:53.083,SELL,LIMIT,IOC,63,0.144226,0.14593,FILLED,63,63
2024-03-17 15:44:22.085,BUY,LIMIT,IOC,223,0.154223,0.15236,FILLED,15,223
2024-03-17 15:46:29.081,BUY,LIMIT,IOC,2,0.154716,0.15285,FILLED,2,2
2024-03-17 15:46:35.074,BUY,LIMIT,IOC,58,0.154758,0.15295,FILLED,58,58
2024-03-17 15:47:12.017,BUY,LIMIT,IOC,77,0.155081,0.153262,FILLED,17,77
2024-03-17 15:49:19.042,BUY,LIMIT,IOC,34,0.155627,0.15373,FILLED,33,34
2024-03-17 17:42:28.092,BUY,LIMIT,IOC,7128,0.156361,0.154881,FILLED,148,7128
2024-03-17 17:42:33.067,BUY,LIMIT,IOC,40,0.156799,0.155271,FILLED,15,40
2024-03-17 17:42:54.078,BUY,LIMIT,IOC,3,0.157762,0.15614,FILLED,3,3
2024-03-17 17:46:42.087,BUY,LIMIT,IOC,5,0.158152,0.15709,FILLED,5,5
2024-03-17 17:46:44.046,BUY,LIMIT,IOC,3,0.158809,0.15717,FILLED,3,3
2024-03-17 17:47:38.076,BUY,LIMIT,IOC,50,0.160868,0.159174,FILLED,25,50
2024-03-18 00:08:07.094,SELL,LIMIT,IOC,2582,0.150507,0.152356,FILLED,169,2582
2024-03-18 00:09:29.040,SELL,LIMIT,IOC,2,0.150123,0.15177,FILLED,2,2
2024-03-18 00:14:33.041,SELL,LIMIT,IOC,58,0.149906,0.15166,FILLED,1,58
2024-03-18 00:14:39.088,SELL,LIMIT,IOC,20,0.149505,0.15134,FILLED,1,20
2024-03-18 00:39:11.034,SELL,LIMIT,IOC,851,0.14889,0.150632,FILLED,90,851
2024-03-18 00:48:22.042,SELL,LIMIT,IOC,117,0.148606,0.150342,FILLED,52,117
2024-03-18 00:48:24.069,SELL,LIMIT,IOC,1,0.148531,0.1503,FILLED,1,1
2024-03-18 00:48:26.095,SELL,LIMIT,IOC,1,0.148487,0.15027,FILLED,1,1
2024-03-18 00:59:42.021,SELL,LIMIT,IOC,732,0.148302,0.150021,FILLED,84,732
2024-03-18 01:01:41.029,SELL,LIMIT,IOC,749,0.148276,0.1499,FILLED,296,749
2024-03-18 01:03:00.064,SELL,LIMIT,IOC,20,0.147805,0.14956,FILLED,20,20
2024-03-18 01:03:12.062,SELL,LIMIT,IOC,3,0.147438,0.14917,FILLED,3,3
2024-03-18 01:03:14.028,SELL,LIMIT,IOC,14,0.147378,0.14911,FILLED,14,14
2024-03-18 01:04:12.036,SELL,LIMIT,IOC,5,0.14708,0.14883,FILLED,5,5
2024-03-18 01:04:52.029,SELL,LIMIT,IOC,21,0.147007,0.14877,FILLED,21,21
2024-03-18 01:06:43.065,SELL,LIMIT,IOC,90,0.146927,0.14869,FILLED,53,90
2024-03-18 01:06:53.093,SELL,LIMIT,IOC,11,0.146828,0.14851,FILLED,10,11
2024-03-18 07:19:31.094,SELL,LIMIT,IOC,9,0.147293,0.14905,FILLED,9,9
2024-03-18 08:05:56.110,SELL,LIMIT,IOC,588,0.146739,0.14845,FILLED,398,588
2024-03-18 08:12:01.049,SELL,LIMIT,IOC,111,0.146083,0.14796,FILLED,67,111
2024-03-18 08:21:21.069,SELL,LIMIT,IOC,4,0.145641,0.14734,FILLED,3,4
2024-03-18 08:22:07.065,SELL,LIMIT,IOC,30,0.145455,0.14709,FILLED,30,30
2024-03-18 08:24:56.085,SELL,LIMIT,IOC,1,0.144999,0.14683,FILLED,1,1
2024-03-18 08:25:50.057,SELL,LIMIT,IOC,45,0.144685,0.14644,FILLED,38,45
2024-03-18 08:27:10.075,SELL,LIMIT,IOC,2,0.144613,0.14628,FILLED,2,2
2024-03-18 08:27:19.090,SELL,LIMIT,IOC,26,0.144459,0.1462,FILLED,26,26
2024-03-18 09:52:34.072,SELL,LIMIT,IOC,2,0.144267,0.14596,FILLED,2,2
2024-03-18 09:52:51.093,SELL,LIMIT,IOC,597,0.144182,0.145882,FILLED,309,597
2024-03-18 13:23:28.085,SELL,LIMIT,IOC,55,0.143631,0.1453,FILLED,55,55
2024-03-18 13:25:14.048,SELL,LIMIT,IOC,934,0.143049,0.144659,FILLED,46,934
2024-03-18 13:25:21.028,SELL,LIMIT,IOC,1,0.142845,0.144,FILLED,1,1
2024-03-18 13:25:22.054,SELL,LIMIT,IOC,2,0.142689,0.14435,FILLED,2,2
2024-03-18 13:25:23.066,SELL,LIMIT,IOC,3,0.142595,0.14423,FILLED,3,3
2024-03-18 13:26:50.067,SELL,LIMIT,IOC,13,0.142295,0.14389,FILLED,13,13
2024-03-18 13:45:41.089,SELL,LIMIT,IOC,742,0.142069,0.143738,FILLED,96,742
2024-03-18 13:45:45.032,SELL,LIMIT,IOC,6,0.142009,0.14381,FILLED,6,6
2024-03-18 13:46:42.027,SELL,LIMIT,IOC,60,0.141691,0.14333,FILLED,60,60
2024-03-18 13:48:29.091,SELL,LIMIT,IOC,307,0.141529,0.143147,FILLED,10,307
2024-03-18 14:34:46.036,SELL,LIMIT,IOC,68,0.141227,0.142833,FILLED,43,68
2024-03-18 14:34:48.087,SELL,LIMIT,IOC,43,0.141099,0.14279,FILLED,43,43
2024-03-18 14:35:35.074,SELL,LIMIT,IOC,68,0.140917,0.142568,FILLED,11,68
2024-03-18 16:08:52.068,SELL,LIMIT,IOC,6,0.140561,0.14238,FILLED,6,6
2024-03-18 16:08:58.089,SELL,LIMIT,IOC,2,0.140504,0.14222,FILLED,2,2
2024-03-18 16:09:00.062,SELL,LIMIT,IOC,15,0.140472,0.14218,FILLED,13,15
2024-03-18 16:09:01.079,SELL,LIMIT,IOC,15,0.140417,0.14213,FILLED,15,15
2024-03-18 16:10:13.072,SELL,LIMIT,IOC,120,0.140302,0.14197,FILLED,72,120
2024-03-18 16:10:15.038,SELL,LIMIT,IOC,10,0.140258,0.14197,FILLED,8,10
2024-03-18 16:10:23.101,SELL,LIMIT,IOC,1,0.14012,0.14183,FILLED,1,1
2024-03-18 16:10:29.037,SELL,LIMIT,IOC,4,0.14011,0.14181,FILLED,4,4
2024-03-18 17:03:28.029,SELL,LIMIT,IOC,244,0.139566,0.14121,FILLED,244,244
2024-03-18 17:03:29.034,SELL,LIMIT,IOC,73,0.139565,0.14129,FILLED,39,73
2024-03-18 17:04:30.038,SELL,LIMIT,IOC,188,0.139321,0.14078,FILLED,188,188
2024-03-18 17:04:43.061,SELL,LIMIT,IOC,353,0.139195,0.140777,FILLED,89,353
2024-03-18 17:04:53.034,SELL,LIMIT,IOC,932,0.139015,0.140621,FILLED,636,932
2024-03-18 17:05:08.088,SELL,LIMIT,IOC,1,0.138934,0.14057,FILLED,1,1
2024-03-19 01:04:38.094,SELL,LIMIT,IOC,10,0.13841,0.139944,FILLED,5,10
2024-03-19 01:04:49.074,SELL,LIMIT,IOC,100,0.138135,0.139767,FILLED,4,100
2024-03-19 01:05:10.036,SELL,LIMIT,IOC,39,0.137987,0.13962,FILLED,37,39
2024-03-19 01:05:58.079,SELL,LIMIT,IOC,1,0.137824,0.13938,FILLED,1,1
2024-03-19 01:06:01.062,SELL,LIMIT,IOC,85,0.137658,0.13926,FILLED,85,85
2024-03-19 01:06:08.082,SELL,LIMIT,IOC,3,0.137593,0.1393,FILLED,3,3
2024-03-19 01:07:14.093,SELL,LIMIT,IOC,36,0.137506,0.13914,FILLED,36,36
2024-03-19 01:07:16.084,SELL,LIMIT,IOC,4,0.137476,0.13903,FILLED,4,4
2024-03-19 01:07:18.082,SELL,LIMIT,IOC,4,0.137374,0.13902,FILLED,4,4
2024-03-19 01:07:52.120,SELL,LIMIT,IOC,100,0.137287,0.13892,FILLED,2,100
2024-03-19 01:08:19.033,SELL,LIMIT,IOC,14,0.137155,0.13886,FILLED,14,14
2024-03-19 01:09:16.081,SELL,LIMIT,IOC,1,0.137133,0.13876,FILLED,1,1
2024-03-19 01:09:18.037,SELL,LIMIT,IOC,390,0.136964,0.138588,FILLED,31,390
2024-03-19 01:09:22.061,SELL,LIMIT,IOC,74,0.136833,0.13843,FILLED,41,74
2024-03-19 01:09:27.065,SELL,LIMIT,IOC,1,0.136659,0.13813,FILLED,1,1
2024-03-19 01:09:28.088,SELL,LIMIT,IOC,4,0.136578,0.13826,FILLED,4,4
2024-03-19 01:09:31.022,SELL,LIMIT,IOC,448,0.136458,0.138074,FILLED,1,448
2024-03-19 01:09:37.031,SELL,LIMIT,IOC,819,0.136411,0.1377,FILLED,673,819
2024-03-19 01:21:43.089,SELL,LIMIT,IOC,4148,0.136053,0.137551,FILLED,1084,4148
2024-03-19 01:21:45.033,SELL,LIMIT,IOC,663,0.135884,0.137528,FILLED,115,663
2024-03-19 01:21:47.083,SELL,LIMIT,IOC,6,0.13579,0.13744,FILLED,6,6
2024-03-19 01:22:12.037,SELL,LIMIT,IOC,147,0.135498,0.13712,FILLED,1,147
2024-03-19 01:28:31.084,SELL,LIMIT,IOC,3,0.135433,0.13704,FILLED,3,3
2024-03-19 01:28:38.051,SELL,LIMIT,IOC,13,0.135419,0.13706,FILLED,13,13
2024-03-19 01:28:42.088,SELL,LIMIT,IOC,29,0.1354,0.13702,FILLED,29,29
2024-03-19 01:28:47.031,SELL,LIMIT,IOC,94,0.13536,0.13693,FILLED,75,94
2024-03-19 01:28:48.080,SELL,LIMIT,IOC,24,0.135317,0.13692,FILLED,22,24
2024-03-19 01:29:10.088,SELL,LIMIT,IOC,93,0.13526,0.13682,FILLED,13,93
2024-03-19 01:29:11.096,SELL,LIMIT,IOC,142,0.135208,0.1368,FILLED,54,142
2024-03-19 01:29:15.094,SELL,LIMIT,IOC,8,0.135104,0.13666,FILLED,6,8
2024-03-19 01:29:17.036,SELL,LIMIT,IOC,63,0.13503,0.1366,FILLED,15,63
2024-03-19 01:29:22.063,SELL,LIMIT,IOC,50,0.134903,0.136521,FILLED,31,50
2024-03-19 01:29:26.080,SELL,LIMIT,IOC,303,0.134771,0.13636,FILLED,26,303
2024-03-19 01:29:30.054,SELL,LIMIT,IOC,14,0.134671,0.136331,FILLED,12,14
2024-03-19 01:31:33.088,SELL,LIMIT,IOC,250,0.134415,0.13598,FILLED,250,250
2024-03-19 01:31:36.047,SELL,LIMIT,IOC,532,0.134295,0.135783,FILLED,11,532
2024-03-19 01:31:38.018,SELL,LIMIT,IOC,834,0.134189,0.135899,FILLED,52,834
2024-03-19 01:31:48.028,SELL,LIMIT,IOC,55,0.134144,0.135607,FILLED,12,55
2024-03-19 01:31:49.052,SELL,LIMIT,IOC,60,0.134112,0.135844,FILLED,38,60
2024-03-19 02:50:19.104,SELL,LIMIT,IOC,342,0.13385,0.135386,FILLED,103,342
2024-03-19 02:50:27.065,SELL,LIMIT,IOC,56,0.133759,0.13541,FILLED,56,56
2024-03-19 02:50:37.118,SELL,LIMIT,IOC,1104,0.133733,0.135311,FILLED,62,1104
2024-03-19 02:50:50.080,SELL,LIMIT,IOC,2,0.133645,0.13526,FILLED,2,2
2024-03-19 03:02:06.112,SELL,LIMIT,IOC,1,0.13362,0.13514,FILLED,1,1
2024-03-19 03:02:07.128,SELL,LIMIT,IOC,21,0.133572,0.13513,FILLED,21,21
2024-03-19 03:02:10.070,SELL,LIMIT,IOC,24,0.133524,0.1351,FILLED,24,24
2024-03-19 03:30:46.054,SELL,LIMIT,IOC,16,0.13339,0.13495,FILLED,3,16
2024-03-19 03:31:03.103,SELL,LIMIT,IOC,5,0.133361,0.13493,FILLED,5,5
2024-03-19 03:31:06.048,SELL,LIMIT,IOC,500,0.133261,0.1348,FILLED,211,500
2024-03-19 03:31:07.068,SELL,LIMIT,IOC,9,0.133206,0.13481,FILLED,9,9
2024-03-19 03:31:21.039,SELL,LIMIT,IOC,46,0.133156,0.13471,FILLED,46,46
2024-03-19 03:34:15.043,SELL,LIMIT,IOC,7,0.132828,0.13435,FILLED,7,7
2024-03-19 03:34:17.065,SELL,LIMIT,IOC,331,0.132754,0.134318,FILLED,47,331
2024-03-19 03:34:18.074,SELL,LIMIT,IOC,1,0.132703,0.13432,FILLED,1,1
2024-03-19 03:34:24.051,SELL,LIMIT,IOC,139,0.132674,0.13424,FILLED,136,139
2024-03-19 03:34:25.052,SELL,LIMIT,IOC,1710,0.132663,0.134228,FILLED,438,1710
2024-03-19 03:34:26.055,SELL,LIMIT,IOC,173,0.132638,0.134093,FILLED,154,173
2024-03-19 03:34:37.122,SELL,LIMIT,IOC,1,0.132578,0.13416,FILLED,1,1
2024-03-19 03:37:26.052,SELL,LIMIT,IOC,10,0.132421,0.13391,FILLED,8,10
2024-03-19 03:37:30.039,SELL,LIMIT,IOC,17,0.132307,0.13389,FILLED,17,17
2024-03-19 03:37:32.032,SELL,LIMIT,IOC,309,0.13224,0.133818,FILLED,46,309
2024-03-19 03:37:33.090,SELL,LIMIT,IOC,2634,0.132205,0.133667,FILLED,115,2634
2024-03-19 03:37:34.101,SELL,LIMIT,IOC,2788,0.132088,0.133625,FILLED,1102,2788
2024-03-19 03:38:02.040,SELL,LIMIT,IOC,139,0.132009,0.133537,FILLED,40,139
2024-03-19 03:38:04.050,SELL,LIMIT,IOC,94,0.131912,0.13338,FILLED,94,94
2024-03-19 03:38:05.062,SELL,LIMIT,IOC,14,0.131761,0.133477,FILLED,4,14
2024-03-19 03:39:26.026,SELL,LIMIT,IOC,7,0.131628,0.133211,FILLED,6,7
2024-03-19 03:39:29.094,SELL,LIMIT,IOC,1031,0.131599,0.133115,FILLED,29,1031
2024-03-19 03:39:39.071,SELL,LIMIT,IOC,4,0.131368,0.13287,FILLED,4,4
2024-03-19 03:39:40.117,SELL,LIMIT,IOC,9,0.131345,0.13285,FILLED,9,9
2024-03-19 03:39:42.035,SELL,LIMIT,IOC,5,0.13125,0.13285,FILLED,5,5
2024-03-19 03:39:51.122,SELL,LIMIT,IOC,10,0.13121,0.13278,FILLED,10,10
2024-03-19 03:39:54.068,SELL,LIMIT,IOC,2190,0.13115,0.132649,FILLED,718,2190
2024-03-19 03:39:55.090,SELL,LIMIT,IOC,10,0.131076,0.13269,FILLED,10,10
2024-03-19 03:40:03.034,SELL,LIMIT,IOC,1697,0.130968,0.132529,FILLED,15,1697
2024-03-19 03:41:14.058,SELL,LIMIT,IOC,6,0.130887,0.13241,FILLED,6,6
2024-03-19 05:28:24.078,SELL,LIMIT,IOC,39,0.13083,0.13234,FILLED,39,39
2024-03-19 05:28:27.050,SELL,LIMIT,IOC,43,0.130655,0.13226,FILLED,39,43
2024-03-19 05:29:03.083,SELL,LIMIT,IOC,684,0.130478,0.131972,FILLED,24,684
2024-03-19 05:29:04.087,SELL,LIMIT,IOC,463,0.130379,0.131874,FILLED,2,463
2024-03-19 05:29:06.066,SELL,LIMIT,IOC,289,0.130304,0.13182,FILLED,184,289
2024-03-19 05:29:07.067,SELL,LIMIT,IOC,108,0.130282,0.131797,FILLED,13,108
2024-03-19 05:29:37.072,SELL,LIMIT,IOC,127,0.130164,0.131695,FILLED,53,127
2024-03-19 05:29:38.095,SELL,LIMIT,IOC,105,0.130138,0.131727,FILLED,29,105
2024-03-19 05:29:42.071,SELL,LIMIT,IOC,1712,0.130127,0.131556,FILLED,5,1712
2024-03-19 05:29:43.108,SELL,LIMIT,IOC,11,0.130067,0.1316,FILLED,11,11
2024-03-19 05:29:47.048,SELL,LIMIT,IOC,5,0.129972,0.13148,FILLED,5,5
2024-03-19 05:29:48.061,SELL,LIMIT,IOC,1645,0.129966,0.131468,FILLED,71,1645
2024-03-19 05:29:49.072,SELL,LIMIT,IOC,219,0.129907,0.13147,FILLED,219,219
2024-03-19 05:47:04.099,SELL,LIMIT,IOC,1,0.129754,0.13129,FILLED,1,1
2024-03-19 05:48:17.083,SELL,LIMIT,IOC,8,0.129482,0.13107,FILLED,8,8
2024-03-19 05:48:20.049,SELL,LIMIT,IOC,7,0.129431,0.13099,FILLED,7,7
2024-03-19 05:48:21.067,SELL,LIMIT,IOC,38,0.129415,0.130962,FILLED,28,38
2024-03-19 05:48:25.056,SELL,LIMIT,IOC,4,0.129362,0.13089,FILLED,4,4
2024-03-19 06:43:19.074,SELL,LIMIT,IOC,46,0.12926,0.13074,FILLED,45,46
2024-03-19 06:44:00.102,SELL,LIMIT,IOC,2000,0.129099,0.130564,FILLED,67,2000
2024-03-19 06:44:01.111,SELL,LIMIT,IOC,8,0.129078,0.1306,FILLED,8,8
2024-03-19 06:44:05.072,SELL,LIMIT,IOC,189,0.128956,0.13037,FILLED,85,189
2024-03-19 06:44:10.045,SELL,LIMIT,IOC,50,0.128849,0.13037,FILLED,5,50
2024-03-19 06:45:54.032,SELL,LIMIT,IOC,358,0.128763,0.13029,FILLED,19,358
2024-03-19 06:46:40.107,SELL,LIMIT,IOC,146,0.128552,0.130086,FILLED,8,146
2024-03-19 06:46:45.088,SELL,LIMIT,IOC,86,0.128507,0.13005,FILLED,4,86
2024-03-19 06:47:46.110,SELL,LIMIT,IOC,42,0.128493,0.12995,FILLED,42,42
2024-03-19 06:47:51.078,SELL,LIMIT,IOC,6,0.12845,0.12995,FILLED,6,6
2024-03-19 06:47:54.072,SELL,LIMIT,IOC,3,0.128369,0.12988,FILLED,2,3
2024-03-19 06:48:07.053,SELL,LIMIT,IOC,2,0.128282,0.1298,FILLED,2,2
2024-03-19 06:48:08.084,SELL,LIMIT,IOC,553,0.128264,0.129781,FILLED,15,553
2024-03-19 06:48:14.077,SELL,LIMIT,IOC,22,0.128152,0.12962,FILLED,21,22
2024-03-19 06:48:15.087,SELL,LIMIT,IOC,1,0.128112,0.12962,FILLED,1,1
2024-03-19 06:48:28.047,SELL,LIMIT,IOC,1778,0.128082,0.129546,FILLED,647,1778
2024-03-19 06:48:31.125,SELL,LIMIT,IOC,325,0.127974,0.129393,FILLED,60,325
2024-03-19 06:51:44.084,SELL,LIMIT,IOC,9,0.127795,0.12931,FILLED,9,9
2024-03-19 06:52:15.048,SELL,LIMIT,IOC,1726,0.127745,0.129236,FILLED,127,1726
2024-03-19 06:52:16.071,SELL,LIMIT,IOC,1,0.127735,0.12924,FILLED,1,1
2024-03-19 07:10:03.027,SELL,LIMIT,IOC,3,0.127609,0.12916,FILLED,3,3
2024-03-19 07:10:12.068,SELL,LIMIT,IOC,5,0.127557,0.12899,FILLED,5,5
2024-03-19 07:10:15.088,SELL,LIMIT,IOC,2,0.127475,0.12908,FILLED,2,2
2024-03-19 07:10:18.076,SELL,LIMIT,IOC,164,0.127465,0.128947,FILLED,46,164
2024-03-19 07:10:47.082,SELL,LIMIT,IOC,51,0.127395,0.128871,FILLED,31,51
2024-03-19 07:10:48.083,SELL,LIMIT,IOC,5,0.127352,0.1288,FILLED,5,5
2024-03-19 07:10:50.069,SELL,LIMIT,IOC,1,0.127313,0.12882,FILLED,1,1
2024-03-19 07:10:51.081,SELL,LIMIT,IOC,78,0.127296,0.1288,FILLED,40,78
2024-03-19 07:10:59.019,SELL,LIMIT,IOC,268,0.127246,0.12874,FILLED,221,268
2024-03-19 07:11:02.021,SELL,LIMIT,IOC,4,0.127136,0.1286,FILLED,4,4
2024-03-19 07:12:37.031,SELL,LIMIT,IOC,113,0.127013,0.1284,FILLED,53,113
2024-03-19 07:12:43.076,SELL,LIMIT,IOC,55,0.126833,0.12833,FILLED,8,55
2024-03-19 07:12:44.082,SELL,LIMIT,IOC,12,0.126784,0.12825,FILLED,12,12
2024-03-19 07:12:59.062,SELL,LIMIT,IOC,5,0.126774,0.1283,FILLED,3,5
2024-03-19 07:13:32.066,SELL,LIMIT,IOC,29,0.126668,0.12815,FILLED,29,29
2024-03-19 07:13:34.038,SELL,LIMIT,IOC,116,0.126631,0.12809,FILLED,116,116
2024-03-19 07:13:35.055,SELL,LIMIT,IOC,3,0.126608,0.12808,FILLED,3,3
2024-03-19 07:13:39.070,SELL,LIMIT,IOC,839,0.126558,0.12809,FILLED,3,839
2024-03-19 07:14:02.077,SELL,LIMIT,IOC,75,0.126524,0.1281,FILLED,75,75
2024-03-19 07:14:08.443,SELL,LIMIT,IOC,25,0.126482,0.12788,FILLED,25,25
2024-03-19 07:14:33.067,SELL,LIMIT,IOC,2,0.126335,0.12781,FILLED,2,2
2024-03-19 07:14:36.852,SELL,LIMIT,IOC,19,0.1263,0.1277,FILLED,19,19
2024-03-19 07:14:38.048,SELL,LIMIT,IOC,100,0.126174,0.127584,FILLED,3,100
2024-03-19 07:14:39.070,SELL,LIMIT,IOC,4,0.126069,0.1275,FILLED,4,4
2024-03-19 07:14:40.100,SELL,LIMIT,IOC,146,0.126014,0.12756,FILLED,67,146
2024-03-19 07:14:45.052,SELL,LIMIT,IOC,4,0.12597,0.12741,FILLED,2,4
2024-03-19 07:14:56.027,SELL,LIMIT,IOC,2,0.12582,0.1273,FILLED,2,2
2024-03-19 07:16:10.062,SELL,LIMIT,IOC,4,0.125685,0.12713,FILLED,3,4
2024-03-19 07:16:11.067,SELL,LIMIT,IOC,1258,0.125642,0.127069,FILLED,9,1258
2024-03-19 07:16:26.024,SELL,LIMIT,IOC,60,0.125606,0.12709,FILLED,24,60
2024-03-19 07:16:31.084,SELL,LIMIT,IOC,1,0.125487,0.127,FILLED,1,1
2024-03-19 07:16:43.101,SELL,LIMIT,IOC,2,0.125464,0.12693,FILLED,1,2
2024-03-19 07:16:47.031,SELL,LIMIT,IOC,5,0.125375,0.12681,FILLED,5,5
2024-03-19 07:16:53.059,SELL,LIMIT,IOC,2,0.12526,0.12663,FILLED,2,2
2024-03-19 07:16:57.072,SELL,LIMIT,IOC,43,0.125125,0.126669,FILLED,2,43
2024-03-19 07:17:00.044,SELL,LIMIT,IOC,447,0.125092,0.126516,FILLED,307,447
2024-03-19 07:17:01.060,SELL,LIMIT,IOC,4,0.125049,0.12649,FILLED,3,4
2024-03-19 07:17:02.058,SELL,LIMIT,IOC,5994,0.124994,0.126441,FILLED,631,5994
2024-03-19 07:17:18.044,SELL,LIMIT,IOC,545,0.12489,0.126312,FILLED,43,545
2024-03-19 07:17:19.064,SELL,LIMIT,IOC,11,0.124882,0.12629,FILLED,6,11
2024-03-19 07:17:20.065,SELL,LIMIT,IOC,3,0.124792,0.12618,FILLED,3,3
2024-03-19 07:17:22.059,SELL,LIMIT,IOC,874,0.124652,0.126076,FILLED,2,874
2024-03-19 07:17:25.029,SELL,LIMIT,IOC,811,0.124592,0.126,FILLED,56,811
2024-03-19 07:28:55.084,BUY,LIMIT,IOC,13,0.133727,0.1321,FILLED,13,13
2024-03-19 08:48:26.069,SELL,LIMIT,IOC,23,0.127233,0.12879,FILLED,23,23
2024-03-19 08:50:19.060,SELL,LIMIT,IOC,9,0.12633,0.12771,FILLED,9,9
2024-03-19 09:06:23.253,SELL,LIMIT,IOC,84,0.125288,0.126792,FILLED,23,84
2024-03-19 09:06:45.044,SELL,LIMIT,IOC,7280,0.124742,0.126425,FILLED,216,7280
2024-03-19 09:08:05.045,SELL,LIMIT,IOC,999,0.124779,0.126195,FILLED,224,999
2024-03-19 09:09:05.074,SELL,LIMIT,IOC,789,0.124548,0.126044,FILLED,164,789
2024-03-19 09:11:07.057,SELL,LIMIT,IOC,59,0.124398,0.12591,FILLED,58,59
2024-03-19 09:11:14.059,SELL,LIMIT,IOC,29,0.124309,0.12579,FILLED,29,29
2024-03-19 09:11:17.035,SELL,LIMIT,IOC,24,0.124289,0.12576,FILLED,24,24
2024-03-19 09:11:18.070,SELL,LIMIT,IOC,231,0.124267,0.125751,FILLED,51,231
2024-03-19 09:11:35.021,SELL,LIMIT,IOC,3,0.124238,0.12571,FILLED,1,3
2024-03-19 09:11:37.089,SELL,LIMIT,IOC,336,0.124127,0.125713,FILLED,128,336
2024-03-19 09:11:44.073,SELL,LIMIT,IOC,18,0.124029,0.12546,FILLED,18,18
2024-03-19 09:11:45.078,SELL,LIMIT,IOC,27,0.123986,0.12547,FILLED,27,27
2024-03-19 09:12:08.035,SELL,LIMIT,IOC,136,0.123892,0.12534,FILLED,13,136
2024-03-19 09:12:10.075,SELL,LIMIT,IOC,2,0.12383,0.12525,FILLED,1,2
2024-03-19 10:47:53.019,SELL,LIMIT,IOC,18,0.12538,0.12695,FILLED,18,18
2024-03-19 11:10:29.062,SELL,LIMIT,IOC,51,0.124972,0.12639,FILLED,50,51
2024-03-19 11:47:35.041,BUY,LIMIT,IOC,636,0.131007,0.129503,FILLED,205,636
2024-03-19 11:57:12.034,BUY,LIMIT,IOC,165,0.132251,0.13076,FILLED,99,165
2024-03-19 12:02:09.304,BUY,LIMIT,IOC,738,0.132866,0.131354,FILLED,184,738
2024-03-19 12:11:18.018,BUY,LIMIT,IOC,41,0.134093,0.13253,FILLED,41,41
2024-03-19 14:10:20.031,SELL,LIMIT,IOC,31,0.127232,0.1287,FILLED,31,31
2024-03-19 15:32:28.093,BUY,LIMIT,IOC,73,0.134376,0.132955,FILLED,39,73
2024-03-19 15:43:35.033,BUY,LIMIT,IOC,32,0.135812,0.13424,FILLED,23,32
2024-03-19 16:07:53.083,BUY,LIMIT,IOC,1,0.136897,0.13534,FILLED,1,1
2024-03-19 16:10:15.063,BUY,LIMIT,IOC,3,0.137227,0.1356,FILLED,3,3
2024-03-19 17:13:52.053,BUY,LIMIT,IOC,10,0.137256,0.13562,FILLED,10,10
2024-03-19 19:19:20.068,BUY,LIMIT,IOC,158,0.137617,0.136,FILLED,112,158
2024-03-19 20:23:06.085,SELL,LIMIT,IOC,35,0.130313,0.13184,FILLED,35,35
2024-03-19 20:23:28.071,SELL,LIMIT,IOC,1734,0.13023,0.131637,FILLED,552,1734
2024-03-19 20:26:05.045,SELL,LIMIT,IOC,5,0.129878,0.13143,FILLED,5,5
2024-03-19 22:12:08.014,SELL,LIMIT,IOC,108,0.129067,0.13053,FILLED,72,108
2024-03-19 22:12:43.105,SELL,LIMIT,IOC,106,0.12894,0.13044,FILLED,106,106
2024-03-19 22:15:43.101,SELL,LIMIT,IOC,2,0.128668,0.13017,FILLED,2,2
2024-03-19 22:16:23.102,SELL,LIMIT,IOC,1,0.128563,0.13012,FILLED,1,1
2024-03-19 22:19:33.050,SELL,LIMIT,IOC,2,0.128161,0.12969,FILLED,2,2
2024-03-19 22:20:12.049,SELL,LIMIT,IOC,2221,0.128062,0.129497,FILLED,385,2221
2024-03-19 22:21:19.048,SELL,LIMIT,IOC,260,0.127741,0.12922,FILLED,259,260
2024-03-19 22:21:24.059,SELL,LIMIT,IOC,934,0.127604,0.129075,FILLED,206,934
2024-03-19 22:22:59.094,SELL,LIMIT,IOC,18,0.127466,0.129,FILLED,18,18
2024-03-19 22:23:40.058,SELL,LIMIT,IOC,13,0.127278,0.12884,FILLED,13,13
2024-03-19 22:28:46.062,SELL,LIMIT,IOC,60,0.12713,0.12862,FILLED,45,60
2024-03-19 22:28:54.059,SELL,LIMIT,IOC,2,0.126948,0.12844,FILLED,2,2
2024-03-19 23:03:37.048,SELL,LIMIT,IOC,17,0.126726,0.12815,FILLED,17,17
2024-03-19 23:03:46.048,SELL,LIMIT,IOC,75,0.126586,0.128032,FILLED,4,75
2024-03-19 23:03:47.092,SELL,LIMIT,IOC,38,0.126538,0.128013,FILLED,18,38
2024-03-19 23:07:17.105,SELL,LIMIT,IOC,18,0.126042,0.12757,FILLED,18,18
2024-03-19 23:07:26.090,SELL,LIMIT,IOC,2,0.125958,0.12746,FILLED,2,2
2024-03-19 23:13:41.094,SELL,LIMIT,IOC,15,0.125693,0.12717,FILLED,15,15
2024-03-19 23:14:42.065,SELL,LIMIT,IOC,29,0.125356,0.12688,FILLED,29,29
2024-03-19 23:22:40.105,SELL,LIMIT,IOC,936,0.125335,0.126828,FILLED,74,936
2024-03-20 01:40:53.063,SELL,LIMIT,IOC,335,0.125637,0.12669,FILLED,335,335
2024-03-20 01:40:54.093,SELL,LIMIT,IOC,1416,0.125241,0.126792,FILLED,655,1416
2024-03-20 01:58:09.055,SELL,LIMIT,IOC,5,0.125032,0.12651,FILLED,5,5
2024-03-20 01:58:12.077,SELL,LIMIT,IOC,16,0.124955,0.126419,FILLED,1,16
2024-03-20 04:32:52.022,SELL,LIMIT,IOC,19,0.124402,0.12583,FILLED,18,19
2024-03-20 04:33:40.074,SELL,LIMIT,IOC,46,0.124259,0.12563,FILLED,46,46
2024-03-20 04:33:43.042,SELL,LIMIT,IOC,168,0.124149,0.12563,FILLED,30,168
2024-03-20 04:35:28.050,SELL,LIMIT,IOC,130,0.123756,0.12523,FILLED,31,130
2024-03-20 04:36:12.090,SELL,LIMIT,IOC,241,0.123671,0.125148,FILLED,31,241
2024-03-20 04:36:40.065,SELL,LIMIT,IOC,2,0.123618,0.12505,FILLED,2,2
2024-03-20 04:36:41.097,SELL,LIMIT,IOC,135,0.123579,0.125,FILLED,135,135
2024-03-20 04:38:33.054,SELL,LIMIT,IOC,425,0.123433,0.124791,FILLED,152,425
2024-03-20 04:38:35.069,SELL,LIMIT,IOC,24,0.123315,0.12473,FILLED,22,24
2024-03-20 04:38:36.069,SELL,LIMIT,IOC,21,0.123267,0.12471,FILLED,21,21
2024-03-20 05:16:38.104,SELL,LIMIT,IOC,211,0.123169,0.12459,FILLED,141,211
2024-03-20 05:22:39.078,SELL,LIMIT,IOC,300,0.123085,0.12455,FILLED,300,300
2024-03-20 05:23:04.083,SELL,LIMIT,IOC,27,0.123048,0.1245,FILLED,26,27
2024-03-20 05:23:07.032,SELL,LIMIT,IOC,420,0.122967,0.124304,FILLED,151,420
2024-03-20 05:23:08.084,SELL,LIMIT,IOC,214,0.122834,0.124123,FILLED,59,214
2024-03-20 05:23:20.030,SELL,LIMIT,IOC,507,0.122734,0.124088,FILLED,86,507
2024-03-20 05:23:21.030,SELL,LIMIT,IOC,10,0.122675,0.12409,FILLED,8,10
2024-03-20 05:23:29.043,SELL,LIMIT,IOC,1,0.12261,0.12403,FILLED,1,1
2024-03-20 05:23:30.243,SELL,LIMIT,IOC,24,0.122588,0.12395,FILLED,22,24
2024-03-20 05:23:33.077,SELL,LIMIT,IOC,18,0.12247,0.1239,FILLED,18,18
2024-03-20 05:23:35.043,SELL,LIMIT,IOC,500,0.122423,0.123813,FILLED,1,500
2024-03-20 05:23:42.084,SELL,LIMIT,IOC,6051,0.122394,0.123795,FILLED,155,6051
2024-03-20 05:23:49.053,SELL,LIMIT,IOC,47,0.122296,0.123676,FILLED,12,47
2024-03-20 05:23:50.062,SELL,LIMIT,IOC,4822,0.122216,0.123566,FILLED,453,4822
2024-03-20 05:23:54.086,SELL,LIMIT,IOC,1,0.122171,0.12366,FILLED,1,1
2024-03-20 05:23:55.090,SELL,LIMIT,IOC,56,0.122134,0.123558,FILLED,12,56
2024-03-20 05:24:16.063,SELL,LIMIT,IOC,133,0.122078,0.122592,FILLED,83,133
2024-03-20 05:24:18.039,SELL,LIMIT,IOC,95,0.121942,0.123097,FILLED,11,95
2024-03-20 05:26:22.076,SELL,LIMIT,IOC,78,0.121707,0.12314,FILLED,48,78
2024-03-20 05:26:29.073,SELL,LIMIT,IOC,100,0.121569,0.122987,FILLED,17,100
2024-03-20 05:26:30.077,SELL,LIMIT,IOC,10,0.121537,0.123,FILLED,10,10
2024-03-20 05:26:40.034,SELL,LIMIT,IOC,4,0.121523,0.12293,FILLED,4,4
2024-03-20 05:26:41.094,SELL,LIMIT,IOC,5,0.12147,0.12291,FILLED,5,5
2024-03-20 05:26:43.096,SELL,LIMIT,IOC,95,0.121386,0.12285,FILLED,95,95
2024-03-20 07:12:42.120,BUY,LIMIT,IOC,1,0.130525,0.12897,FILLED,1,1
2024-03-20 07:13:27.045,BUY,LIMIT,IOC,45,0.130634,0.129119,FILLED,42,45
2024-03-20 07:18:54.037,BUY,LIMIT,IOC,4,0.13124,0.1297,FILLED,4,4
2024-03-20 07:19:51.082,BUY,LIMIT,IOC,18,0.131377,0.12985,FILLED,16,18
2024-03-20 07:28:37.072,BUY,LIMIT,IOC,5,0.134113,0.1327,FILLED,5,5
2024-03-20 07:51:27.089,BUY,LIMIT,IOC,14,0.136217,0.13484,FILLED,13,14
2024-03-20 08:11:17.074,BUY,LIMIT,IOC,65,0.136672,0.13516,FILLED,56,65
2024-03-20 11:21:32.090,BUY,LIMIT,IOC,73,0.137263,0.1354,FILLED,73,73
2024-03-20 11:22:17.043,BUY,LIMIT,IOC,30,0.137349,0.13555,FILLED,30,30
2024-03-20 15:43:13.045,SELL,LIMIT,IOC,39,0.13023,0.13178,FILLED,39,39
2024-03-20 16:23:35.067,SELL,LIMIT,IOC,1,0.129659,0.13117,FILLED,1,1
2024-03-20 16:23:56.033,SELL,LIMIT,IOC,8,0.129411,0.13093,FILLED,8,8
2024-03-20 16:24:00.109,SELL,LIMIT,IOC,16,0.129391,0.13094,FILLED,16,16
2024-03-20 16:24:03.070,SELL,LIMIT,IOC,8,0.129309,0.13081,FILLED,8,8
2024-03-20 16:24:07.043,SELL,LIMIT,IOC,1,0.129183,0.13063,FILLED,1,1
2024-03-20 16:25:46.063,SELL,LIMIT,IOC,1084,0.128894,0.130429,FILLED,32,1084
2024-03-20 16:25:53.107,SELL,LIMIT,IOC,55,0.128839,0.13028,FILLED,38,55
2024-03-20 16:27:05.062,SELL,LIMIT,IOC,8,0.128524,0.12998,FILLED,8,8
2024-03-20 16:27:08.070,SELL,LIMIT,IOC,5,0.128361,0.12992,FILLED,5,5
2024-03-20 16:27:30.025,SELL,LIMIT,IOC,30,0.128113,0.12957,FILLED,29,30
2024-03-20 16:27:57.051,SELL,LIMIT,IOC,27,0.127657,0.12913,FILLED,27,27
2024-03-20 16:28:55.083,SELL,LIMIT,IOC,8,0.127002,0.12832,FILLED,8,8
2024-03-20 16:30:27.067,SELL,LIMIT,IOC,5,0.126975,0.1284,FILLED,5,5
2024-03-20 16:30:29.057,SELL,LIMIT,IOC,4,0.126939,0.12831,FILLED,4,4
2024-03-20 16:30:30.094,SELL,LIMIT,IOC,10,0.126802,0.12833,FILLED,10,10
2024-03-20 16:30:53.022,SELL,LIMIT,IOC,802,0.126701,0.128201,FILLED,21,802
2024-03-20 16:31:12.054,SELL,LIMIT,IOC,3,0.126678,0.1282,FILLED,3,3
2024-03-20 16:31:59.049,SELL,LIMIT,IOC,3,0.126161,0.12769,FILLED,3,3
2024-03-20 16:33:19.049,SELL,LIMIT,IOC,124,0.125943,0.127242,FILLED,119,124
2024-03-20 16:33:21.063,SELL,LIMIT,IOC,257,0.125695,0.127135,FILLED,103,257
2024-03-20 17:15:31.089,BUY,LIMIT,IOC,92,0.133928,0.132558,FILLED,73,92
2024-03-20 18:00:22.046,BUY,LIMIT,IOC,86,0.135882,0.13434,FILLED,18,86
2024-03-20 18:05:12.030,BUY,LIMIT,IOC,64,0.136492,0.13492,FILLED,26,64
2024-03-20 18:07:03.075,BUY,LIMIT,IOC,1533,0.137221,0.135597,FILLED,466,1533
2024-03-20 18:14:12.039,BUY,LIMIT,IOC,90,0.137837,0.136213,FILLED,31,90
2024-03-20 18:29:03.073,BUY,LIMIT,IOC,1932,0.138122,0.136559,FILLED,53,1932
2024-03-20 18:29:12.099,BUY,LIMIT,IOC,6,0.138208,0.13672,FILLED,5,6
2024-03-20 18:29:13.123,BUY,LIMIT,IOC,17,0.138283,0.1368,FILLED,17,17
2024-03-20 18:30:39.048,BUY,LIMIT,IOC,641,0.138674,0.137199,FILLED,602,641
2024-03-20 18:31:21.050,BUY,LIMIT,IOC,10,0.138999,0.1374,FILLED,4,10
2024-03-20 18:36:22.103,BUY,LIMIT,IOC,10,0.139421,0.13779,FILLED,10,10
2024-03-20 18:37:21.044,BUY,LIMIT,IOC,2,0.14044,0.13874,FILLED,2,2
2024-03-20 18:37:45.067,BUY,LIMIT,IOC,900,0.140654,0.139004,FILLED,17,900
2024-03-20 18:56:43.069,BUY,LIMIT,IOC,6,0.141663,0.14,FILLED,4,6
2024-03-20 18:56:46.090,BUY,LIMIT,IOC,3,0.141711,0.14006,FILLED,3,3
2024-03-20 18:59:17.030,BUY,LIMIT,IOC,8,0.142042,0.140478,FILLED,1,8
2024-03-20 18:59:35.108,BUY,LIMIT,IOC,113,0.142273,0.14056,FILLED,69,113
2024-03-20 19:12:26.080,BUY,LIMIT,IOC,161,0.142882,0.141266,FILLED,101,161
2024-03-20 19:12:46.039,BUY,LIMIT,IOC,4,0.143233,0.14161,FILLED,4,4
2024-03-20 19:13:26.035,BUY,LIMIT,IOC,2,0.143698,0.14202,FILLED,2,2
2024-03-20 19:33:33.102,BUY,LIMIT,IOC,9,0.143913,0.14217,FILLED,9,9
2024-03-20 19:34:09.084,BUY,LIMIT,IOC,102,0.144118,0.14246,FILLED,21,102
2024-03-20 19:34:25.033,BUY,LIMIT,IOC,1,0.144872,0.14432,FILLED,1,1
2024-03-20 19:34:27.031,BUY,LIMIT,IOC,217,0.146122,0.146122,FILLED,217,217
2024-03-20 19:34:59.042,BUY,LIMIT,IOC,280,0.148151,0.146754,FILLED,14,280
2024-03-20 19:35:03.078,BUY,LIMIT,IOC,267,0.148844,0.14743,FILLED,43,267
2024-03-20 19:46:47.089,BUY,LIMIT,IOC,42,0.14945,0.14765,FILLED,23,42
2024-03-20 20:28:50.068,BUY,LIMIT,IOC,303,0.152373,0.151036,FILLED,95,303
2024-03-20 20:29:39.063,BUY,LIMIT,IOC,7,0.15335,0.15173,FILLED,7,7
2024-03-20 20:29:54.076,BUY,LIMIT,IOC,64,0.153861,0.152006,FILLED,6,64
2024-03-20 22:56:49.045,BUY,LIMIT,IOC,9,0.153461,0.15167,FILLED,9,9
2024-03-20 23:06:40.067,BUY,LIMIT,IOC,3,0.154038,0.15223,FILLED,3,3
2024-03-20 23:07:13.027,BUY,LIMIT,IOC,71,0.154508,0.152671,FILLED,1,71
2024-03-20 23:07:14.062,BUY,LIMIT,IOC,6,0.154547,0.15282,FILLED,6,6
2024-03-20 23:07:16.067,BUY,LIMIT,IOC,25,0.154774,0.15289,FILLED,25,25
2024-03-21 05:10:41.053,SELL,LIMIT,IOC,80,0.146653,0.148348,FILLED,8,80
2024-03-21 05:10:46.101,SELL,LIMIT,IOC,13,0.146512,0.14825,FILLED,11,13
2024-03-21 05:16:13.031,SELL,LIMIT,IOC,16,0.146182,0.14795,FILLED,16,16
2024-03-21 05:21:37.090,SELL,LIMIT,IOC,1529,0.145422,0.147109,FILLED,58,1529
2024-03-21 05:22:02.068,SELL,LIMIT,IOC,46,0.1452,0.14694,FILLED,46,46
2024-03-21 05:22:24.067,SELL,LIMIT,IOC,51,0.145113,0.14691,FILLED,51,51
2024-03-21 06:57:34.048,BUY,LIMIT,IOC,65,0.153624,0.15193,FILLED,14,65
2024-03-21 07:58:47.074,BUY,LIMIT,IOC,535,0.155982,0.154471,FILLED,218,535
2024-03-21 08:02:01.037,BUY,LIMIT,IOC,29,0.156648,0.15495,FILLED,29,29
2024-03-21 08:04:56.065,BUY,LIMIT,IOC,18,0.157196,0.15569,FILLED,18,18
2024-03-21 08:06:29.031,BUY,LIMIT,IOC,659,0.158075,0.156394,FILLED,36,659
2024-03-21 08:06:32.066,BUY,LIMIT,IOC,61,0.158257,0.15637,FILLED,23,61
2024-03-21 08:06:41.044,BUY,LIMIT,IOC,38,0.15839,0.15666,FILLED,38,38
2024-03-21 08:06:42.056,BUY,LIMIT,IOC,18,0.158473,0.1567,FILLED,18,18
2024-03-21 08:06:47.027,BUY,LIMIT,IOC,714,0.158594,0.156998,FILLED,150,714
2024-03-21 08:06:49.078,BUY,LIMIT,IOC,478,0.158826,0.157002,FILLED,28,478
2024-03-21 08:06:54.020,BUY,LIMIT,IOC,3,0.159373,0.1577,FILLED,2,3
2024-03-21 08:06:55.071,BUY,LIMIT,IOC,492,0.159582,0.157757,FILLED,47,492
2024-03-21 09:38:50.072,SELL,LIMIT,IOC,72,0.150332,0.1521,FILLED,64,72
2024-03-21 09:38:58.055,SELL,LIMIT,IOC,97,0.150254,0.15205,FILLED,95,97
2024-03-21 09:41:08.092,SELL,LIMIT,IOC,25,0.149958,0.15169,FILLED,22,25
2024-03-21 10:37:11.093,SELL,LIMIT,IOC,37,0.149079,0.15081,FILLED,37,37
2024-03-21 14:37:06.054,BUY,LIMIT,IOC,9,0.157755,0.15604,FILLED,7,9
2024-03-21 14:37:08.048,BUY,LIMIT,IOC,37,0.157956,0.15617,FILLED,37,37
2024-03-21 14:37:16.043,BUY,LIMIT,IOC,36,0.158366,0.15653,FILLED,36,36
2024-03-21 15:15:07.091,SELL,LIMIT,IOC,62,0.151123,0.152892,FILLED,39,62
2024-03-21 15:37:40.105,SELL,LIMIT,IOC,42,0.150015,0.15179,FILLED,42,42
2024-03-21 16:11:00.050,BUY,LIMIT,IOC,2,0.159516,0.15771,FILLED,2,2
2024-03-21 16:26:45.043,BUY,LIMIT,IOC,1813,0.160346,0.158555,FILLED,74,1813
2024-03-21 16:27:21.025,BUY,LIMIT,IOC,124,0.160699,0.158899,FILLED,40,124
2024-03-21 17:10:01.106,BUY,LIMIT,IOC,9,0.161176,0.15952,FILLED,9,9
2024-03-21 17:26:32.039,SELL,LIMIT,IOC,86,0.152961,0.154667,FILLED,23,86
2024-03-21 17:26:36.087,SELL,LIMIT,IOC,12,0.152714,0.1545,FILLED,12,12
2024-03-21 17:29:44.104,SELL,LIMIT,IOC,30,0.152149,0.15335,FILLED,30,30
2024-03-21 17:29:45.112,SELL,LIMIT,IOC,6,0.151617,0.153076,FILLED,4,6
2024-03-21 17:29:54.091,SELL,LIMIT,IOC,4,0.151162,0.15295,FILLED,4,4
2024-03-21 18:03:12.036,SELL,LIMIT,IOC,1,0.149693,0.15141,FILLED,1,1
2024-03-21 18:06:20.062,SELL,LIMIT,IOC,134,0.149076,0.150984,FILLED,68,134
2024-03-21 18:11:21.069,SELL,LIMIT,IOC,1,0.148821,0.15054,FILLED,1,1
2024-03-21 18:35:50.020,SELL,LIMIT,IOC,1,0.147839,0.14967,FILLED,1,1
2024-03-21 18:44:04.040,SELL,LIMIT,IOC,1,0.147378,0.14909,FILLED,1,1
2024-03-21 18:44:20.109,SELL,LIMIT,IOC,52,0.147161,0.14888,FILLED,52,52
2024-03-21 18:44:39.083,SELL,LIMIT,IOC,3816,0.146821,0.148628,FILLED,148,3816
2024-03-21 23:35:10.052,BUY,LIMIT,IOC,228,0.158793,0.156936,FILLED,13,228
2024-03-22 00:29:27.040,BUY,LIMIT,IOC,2,0.159881,0.15809,FILLED,2,2
2024-03-22 01:40:15.087,SELL,LIMIT,IOC,4688,0.150562,0.152331,FILLED,7,4688
2024-03-22 01:51:09.030,SELL,LIMIT,IOC,19,0.150102,0.15184,FILLED,18,19
2024-03-22 03:38:16.072,BUY,LIMIT,IOC,11,0.16084,0.15949,FILLED,11,11
2024-03-22 06:15:59.061,BUY,LIMIT,IOC,91,0.162038,0.160288,FILLED,81,91
2024-03-22 06:16:06.059,BUY,LIMIT,IOC,2,0.162179,0.16068,FILLED,2,2
2024-03-22 06:16:07.081,BUY,LIMIT,IOC,21,0.162332,0.16072,FILLED,21,21
2024-03-22 06:16:08.092,BUY,LIMIT,IOC,21,0.162512,0.160827,FILLED,15,21
2024-03-22 06:24:58.080,BUY,LIMIT,IOC,248,0.162701,0.160921,FILLED,145,248
2024-03-22 06:26:54.056,BUY,LIMIT,IOC,158,0.162988,0.161049,FILLED,12,158
2024-03-22 06:27:08.087,BUY,LIMIT,IOC,15,0.163028,0.161296,FILLED,4,15
2024-03-22 06:36:19.097,BUY,LIMIT,IOC,6,0.163858,0.16193,FILLED,6,6
2024-03-22 06:39:51.083,BUY,LIMIT,IOC,15,0.16459,0.16292,FILLED,9,15
2024-03-22 06:39:55.028,BUY,LIMIT,IOC,349,0.16533,0.163531,FILLED,103,349
2024-03-22 06:40:16.077,BUY,LIMIT,IOC,1,0.165561,0.16396,FILLED,1,1
2024-03-22 06:40:37.069,BUY,LIMIT,IOC,43,0.166621,0.16473,FILLED,43,43
2024-03-22 06:40:39.034,BUY,LIMIT,IOC,26,0.166706,0.16477,FILLED,23,26
2024-03-22 10:14:43.050,SELL,LIMIT,IOC,374,0.15697,0.158812,FILLED,57,374
2024-03-22 11:37:23.082,SELL,LIMIT,IOC,2,0.15572,0.15758,FILLED,1,2
2024-03-22 11:37:30.031,SELL,LIMIT,IOC,20,0.155646,0.15735,FILLED,20,20
2024-03-22 11:47:07.060,SELL,LIMIT,IOC,3,0.154791,0.15662,FILLED,1,3
2024-03-22 11:48:41.082,SELL,LIMIT,IOC,4,0.154411,0.15624,FILLED,2,4
2024-03-22 11:48:44.059,SELL,LIMIT,IOC,4,0.154314,0.15612,FILLED,4,4
2024-03-22 11:54:45.059,SELL,LIMIT,IOC,8,0.153708,0.15556,FILLED,8,8
2024-03-22 11:55:54.074,SELL,LIMIT,IOC,4,0.153384,0.15518,FILLED,4,4
2024-03-22 12:49:06.063,SELL,LIMIT,IOC,2,0.152931,0.15472,FILLED,1,2
2024-03-22 12:51:19.076,SELL,LIMIT,IOC,98,0.152801,0.15455,FILLED,46,98
2024-03-22 12:51:58.088,SELL,LIMIT,IOC,37,0.152517,0.15435,FILLED,37,37
2024-03-22 13:03:59.038,SELL,LIMIT,IOC,15,0.151987,0.1538,FILLED,13,15
2024-03-22 13:04:04.061,SELL,LIMIT,IOC,1,0.151863,0.15379,FILLED,1,1
2024-03-22 13:09:02.029,SELL,LIMIT,IOC,1019,0.151257,0.151822,FILLED,411,1019
2024-03-22 13:09:03.066,SELL,LIMIT,IOC,7,0.151149,0.15213,FILLED,7,7
2024-03-22 13:09:04.070,SELL,LIMIT,IOC,1,0.150441,0.15215,FILLED,1,1
2024-03-22 13:09:42.022,SELL,LIMIT,IOC,3,0.150406,0.1522,FILLED,3,3
2024-03-22 13:12:16.024,SELL,LIMIT,IOC,5,0.149843,0.15172,FILLED,5,5
2024-03-22 13:22:06.065,SELL,LIMIT,IOC,39,0.149571,0.15135,FILLED,39,39
2024-03-22 13:22:26.034,SELL,LIMIT,IOC,3,0.149363,0.15109,FILLED,3,3
2024-03-22 13:34:19.059,SELL,LIMIT,IOC,195,0.149115,0.150867,FILLED,40,195
2024-03-22 13:34:20.078,SELL,LIMIT,IOC,216,0.148762,0.1501,FILLED,216,216
2024-03-22 13:36:47.099,SELL,LIMIT,IOC,4741,0.148372,0.14994,FILLED,494,4741
2024-03-22 13:36:49.028,SELL,LIMIT,IOC,1,0.148297,0.15008,FILLED,1,1
2024-03-22 13:37:27.078,SELL,LIMIT,IOC,30,0.148276,0.150024,FILLED,5,30
2024-03-22 13:42:53.041,SELL,LIMIT,IOC,250,0.147889,0.1496,FILLED,69,250
2024-03-22 13:49:17.048,SELL,LIMIT,IOC,67,0.147458,0.14921,FILLED,36,67
2024-03-22 13:49:30.109,SELL,LIMIT,IOC,124,0.147362,0.149064,FILLED,29,124
2024-03-22 13:52:00.073,SELL,LIMIT,IOC,488,0.14714,0.148835,FILLED,128,488
2024-03-22 13:58:14.035,SELL,LIMIT,IOC,69,0.146701,0.148449,FILLED,3,69
2024-03-22 13:58:28.047,SELL,LIMIT,IOC,1,0.146662,0.14838,FILLED,1,1
2024-03-22 13:58:50.097,SELL,LIMIT,IOC,20,0.146313,0.14807,FILLED,20,20
2024-03-22 13:59:15.078,SELL,LIMIT,IOC,1000,0.146257,0.14798,FILLED,241,1000
2024-03-22 13:59:18.050,SELL,LIMIT,IOC,12,0.146085,0.14783,FILLED,12,12
2024-03-22 14:15:35.039,SELL,LIMIT,IOC,148,0.145395,0.14718,FILLED,148,148
2024-03-22 14:16:12.025,SELL,LIMIT,IOC,4,0.145239,0.147,FILLED,4,4
2024-03-22 14:22:27.060,SELL,LIMIT,IOC,1,0.144995,0.14674,FILLED,1,1
2024-03-22 14:23:20.041,SELL,LIMIT,IOC,4,0.14476,0.1465,FILLED,4,4
2024-03-22 14:47:32.032,SELL,LIMIT,IOC,14,0.143954,0.14567,FILLED,14,14
2024-03-22 14:47:33.059,SELL,LIMIT,IOC,8038,0.143775,0.145596,FILLED,351,8038
2024-03-22 15:28:24.084,BUY,LIMIT,IOC,50,0.152102,0.15042,FILLED,45,50
2024-03-23 00:40:02.072,BUY,LIMIT,IOC,250,0.155626,0.15385,FILLED,4,250
2024-03-23 00:43:49.071,BUY,LIMIT,IOC,1,0.156295,0.15448,FILLED,1,1
2024-03-23 00:43:51.047,BUY,LIMIT,IOC,20,0.156309,0.15446,FILLED,20,20
2024-03-23 01:02:15.039,BUY,LIMIT,IOC,30,0.157295,0.15548,FILLED,30,30
2024-03-23 01:03:38.087,BUY,LIMIT,IOC,22,0.157487,0.15571,FILLED,22,22
2024-03-23 01:03:46.068,BUY,LIMIT,IOC,1714,0.157635,0.155889,FILLED,160,1714
2024-03-23 01:13:39.033,BUY,LIMIT,IOC,40,0.158943,0.15724,FILLED,1,40
2024-03-23 01:13:41.092,BUY,LIMIT,IOC,14,0.159213,0.1574,FILLED,14,14
2024-03-23 01:25:21.025,BUY,LIMIT,IOC,192,0.15983,0.157979,FILLED,47,192
2024-03-23 01:25:55.017,BUY,LIMIT,IOC,14,0.160082,0.15825,FILLED,14,14
2024-03-23 01:26:48.092,BUY,LIMIT,IOC,191,0.160291,0.158543,FILLED,75,191
2024-03-23 01:27:21.044,BUY,LIMIT,IOC,384,0.160617,0.15872,FILLED,325,384
2024-03-23 01:28:16.021,BUY,LIMIT,IOC,36,0.161001,0.15926,FILLED,36,36
2024-03-23 01:28:17.060,BUY,LIMIT,IOC,62,0.161113,0.159299,FILLED,55,62
2024-03-23 01:32:43.073,BUY,LIMIT,IOC,1,0.161473,0.15954,FILLED,1,1
2024-03-23 01:32:53.051,BUY,LIMIT,IOC,160,0.161505,0.159613,FILLED,51,160
2024-03-23 01:43:48.049,BUY,LIMIT,IOC,27,0.162417,0.1606,FILLED,21,27
2024-03-23 01:44:49.054,BUY,LIMIT,IOC,13,0.162631,0.16057,FILLED,13,13
2024-03-23 01:45:09.028,BUY,LIMIT,IOC,30,0.162836,0.160818,FILLED,21,30
2024-03-23 01:47:39.077,BUY,LIMIT,IOC,150,0.166488,0.164585,FILLED,25,150
2024-03-23 01:47:41.047,BUY,LIMIT,IOC,3079,0.166666,0.164858,FILLED,473,3079
2024-03-23 02:08:07.043,BUY,LIMIT,IOC,50,0.166889,0.164913,FILLED,18,50
2024-03-23 02:31:01.090,SELL,LIMIT,IOC,1,0.158149,0.16016,FILLED,1,1
2024-03-23 03:17:44.060,SELL,LIMIT,IOC,1786,0.155653,0.157474,FILLED,143,1786
2024-03-23 03:17:46.084,SELL,LIMIT,IOC,4,0.155563,0.15748,FILLED,4,4
2024-03-23 04:23:21.055,BUY,LIMIT,IOC,1,0.164028,0.16208,FILLED,1,1
2024-03-23 07:19:22.102,BUY,LIMIT,IOC,122,0.165454,0.16346,FILLED,10,122
2024-03-23 12:32:27.102,BUY,LIMIT,IOC,5,0.167219,0.1653,FILLED,5,5
2024-03-23 12:32:30.037,BUY,LIMIT,IOC,1,0.167438,0.16545,FILLED,1,1
2024-03-23 12:37:19.067,BUY,LIMIT,IOC,1,0.167982,0.16642,FILLED,1,1
2024-03-23 12:42:03.106,BUY,LIMIT,IOC,659,0.169044,0.167182,FILLED,12,659
2024-03-23 12:47:51.040,BUY,LIMIT,IOC,3,0.169776,0.1678,FILLED,3,3
2024-03-23 12:54:22.054,BUY,LIMIT,IOC,12,0.170138,0.16818,FILLED,12,12
2024-03-23 12:54:48.051,BUY,LIMIT,IOC,33,0.170407,0.168465,FILLED,17,33
2024-03-23 16:40:32.100,BUY,LIMIT,IOC,943,0.17095,0.169152,FILLED,85,943
2024-03-23 16:40:51.069,BUY,LIMIT,IOC,11,0.171531,0.16968,FILLED,11,11
2024-03-23 16:48:07.089,BUY,LIMIT,IOC,7,0.172358,0.17047,FILLED,7,7
2024-03-23 16:48:45.116,BUY,LIMIT,IOC,442,0.173129,0.171175,FILLED,2,442
2024-03-23 16:50:13.047,BUY,LIMIT,IOC,1,0.173668,0.1717,FILLED,1,1
2024-03-23 16:50:20.078,BUY,LIMIT,IOC,3,0.173771,0.1719,FILLED,3,3
2024-03-23 16:57:28.073,BUY,LIMIT,IOC,15,0.174771,0.17269,FILLED,15,15
2024-03-23 16:57:30.113,BUY,LIMIT,IOC,12,0.174901,0.172828,FILLED,10,12
2024-03-23 17:00:01.071,BUY,LIMIT,IOC,1981,0.174976,0.172912,FILLED,437,1981
2024-03-23 17:00:47.080,BUY,LIMIT,IOC,1,0.175265,0.17319,FILLED,1,1
2024-03-23 20:27:23.045,SELL,LIMIT,IOC,21,0.166543,0.16843,FILLED,21,21
2024-03-23 21:21:47.041,SELL,LIMIT,IOC,24,0.166119,0.16806,FILLED,24,24
2024-03-23 21:26:26.061,SELL,LIMIT,IOC,2,0.165719,0.16753,FILLED,2,2
2024-03-23 21:26:30.086,SELL,LIMIT,IOC,42,0.165388,0.167242,FILLED,24,42
2024-03-23 21:26:41.088,SELL,LIMIT,IOC,1,0.164775,0.16684,FILLED,1,1
2024-03-23 21:26:47.093,SELL,LIMIT,IOC,3,0.164706,0.16671,FILLED,3,3
2024-03-23 22:12:57.116,SELL,LIMIT,IOC,1140,0.164603,0.166615,FILLED,116,1140
2024-03-23 22:15:04.075,SELL,LIMIT,IOC,17,0.164461,0.166421,FILLED,15,17
2024-03-23 22:49:40.056,SELL,LIMIT,IOC,42,0.163491,0.16544,FILLED,42,42
2024-03-23 23:09:16.031,SELL,LIMIT,IOC,71,0.163189,0.16515,FILLED,71,71
2024-03-23 23:22:20.095,SELL,LIMIT,IOC,876,0.162781,0.164702,FILLED,50,876
2024-03-23 23:26:30.036,SELL,LIMIT,IOC,4,0.162598,0.1644,FILLED,4,4
2024-03-23 23:29:02.056,SELL,LIMIT,IOC,68,0.162366,0.16429,FILLED,61,68
2024-03-23 23:35:48.110,SELL,LIMIT,IOC,29,0.161832,0.16376,FILLED,23,29
2024-03-23 23:47:53.064,SELL,LIMIT,IOC,192,0.160476,0.16237,FILLED,192,192
2024-03-23 23:48:38.028,SELL,LIMIT,IOC,6304,0.159733,0.161214,FILLED,1,6304
2024-03-23 23:48:39.036,SELL,LIMIT,IOC,7,0.159555,0.16133,FILLED,7,7
2024-03-24 00:00:19.079,SELL,LIMIT,IOC,346,0.159513,0.16133,FILLED,1,346
2024-03-24 00:00:25.059,SELL,LIMIT,IOC,27,0.159362,0.16126,FILLED,25,27
2024-03-24 02:55:12.033,BUY,LIMIT,IOC,1178,0.172861,0.170834,FILLED,51,1178
2024-03-24 02:55:17.031,BUY,LIMIT,IOC,43,0.173109,0.171338,FILLED,3,43
2024-03-24 02:55:18.061,BUY,LIMIT,IOC,8,0.173319,0.171224,FILLED,2,8
2024-03-24 05:53:16.057,BUY,LIMIT,IOC,84,0.174226,0.172136,FILLED,22,84
2024-03-24 06:11:57.074,BUY,LIMIT,IOC,27,0.174318,0.17251,FILLED,6,27
2024-03-24 06:12:01.042,BUY,LIMIT,IOC,482,0.17486,0.172898,FILLED,58,482
2024-03-24 06:16:31.105,BUY,LIMIT,IOC,26,0.175511,0.173561,FILLED,2,26
2024-03-24 06:16:38.089,BUY,LIMIT,IOC,4,0.175669,0.173659,FILLED,1,4
2024-03-24 16:01:22.044,BUY,LIMIT,IOC,4,0.177707,0.175727,FILLED,1,4
2024-03-24 16:09:10.043,BUY,LIMIT,IOC,219,0.179141,0.17709,FILLED,219,219
2024-03-24 17:00:38.111,SELL,LIMIT,IOC,413,0.1693,0.171258,FILLED,63,413
2024-03-24 17:08:57.089,SELL,LIMIT,IOC,75,0.167652,0.16972,FILLED,21,75
2024-03-24 17:10:39.044,SELL,LIMIT,IOC,55,0.167554,0.1695,FILLED,53,55
2024-03-24 17:10:41.081,SELL,LIMIT,IOC,202,0.167413,0.169366,FILLED,119,202
2024-03-24 20:05:51.087,BUY,LIMIT,IOC,17,0.177296,0.1752,FILLED,11,17
2024-03-24 20:07:19.071,BUY,LIMIT,IOC,21,0.177437,0.1754,FILLED,21,21
2024-03-24 20:30:15.073,BUY,LIMIT,IOC,2,0.179576,0.17746,FILLED,2,2
2024-03-24 21:09:09.050,BUY,LIMIT,IOC,7,0.17988,0.17779,FILLED,7,7
2024-03-24 21:14:56.075,BUY,LIMIT,IOC,19,0.180097,0.17807,FILLED,19,19
2024-03-24 21:14:58.023,BUY,LIMIT,IOC,4,0.180185,0.17804,FILLED,4,4
2024-03-24 21:18:07.082,BUY,LIMIT,IOC,8,0.181355,0.179253,FILLED,3,8
2024-03-24 21:25:17.076,BUY,LIMIT,IOC,80,0.182045,0.180144,FILLED,18,80
2024-03-25 00:18:20.074,SELL,LIMIT,IOC,107,0.173083,0.17518,FILLED,106,107
2024-03-25 00:33:25.088,SELL,LIMIT,IOC,50,0.1725,0.17459,FILLED,50,50
2024-03-25 00:49:19.085,SELL,LIMIT,IOC,2,0.170985,0.17302,FILLED,2,2
2024-03-25 00:58:26.031,SELL,LIMIT,IOC,24,0.170607,0.17259,FILLED,23,24
2024-03-25 00:58:36.034,SELL,LIMIT,IOC,81,0.170441,0.172282,FILLED,1,81
2024-03-25 01:48:57.072,SELL,LIMIT,IOC,247,0.169916,0.171971,FILLED,63,247
2024-03-25 01:53:09.089,SELL,LIMIT,IOC,3,0.16988,0.17189,FILLED,1,3
2024-03-25 01:53:31.064,SELL,LIMIT,IOC,1,0.169611,0.17166,FILLED,1,1
2024-03-25 08:58:16.111,SELL,LIMIT,IOC,499,0.169137,0.17114,FILLED,499,499
2024-03-25 09:07:04.063,SELL,LIMIT,IOC,2,0.168428,0.17046,FILLED,2,2
2024-03-25 09:07:39.037,SELL,LIMIT,IOC,20,0.168348,0.17032,FILLED,18,20
2024-03-25 14:18:26.071,BUY,LIMIT,IOC,34,0.179319,0.17739,FILLED,34,34
2024-03-25 14:18:32.032,BUY,LIMIT,IOC,60,0.17965,0.17746,FILLED,60,60
2024-03-25 14:18:45.097,BUY,LIMIT,IOC,13,0.179774,0.17766,FILLED,13,13
2024-03-25 14:18:49.079,BUY,LIMIT,IOC,2070,0.179864,0.177804,FILLED,500,2070
2024-03-25 14:20:45.056,BUY,LIMIT,IOC,50,0.180404,0.17828,FILLED,50,50
2024-03-25 14:20:48.077,BUY,LIMIT,IOC,411,0.180685,0.17849,FILLED,103,411
2024-03-25 14:20:56.035,BUY,LIMIT,IOC,2,0.181016,0.1789,FILLED,2,2
2024-03-25 14:20:58.060,BUY,LIMIT,IOC,16,0.181105,0.179,FILLED,16,16
2024-03-25 14:21:28.086,BUY,LIMIT,IOC,4,0.181837,0.17985,FILLED,4,4
2024-03-25 14:29:41.070,BUY,LIMIT,IOC,3,0.182588,0.18055,FILLED,3,3
2024-03-25 14:53:35.061,BUY,LIMIT,IOC,2,0.183063,0.18125,FILLED,2,2
2024-03-25 14:53:36.073,BUY,LIMIT,IOC,658,0.18322,0.181247,FILLED,37,658
2024-03-25 14:53:39.034,BUY,LIMIT,IOC,6500,0.183514,0.181659,FILLED,367,6500
2024-03-25 14:54:19.059,BUY,LIMIT,IOC,1,0.18406,0.18201,FILLED,1,1
2024-03-25 14:54:29.050,BUY,LIMIT,IOC,129,0.184558,0.182612,FILLED,28,129
2024-03-25 15:00:15.084,BUY,LIMIT,IOC,49,0.184704,0.18266,FILLED,49,49
2024-03-25 15:00:26.085,BUY,LIMIT,IOC,35,0.184797,0.18271,FILLED,34,35
2024-03-25 15:00:34.036,BUY,LIMIT,IOC,29,0.185091,0.18303,FILLED,29,29
2024-03-25 15:01:13.041,BUY,LIMIT,IOC,8820,0.185787,0.184079,FILLED,1205,8820
2024-03-25 15:01:15.068,BUY,LIMIT,IOC,45,0.186036,0.18421,FILLED,18,45
2024-03-25 15:01:31.046,BUY,LIMIT,IOC,1,0.186494,0.18448,FILLED,1,1
2024-03-25 15:01:34.028,BUY,LIMIT,IOC,8,0.186544,0.18457,FILLED,8,8
2024-03-25 15:01:37.041,BUY,LIMIT,IOC,26,0.186747,0.18485,FILLED,26,26
2024-03-25 15:01:48.038,BUY,LIMIT,IOC,934,0.187112,0.185003,FILLED,87,934
2024-03-25 15:02:07.017,BUY,LIMIT,IOC,77,0.187225,0.185224,FILLED,16,77
2024-03-25 15:02:56.049,BUY,LIMIT,IOC,61,0.187743,0.18558,FILLED,9,61
2024-03-25 15:02:58.086,BUY,LIMIT,IOC,8,0.187784,0.1856,FILLED,8,8
2024-03-25 15:03:04.040,BUY,LIMIT,IOC,561,0.188048,0.186294,FILLED,10,561
2024-03-25 15:03:08.089,BUY,LIMIT,IOC,826,0.18839,0.186459,FILLED,4,826
2024-03-25 15:03:17.083,BUY,LIMIT,IOC,20,0.188876,0.18687,FILLED,20,20
2024-03-25 15:03:23.019,BUY,LIMIT,IOC,163,0.189216,0.186839,FILLED,51,163
2024-03-25 15:15:47.069,SELL,LIMIT,IOC,92,0.179284,0.18142,FILLED,90,92
2024-03-25 19:09:51.100,SELL,LIMIT,IOC,246,0.177842,0.17983,FILLED,102,246
2024-03-25 19:13:12.064,SELL,LIMIT,IOC,24,0.177049,0.17911,FILLED,24,24
2024-03-25 19:13:14.098,SELL,LIMIT,IOC,71,0.176924,0.1789,FILLED,33,71
2024-03-25 21:17:14.064,SELL,LIMIT,IOC,3751,0.17632,0.178309,FILLED,3,3751
2024-03-25 21:18:46.057,SELL,LIMIT,IOC,487,0.175394,0.177473,FILLED,27,487
2024-03-25 21:24:25.055,SELL,LIMIT,IOC,866,0.17527,0.177283,FILLED,33,866
2024-03-25 21:25:24.063,SELL,LIMIT,IOC,371,0.174861,0.176759,FILLED,9,371
2024-03-25 21:26:35.028,SELL,LIMIT,IOC,19,0.17449,0.17652,FILLED,19,19
2024-03-25 21:26:36.091,SELL,LIMIT,IOC,407,0.174383,0.176514,FILLED,28,407
2024-03-25 21:27:40.064,SELL,LIMIT,IOC,4,0.174081,0.17618,FILLED,4,4
2024-03-25 21:28:29.069,SELL,LIMIT,IOC,10,0.173991,0.176075,FILLED,2,10
2024-03-25 21:28:43.036,SELL,LIMIT,IOC,2,0.173938,0.176,FILLED,2,2
2024-03-25 21:28:47.071,SELL,LIMIT,IOC,114,0.17383,0.176,FILLED,114,114
2024-03-25 23:34:55.107,SELL,LIMIT,IOC,217,0.173546,0.175637,FILLED,50,217
2024-03-25 23:35:38.096,SELL,LIMIT,IOC,1206,0.173457,0.17549,FILLED,573,1206
2024-03-25 23:35:55.117,SELL,LIMIT,IOC,6,0.173322,0.1754,FILLED,6,6
2024-03-25 23:37:41.074,SELL,LIMIT,IOC,28,0.173242,0.17527,FILLED,28,28
2024-03-26 00:01:58.071,SELL,LIMIT,IOC,1,0.172985,0.17505,FILLED,1,1
2024-03-26 08:40:51.039,BUY,LIMIT,IOC,254,0.185638,0.183522,FILLED,54,254
2024-03-26 08:42:11.102,BUY,LIMIT,IOC,697,0.187123,0.184999,FILLED,641,697
2024-03-26 09:26:39.037,BUY,LIMIT,IOC,2,0.187791,0.18564,FILLED,2,2
2024-03-26 09:26:44.046,BUY,LIMIT,IOC,1,0.188015,0.18594,FILLED,1,1
2024-03-26 13:40:21.079,SELL,LIMIT,IOC,460,0.178638,0.180839,FILLED,40,460
2024-03-26 13:41:00.031,SELL,LIMIT,IOC,19,0.178301,0.18053,FILLED,19,19
2024-03-26 14:20:02.087,SELL,LIMIT,IOC,13,0.178081,0.18019,FILLED,13,13
2024-03-26 14:24:32.081,SELL,LIMIT,IOC,185,0.176586,0.178759,FILLED,10,185
2024-03-26 14:24:53.065,SELL,LIMIT,IOC,116,0.176411,0.17851,FILLED,116,116
2024-03-26 14:29:32.055,SELL,LIMIT,IOC,10,0.176,0.17798,FILLED,10,10
2024-03-26 14:29:40.022,SELL,LIMIT,IOC,6,0.17576,0.17769,FILLED,6,6
2024-03-26 14:29:56.031,SELL,LIMIT,IOC,33,0.175233,0.17737,FILLED,33,33
2024-03-26 14:30:00.053,SELL,LIMIT,IOC,2,0.174836,0.17704,FILLED,2,2
2024-03-26 14:30:04.029,SELL,LIMIT,IOC,31,0.174569,0.17634,FILLED,31,31
2024-03-26 14:30:05.051,SELL,LIMIT,IOC,184,0.174129,0.175086,FILLED,19,184
2024-03-26 14:32:13.019,SELL,LIMIT,IOC,101,0.173128,0.17508,FILLED,100,101
2024-03-26 21:15:36.091,BUY,LIMIT,IOC,15,0.183251,0.18109,FILLED,13,15
2024-03-26 21:26:21.081,BUY,LIMIT,IOC,70,0.1844,0.18231,FILLED,66,70
2024-03-26 21:34:40.077,BUY,LIMIT,IOC,9,0.185962,0.18377,FILLED,9,9
2024-03-26 22:23:44.078,SELL,LIMIT,IOC,327,0.176791,0.178683,FILLED,91,327
2024-03-27 03:05:14.069,BUY,LIMIT,IOC,420,0.188593,0.186181,FILLED,195,420
2024-03-27 03:07:44.047,BUY,LIMIT,IOC,40,0.188914,0.18677,FILLED,17,40
2024-03-27 03:07:47.072,BUY,LIMIT,IOC,100,0.189071,0.187016,FILLED,65,100
2024-03-27 05:45:07.114,BUY,LIMIT,IOC,3,0.18962,0.18739,FILLED,3,3
2024-03-27 05:50:56.043,BUY,LIMIT,IOC,1,0.189884,0.188,FILLED,1,1
2024-03-27 05:51:11.077,BUY,LIMIT,IOC,176,0.190148,0.18802,FILLED,40,176
2024-03-27 05:51:15.118,BUY,LIMIT,IOC,10,0.190453,0.18838,FILLED,10,10
2024-03-27 05:51:19.052,BUY,LIMIT,IOC,32,0.190744,0.18867,FILLED,32,32
2024-03-27 05:59:47.081,BUY,LIMIT,IOC,255,0.191445,0.189202,FILLED,140,255
2024-03-27 06:00:00.035,BUY,LIMIT,IOC,34,0.19178,0.18949,FILLED,19,34
2024-03-27 06:34:21.047,BUY,LIMIT,IOC,141,0.191994,0.189872,FILLED,40,141
2024-03-27 07:27:52.096,SELL,LIMIT,IOC,65,0.182368,0.18458,FILLED,65,65
2024-03-27 07:35:35.039,SELL,LIMIT,IOC,463,0.182105,0.184138,FILLED,26,463
2024-03-27 07:52:18.094,SELL,LIMIT,IOC,9436,0.181331,0.183372,FILLED,241,9436
2024-03-27 08:43:03.060,SELL,LIMIT,IOC,101,0.180714,0.18285,FILLED,17,101
2024-03-27 08:43:04.074,SELL,LIMIT,IOC,71,0.180693,0.181827,FILLED,21,71
2024-03-27 08:44:59.114,SELL,LIMIT,IOC,65,0.179737,0.18192,FILLED,58,65
2024-03-27 08:55:59.049,SELL,LIMIT,IOC,106,0.17911,0.18124,FILLED,68,106
2024-03-27 08:57:47.090,SELL,LIMIT,IOC,116,0.178783,0.18098,FILLED,102,116
2024-03-27 09:04:19.119,SELL,LIMIT,IOC,27,0.177955,0.18015,FILLED,27,27
2024-03-27 09:05:37.018,SELL,LIMIT,IOC,167,0.177708,0.179833,FILLED,45,167
2024-03-27 12:35:52.104,BUY,LIMIT,IOC,47,0.191196,0.18896,FILLED,47,47
2024-03-27 13:11:34.076,BUY,LIMIT,IOC,1,0.192329,0.18986,FILLED,1,1
2024-03-27 13:14:56.049,BUY,LIMIT,IOC,7,0.192657,0.19015,FILLED,7,7
2024-03-27 14:03:29.067,SELL,LIMIT,IOC,1771,0.18027,0.182468,FILLED,645,1771
2024-03-27 14:04:46.042,SELL,LIMIT,IOC,53,0.17979,0.18201,FILLED,53,53
2024-03-27 14:04:55.056,SELL,LIMIT,IOC,26,0.179703,0.18176,FILLED,21,26
2024-03-27 14:05:55.044,SELL,LIMIT,IOC,196,0.179533,0.181802,FILLED,31,196
2024-03-27 14:10:41.073,SELL,LIMIT,IOC,789,0.179067,0.181146,FILLED,216,789
2024-03-27 14:11:40.060,SELL,LIMIT,IOC,600,0.178365,0.180348,FILLED,226,600
2024-03-27 14:11:43.082,SELL,LIMIT,IOC,254,0.178154,0.180189,FILLED,100,254
2024-03-27 14:12:27.082,SELL,LIMIT,IOC,8010,0.177352,0.179104,FILLED,381,8010
2024-03-27 14:12:39.029,SELL,LIMIT,IOC,1,0.177102,0.17917,FILLED,1,1
2024-03-27 14:12:58.097,SELL,LIMIT,IOC,561,0.176799,0.178755,FILLED,512,561
2024-03-27 15:41:42.090,BUY,LIMIT,IOC,8,0.193442,0.19148,FILLED,8,8
2024-03-27 16:08:35.056,BUY,LIMIT,IOC,142,0.193786,0.191726,FILLED,113,142
2024-03-27 16:51:14.090,SELL,LIMIT,IOC,56,0.182616,0.18446,FILLED,18,56
2024-03-27 16:51:44.043,SELL,LIMIT,IOC,70,0.182138,0.184111,FILLED,14,70
2024-03-27 18:09:39.100,SELL,LIMIT,IOC,1,0.181424,0.18357,FILLED,1,1
2024-03-27 18:11:43.035,SELL,LIMIT,IOC,515,0.181083,0.183213,FILLED,64,515
2024-03-27 18:12:35.150,SELL,LIMIT,IOC,665,0.180962,0.183049,FILLED,162,665
2024-03-27 18:20:27.056,SELL,LIMIT,IOC,4,0.180355,0.1824,FILLED,4,4
2024-03-27 20:24:36.051,BUY,LIMIT,IOC,18,0.190355,0.18819,FILLED,18,18
2024-03-27 22:36:53.078,BUY,LIMIT,IOC,1002,0.190729,0.189068,FILLED,826,1002
2024-03-27 22:37:05.036,BUY,LIMIT,IOC,927,0.191891,0.189829,FILLED,74,927
2024-03-27 22:37:13.072,BUY,LIMIT,IOC,11,0.192151,0.18998,FILLED,11,11
2024-03-27 22:37:34.069,BUY,LIMIT,IOC,45,0.192271,0.19012,FILLED,45,45
2024-03-28 00:08:13.059,BUY,LIMIT,IOC,10,0.194454,0.19238,FILLED,1,10
2024-03-28 00:10:15.136,BUY,LIMIT,IOC,388,0.195361,0.193123,FILLED,47,388
2024-03-28 00:11:00.108,BUY,LIMIT,IOC,8,0.195879,0.1935,FILLED,8,8
2024-03-28 00:11:28.069,BUY,LIMIT,IOC,327,0.196007,0.193816,FILLED,149,327
2024-03-28 00:11:36.073,BUY,LIMIT,IOC,79,0.196575,0.19451,FILLED,27,79
2024-03-28 00:12:05.034,BUY,LIMIT,IOC,6000,0.196936,0.194686,FILLED,487,6000
2024-03-28 00:12:12.097,BUY,LIMIT,IOC,3,0.197099,0.19473,FILLED,3,3
2024-03-28 00:19:41.069,BUY,LIMIT,IOC,132,0.198092,0.196814,FILLED,57,132
2024-03-28 00:19:42.077,BUY,LIMIT,IOC,2,0.198728,0.197,FILLED,2,2
2024-03-28 00:19:47.089,BUY,LIMIT,IOC,256,0.1992,0.1978,FILLED,106,256
2024-03-28 00:20:14.044,BUY,LIMIT,IOC,41,0.199917,0.19789,FILLED,41,41
2024-03-28 00:24:46.038,BUY,LIMIT,IOC,34,0.201206,0.19902,FILLED,31,34
2024-03-28 00:24:47.090,BUY,LIMIT,IOC,400,0.201299,0.199117,FILLED,140,400
2024-03-28 00:25:02.114,BUY,LIMIT,IOC,76,0.201589,0.19935,FILLED,40,76
2024-03-28 00:50:46.055,BUY,LIMIT,IOC,16,0.201736,0.19938,FILLED,16,16
2024-03-28 00:53:36.068,BUY,LIMIT,IOC,3,0.202555,0.20009,FILLED,3,3
2024-03-28 00:54:15.086,BUY,LIMIT,IOC,30,0.203082,0.20145,FILLED,3,30
2024-03-28 00:54:21.083,BUY,LIMIT,IOC,455,0.204251,0.202204,FILLED,383,455
2024-03-28 00:54:24.042,BUY,LIMIT,IOC,2,0.205012,0.20306,FILLED,2,2
2024-03-28 00:54:25.062,BUY,LIMIT,IOC,1560,0.205088,0.202954,FILLED,151,1560
2024-03-28 00:54:28.077,BUY,LIMIT,IOC,1,0.205132,0.20314,FILLED,1,1
2024-03-28 00:55:03.088,BUY,LIMIT,IOC,16,0.206584,0.204457,FILLED,14,16
2024-03-28 00:55:14.042,BUY,LIMIT,IOC,17,0.206844,0.20499,FILLED,17,17
2024-03-28 00:55:17.028,BUY,LIMIT,IOC,20,0.207352,0.20498,FILLED,20,20
2024-03-28 00:55:20.046,BUY,LIMIT,IOC,24,0.208126,0.205989,FILLED,22,24
2024-03-28 00:55:25.068,BUY,LIMIT,IOC,632,0.208193,0.206299,FILLED,174,632
2024-03-28 00:55:26.113,BUY,LIMIT,IOC,303,0.208575,0.206471,FILLED,28,303
2024-03-28 01:43:15.092,SELL,LIMIT,IOC,239,0.196789,0.19909,FILLED,239,239
2024-03-28 02:40:28.071,SELL,LIMIT,IOC,608,0.194361,0.1969,FILLED,608,608
2024-03-28 02:45:24.079,SELL,LIMIT,IOC,800,0.19284,0.195208,FILLED,32,800
2024-03-28 02:45:27.053,SELL,LIMIT,IOC,4,0.192578,0.19495,FILLED,4,4
2024-03-28 02:45:28.095,SELL,LIMIT,IOC,19,0.192487,0.19496,FILLED,19,19
2024-03-28 02:45:34.088,SELL,LIMIT,IOC,2,0.192203,0.19468,FILLED,2,2
2024-03-28 02:50:02.136,SELL,LIMIT,IOC,700,0.192007,0.194038,FILLED,213,700
2024-03-28 06:47:08.122,BUY,LIMIT,IOC,3,0.203132,0.2008,FILLED,3,3
2024-03-28 08:47:22.105,BUY,LIMIT,IOC,34,0.204922,0.20274,FILLED,34,34
2024-03-28 10:36:10.140,BUY,LIMIT,IOC,512,0.208181,0.206,FILLED,512,512
2024-03-28 10:38:03.038,BUY,LIMIT,IOC,3,0.209085,0.20662,FILLED,3,3
2024-03-28 10:38:06.079,BUY,LIMIT,IOC,154,0.209317,0.206958,FILLED,66,154
2024-03-28 10:38:39.092,BUY,LIMIT,IOC,18,0.209851,0.20748,FILLED,2,18
2024-03-28 10:40:12.059,BUY,LIMIT,IOC,1,0.211008,0.20875,FILLED,1,1
2024-03-28 10:40:15.064,BUY,LIMIT,IOC,60,0.211324,0.20904,FILLED,12,60
2024-03-28 10:40:16.104,BUY,LIMIT,IOC,3,0.211477,0.20915,FILLED,3,3
2024-03-28 10:42:17.082,BUY,LIMIT,IOC,7,0.212746,0.21016,FILLED,7,7
2024-03-28 10:42:28.135,BUY,LIMIT,IOC,110,0.21332,0.211175,FILLED,5,110
2024-03-28 10:42:40.105,BUY,LIMIT,IOC,447,0.213596,0.211657,FILLED,245,447
2024-03-28 10:42:56.085,BUY,LIMIT,IOC,26,0.214163,0.211922,FILLED,8,26
2024-03-28 10:43:00.114,BUY,LIMIT,IOC,15,0.21424,0.21204,FILLED,15,15
2024-03-28 10:43:02.047,BUY,LIMIT,IOC,67,0.2144,0.21185,FILLED,67,67
2024-03-28 10:43:15.136,BUY,LIMIT,IOC,49,0.214477,0.21222,FILLED,49,49
2024-03-28 10:43:18.071,BUY,LIMIT,IOC,65,0.214734,0.21236,FILLED,65,65
2024-03-28 10:43:21.040,BUY,LIMIT,IOC,3,0.215034,0.21253,FILLED,3,3
2024-03-28 10:43:34.024,BUY,LIMIT,IOC,42,0.215485,0.213447,FILLED,33,42
2024-03-28 10:43:36.112,BUY,LIMIT,IOC,14,0.215983,0.213965,FILLED,12,14
2024-03-28 10:43:39.064,BUY,LIMIT,IOC,70,0.216617,0.214637,FILLED,7,70
2024-03-28 10:45:40.035,BUY,LIMIT,IOC,517,0.217193,0.215007,FILLED,60,517
2024-03-28 10:45:41.092,BUY,LIMIT,IOC,32,0.217309,0.21502,FILLED,32,32
2024-03-28 10:45:50.040,BUY,LIMIT,IOC,9,0.217593,0.2152,FILLED,9,9
2024-03-28 10:46:13.120,BUY,LIMIT,IOC,10,0.217755,0.21588,FILLED,10,10
2024-03-28 10:46:15.039,BUY,LIMIT,IOC,52,0.218781,0.215919,FILLED,22,52
2024-03-28 10:46:20.077,BUY,LIMIT,IOC,2,0.219507,0.21809,FILLED,2,2
2024-03-28 10:46:21.089,BUY,LIMIT,IOC,35,0.220655,0.21856,FILLED,31,35
2024-03-28 10:46:24.059,BUY,LIMIT,IOC,82,0.221506,0.219414,FILLED,14,82
2024-03-28 10:46:53.062,BUY,LIMIT,IOC,3,0.221562,0.219496,FILLED,1,3
2024-03-28 10:46:55.050,BUY,LIMIT,IOC,12,0.221986,0.22005,FILLED,12,12
2024-03-28 10:46:58.083,BUY,LIMIT,IOC,1,0.222634,0.22023,FILLED,1,1
2024-03-28 12:01:11.099,BUY,LIMIT,IOC,15,0.221643,0.21913,FILLED,15,15
2024-03-28 12:03:23.097,BUY,LIMIT,IOC,4,0.2228,0.22056,FILLED,4,4
2024-03-28 12:03:36.084,BUY,LIMIT,IOC,1,0.223714,0.22178,FILLED,1,1
2024-03-28 12:03:38.046,BUY,LIMIT,IOC,5,0.224095,0.22221,FILLED,5,5
2024-03-28 12:03:52.132,BUY,LIMIT,IOC,7,0.225478,0.223,FILLED,7,7
2024-03-28 12:04:16.063,BUY,LIMIT,IOC,15,0.225771,0.22348,FILLED,15,15
2024-03-28 12:04:18.069,BUY,LIMIT,IOC,26,0.225951,0.22385,FILLED,26,26
2024-03-28 12:04:19.119,BUY,LIMIT,IOC,149,0.226361,0.224144,FILLED,64,149
2024-03-28 12:04:22.049,BUY,LIMIT,IOC,1,0.226792,0.2245,FILLED,1,1
2024-03-28 12:04:25.111,BUY,LIMIT,IOC,326,0.227164,0.224474,FILLED,47,326
2024-03-28 12:04:32.143,BUY,LIMIT,IOC,57,0.227454,0.225,FILLED,48,57
2024-03-28 12:04:36.042,BUY,LIMIT,IOC,1030,0.227854,0.225346,FILLED,88,1030
2024-03-28 12:33:09.028,SELL,LIMIT,IOC,27,0.21477,0.217331,FILLED,21,27
2024-03-28 12:53:20.059,SELL,LIMIT,IOC,209,0.213243,0.21591,FILLED,42,209
2024-03-28 13:06:25.046,SELL,LIMIT,IOC,33,0.212261,0.214841,FILLED,20,33
2024-03-28 13:16:09.086,SELL,LIMIT,IOC,80,0.211344,0.21383,FILLED,78,80
2024-03-28 13:25:17.032,SELL,LIMIT,IOC,30,0.210873,0.213012,FILLED,26,30
2024-03-28 13:25:18.043,SELL,LIMIT,IOC,3,0.210618,0.21302,FILLED,3,3
2024-03-28 18:20:53.051,BUY,LIMIT,IOC,74,0.224316,0.221891,FILLED,54,74
2024-03-28 18:20:58.034,BUY,LIMIT,IOC,21,0.225054,0.2231,FILLED,10,21
2024-03-28 19:17:28.108,BUY,LIMIT,IOC,492,0.225688,0.223108,FILLED,12,492
2024-03-28 19:22:15.097,BUY,LIMIT,IOC,32,0.226271,0.22361,FILLED,31,32
2024-03-28 19:57:55.050,BUY,LIMIT,IOC,222,0.229133,0.227243,FILLED,69,222
2024-03-28 19:57:56.048,BUY,LIMIT,IOC,154,0.229782,0.227138,FILLED,44,154
2024-03-28 19:57:58.030,BUY,LIMIT,IOC,600,0.229927,0.227311,FILLED,10,600
2024-03-28 19:57:59.087,BUY,LIMIT,IOC,1099,0.230053,0.227779,FILLED,9,1099
2024-03-28 19:58:03.062,BUY,LIMIT,IOC,370,0.230581,0.227903,FILLED,32,370
2024-03-28 19:58:05.072,BUY,LIMIT,IOC,1,0.230846,0.22854,FILLED,1,1
2024-03-28 19:58:07.039,BUY,LIMIT,IOC,2,0.231604,0.22894,FILLED,2,2
2024-03-28 19:58:08.044,BUY,LIMIT,IOC,1,0.231681,0.22909,FILLED,1,1
2024-03-28 19:58:09.092,BUY,LIMIT,IOC,14,0.231711,0.2288,FILLED,14,14
2024-03-28 21:08:08.050,SELL,LIMIT,IOC,78,0.21584,0.21839,FILLED,78,78
2024-03-28 21:08:43.021,SELL,LIMIT,IOC,28,0.215319,0.217939,FILLED,1,28
2024-03-28 21:08:44.073,SELL,LIMIT,IOC,53,0.215287,0.21793,FILLED,53,53
2024-03-28 21:16:35.062,SELL,LIMIT,IOC,11,0.214205,0.21662,FILLED,11,11
2024-03-29 00:09:41.036,BUY,LIMIT,IOC,5781,0.226653,0.224091,FILLED,378,5781
2024-03-29 01:52:49.042,SELL,LIMIT,IOC,22,0.21561,0.21829,FILLED,22,22
2024-03-29 01:56:00.024,SELL,LIMIT,IOC,1750,0.214231,0.21685,FILLED,1750,1750
2024-03-29 02:02:23.041,SELL,LIMIT,IOC,250,0.214102,0.216519,FILLED,24,250
2024-03-29 02:03:54.084,SELL,LIMIT,IOC,11,0.213784,0.21607,FILLED,11,11
2024-03-29 02:04:15.035,SELL,LIMIT,IOC,8,0.213131,0.21552,FILLED,3,8
2024-03-29 02:04:17.098,SELL,LIMIT,IOC,323,0.212809,0.215114,FILLED,29,323
2024-03-29 02:04:21.087,SELL,LIMIT,IOC,11,0.212444,0.21502,FILLED,11,11
2024-03-29 02:04:25.036,SELL,LIMIT,IOC,513,0.212291,0.21452,FILLED,442,513
2024-03-29 02:05:49.096,SELL,LIMIT,IOC,7,0.211784,0.2142,FILLED,7,7
2024-03-29 02:05:51.076,SELL,LIMIT,IOC,3,0.211606,0.21397,FILLED,3,3
2024-03-29 02:05:52.084,SELL,LIMIT,IOC,3,0.211262,0.21385,FILLED,3,3
2024-03-29 02:07:19.061,SELL,LIMIT,IOC,35,0.211007,0.2133,FILLED,35,35
2024-03-29 02:07:20.089,SELL,LIMIT,IOC,1,0.210829,0.21321,FILLED,1,1
2024-03-29 02:07:58.050,SELL,LIMIT,IOC,689,0.210119,0.212692,FILLED,7,689
2024-03-29 02:08:00.052,SELL,LIMIT,IOC,13,0.209975,0.21234,FILLED,12,13
2024-03-29 02:08:01.084,SELL,LIMIT,IOC,1274,0.209887,0.212261,FILLED,150,1274
2024-03-29 02:08:03.089,SELL,LIMIT,IOC,44,0.209454,0.212429,FILLED,3,44
2024-03-29 02:11:16.098,SELL,LIMIT,IOC,17,0.209132,0.2115,FILLED,17,17
2024-03-29 02:11:35.089,SELL,LIMIT,IOC,106,0.209009,0.21151,FILLED,68,106
2024-03-29 07:42:09.086,SELL,LIMIT,IOC,1,0.210002,0.2124,FILLED,1,1
2024-03-29 07:42:48.064,SELL,LIMIT,IOC,220,0.209502,0.211976,FILLED,37,220
2024-03-29 07:46:52.067,SELL,LIMIT,IOC,633,0.209122,0.211512,FILLED,75,633
2024-03-29 07:46:59.090,SELL,LIMIT,IOC,1,0.208919,0.21134,FILLED,1,1
2024-03-29 07:47:01.027,SELL,LIMIT,IOC,6,0.208435,0.21086,FILLED,6,6
2024-03-29 07:47:02.025,SELL,LIMIT,IOC,7,0.208343,0.2108,FILLED,7,7
2024-03-29 07:47:16.060,SELL,LIMIT,IOC,2,0.208074,0.21059,FILLED,2,2
2024-03-29 07:48:00.062,SELL,LIMIT,IOC,308,0.207867,0.210339,FILLED,9,308
2024-03-29 07:48:02.098,SELL,LIMIT,IOC,39,0.207393,0.20995,FILLED,39,39
2024-03-29 07:48:05.086,SELL,LIMIT,IOC,76,0.20717,0.20982,FILLED,23,76
2024-03-29 07:53:15.096,SELL,LIMIT,IOC,28,0.206533,0.2091,FILLED,27,28
2024-03-29 07:53:17.028,SELL,LIMIT,IOC,4,0.206375,0.20885,FILLED,4,4
2024-03-29 11:12:35.069,BUY,LIMIT,IOC,32,0.22036,0.2178,FILLED,32,32
2024-03-29 15:39:22.030,SELL,LIMIT,IOC,22,0.21013,0.21267,FILLED,22,22
2024-03-29 15:40:34.044,SELL,LIMIT,IOC,201,0.209665,0.212223,FILLED,6,201
2024-03-29 15:40:45.084,SELL,LIMIT,IOC,99,0.209256,0.2117,FILLED,19,99
2024-03-29 15:41:13.042,SELL,LIMIT,IOC,292,0.20883,0.21149,FILLED,54,292
2024-03-29 15:41:16.028,SELL,LIMIT,IOC,15,0.208567,0.21129,FILLED,15,15
2024-03-29 15:41:21.086,SELL,LIMIT,IOC,1500,0.20791,0.21055,FILLED,90,1500
2024-03-29 15:41:36.044,SELL,LIMIT,IOC,83,0.207177,0.20931,FILLED,83,83
2024-03-29 15:41:37.045,SELL,LIMIT,IOC,1080,0.206622,0.208896,FILLED,415,1080
2024-03-29 15:41:52.035,SELL,LIMIT,IOC,25,0.20629,0.20875,FILLED,25,25
2024-03-29 15:41:54.041,SELL,LIMIT,IOC,16,0.206116,0.20876,FILLED,6,16
2024-03-29 15:57:52.020,SELL,LIMIT,IOC,17,0.20579,0.20831,FILLED,17,17
2024-03-29 17:07:39.046,BUY,LIMIT,IOC,30,0.218591,0.216034,FILLED,5,30
2024-03-29 21:19:17.032,SELL,LIMIT,IOC,67,0.208601,0.2111,FILLED,58,67
2024-03-30 01:46:54.098,BUY,LIMIT,IOC,23,0.219145,0.21665,FILLED,23,23
2024-03-30 06:34:26.125,SELL,LIMIT,IOC,18,0.206764,0.2092,FILLED,15,18
2024-03-30 06:34:28.087,SELL,LIMIT,IOC,10,0.206639,0.20894,FILLED,10,10
2024-03-30 07:53:26.118,SELL,LIMIT,IOC,10,0.205762,0.20826,FILLED,10,10
2024-03-30 07:53:34.055,SELL,LIMIT,IOC,148,0.20551,0.207897,FILLED,40,148
2024-03-30 07:53:48.036,SELL,LIMIT,IOC,53,0.205348,0.20766,FILLED,53,53
2024-03-30 07:53:51.040,SELL,LIMIT,IOC,5718,0.204954,0.207209,FILLED,243,5718
2024-03-30 07:53:53.022,SELL,LIMIT,IOC,32,0.204718,0.206438,FILLED,4,32
2024-03-30 07:53:54.029,SELL,LIMIT,IOC,1,0.204021,0.20604,FILLED,1,1
2024-03-30 07:53:55.048,SELL,LIMIT,IOC,205,0.20385,0.206244,FILLED,101,205
2024-03-30 14:43:51.047,SELL,LIMIT,IOC,390,0.203478,0.205939,FILLED,9,390
2024-03-30 14:48:29.085,SELL,LIMIT,IOC,1,0.203436,0.20593,FILLED,1,1
2024-03-30 14:49:11.082,SELL,LIMIT,IOC,19,0.203055,0.20547,FILLED,19,19
2024-03-30 14:49:13.054,SELL,LIMIT,IOC,273,0.202981,0.20547,FILLED,188,273
2024-03-30 14:49:50.032,SELL,LIMIT,IOC,2,0.202609,0.20516,FILLED,2,2
2024-03-30 14:50:21.115,SELL,LIMIT,IOC,65,0.202431,0.20484,FILLED,65,65
2024-03-30 14:50:37.029,SELL,LIMIT,IOC,2,0.202329,0.20477,FILLED,2,2
2024-03-30 15:31:57.025,SELL,LIMIT,IOC,139,0.2021,0.2043,FILLED,139,139
2024-03-30 15:32:03.035,SELL,LIMIT,IOC,21,0.201934,0.20437,FILLED,21,21
2024-03-30 15:32:13.038,SELL,LIMIT,IOC,43,0.201683,0.204146,FILLED,15,43
2024-03-30 15:32:26.060,SELL,LIMIT,IOC,140,0.201435,0.20379,FILLED,133,140
2024-03-30 15:32:41.033,SELL,LIMIT,IOC,26,0.201151,0.20354,FILLED,26,26
2024-03-30 15:32:42.078,SELL,LIMIT,IOC,14,0.201088,0.20347,FILLED,13,14
2024-03-30 15:32:48.041,SELL,LIMIT,IOC,29,0.200812,0.20321,FILLED,25,29
2024-03-30 16:15:23.101,SELL,LIMIT,IOC,1,0.200753,0.20307,FILLED,1,1
2024-03-30 16:15:39.091,SELL,LIMIT,IOC,270,0.200219,0.20275,FILLED,270,270
2024-03-30 16:16:34.040,SELL,LIMIT,IOC,42,0.200119,0.20246,FILLED,42,42
2024-03-30 16:16:36.016,SELL,LIMIT,IOC,1275,0.199996,0.202263,FILLED,11,1275
2024-03-30 16:16:52.078,SELL,LIMIT,IOC,86,0.199847,0.202258,FILLED,10,86
2024-03-30 16:16:58.027,SELL,LIMIT,IOC,68,0.199681,0.20183,FILLED,67,68
2024-03-30 16:16:59.025,SELL,LIMIT,IOC,85,0.199573,0.201783,FILLED,1,85
2024-03-30 16:17:02.113,SELL,LIMIT,IOC,101,0.199445,0.20191,FILLED,21,101
2024-03-30 16:18:24.041,SELL,LIMIT,IOC,31,0.199105,0.20106,FILLED,31,31
2024-03-30 16:18:25.099,SELL,LIMIT,IOC,46,0.198679,0.20111,FILLED,46,46
2024-03-30 16:18:30.023,SELL,LIMIT,IOC,115,0.198658,0.20101,FILLED,16,115
2024-03-30 16:18:42.103,SELL,LIMIT,IOC,80,0.198519,0.200796,FILLED,24,80
2024-03-30 16:36:49.057,SELL,LIMIT,IOC,10,0.198121,0.20045,FILLED,10,10
2024-03-30 16:36:51.075,SELL,LIMIT,IOC,1561,0.198045,0.200357,FILLED,33,1561
2024-03-30 16:37:00.043,SELL,LIMIT,IOC,236,0.19789,0.200313,FILLED,68,236
2024-03-30 16:41:58.076,SELL,LIMIT,IOC,1,0.197524,0.19951,FILLED,1,1
2024-03-30 16:41:59.098,SELL,LIMIT,IOC,1552,0.197174,0.199558,FILLED,17,1552
2024-03-30 16:42:01.064,SELL,LIMIT,IOC,8,0.197114,0.19934,FILLED,8,8
2024-03-30 16:42:16.075,SELL,LIMIT,IOC,23,0.196865,0.19917,FILLED,21,23
2024-03-30 16:42:18.053,SELL,LIMIT,IOC,1530,0.196584,0.198811,FILLED,342,1530
2024-03-30 16:42:22.019,SELL,LIMIT,IOC,1414,0.19651,0.198754,FILLED,48,1414
2024-03-30 16:42:23.048,SELL,LIMIT,IOC,1546,0.196439,0.198659,FILLED,505,1546
2024-03-30 16:42:24.057,SELL,LIMIT,IOC,5,0.196388,0.19876,FILLED,5,5
2024-03-30 16:42:28.039,SELL,LIMIT,IOC,7,0.196274,0.198582,FILLED,2,7
2024-03-30 16:42:29.078,SELL,LIMIT,IOC,260,0.196191,0.197851,FILLED,46,260
2024-03-30 16:42:31.021,SELL,LIMIT,IOC,122,0.195288,0.197103,FILLED,68,122
2024-03-30 16:42:32.023,SELL,LIMIT,IOC,9,0.194758,0.19643,FILLED,9,9
2024-03-31 01:50:58.036,BUY,LIMIT,IOC,3,0.207648,0.20521,FILLED,3,3
2024-03-31 05:47:51.022,BUY,LIMIT,IOC,22,0.208223,0.20577,FILLED,22,22
2024-03-31 05:50:07.077,BUY,LIMIT,IOC,600,0.208718,0.206277,FILLED,61,600
2024-03-31 06:18:53.043,BUY,LIMIT,IOC,37,0.209233,0.20696,FILLED,34,37
2024-03-31 09:22:31.065,BUY,LIMIT,IOC,213,0.210836,0.20835,FILLED,211,213
2024-03-31 14:42:52.081,BUY,LIMIT,IOC,19,0.211798,0.20931,FILLED,19,19
2024-03-31 14:56:26.064,BUY,LIMIT,IOC,8,0.212922,0.2104,FILLED,8,8
2024-03-31 14:56:33.104,BUY,LIMIT,IOC,4,0.213166,0.2106,FILLED,4,4
2024-03-31 15:01:45.075,BUY,LIMIT,IOC,4,0.214663,0.21246,FILLED,4,4
2024-03-31 15:02:23.089,BUY,LIMIT,IOC,39,0.215058,0.21267,FILLED,36,39
2024-03-31 15:02:27.065,BUY,LIMIT,IOC,25,0.215466,0.21303,FILLED,25,25
2024-03-31 18:21:35.082,BUY,LIMIT,IOC,13,0.217684,0.2152,FILLED,13,13
2024-03-31 18:26:24.025,BUY,LIMIT,IOC,68,0.218196,0.21577,FILLED,68,68
2024-03-31 18:26:25.103,BUY,LIMIT,IOC,512,0.218341,0.21577,FILLED,512,512
2024-03-31 18:27:11.110,BUY,LIMIT,IOC,1,0.218499,0.21594,FILLED,1,1
2024-03-31 18:27:16.060,BUY,LIMIT,IOC,29,0.21862,0.2155,FILLED,29,29
2024-03-31 18:34:26.045,BUY,LIMIT,IOC,2,0.218946,0.21637,FILLED,2,2
2024-03-31 18:35:22.052,BUY,LIMIT,IOC,49,0.219526,0.217,FILLED,33,49
2024-03-31 18:35:25.081,BUY,LIMIT,IOC,205,0.219649,0.2173,FILLED,60,205
2024-03-31 18:36:13.085,BUY,LIMIT,IOC,340,0.220799,0.21819,FILLED,38,340
2024-03-31 18:36:56.036,BUY,LIMIT,IOC,9,0.220942,0.21855,FILLED,9,9
2024-03-31 18:37:50.072,BUY,LIMIT,IOC,3,0.22178,0.21926,FILLED,3,3
2024-03-31 18:38:41.067,BUY,LIMIT,IOC,45,0.222137,0.21965,FILLED,5,45
2024-03-31 18:38:47.060,BUY,LIMIT,IOC,21,0.222257,0.21972,FILLED,21,21
2024-03-31 18:38:50.082,BUY,LIMIT,IOC,13,0.22255,0.21985,FILLED,13,13
2024-03-31 18:39:27.082,BUY,LIMIT,IOC,66,0.222748,0.220183,FILLED,20,66
2024-03-31 18:40:00.068,BUY,LIMIT,IOC,4,0.222855,0.22035,FILLED,4,4
2024-03-31 18:40:15.099,BUY,LIMIT,IOC,31,0.223269,0.22069,FILLED,10,31
2024-03-31 19:41:46.088,BUY,LIMIT,IOC,22,0.223466,0.221,FILLED,21,22
2024-03-31 19:42:40.086,BUY,LIMIT,IOC,16,0.224154,0.22191,FILLED,16,16
2024-03-31 19:48:24.085,BUY,LIMIT,IOC,1,0.225679,0.22308,FILLED,1,1
2024-03-31 21:57:35.035,SELL,LIMIT,IOC,232,0.215897,0.21836,FILLED,19,232
2024-03-31 21:57:47.033,SELL,LIMIT,IOC,8,0.215699,0.21827,FILLED,8,8
