time,side,order_type,time_in_force,original_quantity,price,average_price,order_status,last_fill_quantity,accumulated_fill_quantity
2024-01-01 00:05:49.554,BUY,LIMIT,IOC,3,2302.09,2291.22,FILLED,1,3
2024-01-01 00:15:19.612,BUY,LIMIT,IOC,2,2309.32,2298.37,FILLED,2,2
2024-01-01 01:36:03.307,BUY,LIMIT,IOC,3,2315.15,2304.15,FILLED,3,3
2024-01-01 03:23:50.626,SELL,LIMIT,IOC,1510,2273.22,2283.95,FILLED,213,1510
2024-01-01 03:23:52.484,SELL,LIMIT,IOC,1,2272.88,2283.84,FILLED,1,1
2024-01-01 03:46:10.176,SELL,LIMIT,IOC,137,2261.92,2272.64,FILLED,120,137
2024-01-01 04:18:48.084,SELL,LIMIT,IOC,661,2260.41,2271.45,FILLED,661,661
2024-01-01 04:20:39.697,SELL,LIMIT,IOC,975,2257.29,2268.25,FILLED,271,975
2024-01-01 09:38:22.148,BUY,LIMIT,IOC,2,2307.61,2297.77,FILLED,2,2
2024-01-01 09:43:38.294,BUY,LIMIT,IOC,3,2310.89,2299.72,FILLED,3,3
2024-01-01 15:44:23.086,BUY,LIMIT,IOC,1000,2329.21,2317.77,FILLED,1000,1000
2024-01-01 15:44:35.203,BUY,LIMIT,IOC,34,2329.56,2318.7,FILLED,34,34
2024-01-01 15:45:37.165,BUY,LIMIT,IOC,20,2330.84,2319.87,FILLED,20,20
2024-01-01 18:08:09.363,BUY,LIMIT,IOC,1,2335.2,2325.58,FILLED,1,1
2024-01-01 18:08:40.206,BUY,LIMIT,IOC,206,2338.38,2328.13,FILLED,206,206
2024-01-01 18:13:43.262,BUY,LIMIT,IOC,74,2342.49,2330.8,FILLED,74,74
2024-01-01 20:06:18.387,BUY,LIMIT,IOC,929,2357.35,2345.85,FILLED,408,929
2024-01-01 21:43:52.706,SELL,LIMIT,IOC,2455,2326.08,2337.51,FILLED,1586,2455
2024-01-01 23:28:34.571,BUY,LIMIT,IOC,13,2362.49,2350.77,FILLED,13,13
2024-01-01 23:38:51.059,BUY,LIMIT,IOC,96,2365.18,2354.25,FILLED,96,96
2024-01-01 23:58:31.330,BUY,LIMIT,IOC,276,2365.57,2354.0,FILLED,276,276
2024-01-02 00:06:47.021,BUY,LIMIT,IOC,73,2369.68,2358.62,FILLED,73,73
2024-01-02 00:15:29.741,BUY,LIMIT,IOC,145,2376.18,2365.45,FILLED,145,145
2024-01-02 00:15:31.577,BUY,LIMIT,IOC,3527,2376.91,2366.0,FILLED,2359,3527
2024-01-02 00:15:36.067,BUY,LIMIT,IOC,1508,2378.68,2368.5,FILLED,742,1508
2024-01-02 00:17:40.781,BUY,LIMIT,IOC,72,2383.14,2373.16,FILLED,71,72
2024-01-02 00:18:06.830,BUY,LIMIT,IOC,151,2385.09,2375.09,FILLED,151,151
2024-01-02 00:22:58.581,BUY,LIMIT,IOC,1151,2393.31,2383.15,FILLED,435,1151
2024-01-02 00:32:36.557,BUY,LIMIT,IOC,1828,2396.01,2384.66,FILLED,1100,1828
2024-01-02 08:15:40.805,BUY,LIMIT,IOC,4,2409.57,2399.36,FILLED,4,4
2024-01-02 08:17:19.177,BUY,LIMIT,IOC,5,2411.93,2400.38,FILLED,5,5
2024-01-02 08:18:36.106,BUY,LIMIT,IOC,54,2416.16,2405.02,FILLED,20,54
2024-01-02 08:21:18.377,BUY,LIMIT,IOC,149,2421.81,2410.63,FILLED,149,149
2024-01-02 08:31:20.333,BUY,LIMIT,IOC,1,2439.85,2429.83,FILLED,1,1
2024-01-02 08:32:06.756,BUY,LIMIT,IOC,530,2443.56,2431.28,FILLED,351,530
2024-01-02 09:38:29.783,SELL,LIMIT,IOC,49,2410.62,2422.6,FILLED,49,49
2024-01-02 10:07:26.674,SELL,LIMIT,IOC,10,2402.13,2414.39,FILLED,10,10
2024-01-02 10:08:25.213,SELL,LIMIT,IOC,2433,2400.2,2412.06,FILLED,512,2433
2024-01-02 10:33:59.212,SELL,LIMIT,IOC,100,2396.52,2407.61,FILLED,100,100
2024-01-02 11:43:31.148,SELL,LIMIT,IOC,960,2378.89,2390.61,FILLED,26,960
2024-01-02 11:43:34.372,SELL,LIMIT,IOC,77,2378.5,2390.52,FILLED,77,77
2024-01-02 12:51:47.700,SELL,LIMIT,IOC,80,2381.96,2393.45,FILLED,80,80
2024-01-02 14:26:01.613,SELL,LIMIT,IOC,11,2382.06,2394.42,FILLED,11,11
2024-01-02 14:31:43.785,SELL,LIMIT,IOC,99,2379.21,2390.53,FILLED,79,99
2024-01-02 14:31:47.415,SELL,LIMIT,IOC,2,2378.28,2390.24,FILLED,2,2
2024-01-02 14:34:14.569,SELL,LIMIT,IOC,60,2372.52,2384.02,FILLED,12,60
2024-01-02 14:34:29.512,SELL,LIMIT,IOC,2540,2371.29,2382.25,FILLED,1099,2540
2024-01-02 14:35:45.121,SELL,LIMIT,IOC,59,2369.49,2381.87,FILLED,59,59
2024-01-02 14:38:09.028,SELL,LIMIT,IOC,8,2369.21,2381.01,FILLED,8,8
2024-01-02 14:47:28.525,SELL,LIMIT,IOC,5014,2365.28,2377.89,FILLED,1474,5014
2024-01-02 14:47:36.729,SELL,LIMIT,IOC,16,2364.32,2375.56,FILLED,16,16
2024-01-02 14:47:41.534,SELL,LIMIT,IOC,38,2362.19,2373.64,FILLED,38,38
2024-01-02 14:49:31.112,SELL,LIMIT,IOC,2,2359.62,2369.28,FILLED,2,2
2024-01-02 14:49:32.128,SELL,LIMIT,IOC,23,2358.96,2370.99,FILLED,23,23
2024-01-02 14:49:56.442,SELL,LIMIT,IOC,31,2356.46,2366.66,FILLED,31,31
2024-01-02 14:50:18.358,SELL,LIMIT,IOC,641,2350.92,2360.32,FILLED,112,641
2024-01-02 14:50:26.053,SELL,LIMIT,IOC,11,2349.38,2361.03,FILLED,11,11
2024-01-02 14:50:29.062,SELL,LIMIT,IOC,463,2349.64,2360.69,FILLED,195,463
2024-01-02 14:56:34.496,SELL,LIMIT,IOC,28,2348.99,2361.3,FILLED,28,28
2024-01-02 15:19:24.577,SELL,LIMIT,IOC,38,2345.14,2356.99,FILLED,38,38
2024-01-02 15:19:27.094,SELL,LIMIT,IOC,721,2344.85,2355.79,FILLED,721,721
2024-01-02 16:08:14.667,SELL,LIMIT,IOC,3410,2343.52,2355.05,FILLED,391,3410
2024-01-02 16:12:07.240,SELL,LIMIT,IOC,375,2342.8,2354.12,FILLED,374,375
2024-01-02 19:27:53.108,SELL,LIMIT,IOC,6,2346.66,2357.19,FILLED,6,6
2024-01-02 21:04:08.363,SELL,LIMIT,IOC,97,2344.15,2355.16,FILLED,97,97
2024-01-02 21:04:13.438,SELL,LIMIT,IOC,1710,2343.96,2355.26,FILLED,223,1710
2024-01-02 21:04:16.125,SELL,LIMIT,IOC,36,2343.09,2353.56,FILLED,19,36
2024-01-02 21:04:18.029,SELL,LIMIT,IOC,3,2341.16,2342.79,FILLED,3,3
2024-01-02 21:04:19.535,SELL,LIMIT,IOC,165,2335.88,2346.55,FILLED,26,165
2024-01-03 00:28:46.618,SELL,LIMIT,IOC,49,2337.97,2349.02,FILLED,49,49
2024-01-03 01:25:04.329,BUY,LIMIT,IOC,2,2381.42,2369.79,FILLED,1,2
2024-01-03 02:11:44.359,BUY,LIMIT,IOC,6,2395.45,2386.56,FILLED,6,6
2024-01-03 06:20:16.175,BUY,LIMIT,IOC,117,2393.45,2381.58,FILLED,117,117
2024-01-03 07:46:25.073,SELL,LIMIT,IOC,126,2354.27,2365.75,FILLED,126,126
2024-01-03 07:55:33.092,SELL,LIMIT,IOC,684,2347.97,2359.4,FILLED,684,684
2024-01-03 09:39:32.104,BUY,LIMIT,IOC,112,2397.95,2386.51,FILLED,112,112
2024-01-03 10:24:21.056,SELL,LIMIT,IOC,778,2362.56,2373.91,FILLED,45,778
2024-01-03 10:38:39.322,SELL,LIMIT,IOC,470,2358.46,2370.03,FILLED,284,470
2024-01-03 10:39:35.902,SELL,LIMIT,IOC,262,2355.83,2367.1,FILLED,262,262
2024-01-03 11:08:31.410,SELL,LIMIT,IOC,42,2346.16,2357.42,FILLED,42,42
2024-01-03 11:11:32.084,SELL,LIMIT,IOC,3,2340.01,2351.36,FILLED,3,3
2024-01-03 11:12:09.786,SELL,LIMIT,IOC,23661,2335.52,2350.06,FILLED,2243,23661
2024-01-03 11:12:30.792,SELL,LIMIT,IOC,284,2337.25,2347.12,FILLED,284,284
2024-01-03 11:14:17.472,SELL,LIMIT,IOC,32,2336.6,2347.52,FILLED,32,32
2024-01-03 11:14:20.617,SELL,LIMIT,IOC,7,2335.73,2347.2,FILLED,7,7
2024-01-03 11:23:39.220,SELL,LIMIT,IOC,1894,2331.03,2341.61,FILLED,1351,1894
2024-01-03 11:23:41.069,SELL,LIMIT,IOC,1,2330.68,2341.61,FILLED,1,1
2024-01-03 11:24:01.757,SELL,LIMIT,IOC,75,2325.94,2337.99,FILLED,75,75
2024-01-03 11:24:21.124,SELL,LIMIT,IOC,22,2324.62,2332.6,FILLED,22,22
2024-01-03 11:24:22.441,SELL,LIMIT,IOC,713,2323.84,2333.48,FILLED,713,713
2024-01-03 11:24:26.161,SELL,LIMIT,IOC,1550,2322.14,2331.59,FILLED,259,1550
2024-01-03 11:24:27.605,SELL,LIMIT,IOC,10360,2319.46,2332.85,FILLED,2234,10360
2024-01-03 11:48:09.209,SELL,LIMIT,IOC,242,2320.56,2332.03,FILLED,5,242
2024-01-03 11:48:19.155,SELL,LIMIT,IOC,13831,2317.46,2331.14,FILLED,634,13831
2024-01-03 11:49:36.133,SELL,LIMIT,IOC,199,2316.24,2327.61,FILLED,199,199
2024-01-03 11:54:51.664,SELL,LIMIT,IOC,101,2313.11,2324.18,FILLED,101,101
2024-01-03 11:55:49.028,SELL,LIMIT,IOC,253,2308.19,2318.19,FILLED,73,253
2024-01-03 11:55:50.715,SELL,LIMIT,IOC,34,2307.4,2318.16,FILLED,34,34
2024-01-03 11:55:56.274,SELL,LIMIT,IOC,33,2302.27,2310.52,FILLED,7,33
2024-01-03 11:55:57.568,SELL,LIMIT,IOC,103,2299.75,2307.8,FILLED,103,103
2024-01-03 11:56:00.149,SELL,LIMIT,IOC,59,2296.85,2307.21,FILLED,6,59
2024-01-03 11:56:05.029,SELL,LIMIT,IOC,26,2295.14,2302.29,FILLED,26,26
2024-01-03 11:56:09.234,SELL,LIMIT,IOC,12290,2287.91,2302.14,FILLED,2991,12290
2024-01-03 12:01:07.531,SELL,LIMIT,IOC,316,2289.57,2299.62,FILLED,316,316
2024-01-03 12:01:09.806,SELL,LIMIT,IOC,20,2288.51,2297.25,FILLED,20,20
2024-01-03 12:01:12.728,SELL,LIMIT,IOC,46,2287.63,2294.0,FILLED,1,46
2024-01-03 12:01:20.637,SELL,LIMIT,IOC,209,2284.01,2290.22,FILLED,209,209
2024-01-03 12:01:21.797,SELL,LIMIT,IOC,232,2282.42,2290.24,FILLED,231,232
2024-01-03 12:01:23.203,SELL,LIMIT,IOC,27,2280.28,2283.64,FILLED,25,27
2024-01-03 12:01:25.178,SELL,LIMIT,IOC,519,2278.25,2287.22,FILLED,82,519
2024-01-03 12:01:28.799,SELL,LIMIT,IOC,32,2276.69,2283.65,FILLED,32,32
2024-01-03 12:01:31.053,SELL,LIMIT,IOC,63,2273.96,2281.36,FILLED,63,63
2024-01-03 12:01:34.345,SELL,LIMIT,IOC,597,2272.71,2272.71,FILLED,597,597
2024-01-03 12:01:37.124,SELL,LIMIT,IOC,200,2273.07,2273.07,FILLED,200,200
2024-01-03 12:01:38.338,SELL,LIMIT,IOC,1,2261.22,2261.22,FILLED,1,1
2024-01-03 12:01:39.370,SELL,LIMIT,IOC,121,2257.91,2257.91,FILLED,121,121
2024-01-03 12:01:40.413,SELL,LIMIT,IOC,50,2255.93,2255.93,FILLED,50,50
2024-01-03 12:01:41.692,SELL,LIMIT,IOC,1017,2250.17,2250.17,FILLED,1017,1017
2024-01-03 12:01:42.757,SELL,LIMIT,IOC,6,2246.72,2246.72,FILLED,6,6
2024-01-03 12:01:44.389,SELL,LIMIT,IOC,143,2242.47,2242.47,FILLED,143,143
2024-01-03 12:01:46.048,SELL,LIMIT,IOC,8631,2232.81,2232.81,FILLED,8631,8631
2024-01-03 12:01:48.078,SELL,LIMIT,IOC,17,2232.81,2232.81,FILLED,17,17
2024-01-03 12:01:49.121,SELL,LIMIT,IOC,128,2225.99,2225.99,FILLED,128,128
2024-01-03 12:01:50.352,SELL,LIMIT,IOC,10,2225.37,2225.37,FILLED,10,10
2024-01-03 12:01:51.408,SELL,LIMIT,IOC,35,2223.63,2223.63,FILLED,35,35
2024-01-03 12:01:52.722,SELL,LIMIT,IOC,2590,2222.83,2222.83,FILLED,2590,2590
2024-01-03 12:06:54.802,SELL,LIMIT,IOC,6,2230.49,2235.62,FILLED,6,6
2024-01-03 12:06:59.038,SELL,LIMIT,IOC,1079,2221.31,2228.45,FILLED,2,1079
2024-01-03 12:07:00.741,SELL,LIMIT,IOC,4674,2219.41,2235.01,FILLED,280,4674
2024-01-03 12:08:29.045,SELL,LIMIT,IOC,417,2218.09,2218.09,FILLED,417,417
2024-01-03 12:08:30.447,SELL,LIMIT,IOC,200,2216.15,2221.48,FILLED,200,200
2024-01-03 12:08:32.139,SELL,LIMIT,IOC,70,2215.28,2215.74,FILLED,38,70
2024-01-03 12:08:33.236,SELL,LIMIT,IOC,247,2214.41,2214.41,FILLED,247,247
2024-01-03 12:08:35.120,SELL,LIMIT,IOC,4721,2210.38,2211.11,FILLED,2065,4721
2024-01-03 12:08:36.208,SELL,LIMIT,IOC,485,2209.93,2209.93,FILLED,485,485
2024-01-03 12:08:37.332,SELL,LIMIT,IOC,220,2209.41,2209.41,FILLED,220,220
2024-01-03 12:08:41.306,SELL,LIMIT,IOC,131,2204.8,2204.8,FILLED,131,131
2024-01-03 12:08:42.369,SELL,LIMIT,IOC,262,2202.49,2202.49,FILLED,262,262
2024-01-03 12:08:43.414,SELL,LIMIT,IOC,25,2200.11,2200.8,FILLED,25,25
2024-01-03 12:08:46.134,SELL,LIMIT,IOC,2173,2198.67,2198.67,FILLED,2173,2173
2024-01-03 12:08:47.166,SELL,LIMIT,IOC,610,2195.57,2195.57,FILLED,610,610
2024-01-03 12:08:48.308,SELL,LIMIT,IOC,15818,2190.63,2190.63,FILLED,15818,15818
2024-01-03 12:08:49.419,SELL,LIMIT,IOC,828,2189.75,2189.75,FILLED,828,828
2024-01-03 12:08:50.494,SELL,LIMIT,IOC,315,2188.52,2188.52,FILLED,315,315
2024-01-03 12:08:51.633,SELL,LIMIT,IOC,166,2186.75,2186.75,FILLED,166,166
2024-01-03 12:08:52.638,SELL,LIMIT,IOC,4032,2184.58,2184.58,FILLED,4032,4032
2024-01-03 12:08:55.100,SELL,LIMIT,IOC,2530,2183.69,2183.69,FILLED,2530,2530
2024-01-03 12:09:06.126,SELL,LIMIT,IOC,72,2181.8,2181.8,FILLED,72,72
2024-01-03 12:09:08.047,SELL,LIMIT,IOC,66,2178.56,2184.14,FILLED,66,66
2024-01-03 12:09:20.057,SELL,LIMIT,IOC,114339,2150.82,2155.08,FILLED,68446,114339
2024-01-03 12:09:21.091,SELL,LIMIT,IOC,460,2172.67,2172.67,FILLED,460,460
2024-01-03 12:09:22.429,SELL,LIMIT,IOC,311,2170.66,2174.19,FILLED,136,311
2024-01-03 12:09:27.178,SELL,LIMIT,IOC,23,2169.47,2169.47,FILLED,23,23
2024-01-03 12:09:30.057,SELL,LIMIT,IOC,12,2164.59,2164.59,FILLED,12,12
2024-01-03 12:09:31.097,SELL,LIMIT,IOC,212,2156.93,2156.93,FILLED,212,212
2024-01-03 12:09:33.244,SELL,LIMIT,IOC,590,2155.81,2155.81,FILLED,590,590
2024-01-03 12:09:36.104,SELL,LIMIT,IOC,2326,2151.72,2151.72,FILLED,2326,2326
2024-01-03 12:09:38.139,SELL,LIMIT,IOC,8043,2146.7,2146.7,FILLED,8043,8043
2024-01-03 12:09:47.051,SELL,LIMIT,IOC,19,2140.99,2140.99,FILLED,19,19
2024-01-03 12:09:56.948,SELL,LIMIT,IOC,338,2143.89,2143.89,FILLED,338,338
2024-01-03 12:09:58.158,SELL,LIMIT,IOC,47,2138.57,2138.57,FILLED,47,47
2024-01-03 12:09:59.165,SELL,LIMIT,IOC,2800,2131.86,2131.86,FILLED,2800,2800
2024-01-03 12:10:00.172,SELL,LIMIT,IOC,40,2127.06,2127.06,FILLED,40,40
2024-01-03 12:10:01.391,SELL,LIMIT,IOC,2300,2126.33,2126.33,FILLED,2300,2300
2024-01-03 12:10:02.424,SELL,LIMIT,IOC,108,2126.06,2126.06,FILLED,108,108
2024-01-03 12:10:04.151,SELL,LIMIT,IOC,7,2123.53,2123.53,FILLED,7,7
2024-01-03 12:10:18.060,SELL,LIMIT,IOC,45,2112.37,2112.37,FILLED,45,45
2024-01-03 12:10:27.046,SELL,LIMIT,IOC,4719,2095.64,2095.64,FILLED,4719,4719
2024-01-03 12:10:49.291,SELL,LIMIT,IOC,1000,2117.32,2117.32,FILLED,1000,1000
2024-01-03 12:10:59.927,SELL,LIMIT,IOC,500,2110.91,2110.91,FILLED,500,500
2024-01-03 12:11:18.234,SELL,LIMIT,IOC,938,2120.44,2127.52,FILLED,100,938
2024-01-03 12:11:30.086,SELL,LIMIT,IOC,1000,2132.58,2139.84,FILLED,198,1000
2024-01-03 12:12:23.501,SELL,LIMIT,IOC,549,2132.75,2164.34,FILLED,549,549
2024-01-03 12:12:34.368,SELL,LIMIT,IOC,471,2137.23,2163.03,FILLED,206,471
2024-01-03 12:13:14.584,SELL,LIMIT,IOC,157,2135.12,2153.97,FILLED,130,157
2024-01-03 12:18:17.707,BUY,LIMIT,IOC,97,2222.48,2212.81,FILLED,97,97
2024-01-03 12:19:31.212,SELL,LIMIT,IOC,2,2181.1,2189.1,FILLED,2,2
2024-01-03 12:19:33.462,SELL,LIMIT,IOC,3,2178.62,2189.84,FILLED,3,3
2024-01-03 12:19:38.598,SELL,LIMIT,IOC,108,2173.71,2185.15,FILLED,45,108
2024-01-03 12:20:11.438,SELL,LIMIT,IOC,6,2168.36,2176.6,FILLED,6,6
2024-01-03 12:27:41.529,SELL,LIMIT,IOC,2,2184.09,2192.87,FILLED,2,2
2024-01-03 12:27:49.471,SELL,LIMIT,IOC,7,2180.18,2190.21,FILLED,7,7
2024-01-03 12:36:27.113,BUY,LIMIT,IOC,43,2214.98,2204.0,FILLED,43,43
2024-01-03 12:37:02.101,BUY,LIMIT,IOC,513,2220.0,2209.09,FILLED,512,513
2024-01-03 12:47:11.668,BUY,LIMIT,IOC,63,2228.24,2217.09,FILLED,63,63
2024-01-03 12:53:51.697,BUY,LIMIT,IOC,121,2241.19,2230.3,FILLED,120,121
2024-01-03 12:54:33.303,BUY,LIMIT,IOC,34,2243.58,2231.14,FILLED,33,34
2024-01-03 12:55:34.787,BUY,LIMIT,IOC,3444,2245.5,2239.26,FILLED,130,3444
2024-01-03 12:55:57.348,BUY,LIMIT,IOC,340,2251.23,2239.67,FILLED,340,340
2024-01-03 12:59:43.410,BUY,LIMIT,IOC,303,2262.24,2250.77,FILLED,118,303
2024-01-03 13:04:32.285,SELL,LIMIT,IOC,96,2219.54,2229.18,FILLED,6,96
2024-01-03 13:05:02.845,SELL,LIMIT,IOC,7,2217.41,2226.43,FILLED,3,7
2024-01-03 13:22:04.374,SELL,LIMIT,IOC,238,2214.89,2225.39,FILLED,42,238
2024-01-03 13:22:26.043,SELL,LIMIT,IOC,1,2212.8,2222.32,FILLED,1,1
2024-01-03 13:22:49.333,SELL,LIMIT,IOC,69,2209.73,2220.47,FILLED,69,69
2024-01-03 13:22:53.057,SELL,LIMIT,IOC,1320,2208.12,2218.2,FILLED,1320,1320
2024-01-03 13:22:58.382,SELL,LIMIT,IOC,146,2206.44,2218.05,FILLED,146,146
2024-01-03 13:39:15.195,BUY,LIMIT,IOC,5,2243.38,2232.26,FILLED,5,5
2024-01-03 13:50:38.013,SELL,LIMIT,IOC,3373,2200.75,2211.14,FILLED,1708,3373
2024-01-03 14:15:19.208,SELL,LIMIT,IOC,2,2196.01,2206.04,FILLED,2,2
2024-01-03 14:15:32.362,SELL,LIMIT,IOC,93,2194.39,2204.05,FILLED,93,93
2024-01-03 14:15:34.472,SELL,LIMIT,IOC,9,2193.99,2202.9,FILLED,9,9
2024-01-03 14:15:58.381,SELL,LIMIT,IOC,9,2192.24,2202.04,FILLED,9,9
2024-01-03 14:16:15.708,SELL,LIMIT,IOC,706,2191.41,2199.85,FILLED,12,706
2024-01-03 14:16:19.773,SELL,LIMIT,IOC,237,2189.42,2198.5,FILLED,237,237
2024-01-03 14:16:34.595,SELL,LIMIT,IOC,52,2187.07,2194.89,FILLED,52,52
2024-01-03 14:24:24.236,SELL,LIMIT,IOC,384,2189.54,2200.17,FILLED,67,384
2024-01-03 14:24:27.152,SELL,LIMIT,IOC,740,2189.28,2199.88,FILLED,542,740
2024-01-03 16:18:23.839,SELL,LIMIT,IOC,62,2220.8,2231.14,FILLED,62,62
2024-01-03 16:18:39.221,SELL,LIMIT,IOC,35,2218.17,2227.22,FILLED,35,35
2024-01-03 17:16:17.305,SELL,LIMIT,IOC,5,2211.23,2221.97,FILLED,5,5
2024-01-03 17:16:36.093,SELL,LIMIT,IOC,643,2210.52,2220.77,FILLED,433,643
2024-01-03 17:16:57.423,SELL,LIMIT,IOC,31,2209.03,2218.24,FILLED,31,31
2024-01-03 17:51:35.270,SELL,LIMIT,IOC,1330,2205.71,2216.71,FILLED,530,1330
2024-01-03 17:51:44.176,SELL,LIMIT,IOC,80,2205.21,2215.58,FILLED,80,80
2024-01-03 17:51:46.403,SELL,LIMIT,IOC,10,2204.41,2213.83,FILLED,10,10
2024-01-03 18:26:54.374,SELL,LIMIT,IOC,4,2202.29,2212.6,FILLED,4,4
2024-01-03 18:28:35.617,SELL,LIMIT,IOC,62,2201.89,2212.39,FILLED,62,62
2024-01-03 18:35:46.201,SELL,LIMIT,IOC,69,2193.85,2203.87,FILLED,69,69
2024-01-03 18:48:07.815,SELL,LIMIT,IOC,128,2192.59,2203.21,FILLED,128,128
2024-01-03 18:56:06.081,SELL,LIMIT,IOC,69,2187.46,2194.89,FILLED,69,69
2024-01-03 18:56:07.503,SELL,LIMIT,IOC,108,2186.51,2194.5,FILLED,44,108
2024-01-03 18:56:11.387,SELL,LIMIT,IOC,30,2182.7,2193.2,FILLED,30,30
2024-01-03 19:34:44.389,BUY,LIMIT,IOC,113,2235.89,2223.12,FILLED,113,113
2024-01-03 19:35:01.515,BUY,LIMIT,IOC,5,2237.72,2226.72,FILLED,5,5
2024-01-03 20:33:45.681,BUY,LIMIT,IOC,104,2231.3,2220.34,FILLED,1,104
2024-01-03 22:22:49.709,SELL,LIMIT,IOC,101,2205.77,2216.31,FILLED,101,101
2024-01-03 22:27:48.137,SELL,LIMIT,IOC,52,2203.49,2214.22,FILLED,52,52
2024-01-03 22:29:58.703,SELL,LIMIT,IOC,323,2199.23,2209.89,FILLED,41,323
2024-01-03 22:45:15.415,SELL,LIMIT,IOC,103,2192.41,2200.41,FILLED,103,103
2024-01-03 22:45:20.947,SELL,LIMIT,IOC,30,2190.21,2201.44,FILLED,30,30
2024-01-03 23:10:38.333,SELL,LIMIT,IOC,106,2188.09,2197.18,FILLED,106,106
2024-01-04 01:23:32.578,SELL,LIMIT,IOC,98,2196.82,2206.73,FILLED,98,98
2024-01-04 02:16:02.831,BUY,LIMIT,IOC,25,2232.41,2222.48,FILLED,10,25
2024-01-04 05:37:13.106,BUY,LIMIT,IOC,78,2254.79,2245.89,FILLED,78,78
2024-01-04 05:37:14.330,BUY,LIMIT,IOC,442,2255.4,2245.65,FILLED,442,442
2024-01-04 07:09:14.395,SELL,LIMIT,IOC,1,2225.27,2235.46,FILLED,1,1
2024-01-04 08:09:45.050,SELL,LIMIT,IOC,467,2208.87,2218.57,FILLED,56,467
2024-01-04 08:16:16.641,SELL,LIMIT,IOC,224,2206.85,2216.72,FILLED,224,224
2024-01-04 10:16:31.473,SELL,LIMIT,IOC,345,2206.59,2217.34,FILLED,13,345
2024-01-04 10:19:13.674,SELL,LIMIT,IOC,28,2204.28,2214.92,FILLED,28,28
2024-01-04 10:24:11.793,SELL,LIMIT,IOC,15,2199.81,2210.73,FILLED,15,15
2024-01-04 10:25:59.514,SELL,LIMIT,IOC,214,2198.66,2208.65,FILLED,214,214
2024-01-04 12:13:53.790,BUY,LIMIT,IOC,2,2244.13,2233.29,FILLED,2,2
2024-01-04 13:51:23.802,BUY,LIMIT,IOC,3185,2255.33,2245.59,FILLED,257,3185
2024-01-04 14:32:15.761,SELL,LIMIT,IOC,14,2223.35,2233.73,FILLED,14,14
2024-01-04 14:51:49.744,BUY,LIMIT,IOC,32,2271.69,2261.77,FILLED,32,32
2024-01-04 15:00:19.849,BUY,LIMIT,IOC,55402,2295.1,2278.51,FILLED,4277,55402
2024-01-04 16:34:13.584,SELL,LIMIT,IOC,11,2250.91,2261.61,FILLED,11,11
2024-01-04 17:12:24.317,BUY,LIMIT,IOC,6,2298.65,2287.3,FILLED,6,6
2024-01-04 17:12:30.455,BUY,LIMIT,IOC,23,2299.45,2288.86,FILLED,20,23
2024-01-04 17:41:45.731,SELL,LIMIT,IOC,2,2264.66,2274.77,FILLED,2,2
2024-01-04 19:19:40.384,BUY,LIMIT,IOC,3,2303.53,2292.96,FILLED,3,3
2024-01-04 19:21:29.442,BUY,LIMIT,IOC,16,2304.09,2292.7,FILLED,16,16
2024-01-04 19:38:56.622,SELL,LIMIT,IOC,218,2269.43,2279.39,FILLED,218,218
2024-01-04 20:37:48.826,BUY,LIMIT,IOC,1800,2301.56,2290.22,FILLED,404,1800
2024-01-04 20:37:54.340,BUY,LIMIT,IOC,367,2301.99,2291.92,FILLED,367,367
2024-01-04 22:48:51.427,SELL,LIMIT,IOC,16,2255.66,2265.77,FILLED,16,16
2024-01-04 22:48:59.102,SELL,LIMIT,IOC,1,2254.88,2265.81,FILLED,1,1
2024-01-05 00:32:13.398,SELL,LIMIT,IOC,102,2255.31,2265.41,FILLED,77,102
2024-01-05 00:37:37.244,SELL,LIMIT,IOC,22,2254.37,2265.17,FILLED,18,22
2024-01-05 00:37:38.444,SELL,LIMIT,IOC,102,2254.25,2264.37,FILLED,102,102
2024-01-05 01:17:33.111,SELL,LIMIT,IOC,681,2250.65,2260.21,FILLED,2,681
2024-01-05 01:17:36.513,SELL,LIMIT,IOC,349,2248.12,2259.63,FILLED,349,349
2024-01-05 01:33:30.304,SELL,LIMIT,IOC,91,2243.72,2254.1,FILLED,89,91
2024-01-05 01:46:28.778,SELL,LIMIT,IOC,140,2242.57,2253.7,FILLED,140,140
2024-01-05 01:47:34.240,SELL,LIMIT,IOC,8,2240.94,2250.23,FILLED,8,8
2024-01-05 01:47:36.608,SELL,LIMIT,IOC,4,2240.51,2249.54,FILLED,4,4
2024-01-05 01:47:38.550,SELL,LIMIT,IOC,3,2239.95,2249.72,FILLED,3,3
2024-01-05 01:47:46.160,SELL,LIMIT,IOC,126,2237.17,2248.08,FILLED,126,126
2024-01-05 01:48:34.431,SELL,LIMIT,IOC,47,2234.47,2243.69,FILLED,47,47
2024-01-05 01:48:36.241,SELL,LIMIT,IOC,23,2233.42,2243.03,FILLED,23,23
2024-01-05 01:48:43.130,SELL,LIMIT,IOC,20,2229.5,2236.55,FILLED,20,20
2024-01-05 01:48:45.303,SELL,LIMIT,IOC,55,2228.64,2235.93,FILLED,55,55
2024-01-05 01:48:47.272,SELL,LIMIT,IOC,545,2225.32,2231.89,FILLED,20,545
2024-01-05 01:48:51.494,SELL,LIMIT,IOC,30,2221.83,2225.48,FILLED,30,30
2024-01-05 01:48:53.794,SELL,LIMIT,IOC,201,2221.23,2221.23,FILLED,201,201
2024-01-05 01:48:55.709,SELL,LIMIT,IOC,60,2217.16,2218.15,FILLED,60,60
2024-01-05 01:48:58.183,SELL,LIMIT,IOC,2277,2214.1,2217.79,FILLED,846,2277
2024-01-05 01:49:05.393,SELL,LIMIT,IOC,504,2210.46,2223.53,FILLED,356,504
2024-01-05 01:52:15.131,SELL,LIMIT,IOC,528,2209.37,2217.64,FILLED,327,528
2024-01-05 01:52:19.215,SELL,LIMIT,IOC,300,2207.15,2217.94,FILLED,4,300
2024-01-05 04:09:39.121,SELL,LIMIT,IOC,22,2227.23,2237.58,FILLED,22,22
2024-01-05 06:07:11.485,BUY,LIMIT,IOC,2,2261.91,2251.2,FILLED,2,2
2024-01-05 07:15:17.771,BUY,LIMIT,IOC,347,2277.13,2266.01,FILLED,102,347
2024-01-05 09:02:39.712,BUY,LIMIT,IOC,150,2277.29,2266.96,FILLED,60,150
2024-01-05 09:02:48.656,BUY,LIMIT,IOC,1223,2279.13,2268.87,FILLED,650,1223
2024-01-05 10:27:13.156,SELL,LIMIT,IOC,187,2246.07,2256.86,FILLED,47,187
2024-01-05 10:37:13.306,SELL,LIMIT,IOC,26,2243.02,2253.72,FILLED,26,26
2024-01-05 10:52:40.086,SELL,LIMIT,IOC,18,2239.92,2250.74,FILLED,3,18
2024-01-05 10:55:40.141,SELL,LIMIT,IOC,15,2237.8,2247.83,FILLED,11,15
2024-01-05 10:58:25.364,SELL,LIMIT,IOC,6,2233.3,2243.3,FILLED,3,6
2024-01-05 10:58:46.076,SELL,LIMIT,IOC,3,2230.32,2240.03,FILLED,3,3
2024-01-05 10:59:05.120,SELL,LIMIT,IOC,19,2228.78,2238.74,FILLED,19,19
2024-01-05 12:09:08.587,SELL,LIMIT,IOC,3,2226.56,2236.69,FILLED,3,3
2024-01-05 12:09:12.825,SELL,LIMIT,IOC,303,2225.67,2237.13,FILLED,303,303
2024-01-05 12:24:29.243,BUY,LIMIT,IOC,12,2261.01,2249.96,FILLED,10,12
2024-01-05 13:30:44.114,SELL,LIMIT,IOC,22,2229.28,2240.2,FILLED,22,22
2024-01-05 13:37:03.910,SELL,LIMIT,IOC,85,2228.64,2239.2,FILLED,85,85
2024-01-05 14:20:23.690,SELL,LIMIT,IOC,37,2225.28,2234.38,FILLED,28,37
2024-01-05 14:20:26.663,SELL,LIMIT,IOC,10,2224.18,2234.56,FILLED,10,10
2024-01-05 14:20:51.117,SELL,LIMIT,IOC,3,2223.18,2233.15,FILLED,3,3
2024-01-05 14:35:52.703,SELL,LIMIT,IOC,52,2222.42,2230.91,FILLED,18,52
2024-01-05 14:35:54.100,SELL,LIMIT,IOC,635,2220.71,2229.39,FILLED,116,635
2024-01-05 14:42:52.210,SELL,LIMIT,IOC,2,2215.4,2221.14,FILLED,2,2
2024-01-05 14:42:57.232,SELL,LIMIT,IOC,20,2212.19,2222.23,FILLED,20,20
2024-01-05 14:42:58.246,SELL,LIMIT,IOC,30,2211.99,2224.57,FILLED,30,30
2024-01-05 15:46:07.737,SELL,LIMIT,IOC,46,2216.2,2227.37,FILLED,46,46
2024-01-05 16:25:37.731,SELL,LIMIT,IOC,113,2208.98,2219.18,FILLED,113,113
2024-01-05 16:25:40.671,SELL,LIMIT,IOC,195,2208.49,2218.64,FILLED,39,195
2024-01-05 16:49:28.679,SELL,LIMIT,IOC,51,2205.8,2215.45,FILLED,3,51
2024-01-05 16:49:33.171,SELL,LIMIT,IOC,293,2204.85,2214.32,FILLED,293,293
2024-01-05 16:49:34.274,SELL,LIMIT,IOC,31,2203.94,2215.1,FILLED,31,31
2024-01-05 16:59:08.027,SELL,LIMIT,IOC,1519,2203.46,2213.23,FILLED,1519,1519
2024-01-05 16:59:15.410,SELL,LIMIT,IOC,2049,2202.71,2212.98,FILLED,53,2049
2024-01-05 16:59:20.133,SELL,LIMIT,IOC,7,2202.49,2212.25,FILLED,7,7
2024-01-05 16:59:23.472,SELL,LIMIT,IOC,420,2201.95,2211.35,FILLED,196,420
2024-01-05 16:59:27.311,SELL,LIMIT,IOC,1,2200.8,2210.93,FILLED,1,1
2024-01-05 17:05:45.462,SELL,LIMIT,IOC,1,2200.67,2209.83,FILLED,1,1
2024-01-05 17:09:15.603,SELL,LIMIT,IOC,1814,2196.9,2206.6,FILLED,1118,1814
2024-01-05 17:43:53.741,BUY,LIMIT,IOC,6,2243.51,2232.27,FILLED,6,6
2024-01-05 20:54:42.032,BUY,LIMIT,IOC,73,2265.36,2255.9,FILLED,73,73
2024-01-05 20:54:49.616,BUY,LIMIT,IOC,720,2268.31,2261.03,FILLED,289,720
2024-01-05 23:01:35.538,BUY,LIMIT,IOC,1388,2267.67,2256.47,FILLED,176,1388
2024-01-05 23:06:48.059,BUY,LIMIT,IOC,27,2275.46,2264.7,FILLED,27,27
2024-01-05 23:06:54.713,BUY,LIMIT,IOC,112,2278.77,2266.82,FILLED,112,112
2024-01-05 23:08:28.808,BUY,LIMIT,IOC,770,2280.71,2272.63,FILLED,402,770
2024-01-05 23:12:12.732,BUY,LIMIT,IOC,172,2288.11,2276.38,FILLED,172,172
2024-01-06 05:50:53.080,SELL,LIMIT,IOC,3,2224.37,2234.98,FILLED,3,3
2024-01-06 05:51:20.429,SELL,LIMIT,IOC,50,2222.89,2233.02,FILLED,50,50
2024-01-06 05:52:09.727,SELL,LIMIT,IOC,495,2221.59,2231.5,FILLED,495,495
2024-01-06 06:11:48.300,SELL,LIMIT,IOC,1277,2219.1,2229.37,FILLED,108,1277
2024-01-06 06:25:03.107,SELL,LIMIT,IOC,99,2216.65,2226.29,FILLED,99,99
2024-01-06 06:55:31.674,SELL,LIMIT,IOC,11,2211.08,2221.38,FILLED,11,11
2024-01-06 12:04:50.416,BUY,LIMIT,IOC,32,2254.16,2242.72,FILLED,32,32
2024-01-06 12:52:11.803,SELL,LIMIT,IOC,32,2218.76,2229.6,FILLED,32,32
2024-01-06 12:54:24.809,SELL,LIMIT,IOC,179,2218.03,2228.99,FILLED,17,179
2024-01-06 19:16:06.827,SELL,LIMIT,IOC,380,2231.94,2242.01,FILLED,217,380
2024-01-06 19:19:43.103,SELL,LIMIT,IOC,2,2227.44,2238.23,FILLED,2,2
2024-01-06 20:11:51.576,SELL,LIMIT,IOC,2,2226.77,2236.74,FILLED,2,2
2024-01-06 22:26:46.431,SELL,LIMIT,IOC,99,2225.03,2235.2,FILLED,99,99
2024-01-06 22:35:14.411,SELL,LIMIT,IOC,9,2222.66,2231.77,FILLED,9,9
2024-01-07 00:38:57.389,BUY,LIMIT,IOC,168,2260.41,2249.13,FILLED,168,168
2024-01-07 00:50:55.541,BUY,LIMIT,IOC,7,2264.31,2253.13,FILLED,7,7
2024-01-07 02:39:20.372,SELL,LIMIT,IOC,10,2229.54,2239.61,FILLED,10,10
2024-01-07 09:11:38.690,SELL,LIMIT,IOC,18,2228.38,2238.36,FILLED,3,18
2024-01-07 09:29:36.569,SELL,LIMIT,IOC,65,2223.95,2233.92,FILLED,65,65
2024-01-07 09:32:54.294,SELL,LIMIT,IOC,2,2223.3,2233.62,FILLED,2,2
2024-01-07 13:23:25.533,BUY,LIMIT,IOC,118,2259.14,2249.56,FILLED,118,118
2024-01-07 13:30:46.431,BUY,LIMIT,IOC,48,2264.91,2254.94,FILLED,5,48
2024-01-07 15:28:15.461,SELL,LIMIT,IOC,41,2222.51,2232.81,FILLED,41,41
2024-01-07 15:37:39.264,SELL,LIMIT,IOC,1,2220.35,2228.97,FILLED,1,1
2024-01-07 15:37:49.343,SELL,LIMIT,IOC,108,2218.65,2227.63,FILLED,105,108
2024-01-07 15:40:17.334,SELL,LIMIT,IOC,3357,2217.13,2227.05,FILLED,15,3357
2024-01-07 15:40:34.814,SELL,LIMIT,IOC,3300,2215.69,2225.87,FILLED,1937,3300
2024-01-07 15:40:46.281,SELL,LIMIT,IOC,4,2215.3,2224.47,FILLED,4,4
2024-01-07 15:40:48.751,SELL,LIMIT,IOC,335,2214.85,2225.06,FILLED,37,335
2024-01-07 15:45:53.636,SELL,LIMIT,IOC,2,2214.49,2225.32,FILLED,2,2
2024-01-07 15:46:04.144,SELL,LIMIT,IOC,1173,2214.11,2224.05,FILLED,106,1173
2024-01-07 15:46:11.448,SELL,LIMIT,IOC,916,2213.78,2224.25,FILLED,916,916
2024-01-07 15:46:13.258,SELL,LIMIT,IOC,3,2213.49,2224.25,FILLED,3,3
2024-01-07 15:47:15.754,SELL,LIMIT,IOC,7,2211.87,2222.85,FILLED,7,7
2024-01-07 17:47:02.594,BUY,LIMIT,IOC,2638,2253.46,2242.91,FILLED,26,2638
2024-01-07 21:41:36.489,SELL,LIMIT,IOC,135,2224.97,2235.33,FILLED,135,135
2024-01-07 22:17:24.689,SELL,LIMIT,IOC,1,2215.94,2225.61,FILLED,1,1
2024-01-07 22:19:10.315,SELL,LIMIT,IOC,142,2213.3,2223.68,FILLED,29,142
2024-01-07 22:19:11.560,SELL,LIMIT,IOC,886,2212.85,2223.5,FILLED,216,886
2024-01-07 22:31:10.546,SELL,LIMIT,IOC,2409,2206.93,2216.89,FILLED,8,2409
2024-01-07 22:31:20.713,SELL,LIMIT,IOC,7,2205.36,2214.09,FILLED,7,7
2024-01-07 22:31:22.279,SELL,LIMIT,IOC,119,2204.44,2213.02,FILLED,119,119
2024-01-07 22:31:23.583,SELL,LIMIT,IOC,3,2204.13,2213.25,FILLED,2,3
2024-01-07 22:31:32.500,SELL,LIMIT,IOC,300,2203.18,2212.64,FILLED,70,300
2024-01-07 22:31:36.102,SELL,LIMIT,IOC,23,2201.95,2210.24,FILLED,23,23
2024-01-07 22:31:39.726,SELL,LIMIT,IOC,1000,2200.52,2209.68,FILLED,398,1000
2024-01-07 22:36:17.587,SELL,LIMIT,IOC,129,2198.77,2208.87,FILLED,129,129
2024-01-07 22:36:19.354,SELL,LIMIT,IOC,422,2198.46,2208.85,FILLED,422,422
2024-01-07 22:36:21.965,SELL,LIMIT,IOC,872,2198.37,2209.51,FILLED,72,872
2024-01-07 23:25:07.284,SELL,LIMIT,IOC,391,2201.05,2211.66,FILLED,16,391
2024-01-07 23:28:25.037,SELL,LIMIT,IOC,16,2197.9,2206.6,FILLED,16,16
2024-01-08 00:16:53.571,SELL,LIMIT,IOC,1490,2199.81,2210.4,FILLED,905,1490
2024-01-08 00:33:37.288,SELL,LIMIT,IOC,3,2197.09,2206.58,FILLED,3,3
2024-01-08 00:33:42.339,SELL,LIMIT,IOC,250,2196.11,2206.58,FILLED,250,250
2024-01-08 00:35:38.503,SELL,LIMIT,IOC,3,2193.6,2203.25,FILLED,3,3
2024-01-08 00:35:40.093,SELL,LIMIT,IOC,1072,2192.58,2197.87,FILLED,470,1072
2024-01-08 00:35:41.104,SELL,LIMIT,IOC,789,2188.86,2196.4,FILLED,789,789
2024-01-08 00:35:42.687,SELL,LIMIT,IOC,151,2185.69,2193.67,FILLED,151,151
2024-01-08 00:35:43.768,SELL,LIMIT,IOC,644,2184.73,2193.11,FILLED,16,644
2024-01-08 00:35:45.436,SELL,LIMIT,IOC,2,2182.44,2191.75,FILLED,2,2
2024-01-08 02:17:38.456,SELL,LIMIT,IOC,684,2181.18,2190.04,FILLED,49,684
2024-01-08 02:17:39.465,SELL,LIMIT,IOC,8,2180.78,2189.88,FILLED,8,8
2024-01-08 02:17:41.277,SELL,LIMIT,IOC,1013,2180.4,2190.15,FILLED,58,1013
2024-01-08 02:17:48.121,SELL,LIMIT,IOC,1,2179.1,2188.24,FILLED,1,1
2024-01-08 02:17:49.862,SELL,LIMIT,IOC,223,2178.48,2188.14,FILLED,133,223
2024-01-08 02:38:11.678,SELL,LIMIT,IOC,174,2178.17,2187.0,FILLED,174,174
2024-01-08 02:51:43.696,SELL,LIMIT,IOC,987,2176.51,2186.73,FILLED,157,987
2024-01-08 02:51:49.798,SELL,LIMIT,IOC,56,2175.74,2185.11,FILLED,56,56
2024-01-08 02:51:55.358,SELL,LIMIT,IOC,13843,2172.33,2184.64,FILLED,1285,13843
2024-01-08 02:51:58.342,SELL,LIMIT,IOC,161,2174.61,2182.88,FILLED,159,161
2024-01-08 02:52:00.511,SELL,LIMIT,IOC,1,2173.74,2182.85,FILLED,1,1
2024-01-08 02:52:05.039,SELL,LIMIT,IOC,12261,2170.66,2182.51,FILLED,593,12261
2024-01-08 02:52:09.209,SELL,LIMIT,IOC,1,2172.97,2181.6,FILLED,1,1
2024-01-08 02:52:43.174,SELL,LIMIT,IOC,290,2171.9,2180.0,FILLED,290,290
2024-01-08 02:52:47.291,SELL,LIMIT,IOC,241,2170.77,2178.53,FILLED,241,241
2024-01-08 02:52:52.652,SELL,LIMIT,IOC,154,2168.18,2176.23,FILLED,144,154
2024-01-08 02:52:54.204,SELL,LIMIT,IOC,3374,2166.98,2174.36,FILLED,806,3374
2024-01-08 02:53:21.396,SELL,LIMIT,IOC,83,2166.01,2174.78,FILLED,83,83
2024-01-08 02:53:24.050,SELL,LIMIT,IOC,449,2164.93,2172.2,FILLED,150,449
2024-01-08 02:53:51.757,SELL,LIMIT,IOC,1000,2163.07,2171.41,FILLED,188,1000
2024-01-08 03:25:38.557,SELL,LIMIT,IOC,105,2161.78,2170.88,FILLED,105,105
2024-01-08 03:27:03.130,SELL,LIMIT,IOC,81,2161.19,2171.7,FILLED,81,81
2024-01-08 03:27:08.361,SELL,LIMIT,IOC,2845,2160.69,2170.79,FILLED,95,2845
2024-01-08 03:27:11.110,SELL,LIMIT,IOC,68,2159.5,2169.04,FILLED,37,68
2024-01-08 03:27:17.477,SELL,LIMIT,IOC,36,2158.92,2166.48,FILLED,36,36
2024-01-08 06:21:54.732,BUY,LIMIT,IOC,219,2225.18,2215.13,FILLED,219,219
2024-01-08 06:22:04.196,BUY,LIMIT,IOC,355,2226.36,2216.27,FILLED,355,355
2024-01-08 06:22:41.874,BUY,LIMIT,IOC,26,2228.15,2217.95,FILLED,26,26
2024-01-08 07:15:08.734,BUY,LIMIT,IOC,49,2238.08,2228.36,FILLED,49,49
2024-01-08 09:55:22.483,SELL,LIMIT,IOC,1,2197.98,2208.78,FILLED,1,1
2024-01-08 11:55:24.153,BUY,LIMIT,IOC,361,2247.19,2237.7,FILLED,361,361
2024-01-08 12:00:48.833,BUY,LIMIT,IOC,191,2253.91,2243.0,FILLED,191,191
2024-01-08 12:02:44.825,BUY,LIMIT,IOC,1,2260.77,2251.13,FILLED,1,1
2024-01-08 12:03:47.201,BUY,LIMIT,IOC,5,2267.08,2256.71,FILLED,5,5
2024-01-08 12:08:18.315,BUY,LIMIT,IOC,9156,2271.67,2259.66,FILLED,18,9156
2024-01-08 12:08:21.110,BUY,LIMIT,IOC,33,2272.29,2261.28,FILLED,33,33
2024-01-08 12:08:27.365,BUY,LIMIT,IOC,65,2274.2,2263.16,FILLED,53,65
2024-01-08 12:09:23.064,SELL,LIMIT,IOC,201,2227.11,2258.8,FILLED,201,201
2024-01-08 12:12:54.546,BUY,LIMIT,IOC,2,2276.45,2265.98,FILLED,2,2
2024-01-08 12:15:50.328,BUY,LIMIT,IOC,69,2281.13,2269.84,FILLED,69,69
2024-01-08 13:15:47.273,BUY,LIMIT,IOC,2098,2285.09,2273.93,FILLED,662,2098
2024-01-08 13:15:50.833,BUY,LIMIT,IOC,3104,2285.57,2274.29,FILLED,556,3104
2024-01-08 13:26:43.574,BUY,LIMIT,IOC,30,2286.48,2275.53,FILLED,30,30
2024-01-08 14:09:50.099,SELL,LIMIT,IOC,226,2248.91,2259.75,FILLED,226,226
2024-01-08 15:41:27.798,BUY,LIMIT,IOC,1732,2285.54,2276.7,FILLED,373,1732
2024-01-08 15:41:32.713,BUY,LIMIT,IOC,3649,2288.8,2281.48,FILLED,233,3649
2024-01-08 15:41:34.385,BUY,LIMIT,IOC,3,2289.65,2280.74,FILLED,3,3
2024-01-08 16:40:24.426,SELL,LIMIT,IOC,20,2251.95,2261.95,FILLED,20,20
2024-01-08 17:36:59.273,BUY,LIMIT,IOC,226,2286.21,2275.03,FILLED,226,226
2024-01-08 17:48:41.853,BUY,LIMIT,IOC,14,2297.9,2288.22,FILLED,12,14
2024-01-08 17:50:47.418,BUY,LIMIT,IOC,10,2305.42,2293.98,FILLED,10,10
2024-01-08 17:52:34.338,BUY,LIMIT,IOC,237,2309.87,2299.22,FILLED,236,237
2024-01-08 17:56:31.637,BUY,LIMIT,IOC,60,2313.37,2302.42,FILLED,59,60
2024-01-08 18:01:16.084,BUY,LIMIT,IOC,333,2325.69,2315.31,FILLED,33,333
2024-01-08 18:01:18.494,BUY,LIMIT,IOC,270,2326.54,2315.76,FILLED,270,270
2024-01-08 18:01:33.396,BUY,LIMIT,IOC,1,2327.8,2316.42,FILLED,1,1
2024-01-08 18:04:47.607,BUY,LIMIT,IOC,1800,2329.11,2317.66,FILLED,685,1800
2024-01-08 18:05:18.122,BUY,LIMIT,IOC,1243,2332.87,2321.86,FILLED,1037,1243
2024-01-08 18:33:02.056,BUY,LIMIT,IOC,91,2337.27,2326.0,FILLED,86,91
2024-01-08 18:35:07.701,BUY,LIMIT,IOC,327,2339.53,2328.06,FILLED,112,327
2024-01-08 18:35:30.933,BUY,LIMIT,IOC,242,2341.39,2330.08,FILLED,242,242
2024-01-08 18:36:13.314,BUY,LIMIT,IOC,451,2342.58,2332.21,FILLED,451,451
2024-01-08 18:36:17.422,BUY,LIMIT,IOC,1,2345.64,2335.04,FILLED,1,1
2024-01-08 18:36:31.690,BUY,LIMIT,IOC,2200,2347.21,2335.91,FILLED,592,2200
2024-01-08 18:38:45.325,BUY,LIMIT,IOC,52,2347.48,2336.86,FILLED,42,52
2024-01-08 19:13:14.585,BUY,LIMIT,IOC,7,2356.05,2345.2,FILLED,1,7
2024-01-08 19:13:26.661,BUY,LIMIT,IOC,20,2356.9,2345.17,FILLED,20,20
2024-01-08 19:25:22.752,BUY,LIMIT,IOC,120,2362.44,2351.4,FILLED,80,120
2024-01-08 20:59:21.411,SELL,LIMIT,IOC,117,2326.21,2337.19,FILLED,2,117
2024-01-09 00:25:17.402,SELL,LIMIT,IOC,14,2315.14,2324.29,FILLED,14,14
2024-01-09 00:25:45.144,SELL,LIMIT,IOC,2580,2312.53,2323.54,FILLED,443,2580
2024-01-09 00:28:43.163,SELL,LIMIT,IOC,3,2309.51,2319.74,FILLED,3,3
2024-01-09 00:32:27.324,SELL,LIMIT,IOC,366,2307.58,2318.81,FILLED,363,366
2024-01-09 00:32:56.308,SELL,LIMIT,IOC,7353,2301.07,2312.38,FILLED,1156,7353
2024-01-09 00:33:29.663,SELL,LIMIT,IOC,6,2302.2,2312.72,FILLED,5,6
2024-01-09 00:36:35.793,SELL,LIMIT,IOC,38,2294.72,2306.62,FILLED,38,38
2024-01-09 00:37:27.333,SELL,LIMIT,IOC,28,2292.33,2303.52,FILLED,28,28
2024-01-09 00:37:41.686,SELL,LIMIT,IOC,2,2289.91,2301.04,FILLED,2,2
2024-01-09 00:38:04.370,SELL,LIMIT,IOC,1709,2287.02,2297.19,FILLED,583,1709
2024-01-09 00:39:49.990,SELL,LIMIT,IOC,15,2281.18,2291.6,FILLED,15,15
2024-01-09 01:28:25.595,SELL,LIMIT,IOC,17,2291.49,2302.06,FILLED,16,17
2024-01-09 05:48:00.871,SELL,LIMIT,IOC,21,2291.91,2302.45,FILLED,21,21
2024-01-09 06:47:03.521,SELL,LIMIT,IOC,4,2289.21,2300.66,FILLED,4,4
2024-01-09 06:47:44.319,SELL,LIMIT,IOC,9,2288.36,2298.66,FILLED,9,9
2024-01-09 08:51:04.723,SELL,LIMIT,IOC,142,2285.98,2296.29,FILLED,142,142
2024-01-09 09:21:03.480,SELL,LIMIT,IOC,83,2277.78,2287.21,FILLED,83,83
2024-01-09 12:55:53.306,SELL,LIMIT,IOC,1,2274.0,2284.27,FILLED,1,1
2024-01-09 12:56:12.737,SELL,LIMIT,IOC,51,2272.54,2281.44,FILLED,39,51
2024-01-09 12:56:24.708,SELL,LIMIT,IOC,137,2269.39,2280.01,FILLED,137,137
2024-01-09 12:56:28.164,SELL,LIMIT,IOC,2195,2267.04,2275.0,FILLED,2195,2195
2024-01-09 12:56:29.507,SELL,LIMIT,IOC,67,2265.8,2276.7,FILLED,67,67
2024-01-09 12:56:33.031,SELL,LIMIT,IOC,23,2264.13,2269.63,FILLED,23,23
2024-01-09 12:56:34.163,SELL,LIMIT,IOC,1,2262.03,2264.0,FILLED,1,1
2024-01-09 12:56:36.427,SELL,LIMIT,IOC,2,2257.1,2259.16,FILLED,2,2
2024-01-09 12:56:37.693,SELL,LIMIT,IOC,160,2254.27,2254.27,FILLED,160,160
2024-01-09 12:56:39.304,SELL,LIMIT,IOC,403,2245.65,2245.65,FILLED,403,403
2024-01-09 12:56:40.488,SELL,LIMIT,IOC,247,2244.29,2244.29,FILLED,247,247
2024-01-09 12:56:43.574,SELL,LIMIT,IOC,36,2238.49,2238.49,FILLED,36,36
2024-01-09 12:56:45.065,SELL,LIMIT,IOC,17,2230.58,2230.58,FILLED,17,17
2024-01-09 12:56:46.240,SELL,LIMIT,IOC,2018,2228.12,2228.12,FILLED,2018,2018
2024-01-09 12:57:05.074,BUY,LIMIT,IOC,66,2257.03,2248.34,FILLED,62,66
2024-01-09 12:57:09.074,BUY,LIMIT,IOC,678,2263.8,2253.74,FILLED,153,678
2024-01-09 12:57:29.366,BUY,LIMIT,IOC,30,2273.54,2263.66,FILLED,30,30
2024-01-09 14:31:39.734,SELL,LIMIT,IOC,1,2251.24,2261.95,FILLED,1,1
2024-01-09 14:38:30.175,SELL,LIMIT,IOC,88,2245.34,2254.39,FILLED,88,88
2024-01-09 14:55:37.131,SELL,LIMIT,IOC,114,2236.31,2245.51,FILLED,114,114
2024-01-09 19:43:58.656,SELL,LIMIT,IOC,57,2251.73,2261.05,FILLED,57,57
2024-01-09 19:45:59.388,SELL,LIMIT,IOC,490,2248.95,2258.79,FILLED,479,490
2024-01-09 20:34:38.153,SELL,LIMIT,IOC,27,2245.18,2255.28,FILLED,27,27
2024-01-09 20:54:20.302,SELL,LIMIT,IOC,1,2241.14,2251.66,FILLED,1,1
2024-01-09 21:11:54.795,BUY,LIMIT,IOC,811,2283.05,2274.87,FILLED,7,811
2024-01-09 21:12:28.404,BUY,LIMIT,IOC,482,2297.84,2287.1,FILLED,263,482
2024-01-09 21:13:54.709,BUY,LIMIT,IOC,1,2306.01,2294.61,FILLED,1,1
2024-01-09 21:15:05.857,BUY,LIMIT,IOC,35,2311.48,2304.24,FILLED,34,35
2024-01-09 21:15:49.478,SELL,LIMIT,IOC,16,2263.51,2270.78,FILLED,16,16
2024-01-09 21:15:54.696,SELL,LIMIT,IOC,61,2252.68,2252.68,FILLED,61,61
2024-01-09 21:17:25.527,SELL,LIMIT,IOC,102,2247.05,2251.38,FILLED,102,102
2024-01-09 21:21:00.445,SELL,LIMIT,IOC,129,2258.11,2264.34,FILLED,85,129
2024-01-09 21:23:43.844,BUY,LIMIT,IOC,63,2316.83,2311.71,FILLED,63,63
2024-01-09 21:24:08.450,BUY,LIMIT,IOC,135,2333.68,2325.93,FILLED,131,135
2024-01-09 21:24:37.187,BUY,LIMIT,IOC,99,2337.2,2328.69,FILLED,99,99
2024-01-09 21:24:55.898,SELL,LIMIT,IOC,187,2299.09,2308.07,FILLED,187,187
2024-01-09 21:25:22.879,SELL,LIMIT,IOC,1,2273.3,2279.58,FILLED,1,1
2024-01-09 21:29:42.644,BUY,LIMIT,IOC,341,2307.64,2296.49,FILLED,341,341
2024-01-09 21:39:29.150,BUY,LIMIT,IOC,841,2327.31,2316.7,FILLED,828,841
2024-01-09 21:41:45.130,BUY,LIMIT,IOC,3,2338.05,2328.72,FILLED,3,3
2024-01-09 21:43:12.477,BUY,LIMIT,IOC,77,2344.95,2344.95,FILLED,77,77
2024-01-09 21:43:13.682,BUY,LIMIT,IOC,111,2350.29,2350.29,FILLED,111,111
2024-01-09 21:43:17.206,BUY,LIMIT,IOC,7,2359.91,2353.92,FILLED,7,7
2024-01-09 21:45:32.130,BUY,LIMIT,IOC,144,2363.81,2353.7,FILLED,144,144
2024-01-09 21:45:58.730,BUY,LIMIT,IOC,1499,2372.59,2362.56,FILLED,501,1499
2024-01-09 21:46:01.377,BUY,LIMIT,IOC,2,2372.77,2368.36,FILLED,2,2
2024-01-09 21:46:06.307,BUY,LIMIT,IOC,23,2380.55,2374.79,FILLED,22,23
2024-01-09 21:46:07.334,BUY,LIMIT,IOC,4339,2383.05,2376.92,FILLED,21,4339
2024-01-09 21:54:47.722,SELL,LIMIT,IOC,266,2328.51,2339.7,FILLED,89,266
2024-01-09 21:55:35.558,SELL,LIMIT,IOC,7,2313.7,2323.54,FILLED,7,7
2024-01-09 21:57:05.498,SELL,LIMIT,IOC,843,2302.26,2313.16,FILLED,667,843
2024-01-09 22:13:19.489,BUY,LIMIT,IOC,56,2373.96,2363.29,FILLED,56,56
2024-01-09 22:14:44.110,SELL,LIMIT,IOC,16,2338.69,2350.02,FILLED,16,16
2024-01-09 22:20:08.084,BUY,LIMIT,IOC,47,2383.43,2371.73,FILLED,47,47
2024-01-09 22:22:59.119,SELL,LIMIT,IOC,1,2346.53,2356.1,FILLED,1,1
2024-01-09 23:16:53.081,SELL,LIMIT,IOC,76,2314.1,2323.35,FILLED,26,76
2024-01-10 00:05:01.038,BUY,LIMIT,IOC,1,2361.85,2350.94,FILLED,1,1
2024-01-10 00:24:36.554,BUY,LIMIT,IOC,32,2385.8,2375.37,FILLED,32,32
2024-01-10 00:24:45.583,BUY,LIMIT,IOC,195,2386.69,2376.0,FILLED,195,195
2024-01-10 00:24:47.817,BUY,LIMIT,IOC,1000,2387.78,2378.13,FILLED,1000,1000
2024-01-10 00:24:54.840,BUY,LIMIT,IOC,345,2391.62,2379.37,FILLED,87,345
2024-01-10 00:25:59.601,BUY,LIMIT,IOC,2000,2392.05,2382.8,FILLED,263,2000
2024-01-10 00:26:15.265,BUY,LIMIT,IOC,11,2396.08,2385.24,FILLED,11,11
2024-01-10 00:26:52.534,BUY,LIMIT,IOC,38,2397.82,2387.57,FILLED,38,38
2024-01-10 00:58:44.336,BUY,LIMIT,IOC,58,2410.41,2398.79,FILLED,58,58
2024-01-10 01:17:25.145,SELL,LIMIT,IOC,2,2365.47,2377.52,FILLED,2,2
2024-01-10 02:35:39.883,SELL,LIMIT,IOC,718,2349.29,2360.46,FILLED,220,718
2024-01-10 02:41:01.616,SELL,LIMIT,IOC,99,2342.03,2353.33,FILLED,99,99
2024-01-10 02:41:31.328,SELL,LIMIT,IOC,4,2340.57,2352.22,FILLED,4,4
2024-01-10 02:41:35.146,SELL,LIMIT,IOC,4,2339.95,2351.39,FILLED,4,4
2024-01-10 02:43:56.409,SELL,LIMIT,IOC,129,2337.01,2348.16,FILLED,29,129
2024-01-10 03:01:28.240,SELL,LIMIT,IOC,532,2335.31,2346.49,FILLED,137,532
2024-01-10 07:40:45.697,SELL,LIMIT,IOC,1,2361.5,2372.0,FILLED,1,1
2024-01-10 07:41:32.351,SELL,LIMIT,IOC,14,2358.99,2370.06,FILLED,14,14
2024-01-10 07:52:21.427,SELL,LIMIT,IOC,155,2357.51,2369.37,FILLED,155,155
2024-01-10 08:42:52.111,SELL,LIMIT,IOC,16,2357.55,2369.23,FILLED,16,16
2024-01-10 09:17:41.678,BUY,LIMIT,IOC,2,2397.82,2390.13,FILLED,2,2
2024-01-10 09:17:43.571,BUY,LIMIT,IOC,412,2400.81,2390.46,FILLED,331,412
2024-01-10 09:17:47.117,BUY,LIMIT,IOC,6,2401.45,2390.35,FILLED,6,6
2024-01-10 09:17:59.236,BUY,LIMIT,IOC,12,2406.93,2395.37,FILLED,12,12
2024-01-10 09:18:11.513,BUY,LIMIT,IOC,19,2411.14,2400.84,FILLED,19,19
2024-01-10 09:18:14.391,BUY,LIMIT,IOC,882,2412.98,2408.15,FILLED,49,882
2024-01-10 09:22:08.187,BUY,LIMIT,IOC,3,2419.36,2407.69,FILLED,3,3
2024-01-10 09:22:13.733,BUY,LIMIT,IOC,36,2420.5,2409.8,FILLED,36,36
2024-01-10 09:26:29.421,BUY,LIMIT,IOC,216,2421.62,2410.46,FILLED,216,216
2024-01-10 09:27:10.606,BUY,LIMIT,IOC,23,2423.98,2412.37,FILLED,15,23
2024-01-10 09:27:15.812,BUY,LIMIT,IOC,7,2427.23,2417.23,FILLED,7,7
2024-01-10 09:34:54.604,BUY,LIMIT,IOC,42,2438.04,2427.26,FILLED,42,42
2024-01-10 09:35:59.332,BUY,LIMIT,IOC,468,2439.09,2430.4,FILLED,468,468
2024-01-10 09:37:15.568,BUY,LIMIT,IOC,89,2441.52,2429.62,FILLED,89,89
2024-01-10 09:37:23.144,BUY,LIMIT,IOC,557,2441.58,2429.9,FILLED,251,557
2024-01-10 11:53:11.393,SELL,LIMIT,IOC,99,2386.44,2388.76,FILLED,99,99
2024-01-10 11:53:13.575,SELL,LIMIT,IOC,12036,2376.06,2384.68,FILLED,4606,12036
2024-01-10 11:53:15.435,SELL,LIMIT,IOC,71,2376.38,2385.78,FILLED,71,71
2024-01-10 11:53:16.728,SELL,LIMIT,IOC,363,2372.04,2387.99,FILLED,104,363
2024-01-10 12:15:58.054,SELL,LIMIT,IOC,4,2386.68,2397.1,FILLED,3,4
2024-01-10 12:28:29.988,SELL,LIMIT,IOC,6,2368.04,2377.15,FILLED,6,6
2024-01-10 12:28:36.202,SELL,LIMIT,IOC,58,2361.62,2370.95,FILLED,58,58
2024-01-10 12:28:38.786,SELL,LIMIT,IOC,964,2359.86,2367.55,FILLED,106,964
2024-01-10 12:28:41.617,SELL,LIMIT,IOC,2668,2355.67,2369.05,FILLED,833,2668
2024-01-10 12:47:47.538,SELL,LIMIT,IOC,8,2355.66,2366.34,FILLED,6,8
2024-01-10 12:48:48.283,SELL,LIMIT,IOC,612,2349.56,2351.41,FILLED,179,612
2024-01-10 12:48:49.699,SELL,LIMIT,IOC,98,2341.8,2347.24,FILLED,98,98
2024-01-10 12:48:51.169,SELL,LIMIT,IOC,73,2340.11,2351.37,FILLED,73,73
2024-01-10 13:05:38.526,BUY,LIMIT,IOC,13000,2392.24,2378.57,FILLED,955,13000
2024-01-10 15:03:35.332,BUY,LIMIT,IOC,1121,2412.34,2401.02,FILLED,764,1121
2024-01-10 15:03:54.249,BUY,LIMIT,IOC,34,2414.95,2405.08,FILLED,34,34
2024-01-10 15:10:52.268,BUY,LIMIT,IOC,150,2444.32,2439.83,FILLED,150,150
2024-01-10 15:10:53.402,BUY,LIMIT,IOC,11,2446.55,2436.61,FILLED,11,11
2024-01-10 15:17:44.803,SELL,LIMIT,IOC,60,2420.35,2431.3,FILLED,59,60
2024-01-10 15:38:08.542,BUY,LIMIT,IOC,15,2449.95,2440.36,FILLED,15,15
2024-01-10 15:39:18.362,BUY,LIMIT,IOC,14,2460.16,2449.52,FILLED,14,14
2024-01-10 15:39:33.588,BUY,LIMIT,IOC,33,2462.04,2451.31,FILLED,33,33
2024-01-10 15:39:36.319,BUY,LIMIT,IOC,10220,2465.54,2456.64,FILLED,836,10220
2024-01-10 16:00:22.704,BUY,LIMIT,IOC,1330,2466.41,2456.45,FILLED,213,1330
2024-01-10 16:00:24.834,BUY,LIMIT,IOC,516,2468.49,2458.23,FILLED,144,516
2024-01-10 16:00:28.834,BUY,LIMIT,IOC,3130,2469.68,2459.17,FILLED,768,3130
2024-01-10 16:35:32.415,SELL,LIMIT,IOC,3,2417.43,2428.88,FILLED,3,3
2024-01-10 16:44:14.062,SELL,LIMIT,IOC,36,2407.17,2418.66,FILLED,36,36
2024-01-10 16:46:05.690,SELL,LIMIT,IOC,127,2405.5,2412.36,FILLED,127,127
2024-01-10 17:02:58.831,SELL,LIMIT,IOC,100,2392.76,2405.43,FILLED,100,100
2024-01-10 17:42:11.376,BUY,LIMIT,IOC,1429,2447.26,2436.04,FILLED,15,1429
2024-01-10 17:42:55.726,BUY,LIMIT,IOC,10,2451.85,2439.72,FILLED,10,10
2024-01-10 18:09:08.496,SELL,LIMIT,IOC,1257,2417.13,2429.21,FILLED,24,1257
2024-01-10 18:09:52.227,SELL,LIMIT,IOC,823,2407.56,2416.82,FILLED,77,823
2024-01-10 18:09:54.070,SELL,LIMIT,IOC,125,2405.77,2417.57,FILLED,125,125
2024-01-10 18:40:55.661,SELL,LIMIT,IOC,287,2409.93,2421.32,FILLED,164,287
2024-01-10 19:07:52.516,BUY,LIMIT,IOC,4,2460.42,2449.48,FILLED,3,4
2024-01-10 19:08:57.114,SELL,LIMIT,IOC,28,2419.47,2430.3,FILLED,28,28
2024-01-10 19:09:01.289,SELL,LIMIT,IOC,1319,2416.34,2427.7,FILLED,104,1319
2024-01-10 19:12:35.500,BUY,LIMIT,IOC,960,2462.22,2451.85,FILLED,54,960
2024-01-10 19:12:46.247,BUY,LIMIT,IOC,700,2467.73,2456.45,FILLED,99,700
2024-01-10 19:12:51.359,BUY,LIMIT,IOC,558,2470.24,2468.86,FILLED,94,558
2024-01-10 19:12:52.476,BUY,LIMIT,IOC,118,2475.07,2465.71,FILLED,18,118
2024-01-10 19:18:23.100,BUY,LIMIT,IOC,1,2473.55,2462.67,FILLED,1,1
2024-01-10 19:20:47.301,BUY,LIMIT,IOC,219,2478.18,2466.44,FILLED,30,219
2024-01-10 19:21:12.049,BUY,LIMIT,IOC,3,2480.65,2470.5,FILLED,3,3
2024-01-10 19:21:13.518,BUY,LIMIT,IOC,218,2481.11,2472.04,FILLED,32,218
2024-01-10 19:21:14.635,BUY,LIMIT,IOC,50,2482.48,2472.79,FILLED,50,50
2024-01-10 19:27:35.237,SELL,LIMIT,IOC,7,2444.68,2453.9,FILLED,7,7
2024-01-10 19:33:52.825,BUY,LIMIT,IOC,40,2487.58,2475.79,FILLED,40,40
2024-01-10 19:42:31.355,BUY,LIMIT,IOC,100,2489.09,2477.39,FILLED,100,100
2024-01-10 19:44:07.228,BUY,LIMIT,IOC,192,2491.31,2479.02,FILLED,38,192
2024-01-10 19:44:36.297,BUY,LIMIT,IOC,3,2492.07,2480.41,FILLED,3,3
2024-01-10 19:44:43.512,BUY,LIMIT,IOC,476,2492.91,2481.65,FILLED,35,476
2024-01-10 19:44:48.234,BUY,LIMIT,IOC,2,2493.7,2483.58,FILLED,2,2
2024-01-10 20:07:45.689,SELL,LIMIT,IOC,19,2447.12,2458.69,FILLED,19,19
2024-01-10 20:11:59.820,SELL,LIMIT,IOC,6,2429.26,2437.75,FILLED,6,6
2024-01-10 20:12:01.243,SELL,LIMIT,IOC,40,2427.16,2430.91,FILLED,40,40
2024-01-10 20:12:12.459,SELL,LIMIT,IOC,18,2420.35,2420.35,FILLED,18,18
2024-01-10 20:12:15.521,SELL,LIMIT,IOC,26,2414.87,2425.99,FILLED,26,26
2024-01-10 20:20:57.813,SELL,LIMIT,IOC,11,2428.24,2438.27,FILLED,8,11
2024-01-10 20:23:05.854,SELL,LIMIT,IOC,219,2425.43,2435.93,FILLED,24,219
2024-01-10 20:47:14.365,BUY,LIMIT,IOC,142,2492.08,2482.46,FILLED,81,142
2024-01-10 20:47:43.887,BUY,LIMIT,IOC,156,2493.67,2484.25,FILLED,55,156
2024-01-10 20:47:47.098,BUY,LIMIT,IOC,871,2495.8,2484.31,FILLED,44,871
2024-01-10 20:47:50.553,BUY,LIMIT,IOC,157,2498.67,2487.52,FILLED,157,157
2024-01-10 20:54:05.465,SELL,LIMIT,IOC,920,2457.81,2469.37,FILLED,155,920
2024-01-10 21:05:27.369,BUY,LIMIT,IOC,68,2502.25,2490.82,FILLED,67,68
2024-01-10 21:05:32.068,BUY,LIMIT,IOC,1,2503.32,2493.69,FILLED,1,1
2024-01-10 21:05:33.586,BUY,LIMIT,IOC,133,2503.7,2492.53,FILLED,37,133
2024-01-10 21:05:36.362,BUY,LIMIT,IOC,13,2504.77,2493.89,FILLED,13,13
2024-01-10 21:05:44.070,BUY,LIMIT,IOC,31,2505.44,2494.37,FILLED,31,31
2024-01-10 21:05:46.818,BUY,LIMIT,IOC,165,2505.9,2495.0,FILLED,165,165
2024-01-10 21:07:31.112,BUY,LIMIT,IOC,52691,2520.81,2502.65,FILLED,2319,52691
2024-01-10 21:07:32.651,BUY,LIMIT,IOC,261,2512.87,2501.87,FILLED,61,261
2024-01-10 21:07:51.203,BUY,LIMIT,IOC,1339,2513.39,2504.93,FILLED,775,1339
2024-01-10 21:07:52.235,BUY,LIMIT,IOC,610,2513.81,2506.66,FILLED,344,610
2024-01-10 21:07:53.482,BUY,LIMIT,IOC,18,2514.74,2506.89,FILLED,18,18
2024-01-10 21:07:57.288,BUY,LIMIT,IOC,1500,2518.48,2508.46,FILLED,549,1500
2024-01-10 21:07:58.638,BUY,LIMIT,IOC,34,2517.86,2510.4,FILLED,7,34
2024-01-10 21:07:59.835,BUY,LIMIT,IOC,6,2519.69,2513.16,FILLED,6,6
2024-01-10 21:11:14.160,BUY,LIMIT,IOC,22,2524.35,2513.43,FILLED,22,22
2024-01-10 21:11:17.601,BUY,LIMIT,IOC,8,2525.16,2514.49,FILLED,4,8
2024-01-10 21:11:19.052,BUY,LIMIT,IOC,1925,2525.7,2515.0,FILLED,1925,1925
2024-01-10 21:11:20.142,BUY,LIMIT,IOC,21,2526.45,2515.11,FILLED,21,21
2024-01-10 21:11:26.323,BUY,LIMIT,IOC,120,2527.75,2517.52,FILLED,115,120
2024-01-10 21:11:29.171,BUY,LIMIT,IOC,87,2529.55,2518.51,FILLED,9,87
2024-01-10 21:11:57.318,BUY,LIMIT,IOC,2,2532.96,2522.68,FILLED,2,2
2024-01-10 21:11:59.092,BUY,LIMIT,IOC,5,2533.82,2522.9,FILLED,5,5
2024-01-10 21:12:00.568,BUY,LIMIT,IOC,726,2533.93,2523.52,FILLED,450,726
2024-01-10 21:12:07.316,BUY,LIMIT,IOC,4399,2536.34,2524.71,FILLED,1442,4399
2024-01-10 21:13:38.697,BUY,LIMIT,IOC,880,2537.34,2526.69,FILLED,597,880
2024-01-10 21:13:40.848,BUY,LIMIT,IOC,100,2538.61,2525.63,FILLED,49,100
2024-01-10 21:13:52.861,BUY,LIMIT,IOC,20,2540.52,2528.0,FILLED,20,20
2024-01-10 21:15:54.680,SELL,LIMIT,IOC,194,2498.96,2508.67,FILLED,94,194
2024-01-10 21:26:48.218,BUY,LIMIT,IOC,218,2542.72,2531.62,FILLED,218,218
2024-01-10 21:26:49.352,BUY,LIMIT,IOC,138,2543.07,2531.81,FILLED,138,138
2024-01-10 21:26:53.412,BUY,LIMIT,IOC,24,2544.37,2532.82,FILLED,24,24
2024-01-10 21:30:05.307,SELL,LIMIT,IOC,76,2505.55,2514.39,FILLED,76,76
2024-01-10 21:30:27.828,SELL,LIMIT,IOC,53,2500.31,2513.31,FILLED,53,53
2024-01-10 21:58:39.773,BUY,LIMIT,IOC,422,2538.06,2525.94,FILLED,422,422
2024-01-10 22:17:20.797,BUY,LIMIT,IOC,681,2546.09,2534.88,FILLED,124,681
2024-01-10 22:17:27.536,BUY,LIMIT,IOC,5,2547.41,2535.92,FILLED,5,5
2024-01-10 22:18:20.067,BUY,LIMIT,IOC,148,2551.88,2540.17,FILLED,148,148
2024-01-10 22:18:22.653,BUY,LIMIT,IOC,518,2553.09,2540.49,FILLED,518,518
2024-01-10 22:18:30.532,BUY,LIMIT,IOC,200,2554.52,2542.4,FILLED,200,200
2024-01-10 22:20:32.696,BUY,LIMIT,IOC,818,2557.61,2546.95,FILLED,10,818
2024-01-10 22:20:36.594,BUY,LIMIT,IOC,1538,2558.6,2547.53,FILLED,347,1538
2024-01-10 22:20:38.176,BUY,LIMIT,IOC,210,2558.66,2548.11,FILLED,210,210
2024-01-10 22:20:50.077,BUY,LIMIT,IOC,165,2559.61,2547.57,FILLED,165,165
2024-01-10 22:35:13.045,BUY,LIMIT,IOC,20,2563.6,2545.0,FILLED,20,20
2024-01-10 22:35:20.860,BUY,LIMIT,IOC,300,2564.46,2553.77,FILLED,300,300
2024-01-10 22:35:22.820,BUY,LIMIT,IOC,4,2567.42,2556.53,FILLED,4,4
2024-01-10 22:46:51.356,SELL,LIMIT,IOC,132,2520.1,2531.07,FILLED,132,132
2024-01-10 23:03:51.213,BUY,LIMIT,IOC,117,2568.93,2556.39,FILLED,117,117
2024-01-10 23:03:55.530,BUY,LIMIT,IOC,272,2569.26,2556.42,FILLED,272,272
2024-01-10 23:03:57.729,BUY,LIMIT,IOC,91,2569.46,2556.86,FILLED,91,91
2024-01-10 23:04:06.133,BUY,LIMIT,IOC,5,2571.6,2560.27,FILLED,5,5
2024-01-10 23:04:23.536,BUY,LIMIT,IOC,13,2572.64,2558.91,FILLED,13,13
2024-01-10 23:05:10.052,BUY,LIMIT,IOC,664,2573.26,2561.34,FILLED,117,664
2024-01-10 23:05:11.446,BUY,LIMIT,IOC,78,2573.68,2561.38,FILLED,66,78
2024-01-10 23:05:13.561,BUY,LIMIT,IOC,11,2574.96,2564.29,FILLED,11,11
2024-01-10 23:05:15.478,BUY,LIMIT,IOC,63,2576.66,2564.5,FILLED,63,63
2024-01-10 23:05:23.644,BUY,LIMIT,IOC,21,2577.95,2566.71,FILLED,21,21
2024-01-10 23:05:25.030,BUY,LIMIT,IOC,3675,2578.67,2567.44,FILLED,473,3675
2024-01-10 23:05:26.129,BUY,LIMIT,IOC,401,2579.35,2567.35,FILLED,109,401
2024-01-10 23:05:33.097,BUY,LIMIT,IOC,2,2580.32,2567.59,FILLED,2,2
2024-01-10 23:05:56.375,BUY,LIMIT,IOC,326,2581.37,2569.68,FILLED,326,326
2024-01-10 23:06:16.285,BUY,LIMIT,IOC,155,2583.28,2572.9,FILLED,155,155
2024-01-10 23:06:28.062,BUY,LIMIT,IOC,6442,2586.97,2572.91,FILLED,1865,6442
2024-01-10 23:06:56.258,BUY,LIMIT,IOC,42,2586.07,2573.02,FILLED,42,42
2024-01-10 23:06:58.892,BUY,LIMIT,IOC,18,2586.74,2574.01,FILLED,18,18
2024-01-10 23:09:14.174,BUY,LIMIT,IOC,50,2587.68,2578.14,FILLED,50,50
2024-01-10 23:09:15.407,BUY,LIMIT,IOC,5,2588.98,2578.92,FILLED,5,5
2024-01-10 23:09:16.623,BUY,LIMIT,IOC,33,2589.62,2579.6,FILLED,33,33
2024-01-10 23:09:26.732,BUY,LIMIT,IOC,4,2592.91,2579.96,FILLED,3,4
2024-01-10 23:09:43.144,BUY,LIMIT,IOC,509,2595.47,2584.17,FILLED,259,509
2024-01-10 23:09:44.552,BUY,LIMIT,IOC,20,2595.86,2585.2,FILLED,20,20
2024-01-10 23:09:45.715,BUY,LIMIT,IOC,200,2596.55,2589.32,FILLED,200,200
2024-01-10 23:10:20.824,BUY,LIMIT,IOC,852,2603.89,2592.11,FILLED,57,852
2024-01-10 23:10:32.326,BUY,LIMIT,IOC,1,2607.0,2594.59,FILLED,1,1
2024-01-10 23:10:45.164,BUY,LIMIT,IOC,35,2608.0,2597.87,FILLED,35,35
2024-01-10 23:10:47.325,BUY,LIMIT,IOC,364,2608.99,2598.61,FILLED,348,364
2024-01-10 23:13:07.358,BUY,LIMIT,IOC,456,2612.49,2600.84,FILLED,27,456
2024-01-10 23:14:47.096,BUY,LIMIT,IOC,24,2614.92,2602.4,FILLED,24,24
2024-01-10 23:14:52.233,BUY,LIMIT,IOC,120,2614.99,2602.85,FILLED,120,120
2024-01-10 23:14:55.094,BUY,LIMIT,IOC,2825,2616.17,2605.14,FILLED,1536,2825
2024-01-10 23:14:59.153,BUY,LIMIT,IOC,178,2617.2,2604.86,FILLED,178,178
2024-01-10 23:15:01.423,BUY,LIMIT,IOC,90,2617.44,2605.71,FILLED,39,90
2024-01-10 23:15:05.354,BUY,LIMIT,IOC,941,2619.25,2607.45,FILLED,119,941
2024-01-10 23:15:11.827,BUY,LIMIT,IOC,16257,2623.08,2608.13,FILLED,71,16257
2024-01-10 23:15:17.322,BUY,LIMIT,IOC,2,2620.47,2610.34,FILLED,2,2
2024-01-10 23:15:19.294,BUY,LIMIT,IOC,43,2623.7,2613.38,FILLED,31,43
2024-01-10 23:15:20.541,BUY,LIMIT,IOC,10,2623.91,2613.79,FILLED,10,10
2024-01-10 23:16:02.374,BUY,LIMIT,IOC,33,2625.11,2612.3,FILLED,33,33
2024-01-10 23:16:20.059,BUY,LIMIT,IOC,2771,2627.95,2617.89,FILLED,123,2771
2024-01-10 23:18:02.519,BUY,LIMIT,IOC,1180,2631.73,2620.83,FILLED,15,1180
2024-01-10 23:18:04.185,BUY,LIMIT,IOC,29477,2638.04,2625.43,FILLED,4968,29477
2024-01-10 23:18:05.446,BUY,LIMIT,IOC,168,2635.64,2622.1,FILLED,33,168
2024-01-10 23:18:37.394,BUY,LIMIT,IOC,1648,2638.03,2624.06,FILLED,1297,1648
2024-01-10 23:18:45.438,BUY,LIMIT,IOC,4,2639.3,2626.39,FILLED,4,4
2024-01-10 23:18:56.447,BUY,LIMIT,IOC,57,2639.43,2627.41,FILLED,57,57
2024-01-10 23:19:00.585,BUY,LIMIT,IOC,35,2641.44,2630.78,FILLED,35,35
2024-01-10 23:19:02.884,BUY,LIMIT,IOC,1120,2642.78,2632.66,FILLED,209,1120
2024-01-10 23:19:04.247,BUY,LIMIT,IOC,20,2644.58,2632.84,FILLED,20,20
2024-01-10 23:19:06.256,BUY,LIMIT,IOC,45,2645.08,2636.11,FILLED,3,45
2024-01-10 23:19:17.691,BUY,LIMIT,IOC,160,2652.02,2638.42,FILLED,160,160
2024-01-10 23:19:21.114,BUY,LIMIT,IOC,201,2655.99,2640.02,FILLED,201,201
2024-01-10 23:27:32.424,SELL,LIMIT,IOC,213,2592.82,2600.77,FILLED,73,213
2024-01-10 23:30:11.211,SELL,LIMIT,IOC,126,2570.48,2582.98,FILLED,126,126
2024-01-10 23:30:36.389,SELL,LIMIT,IOC,4,2562.83,2572.7,FILLED,4,4
2024-01-10 23:39:18.151,SELL,LIMIT,IOC,998,2564.72,2575.97,FILLED,205,998
2024-01-10 23:39:33.317,SELL,LIMIT,IOC,88,2562.75,2576.13,FILLED,88,88
2024-01-10 23:57:39.104,SELL,LIMIT,IOC,1644,2568.49,2580.31,FILLED,49,1644
2024-01-11 00:08:39.698,SELL,LIMIT,IOC,1937,2568.52,2579.92,FILLED,292,1937
2024-01-11 00:57:54.839,BUY,LIMIT,IOC,96,2620.94,2607.46,FILLED,96,96
2024-01-11 01:34:31.284,SELL,LIMIT,IOC,1404,2565.9,2578.01,FILLED,22,1404
2024-01-11 03:08:39.471,BUY,LIMIT,IOC,46,2602.41,2590.62,FILLED,16,46
2024-01-11 03:33:57.764,BUY,LIMIT,IOC,27,2610.08,2597.18,FILLED,4,27
2024-01-11 03:34:24.034,BUY,LIMIT,IOC,15,2610.52,2597.61,FILLED,15,15
2024-01-11 03:58:11.820,BUY,LIMIT,IOC,241,2621.56,2608.87,FILLED,28,241
2024-01-11 04:07:08.803,BUY,LIMIT,IOC,185,2633.4,2620.96,FILLED,185,185
2024-01-11 04:09:39.138,BUY,LIMIT,IOC,17,2643.9,2631.6,FILLED,11,17
2024-01-11 05:33:17.236,SELL,LIMIT,IOC,153,2585.52,2597.81,FILLED,153,153
2024-01-11 05:38:45.636,SELL,LIMIT,IOC,103,2577.9,2590.27,FILLED,11,103
2024-01-11 05:39:26.197,SELL,LIMIT,IOC,532,2575.76,2588.25,FILLED,354,532
2024-01-11 05:39:28.837,SELL,LIMIT,IOC,418,2575.15,2588.15,FILLED,418,418
2024-01-11 06:11:26.683,SELL,LIMIT,IOC,4,2570.05,2582.71,FILLED,4,4
2024-01-11 06:14:29.392,SELL,LIMIT,IOC,1,2564.62,2577.79,FILLED,1,1
2024-01-11 08:22:48.381,BUY,LIMIT,IOC,103,2614.75,2602.82,FILLED,103,103
2024-01-11 08:23:15.481,BUY,LIMIT,IOC,4,2615.33,2602.59,FILLED,4,4
2024-01-11 08:24:11.269,BUY,LIMIT,IOC,19,2617.67,2604.91,FILLED,19,19
2024-01-11 08:24:12.832,BUY,LIMIT,IOC,5,2617.89,2604.92,FILLED,5,5
2024-01-11 08:24:24.113,BUY,LIMIT,IOC,27,2619.35,2607.0,FILLED,27,27
2024-01-11 08:25:10.626,BUY,LIMIT,IOC,100,2621.19,2608.9,FILLED,10,100
2024-01-11 10:20:25.657,BUY,LIMIT,IOC,36,2635.7,2623.19,FILLED,36,36
2024-01-11 10:22:14.874,BUY,LIMIT,IOC,35,2638.73,2627.0,FILLED,35,35
2024-01-11 10:22:16.417,BUY,LIMIT,IOC,51,2639.74,2627.2,FILLED,35,51
2024-01-11 10:42:00.217,BUY,LIMIT,IOC,18,2645.12,2633.59,FILLED,18,18
2024-01-11 10:42:24.369,BUY,LIMIT,IOC,5,2649.23,2639.66,FILLED,5,5
2024-01-11 10:42:29.822,BUY,LIMIT,IOC,19,2652.99,2641.16,FILLED,19,19
2024-01-11 10:43:28.554,BUY,LIMIT,IOC,18,2653.97,2644.89,FILLED,18,18
2024-01-11 10:43:29.831,BUY,LIMIT,IOC,110,2655.49,2644.31,FILLED,110,110
2024-01-11 10:52:40.915,BUY,LIMIT,IOC,3,2662.19,2650.7,FILLED,3,3
2024-01-11 11:03:01.150,SELL,LIMIT,IOC,26,2616.77,2628.83,FILLED,4,26
2024-01-11 11:29:57.303,BUY,LIMIT,IOC,2,2664.03,2652.25,FILLED,2,2
2024-01-11 11:30:03.197,BUY,LIMIT,IOC,371,2664.93,2653.9,FILLED,317,371
2024-01-11 11:41:57.556,BUY,LIMIT,IOC,31,2668.0,2655.8,FILLED,31,31
2024-01-11 11:44:17.668,BUY,LIMIT,IOC,56,2668.58,2655.25,FILLED,56,56
2024-01-11 11:54:06.100,BUY,LIMIT,IOC,13,2675.48,2662.97,FILLED,13,13
2024-01-11 11:54:10.536,BUY,LIMIT,IOC,7,2676.3,2664.06,FILLED,7,7
2024-01-11 11:54:39.600,BUY,LIMIT,IOC,58,2677.44,2664.58,FILLED,58,58
2024-01-11 11:54:45.730,BUY,LIMIT,IOC,66,2678.97,2666.01,FILLED,7,66
2024-01-11 12:15:34.671,SELL,LIMIT,IOC,10,2634.54,2647.4,FILLED,10,10
2024-01-11 12:17:38.307,SELL,LIMIT,IOC,294,2633.22,2645.11,FILLED,124,294
2024-01-11 13:31:16.102,SELL,LIMIT,IOC,788,2620.18,2633.75,FILLED,252,788
2024-01-11 13:31:58.721,SELL,LIMIT,IOC,1,2618.07,2630.32,FILLED,1,1
2024-01-11 13:36:01.255,BUY,LIMIT,IOC,43,2663.61,2652.52,FILLED,43,43
2024-01-11 14:18:34.604,SELL,LIMIT,IOC,285,2622.59,2635.24,FILLED,97,285
2024-01-11 14:23:03.411,SELL,LIMIT,IOC,29,2616.11,2629.01,FILLED,29,29
2024-01-11 14:23:34.726,SELL,LIMIT,IOC,104,2614.38,2625.65,FILLED,11,104
2024-01-11 14:23:48.545,SELL,LIMIT,IOC,139,2611.66,2623.65,FILLED,139,139
2024-01-11 14:31:35.723,SELL,LIMIT,IOC,10,2609.07,2621.78,FILLED,10,10
2024-01-11 14:31:37.254,SELL,LIMIT,IOC,805,2608.59,2620.41,FILLED,805,805
2024-01-11 14:31:46.209,SELL,LIMIT,IOC,49,2607.37,2619.86,FILLED,49,49
2024-01-11 14:41:15.686,BUY,LIMIT,IOC,12,2658.13,2644.98,FILLED,12,12
2024-01-11 14:42:51.512,BUY,LIMIT,IOC,150,2665.55,2652.84,FILLED,62,150
2024-01-11 14:46:32.740,BUY,LIMIT,IOC,3663,2675.21,2663.89,FILLED,254,3663
2024-01-11 14:46:35.112,BUY,LIMIT,IOC,178,2676.72,2664.28,FILLED,177,178
2024-01-11 14:46:39.042,BUY,LIMIT,IOC,22,2677.27,2665.47,FILLED,22,22
2024-01-11 14:46:40.682,BUY,LIMIT,IOC,1107,2677.94,2665.42,FILLED,28,1107
2024-01-11 14:46:43.098,BUY,LIMIT,IOC,18,2683.04,2672.35,FILLED,18,18
2024-01-11 14:46:45.148,BUY,LIMIT,IOC,36,2684.75,2672.96,FILLED,36,36
2024-01-11 14:46:56.644,BUY,LIMIT,IOC,4966,2686.59,2673.1,FILLED,64,4966
2024-01-11 14:46:59.863,BUY,LIMIT,IOC,1291,2687.44,2674.67,FILLED,399,1291
2024-01-11 14:47:01.513,BUY,LIMIT,IOC,18,2687.86,2678.01,FILLED,18,18
2024-01-11 14:47:02.695,BUY,LIMIT,IOC,1000,2690.22,2681.1,FILLED,116,1000
2024-01-11 14:47:03.867,BUY,LIMIT,IOC,17,2691.73,2678.12,FILLED,17,17
2024-01-11 14:47:18.384,BUY,LIMIT,IOC,69,2695.23,2681.95,FILLED,69,69
2024-01-11 14:49:48.328,BUY,LIMIT,IOC,41,2696.67,2684.18,FILLED,41,41
2024-01-11 14:50:04.097,BUY,LIMIT,IOC,74,2699.94,2687.9,FILLED,71,74
2024-01-11 14:50:06.522,BUY,LIMIT,IOC,2235,2700.84,2688.52,FILLED,645,2235
2024-01-11 14:53:49.514,SELL,LIMIT,IOC,2,2655.17,2667.79,FILLED,2,2
2024-01-11 14:55:38.044,SELL,LIMIT,IOC,1,2646.77,2658.47,FILLED,1,1
2024-01-11 15:02:20.516,BUY,LIMIT,IOC,3,2702.12,2689.91,FILLED,3,3
2024-01-11 15:05:23.794,SELL,LIMIT,IOC,11,2658.89,2671.8,FILLED,11,11
2024-01-11 15:12:25.308,BUY,LIMIT,IOC,100,2703.74,2691.65,FILLED,100,100
2024-01-11 15:17:19.603,SELL,LIMIT,IOC,1863,2652.16,2664.82,FILLED,371,1863
2024-01-11 15:18:23.506,SELL,LIMIT,IOC,584,2644.41,2656.24,FILLED,497,584
2024-01-11 15:18:28.021,SELL,LIMIT,IOC,70,2642.05,2653.69,FILLED,70,70
2024-01-11 15:18:29.443,SELL,LIMIT,IOC,29,2640.64,2653.79,FILLED,29,29
2024-01-11 15:19:46.288,SELL,LIMIT,IOC,6,2639.52,2652.14,FILLED,6,6
2024-01-11 15:19:51.175,SELL,LIMIT,IOC,10,2636.76,2651.42,FILLED,10,10
2024-01-11 15:19:58.636,SELL,LIMIT,IOC,339,2633.93,2648.29,FILLED,339,339
2024-01-11 15:35:03.528,SELL,LIMIT,IOC,7,2624.8,2637.61,FILLED,7,7
2024-01-11 15:35:19.115,SELL,LIMIT,IOC,8,2623.76,2636.95,FILLED,8,8
2024-01-11 15:38:44.632,SELL,LIMIT,IOC,219,2615.28,2629.01,FILLED,219,219
2024-01-11 15:39:06.110,SELL,LIMIT,IOC,75,2612.86,2625.76,FILLED,75,75
2024-01-11 15:41:13.142,SELL,LIMIT,IOC,100,2608.64,2622.34,FILLED,100,100
2024-01-11 15:41:21.218,SELL,LIMIT,IOC,4468,2607.89,2620.37,FILLED,493,4468
2024-01-11 15:42:30.100,SELL,LIMIT,IOC,105,2600.51,2613.02,FILLED,105,105
2024-01-11 15:45:58.486,SELL,LIMIT,IOC,51,2595.52,2608.04,FILLED,45,51
2024-01-11 15:46:16.300,SELL,LIMIT,IOC,68,2594.76,2606.77,FILLED,64,68
2024-01-11 15:46:20.064,SELL,LIMIT,IOC,2,2593.6,2606.64,FILLED,2,2
2024-01-11 15:50:40.048,SELL,LIMIT,IOC,10,2592.63,2604.55,FILLED,9,10
2024-01-11 16:08:27.223,SELL,LIMIT,IOC,4,2583.25,2595.29,FILLED,4,4
2024-01-11 16:09:07.629,SELL,LIMIT,IOC,26254,2577.75,2593.52,FILLED,7829,26254
2024-01-11 16:10:05.130,SELL,LIMIT,IOC,30,2579.33,2592.08,FILLED,30,30
2024-01-11 16:11:46.230,SELL,LIMIT,IOC,19,2574.51,2586.65,FILLED,19,19
2024-01-11 16:12:28.196,SELL,LIMIT,IOC,701,2572.96,2584.87,FILLED,554,701
2024-01-11 16:16:23.783,SELL,LIMIT,IOC,38,2564.04,2577.76,FILLED,38,38
2024-01-11 16:16:38.777,SELL,LIMIT,IOC,1081,2562.11,2574.59,FILLED,666,1081
2024-01-11 16:30:41.199,SELL,LIMIT,IOC,1,2560.44,2572.62,FILLED,1,1
2024-01-11 16:30:42.314,SELL,LIMIT,IOC,347,2559.96,2573.65,FILLED,221,347
2024-01-11 16:30:49.288,SELL,LIMIT,IOC,2,2559.25,2571.66,FILLED,2,2
2024-01-11 16:35:41.791,BUY,LIMIT,IOC,68,2605.76,2593.82,FILLED,68,68
2024-01-11 16:36:24.796,BUY,LIMIT,IOC,90,2606.68,2594.31,FILLED,90,90
2024-01-11 16:36:39.881,BUY,LIMIT,IOC,6,2608.23,2595.66,FILLED,6,6
2024-01-11 16:37:27.703,BUY,LIMIT,IOC,39,2610.73,2598.89,FILLED,39,39
2024-01-11 16:37:32.073,BUY,LIMIT,IOC,92,2612.39,2600.11,FILLED,92,92
2024-01-11 17:06:25.690,BUY,LIMIT,IOC,330,2624.45,2611.84,FILLED,149,330
2024-01-11 17:16:38.447,SELL,LIMIT,IOC,838,2589.52,2601.86,FILLED,280,838
2024-01-11 17:28:40.859,SELL,LIMIT,IOC,10012,2563.04,2576.8,FILLED,3380,10012
2024-01-11 17:28:44.044,SELL,LIMIT,IOC,671,2564.23,2576.69,FILLED,75,671
2024-01-11 17:29:02.108,SELL,LIMIT,IOC,78,2563.1,2575.74,FILLED,38,78
2024-01-11 18:40:15.383,BUY,LIMIT,IOC,11,2625.83,2614.08,FILLED,11,11
2024-01-11 18:46:34.207,BUY,LIMIT,IOC,186,2631.81,2618.76,FILLED,186,186
2024-01-11 19:22:05.510,SELL,LIMIT,IOC,20,2588.21,2600.26,FILLED,12,20
2024-01-11 19:55:39.591,BUY,LIMIT,IOC,286,2634.28,2621.84,FILLED,205,286
2024-01-11 19:55:57.179,BUY,LIMIT,IOC,118,2634.93,2622.56,FILLED,118,118
2024-01-11 19:57:16.512,BUY,LIMIT,IOC,595,2636.11,2623.49,FILLED,94,595
2024-01-11 20:33:06.857,SELL,LIMIT,IOC,184,2606.96,2619.39,FILLED,184,184
2024-01-11 20:33:48.142,SELL,LIMIT,IOC,449,2606.25,2617.17,FILLED,377,449
2024-01-11 20:35:44.292,SELL,LIMIT,IOC,2,2597.99,2609.5,FILLED,2,2
2024-01-11 20:36:29.843,SELL,LIMIT,IOC,11,2595.47,2607.82,FILLED,11,11
2024-01-11 21:10:54.386,BUY,LIMIT,IOC,228,2625.88,2614.81,FILLED,61,228
2024-01-11 23:47:14.556,BUY,LIMIT,IOC,7400,2638.87,2624.48,FILLED,51,7400
2024-01-12 00:24:53.656,SELL,LIMIT,IOC,218,2588.98,2600.07,FILLED,218,218
2024-01-12 01:12:16.532,SELL,LIMIT,IOC,145,2580.6,2592.99,FILLED,42,145
2024-01-12 01:25:52.157,SELL,LIMIT,IOC,13,2573.89,2585.95,FILLED,9,13
2024-01-12 01:25:56.138,SELL,LIMIT,IOC,857,2573.6,2585.83,FILLED,19,857
2024-01-12 01:26:13.403,SELL,LIMIT,IOC,668,2572.58,2584.21,FILLED,668,668
2024-01-12 01:26:45.706,SELL,LIMIT,IOC,7,2570.42,2583.11,FILLED,7,7
2024-01-12 02:43:54.062,BUY,LIMIT,IOC,5,2618.97,2606.54,FILLED,5,5
2024-01-12 02:43:59.496,BUY,LIMIT,IOC,45,2619.76,2607.17,FILLED,45,45
2024-01-12 02:49:18.119,BUY,LIMIT,IOC,523,2624.4,2612.97,FILLED,89,523
2024-01-12 05:56:02.737,BUY,LIMIT,IOC,11,2620.48,2607.64,FILLED,11,11
2024-01-12 05:56:46.615,BUY,LIMIT,IOC,523,2621.23,2608.43,FILLED,523,523
2024-01-12 07:12:25.509,SELL,LIMIT,IOC,18,2596.94,2609.58,FILLED,12,18
2024-01-12 07:37:53.283,SELL,LIMIT,IOC,1,2591.53,2604.51,FILLED,1,1
2024-01-12 08:32:05.330,SELL,LIMIT,IOC,2,2573.32,2586.21,FILLED,2,2
2024-01-12 09:23:31.291,SELL,LIMIT,IOC,1763,2574.95,2587.41,FILLED,1109,1763
2024-01-12 09:29:11.115,SELL,LIMIT,IOC,1837,2573.74,2586.64,FILLED,1836,1837
2024-01-12 09:50:48.462,BUY,LIMIT,IOC,1,2628.09,2615.0,FILLED,1,1
2024-01-12 09:52:13.291,BUY,LIMIT,IOC,4,2629.95,2617.21,FILLED,4,4
2024-01-12 11:03:10.678,BUY,LIMIT,IOC,17,2640.56,2628.0,FILLED,16,17
2024-01-12 11:03:23.151,BUY,LIMIT,IOC,188,2641.17,2629.25,FILLED,188,188
2024-01-12 11:03:31.257,BUY,LIMIT,IOC,65602,2652.67,2632.65,FILLED,5994,65602
2024-01-12 11:05:02.684,BUY,LIMIT,IOC,150,2645.94,2634.52,FILLED,150,150
2024-01-12 11:27:08.388,BUY,LIMIT,IOC,22,2650.79,2638.26,FILLED,22,22
2024-01-12 11:27:13.227,BUY,LIMIT,IOC,3,2653.6,2641.26,FILLED,2,3
2024-01-12 11:27:15.497,BUY,LIMIT,IOC,3931,2654.26,2642.9,FILLED,638,3931
2024-01-12 11:27:18.676,BUY,LIMIT,IOC,70,2656.35,2644.72,FILLED,70,70
2024-01-12 11:27:20.188,BUY,LIMIT,IOC,700,2657.4,2647.83,FILLED,680,700
2024-01-12 11:27:22.123,BUY,LIMIT,IOC,80,2661.21,2651.46,FILLED,80,80
2024-01-12 11:27:28.462,BUY,LIMIT,IOC,333,2663.26,2652.95,FILLED,175,333
2024-01-12 11:27:29.519,BUY,LIMIT,IOC,366,2664.1,2654.78,FILLED,361,366
2024-01-12 11:27:36.103,BUY,LIMIT,IOC,319,2668.26,2658.96,FILLED,265,319
2024-01-12 11:29:42.594,BUY,LIMIT,IOC,1790,2673.22,2661.48,FILLED,476,1790
2024-01-12 11:30:29.616,BUY,LIMIT,IOC,84,2676.17,2663.29,FILLED,84,84
2024-01-12 11:45:58.182,SELL,LIMIT,IOC,2,2636.17,2647.9,FILLED,1,2
2024-01-12 12:12:39.481,BUY,LIMIT,IOC,66,2682.36,2670.81,FILLED,66,66
2024-01-12 12:12:40.772,BUY,LIMIT,IOC,1763,2683.0,2670.9,FILLED,379,1763
2024-01-12 12:12:57.709,BUY,LIMIT,IOC,33,2683.52,2671.28,FILLED,33,33
2024-01-12 12:14:32.169,BUY,LIMIT,IOC,291,2690.17,2677.26,FILLED,175,291
2024-01-12 12:39:19.077,SELL,LIMIT,IOC,533,2644.41,2657.28,FILLED,433,533
2024-01-12 12:47:46.207,SELL,LIMIT,IOC,275,2626.23,2636.28,FILLED,275,275
2024-01-12 13:23:49.339,BUY,LIMIT,IOC,3458,2685.47,2674.01,FILLED,730,3458
2024-01-12 13:24:40.474,BUY,LIMIT,IOC,32,2689.61,2676.7,FILLED,32,32
2024-01-12 13:25:49.887,BUY,LIMIT,IOC,46464,2701.58,2681.74,FILLED,4585,46464
2024-01-12 13:35:22.857,BUY,LIMIT,IOC,30,2700.26,2687.89,FILLED,30,30
2024-01-12 13:36:16.353,BUY,LIMIT,IOC,100,2702.3,2690.0,FILLED,100,100
2024-01-12 13:36:26.598,BUY,LIMIT,IOC,10,2702.63,2690.0,FILLED,10,10
2024-01-12 14:02:11.595,SELL,LIMIT,IOC,22696,2652.57,2667.13,FILLED,245,22696
2024-01-12 14:28:25.443,BUY,LIMIT,IOC,2,2695.34,2682.69,FILLED,2,2
2024-01-12 14:28:40.651,BUY,LIMIT,IOC,522,2696.96,2685.35,FILLED,218,522
2024-01-12 14:28:47.768,BUY,LIMIT,IOC,40,2697.71,2685.5,FILLED,40,40
2024-01-12 14:29:38.205,BUY,LIMIT,IOC,1439,2707.28,2695.08,FILLED,239,1439
2024-01-12 14:29:39.640,BUY,LIMIT,IOC,1137,2708.09,2695.87,FILLED,502,1137
2024-01-12 14:30:42.597,BUY,LIMIT,IOC,200,2710.19,2696.42,FILLED,100,200
2024-01-12 14:30:45.392,BUY,LIMIT,IOC,500,2710.4,2696.04,FILLED,500,500
2024-01-12 14:44:01.854,BUY,LIMIT,IOC,134,2706.21,2694.1,FILLED,95,134
2024-01-12 14:56:31.093,BUY,LIMIT,IOC,25,2714.95,2704.88,FILLED,25,25
2024-01-12 14:56:32.869,BUY,LIMIT,IOC,73544,2729.86,2703.52,FILLED,3986,73544
2024-01-12 14:56:35.083,BUY,LIMIT,IOC,1,2718.19,2707.57,FILLED,1,1
2024-01-12 14:56:36.678,BUY,LIMIT,IOC,7372,2720.97,2705.79,FILLED,376,7372
2024-01-12 14:57:03.623,BUY,LIMIT,IOC,3865,2719.65,2708.58,FILLED,1149,3865
2024-01-12 14:57:05.864,BUY,LIMIT,IOC,405,2721.89,2709.58,FILLED,405,405
2024-01-12 14:59:05.766,BUY,LIMIT,IOC,62,2723.6,2710.02,FILLED,62,62
2024-01-12 15:01:09.608,BUY,LIMIT,IOC,6,2725.37,2712.22,FILLED,6,6
2024-01-12 15:10:57.490,BUY,LIMIT,IOC,148,2721.68,2709.66,FILLED,148,148
2024-01-12 15:11:16.299,BUY,LIMIT,IOC,1200,2728.82,2716.72,FILLED,366,1200
2024-01-12 15:11:19.905,BUY,LIMIT,IOC,14,2729.66,2717.07,FILLED,14,14
2024-01-12 15:20:30.692,SELL,LIMIT,IOC,4,2670.91,2680.51,FILLED,4,4
2024-01-12 15:23:06.606,SELL,LIMIT,IOC,363,2662.02,2677.09,FILLED,99,363
2024-01-12 15:25:47.263,SELL,LIMIT,IOC,32,2645.53,2658.83,FILLED,32,32
2024-01-12 15:34:12.062,SELL,LIMIT,IOC,11,2648.2,2661.33,FILLED,11,11
2024-01-12 15:34:17.520,SELL,LIMIT,IOC,90,2647.21,2658.63,FILLED,87,90
2024-01-12 15:34:19.270,SELL,LIMIT,IOC,28,2646.94,2659.03,FILLED,28,28
2024-01-12 15:39:51.886,SELL,LIMIT,IOC,80,2627.22,2638.88,FILLED,78,80
2024-01-12 15:48:22.469,SELL,LIMIT,IOC,163,2630.02,2642.07,FILLED,163,163
2024-01-12 15:55:38.859,SELL,LIMIT,IOC,135,2631.16,2643.6,FILLED,135,135
2024-01-12 15:56:37.371,SELL,LIMIT,IOC,10,2625.88,2638.97,FILLED,10,10
2024-01-12 15:56:41.352,SELL,LIMIT,IOC,238,2625.23,2638.14,FILLED,238,238
2024-01-12 16:03:22.750,BUY,LIMIT,IOC,3,2672.32,2660.01,FILLED,3,3
2024-01-12 16:16:26.303,SELL,LIMIT,IOC,88,2644.66,2655.55,FILLED,88,88
2024-01-12 16:51:39.500,SELL,LIMIT,IOC,239,2633.74,2645.79,FILLED,237,239
2024-01-12 16:51:41.345,SELL,LIMIT,IOC,608,2632.55,2644.74,FILLED,16,608
2024-01-12 16:51:44.300,SELL,LIMIT,IOC,104,2631.5,2644.08,FILLED,44,104
2024-01-12 16:51:53.730,SELL,LIMIT,IOC,1817,2629.99,2642.73,FILLED,8,1817
2024-01-12 16:52:32.830,SELL,LIMIT,IOC,1390,2623.63,2633.76,FILLED,287,1390
2024-01-12 16:52:40.093,SELL,LIMIT,IOC,311,2618.18,2631.2,FILLED,287,311
2024-01-12 16:52:43.460,SELL,LIMIT,IOC,756,2617.18,2630.0,FILLED,756,756
2024-01-12 16:52:53.397,SELL,LIMIT,IOC,237,2614.18,2626.39,FILLED,91,237
2024-01-12 16:52:54.607,SELL,LIMIT,IOC,1416,2613.32,2626.4,FILLED,63,1416
2024-01-12 16:53:04.137,SELL,LIMIT,IOC,930,2612.89,2624.76,FILLED,12,930
2024-01-12 16:53:09.640,SELL,LIMIT,IOC,332,2611.03,2624.22,FILLED,330,332
2024-01-12 16:53:22.374,SELL,LIMIT,IOC,7,2605.21,2615.76,FILLED,3,7
2024-01-12 16:53:23.795,SELL,LIMIT,IOC,10,2604.3,2617.17,FILLED,10,10
2024-01-12 16:53:41.625,SELL,LIMIT,IOC,45,2599.09,2610.56,FILLED,32,45
2024-01-12 16:54:57.201,SELL,LIMIT,IOC,1540,2597.45,2611.21,FILLED,236,1540
2024-01-12 16:57:26.526,SELL,LIMIT,IOC,40,2596.2,2609.22,FILLED,6,40
2024-01-12 16:57:53.180,SELL,LIMIT,IOC,9,2590.02,2601.99,FILLED,9,9
2024-01-12 17:18:37.804,SELL,LIMIT,IOC,95,2588.32,2601.99,FILLED,95,95
2024-01-12 17:18:41.433,SELL,LIMIT,IOC,177,2587.18,2598.6,FILLED,177,177
2024-01-12 17:18:44.037,SELL,LIMIT,IOC,1467,2586.02,2597.93,FILLED,323,1467
2024-01-12 17:18:45.459,SELL,LIMIT,IOC,334,2585.67,2597.47,FILLED,334,334
2024-01-12 17:18:47.385,SELL,LIMIT,IOC,150,2583.46,2595.42,FILLED,150,150
2024-01-12 17:18:48.676,SELL,LIMIT,IOC,2,2583.2,2593.7,FILLED,2,2
2024-01-12 17:19:30.111,SELL,LIMIT,IOC,304,2578.87,2591.38,FILLED,224,304
2024-01-12 17:20:29.683,SELL,LIMIT,IOC,64,2578.2,2590.6,FILLED,62,64
2024-01-12 17:20:32.115,SELL,LIMIT,IOC,2000,2577.61,2590.0,FILLED,2000,2000
2024-01-12 17:20:34.459,SELL,LIMIT,IOC,101,2576.98,2587.6,FILLED,101,101
2024-01-12 17:20:40.034,SELL,LIMIT,IOC,10,2573.47,2584.26,FILLED,10,10
2024-01-12 17:21:09.291,SELL,LIMIT,IOC,2,2570.62,2583.14,FILLED,2,2
2024-01-12 17:21:50.490,SELL,LIMIT,IOC,17,2566.46,2579.97,FILLED,17,17
2024-01-12 17:22:11.274,SELL,LIMIT,IOC,1388,2565.94,2578.06,FILLED,147,1388
2024-01-12 17:22:14.059,SELL,LIMIT,IOC,287,2564.46,2575.63,FILLED,287,287
2024-01-12 17:22:18.433,SELL,LIMIT,IOC,80,2561.7,2572.97,FILLED,80,80
2024-01-12 17:23:26.212,BUY,LIMIT,IOC,109,2601.72,2591.63,FILLED,28,109
2024-01-12 17:25:47.097,SELL,LIMIT,IOC,90,2557.93,2565.54,FILLED,90,90
2024-01-12 17:25:48.159,SELL,LIMIT,IOC,3423,2556.62,2562.98,FILLED,606,3423
2024-01-12 17:25:49.461,SELL,LIMIT,IOC,5954,2549.08,2559.78,FILLED,399,5954
2024-01-12 18:37:29.432,SELL,LIMIT,IOC,14,2567.83,2580.3,FILLED,14,14
2024-01-12 19:56:00.645,SELL,LIMIT,IOC,24,2570.93,2583.82,FILLED,13,24
2024-01-12 20:01:34.289,SELL,LIMIT,IOC,10,2565.86,2579.01,FILLED,10,10
2024-01-12 20:01:53.134,SELL,LIMIT,IOC,52,2563.67,2576.81,FILLED,52,52
2024-01-12 20:02:52.206,SELL,LIMIT,IOC,79,2562.66,2574.59,FILLED,79,79
2024-01-12 20:34:57.718,SELL,LIMIT,IOC,28,2565.01,2577.32,FILLED,17,28
2024-01-12 20:52:28.719,SELL,LIMIT,IOC,282,2561.12,2573.0,FILLED,278,282
2024-01-12 20:52:47.615,SELL,LIMIT,IOC,1330,2559.22,2571.72,FILLED,100,1330
2024-01-12 20:52:59.523,SELL,LIMIT,IOC,103,2556.08,2569.52,FILLED,103,103
2024-01-12 20:54:58.114,SELL,LIMIT,IOC,3,2554.77,2566.66,FILLED,3,3
2024-01-12 21:04:12.432,SELL,LIMIT,IOC,803,2551.48,2564.01,FILLED,803,803
2024-01-12 21:04:27.102,SELL,LIMIT,IOC,52191,2539.7,2557.31,FILLED,3865,52191
2024-01-12 21:09:38.029,SELL,LIMIT,IOC,9,2540.49,2552.0,FILLED,9,9
2024-01-12 21:09:40.221,SELL,LIMIT,IOC,2176,2538.22,2548.04,FILLED,17,2176
2024-01-12 21:09:44.656,SELL,LIMIT,IOC,6,2536.78,2551.3,FILLED,6,6
2024-01-12 21:09:58.316,SELL,LIMIT,IOC,8,2536.13,2545.19,FILLED,5,8
2024-01-12 21:09:59.345,SELL,LIMIT,IOC,183,2534.31,2544.02,FILLED,183,183
2024-01-12 21:10:00.836,SELL,LIMIT,IOC,975,2532.39,2543.11,FILLED,756,975
2024-01-12 21:10:02.258,SELL,LIMIT,IOC,7,2531.41,2542.44,FILLED,7,7
2024-01-12 21:10:15.191,SELL,LIMIT,IOC,354,2530.23,2540.22,FILLED,352,354
2024-01-12 21:10:16.683,SELL,LIMIT,IOC,45,2529.25,2538.15,FILLED,45,45
2024-01-12 21:10:18.041,SELL,LIMIT,IOC,3,2527.75,2537.41,FILLED,3,3
2024-01-12 21:10:21.483,SELL,LIMIT,IOC,300,2526.56,2538.01,FILLED,223,300
2024-01-12 21:10:22.521,SELL,LIMIT,IOC,238,2526.31,2536.96,FILLED,238,238
2024-01-12 21:10:42.615,SELL,LIMIT,IOC,660,2524.89,2534.4,FILLED,355,660
2024-01-12 21:10:44.819,SELL,LIMIT,IOC,39715,2516.74,2533.06,FILLED,144,39715
2024-01-12 21:12:12.061,SELL,LIMIT,IOC,1186,2519.97,2531.23,FILLED,200,1186
2024-01-12 21:12:14.212,SELL,LIMIT,IOC,879,2519.08,2532.27,FILLED,723,879
2024-01-12 21:13:01.704,SELL,LIMIT,IOC,1,2516.82,2531.32,FILLED,1,1
2024-01-12 21:16:13.087,SELL,LIMIT,IOC,21,2515.2,2527.1,FILLED,21,21
2024-01-12 21:19:10.816,BUY,LIMIT,IOC,4,2557.07,2544.96,FILLED,4,4
2024-01-12 21:38:13.882,SELL,LIMIT,IOC,100,2511.75,2524.26,FILLED,22,100
2024-01-12 21:41:38.823,SELL,LIMIT,IOC,10851,2499.18,2513.65,FILLED,100,10851
2024-01-12 21:41:48.044,SELL,LIMIT,IOC,41,2499.21,2511.11,FILLED,41,41
2024-01-12 21:43:17.320,SELL,LIMIT,IOC,3,2496.67,2508.11,FILLED,3,3
2024-01-12 21:43:21.656,SELL,LIMIT,IOC,584,2495.38,2505.72,FILLED,16,584
2024-01-12 21:43:25.031,SELL,LIMIT,IOC,72,2492.77,2505.46,FILLED,72,72
2024-01-12 21:44:25.640,SELL,LIMIT,IOC,26,2492.72,2505.29,FILLED,1,26
2024-01-12 21:44:30.627,SELL,LIMIT,IOC,5228,2491.16,2504.97,FILLED,460,5228
2024-01-12 21:44:52.588,SELL,LIMIT,IOC,5083,2490.8,2503.89,FILLED,489,5083
2024-01-12 21:44:54.133,SELL,LIMIT,IOC,42,2490.99,2503.22,FILLED,35,42
2024-01-12 22:04:44.787,SELL,LIMIT,IOC,29,2487.3,2501.33,FILLED,29,29
2024-01-12 22:04:54.403,SELL,LIMIT,IOC,10,2486.17,2497.58,FILLED,10,10
2024-01-12 22:05:15.848,SELL,LIMIT,IOC,26,2483.64,2494.84,FILLED,26,26
2024-01-12 22:05:17.163,SELL,LIMIT,IOC,23,2482.88,2494.65,FILLED,23,23
2024-01-12 22:05:28.845,SELL,LIMIT,IOC,4462,2480.8,2491.87,FILLED,8,4462
2024-01-12 22:05:31.042,SELL,LIMIT,IOC,389,2479.28,2489.91,FILLED,192,389
2024-01-12 22:07:01.495,SELL,LIMIT,IOC,5,2489.12,2499.4,FILLED,1,5
2024-01-12 22:20:18.763,SELL,LIMIT,IOC,2653,2490.59,2501.97,FILLED,1857,2653
2024-01-12 22:21:22.422,SELL,LIMIT,IOC,71,2480.51,2489.2,FILLED,71,71
2024-01-12 22:21:23.570,SELL,LIMIT,IOC,4520,2476.51,2488.93,FILLED,293,4520
2024-01-12 22:21:25.400,SELL,LIMIT,IOC,2,2474.61,2482.92,FILLED,2,2
2024-01-12 22:21:26.463,SELL,LIMIT,IOC,200,2472.39,2481.89,FILLED,200,200
2024-01-12 22:21:28.476,SELL,LIMIT,IOC,579,2471.08,2480.46,FILLED,579,579
2024-01-12 22:22:00.507,SELL,LIMIT,IOC,1144,2467.27,2478.04,FILLED,1144,1144
2024-01-12 22:22:02.072,SELL,LIMIT,IOC,26623,2461.57,2476.01,FILLED,17195,26623
2024-01-12 22:22:03.134,SELL,LIMIT,IOC,10380,2462.03,2475.92,FILLED,1102,10380
2024-01-12 22:22:04.154,SELL,LIMIT,IOC,270,2463.11,2474.89,FILLED,270,270
2024-01-12 22:22:07.473,SELL,LIMIT,IOC,284,2462.32,2472.0,FILLED,284,284
2024-01-12 22:22:08.578,SELL,LIMIT,IOC,23,2460.67,2469.85,FILLED,13,23
2024-01-12 22:22:09.645,SELL,LIMIT,IOC,3222,2460.12,2469.59,FILLED,822,3222
2024-01-12 22:27:43.721,SELL,LIMIT,IOC,131,2457.37,2467.56,FILLED,17,131
2024-01-12 22:27:45.099,SELL,LIMIT,IOC,104,2454.46,2465.63,FILLED,104,104
2024-01-12 22:27:51.775,SELL,LIMIT,IOC,2229,2453.63,2467.02,FILLED,113,2229
2024-01-12 22:28:00.255,SELL,LIMIT,IOC,298,2450.33,2461.01,FILLED,13,298
2024-01-12 22:28:01.294,SELL,LIMIT,IOC,29,2448.98,2460.5,FILLED,29,29
2024-01-12 22:28:32.232,SELL,LIMIT,IOC,7531,2444.71,2459.37,FILLED,1277,7531
2024-01-12 22:28:50.634,SELL,LIMIT,IOC,555,2444.89,2458.41,FILLED,555,555
2024-01-12 22:37:22.668,SELL,LIMIT,IOC,62,2478.5,2490.33,FILLED,57,62
2024-01-12 22:41:10.201,SELL,LIMIT,IOC,35,2472.7,2483.65,FILLED,35,35
2024-01-12 22:42:02.584,SELL,LIMIT,IOC,277,2469.06,2479.61,FILLED,115,277
2024-01-12 22:42:15.150,SELL,LIMIT,IOC,1207,2465.58,2473.33,FILLED,168,1207
2024-01-12 22:44:51.331,BUY,LIMIT,IOC,48,2507.41,2495.93,FILLED,48,48
2024-01-12 23:07:14.437,BUY,LIMIT,IOC,115,2527.54,2515.08,FILLED,14,115
2024-01-12 23:55:14.513,BUY,LIMIT,IOC,226,2539.88,2528.58,FILLED,195,226
2024-01-13 01:05:05.108,SELL,LIMIT,IOC,1,2501.97,2514.09,FILLED,1,1
2024-01-13 01:12:16.520,SELL,LIMIT,IOC,23,2491.52,2502.72,FILLED,23,23
2024-01-13 01:12:34.110,SELL,LIMIT,IOC,171,2490.06,2502.47,FILLED,171,171
2024-01-13 01:12:44.045,SELL,LIMIT,IOC,78,2489.79,2501.48,FILLED,78,78
2024-01-13 02:06:17.652,BUY,LIMIT,IOC,15,2541.1,2528.42,FILLED,15,15
2024-01-13 02:50:13.515,BUY,LIMIT,IOC,2,2561.68,2548.51,FILLED,2,2
2024-01-13 09:12:14.456,SELL,LIMIT,IOC,4,2534.82,2546.39,FILLED,4,4
2024-01-13 09:15:36.790,SELL,LIMIT,IOC,87,2529.55,2542.28,FILLED,87,87
2024-01-13 09:15:58.948,SELL,LIMIT,IOC,7,2529.35,2541.93,FILLED,7,7
2024-01-13 09:19:17.273,SELL,LIMIT,IOC,75,2529.12,2540.1,FILLED,75,75
2024-01-13 09:19:31.775,SELL,LIMIT,IOC,17,2527.51,2539.45,FILLED,17,17
2024-01-13 10:04:10.061,SELL,LIMIT,IOC,9,2524.15,2535.38,FILLED,1,9
2024-01-13 10:04:17.622,SELL,LIMIT,IOC,1,2522.22,2533.71,FILLED,1,1
2024-01-13 10:11:01.509,SELL,LIMIT,IOC,2,2518.91,2531.17,FILLED,2,2
2024-01-13 10:12:14.628,SELL,LIMIT,IOC,463,2509.95,2520.5,FILLED,463,463
2024-01-13 13:04:08.104,SELL,LIMIT,IOC,162,2526.89,2539.16,FILLED,31,162
2024-01-13 14:08:21.350,SELL,LIMIT,IOC,1029,2522.92,2535.0,FILLED,1029,1029
2024-01-13 15:35:15.085,BUY,LIMIT,IOC,2000,2576.09,2565.15,FILLED,767,2000
2024-01-13 16:32:40.544,BUY,LIMIT,IOC,1,2580.58,2567.44,FILLED,1,1
2024-01-13 19:32:45.625,BUY,LIMIT,IOC,5643,2589.91,2576.37,FILLED,1985,5643
2024-01-13 23:11:04.249,BUY,LIMIT,IOC,7,2593.53,2580.83,FILLED,7,7
2024-01-13 23:12:12.299,BUY,LIMIT,IOC,32,2598.42,2586.54,FILLED,32,32
2024-01-14 00:24:13.647,SELL,LIMIT,IOC,20,2555.86,2568.41,FILLED,15,20
2024-01-14 00:24:50.404,SELL,LIMIT,IOC,12,2555.77,2567.99,FILLED,12,12
2024-01-14 03:41:45.758,SELL,LIMIT,IOC,28,2538.36,2550.5,FILLED,28,28
2024-01-14 04:01:02.742,SELL,LIMIT,IOC,257,2536.74,2548.1,FILLED,123,257
2024-01-14 04:40:46.162,SELL,LIMIT,IOC,542,2531.34,2543.62,FILLED,13,542
2024-01-14 04:42:15.846,SELL,LIMIT,IOC,243,2530.12,2542.63,FILLED,243,243
2024-01-14 09:38:37.348,SELL,LIMIT,IOC,64,2528.5,2539.58,FILLED,33,64
2024-01-14 11:01:06.441,SELL,LIMIT,IOC,7,2524.92,2536.71,FILLED,7,7
2024-01-14 11:01:09.154,SELL,LIMIT,IOC,1,2523.89,2536.38,FILLED,1,1
2024-01-14 13:10:13.722,SELL,LIMIT,IOC,787,2520.17,2531.57,FILLED,87,787
2024-01-14 13:43:15.519,SELL,LIMIT,IOC,74,2519.21,2531.39,FILLED,74,74
2024-01-14 13:43:32.870,SELL,LIMIT,IOC,98,2515.78,2526.74,FILLED,98,98
2024-01-14 13:43:41.723,SELL,LIMIT,IOC,5,2515.34,2527.37,FILLED,5,5
2024-01-14 13:43:47.751,SELL,LIMIT,IOC,150,2515.16,2525.64,FILLED,149,150
2024-01-14 13:43:50.155,SELL,LIMIT,IOC,165,2514.32,2524.39,FILLED,164,165
2024-01-14 16:32:16.379,SELL,LIMIT,IOC,11,2518.31,2530.82,FILLED,11,11
2024-01-14 16:34:11.725,SELL,LIMIT,IOC,207,2513.88,2526.16,FILLED,66,207
2024-01-14 16:34:13.428,SELL,LIMIT,IOC,2863,2513.33,2524.69,FILLED,603,2863
2024-01-14 16:46:36.490,SELL,LIMIT,IOC,2,2510.49,2521.97,FILLED,1,2
2024-01-14 16:46:44.483,SELL,LIMIT,IOC,90,2509.25,2521.33,FILLED,90,90
2024-01-14 17:39:14.161,BUY,LIMIT,IOC,1,2549.48,2537.25,FILLED,1,1
2024-01-14 17:41:26.357,BUY,LIMIT,IOC,89,2550.13,2538.24,FILLED,89,89
2024-01-14 18:28:07.311,SELL,LIMIT,IOC,5,2510.43,2522.15,FILLED,5,5
2024-01-14 19:14:16.113,SELL,LIMIT,IOC,117,2510.04,2522.22,FILLED,113,117
2024-01-14 19:14:34.260,SELL,LIMIT,IOC,2,2506.62,2514.89,FILLED,2,2
2024-01-14 19:14:36.277,SELL,LIMIT,IOC,250,2502.36,2513.77,FILLED,250,250
2024-01-14 19:14:37.372,SELL,LIMIT,IOC,1,2501.64,2513.71,FILLED,1,1
2024-01-14 19:15:37.063,SELL,LIMIT,IOC,59121,2491.42,2508.82,FILLED,4234,59121
2024-01-14 19:15:38.456,SELL,LIMIT,IOC,5,2496.12,2503.64,FILLED,5,5
2024-01-14 19:15:40.114,SELL,LIMIT,IOC,93,2495.48,2509.28,FILLED,93,93
2024-01-14 19:52:45.199,SELL,LIMIT,IOC,19125,2490.87,2505.58,FILLED,1132,19125
2024-01-14 19:56:35.639,SELL,LIMIT,IOC,400,2489.72,2502.68,FILLED,65,400
2024-01-14 19:57:36.252,SELL,LIMIT,IOC,1221,2488.9,2501.04,FILLED,973,1221
2024-01-14 19:57:37.273,SELL,LIMIT,IOC,350,2488.78,2500.92,FILLED,19,350
2024-01-14 19:57:38.710,SELL,LIMIT,IOC,24,2488.51,2500.0,FILLED,24,24
2024-01-14 20:01:44.674,SELL,LIMIT,IOC,105,2483.73,2495.22,FILLED,93,105
2024-01-14 20:01:57.172,SELL,LIMIT,IOC,118,2482.68,2494.76,FILLED,2,118
2024-01-14 20:01:58.498,SELL,LIMIT,IOC,350,2482.26,2492.63,FILLED,270,350
2024-01-14 20:01:59.519,SELL,LIMIT,IOC,2,2481.27,2493.49,FILLED,2,2
2024-01-14 20:02:27.480,SELL,LIMIT,IOC,16,2479.15,2489.93,FILLED,16,16
2024-01-14 20:02:28.721,SELL,LIMIT,IOC,3279,2478.51,2486.58,FILLED,884,3279
2024-01-14 20:02:30.295,SELL,LIMIT,IOC,2282,2475.55,2486.46,FILLED,70,2282
2024-01-14 20:02:32.100,SELL,LIMIT,IOC,514,2474.22,2485.0,FILLED,514,514
2024-01-14 20:03:01.333,SELL,LIMIT,IOC,41,2472.74,2483.42,FILLED,41,41
2024-01-14 20:03:03.083,SELL,LIMIT,IOC,33,2471.27,2481.27,FILLED,33,33
2024-01-14 20:03:04.710,SELL,LIMIT,IOC,923,2470.71,2484.4,FILLED,381,923
2024-01-14 21:35:02.159,SELL,LIMIT,IOC,785,2488.6,2501.06,FILLED,450,785
2024-01-14 21:35:12.076,SELL,LIMIT,IOC,321,2487.91,2500.24,FILLED,231,321
2024-01-14 23:07:14.153,SELL,LIMIT,IOC,31,2483.69,2493.94,FILLED,5,31
2024-01-14 23:07:41.316,SELL,LIMIT,IOC,2000,2480.4,2491.79,FILLED,297,2000
2024-01-14 23:08:28.244,SELL,LIMIT,IOC,121,2477.72,2488.73,FILLED,121,121
2024-01-14 23:09:29.511,SELL,LIMIT,IOC,291,2474.91,2486.15,FILLED,254,291
2024-01-14 23:10:55.797,SELL,LIMIT,IOC,1334,2469.57,2481.18,FILLED,202,1334
2024-01-14 23:10:58.521,SELL,LIMIT,IOC,123,2469.14,2479.78,FILLED,10,123
2024-01-14 23:35:58.034,SELL,LIMIT,IOC,251,2467.29,2477.0,FILLED,49,251
2024-01-14 23:35:59.748,SELL,LIMIT,IOC,1838,2465.72,2474.99,FILLED,1772,1838
2024-01-14 23:36:07.339,SELL,LIMIT,IOC,54,2462.6,2473.33,FILLED,35,54
2024-01-14 23:36:08.523,SELL,LIMIT,IOC,142,2461.19,2473.6,FILLED,142,142
2024-01-14 23:36:18.674,SELL,LIMIT,IOC,135,2460.1,2470.74,FILLED,32,135
2024-01-14 23:36:19.682,SELL,LIMIT,IOC,81,2459.1,2470.4,FILLED,81,81
2024-01-14 23:36:20.789,SELL,LIMIT,IOC,23,2458.45,2473.35,FILLED,14,23
2024-01-14 23:38:05.153,SELL,LIMIT,IOC,62,2457.91,2470.0,FILLED,62,62
2024-01-15 00:16:46.796,BUY,LIMIT,IOC,7,2503.76,2493.25,FILLED,7,7
2024-01-15 00:17:57.756,BUY,LIMIT,IOC,121,2506.36,2494.29,FILLED,9,121
2024-01-15 00:18:41.396,BUY,LIMIT,IOC,218,2507.6,2495.77,FILLED,218,218
2024-01-15 01:37:03.650,BUY,LIMIT,IOC,25,2521.44,2510.15,FILLED,19,25
2024-01-15 01:37:32.036,BUY,LIMIT,IOC,1,2523.26,2511.06,FILLED,1,1
2024-01-15 01:38:04.551,BUY,LIMIT,IOC,20,2524.26,2512.99,FILLED,20,20
2024-01-15 09:17:46.592,BUY,LIMIT,IOC,15,2534.96,2523.76,FILLED,14,15
2024-01-15 09:30:19.394,BUY,LIMIT,IOC,2,2538.9,2526.72,FILLED,2,2
2024-01-15 09:42:15.515,BUY,LIMIT,IOC,195,2540.57,2529.0,FILLED,195,195
2024-01-15 09:42:34.431,BUY,LIMIT,IOC,11,2541.25,2529.75,FILLED,11,11
2024-01-15 09:43:44.161,BUY,LIMIT,IOC,427,2542.4,2529.4,FILLED,370,427
2024-01-15 09:46:31.027,BUY,LIMIT,IOC,20,2545.65,2533.01,FILLED,3,20
2024-01-15 10:40:30.623,BUY,LIMIT,IOC,7,2550.82,2538.87,FILLED,7,7
2024-01-15 10:41:29.115,BUY,LIMIT,IOC,18,2552.39,2541.7,FILLED,18,18
2024-01-15 10:45:08.239,BUY,LIMIT,IOC,1,2553.01,2540.51,FILLED,1,1
2024-01-15 12:25:20.447,BUY,LIMIT,IOC,134,2559.06,2547.35,FILLED,134,134
2024-01-15 14:08:40.388,SELL,LIMIT,IOC,795,2516.83,2528.94,FILLED,795,795
2024-01-15 14:15:40.585,SELL,LIMIT,IOC,26,2513.59,2525.02,FILLED,26,26
2024-01-15 14:15:42.539,SELL,LIMIT,IOC,2,2512.65,2523.4,FILLED,2,2
2024-01-15 14:16:00.683,SELL,LIMIT,IOC,16,2510.95,2522.74,FILLED,12,16
2024-01-15 14:28:16.364,SELL,LIMIT,IOC,50,2507.28,2519.6,FILLED,35,50
2024-01-15 14:52:29.166,SELL,LIMIT,IOC,73,2500.84,2512.94,FILLED,73,73
2024-01-15 14:55:29.099,SELL,LIMIT,IOC,1928,2496.76,2508.0,FILLED,63,1928
2024-01-15 15:48:40.906,SELL,LIMIT,IOC,861,2496.77,2508.69,FILLED,21,861
2024-01-15 18:17:03.093,BUY,LIMIT,IOC,917,2549.32,2537.01,FILLED,544,917
2024-01-15 18:29:01.620,BUY,LIMIT,IOC,2,2558.72,2546.38,FILLED,2,2
2024-01-15 18:34:12.034,BUY,LIMIT,IOC,319,2562.88,2551.21,FILLED,302,319
2024-01-15 18:44:42.525,BUY,LIMIT,IOC,1700,2565.46,2552.96,FILLED,1272,1700
2024-01-15 18:53:23.158,SELL,LIMIT,IOC,56,2525.64,2536.93,FILLED,2,56
2024-01-15 19:42:49.454,SELL,LIMIT,IOC,735,2519.13,2531.78,FILLED,735,735
2024-01-15 19:56:20.140,SELL,LIMIT,IOC,2,2518.29,2530.97,FILLED,2,2
2024-01-15 20:41:19.247,SELL,LIMIT,IOC,29,2516.99,2529.24,FILLED,29,29
2024-01-15 20:41:52.106,SELL,LIMIT,IOC,1,2516.15,2527.19,FILLED,1,1
2024-01-15 21:23:08.610,SELL,LIMIT,IOC,739,2511.1,2522.82,FILLED,739,739
2024-01-15 22:09:02.425,SELL,LIMIT,IOC,42,2504.51,2515.3,FILLED,42,42
2024-01-15 22:14:30.202,SELL,LIMIT,IOC,35,2499.82,2511.84,FILLED,34,35
2024-01-15 22:14:35.937,SELL,LIMIT,IOC,1167,2498.36,2510.57,FILLED,36,1167
2024-01-15 22:15:32.941,SELL,LIMIT,IOC,37,2495.06,2506.12,FILLED,37,37
2024-01-15 22:17:15.723,SELL,LIMIT,IOC,30,2490.06,2499.82,FILLED,30,30
2024-01-15 22:17:17.043,SELL,LIMIT,IOC,172,2488.08,2500.83,FILLED,172,172
2024-01-15 22:17:20.097,SELL,LIMIT,IOC,6,2487.12,2499.66,FILLED,6,6
2024-01-16 01:38:54.393,SELL,LIMIT,IOC,412,2493.7,2505.56,FILLED,197,412
2024-01-16 02:30:34.857,BUY,LIMIT,IOC,36,2535.45,2522.98,FILLED,36,36
2024-01-16 06:20:33.416,SELL,LIMIT,IOC,102,2514.23,2526.92,FILLED,102,102
2024-01-16 08:57:11.530,BUY,LIMIT,IOC,88,2554.28,2542.85,FILLED,88,88
2024-01-16 08:57:14.200,BUY,LIMIT,IOC,121,2555.25,2543.44,FILLED,121,121
2024-01-16 11:27:21.492,SELL,LIMIT,IOC,32,2515.34,2527.09,FILLED,32,32
2024-01-16 11:27:54.250,SELL,LIMIT,IOC,173,2513.06,2525.24,FILLED,173,173
2024-01-16 11:30:25.405,SELL,LIMIT,IOC,6,2509.88,2521.36,FILLED,6,6
2024-01-16 12:57:37.548,BUY,LIMIT,IOC,12,2559.59,2547.7,FILLED,8,12
2024-01-16 13:05:44.413,BUY,LIMIT,IOC,1,2560.08,2547.69,FILLED,1,1
2024-01-16 14:35:25.295,SELL,LIMIT,IOC,10,2508.04,2520.24,FILLED,10,10
2024-01-16 14:35:31.321,SELL,LIMIT,IOC,5,2507.33,2517.29,FILLED,5,5
2024-01-16 14:35:33.587,SELL,LIMIT,IOC,2290,2504.68,2515.85,FILLED,983,2290
2024-01-16 14:36:14.350,SELL,LIMIT,IOC,3576,2501.26,2512.29,FILLED,72,3576
2024-01-16 14:36:22.610,SELL,LIMIT,IOC,30,2498.87,2512.23,FILLED,30,30
2024-01-16 14:37:19.610,SELL,LIMIT,IOC,7,2498.33,2510.84,FILLED,7,7
2024-01-16 14:37:37.082,SELL,LIMIT,IOC,742,2497.66,2511.23,FILLED,1,742
2024-01-16 14:38:40.357,SELL,LIMIT,IOC,4,2494.06,2507.11,FILLED,3,4
2024-01-16 14:38:43.426,SELL,LIMIT,IOC,3,2493.41,2505.72,FILLED,3,3
2024-01-16 15:04:57.229,SELL,LIMIT,IOC,167,2515.45,2528.02,FILLED,167,167
2024-01-16 15:19:12.486,BUY,LIMIT,IOC,10,2554.81,2543.77,FILLED,10,10
2024-01-16 15:19:13.857,BUY,LIMIT,IOC,4,2555.59,2543.83,FILLED,4,4
2024-01-16 15:21:31.375,BUY,LIMIT,IOC,1467,2561.24,2549.56,FILLED,164,1467
2024-01-16 15:23:07.715,BUY,LIMIT,IOC,17,2563.82,2553.48,FILLED,17,17
2024-01-16 15:23:23.580,BUY,LIMIT,IOC,10,2565.61,2552.84,FILLED,10,10
2024-01-16 15:25:41.053,BUY,LIMIT,IOC,307,2568.23,2557.93,FILLED,92,307
2024-01-16 15:25:43.389,BUY,LIMIT,IOC,496,2569.34,2559.22,FILLED,96,496
2024-01-16 15:25:57.379,BUY,LIMIT,IOC,3,2573.54,2562.06,FILLED,3,3
2024-01-16 15:28:25.060,BUY,LIMIT,IOC,16,2576.0,2564.47,FILLED,4,16
2024-01-16 15:29:47.445,BUY,LIMIT,IOC,969,2576.7,2564.09,FILLED,195,969
2024-01-16 15:34:00.823,BUY,LIMIT,IOC,5,2581.99,2569.76,FILLED,5,5
2024-01-16 15:47:42.840,SELL,LIMIT,IOC,474,2540.25,2552.22,FILLED,21,474
2024-01-16 15:47:45.251,SELL,LIMIT,IOC,66,2539.28,2551.21,FILLED,66,66
2024-01-16 16:02:06.142,BUY,LIMIT,IOC,289,2577.1,2564.8,FILLED,289,289
2024-01-16 16:48:07.412,BUY,LIMIT,IOC,347,2586.67,2575.77,FILLED,220,347
2024-01-16 20:10:18.319,BUY,LIMIT,IOC,818,2592.16,2581.39,FILLED,289,818
2024-01-16 20:19:08.778,BUY,LIMIT,IOC,1,2597.91,2585.36,FILLED,1,1
2024-01-16 21:20:29.742,BUY,LIMIT,IOC,1,2602.77,2590.54,FILLED,1,1
2024-01-16 21:21:28.836,BUY,LIMIT,IOC,3,2606.7,2592.97,FILLED,3,3
2024-01-16 21:29:05.586,BUY,LIMIT,IOC,754,2607.69,2596.15,FILLED,27,754
2024-01-16 21:29:06.792,BUY,LIMIT,IOC,12,2608.04,2596.33,FILLED,4,12
2024-01-16 21:38:15.162,BUY,LIMIT,IOC,1327,2623.57,2610.92,FILLED,663,1327
2024-01-16 21:38:42.236,BUY,LIMIT,IOC,3,2625.73,2612.79,FILLED,3,3
2024-01-16 23:31:27.525,SELL,LIMIT,IOC,12,2580.31,2592.35,FILLED,12,12
2024-01-17 00:11:02.404,SELL,LIMIT,IOC,32,2570.23,2582.45,FILLED,32,32
2024-01-17 02:23:10.299,SELL,LIMIT,IOC,53,2560.91,2572.76,FILLED,53,53
2024-01-17 04:28:31.075,SELL,LIMIT,IOC,34,2553.94,2565.93,FILLED,34,34
2024-01-17 04:36:59.193,SELL,LIMIT,IOC,22,2552.3,2564.85,FILLED,22,22
2024-01-17 05:58:09.743,SELL,LIMIT,IOC,63,2548.35,2559.8,FILLED,63,63
2024-01-17 07:05:46.913,SELL,LIMIT,IOC,3612,2546.63,2557.33,FILLED,950,3612
2024-01-17 07:53:35.688,SELL,LIMIT,IOC,284,2539.7,2551.99,FILLED,93,284
2024-01-17 07:54:10.786,SELL,LIMIT,IOC,7,2539.47,2551.54,FILLED,7,7
2024-01-17 07:54:38.677,SELL,LIMIT,IOC,52,2539.02,2551.41,FILLED,52,52
2024-01-17 07:54:44.580,SELL,LIMIT,IOC,1,2538.99,2551.04,FILLED,1,1
2024-01-17 07:55:42.501,SELL,LIMIT,IOC,214,2538.29,2550.88,FILLED,214,214
2024-01-17 08:04:18.481,SELL,LIMIT,IOC,17,2535.51,2547.36,FILLED,17,17
2024-01-17 08:06:55.835,SELL,LIMIT,IOC,95,2526.66,2536.88,FILLED,95,95
2024-01-17 12:12:27.712,SELL,LIMIT,IOC,154,2523.5,2535.25,FILLED,154,154
2024-01-17 12:20:37.671,SELL,LIMIT,IOC,5,2520.35,2532.94,FILLED,5,5
2024-01-17 14:42:07.526,BUY,LIMIT,IOC,7,2573.45,2562.55,FILLED,7,7
2024-01-17 14:49:52.459,BUY,LIMIT,IOC,1,2583.01,2570.05,FILLED,1,1
2024-01-17 14:59:15.848,SELL,LIMIT,IOC,9,2539.08,2549.73,FILLED,9,9
2024-01-17 15:00:19.231,SELL,LIMIT,IOC,310,2532.64,2543.28,FILLED,7,310
2024-01-17 15:00:39.512,SELL,LIMIT,IOC,33,2523.96,2534.37,FILLED,22,33
2024-01-17 15:04:01.073,BUY,LIMIT,IOC,22,2564.33,2551.72,FILLED,21,22
2024-01-17 15:27:34.175,SELL,LIMIT,IOC,7,2535.59,2548.23,FILLED,7,7
2024-01-17 15:36:02.395,SELL,LIMIT,IOC,2,2531.39,2543.21,FILLED,2,2
2024-01-17 16:19:14.828,SELL,LIMIT,IOC,50,2521.32,2533.52,FILLED,50,50
2024-01-17 16:36:56.094,SELL,LIMIT,IOC,126,2520.11,2531.54,FILLED,72,126
2024-01-17 16:36:58.854,SELL,LIMIT,IOC,278,2519.58,2531.94,FILLED,130,278
2024-01-17 16:44:44.698,SELL,LIMIT,IOC,9,2518.33,2530.09,FILLED,9,9
2024-01-17 16:44:49.182,SELL,LIMIT,IOC,137,2517.25,2527.93,FILLED,90,137
2024-01-17 16:46:24.528,SELL,LIMIT,IOC,78,2515.69,2528.38,FILLED,78,78
2024-01-17 16:47:00.169,SELL,LIMIT,IOC,6,2514.25,2524.04,FILLED,6,6
2024-01-17 16:47:01.401,SELL,LIMIT,IOC,183,2513.25,2523.52,FILLED,183,183
2024-01-17 16:47:02.783,SELL,LIMIT,IOC,9,2510.65,2523.05,FILLED,9,9
2024-01-17 18:11:48.028,SELL,LIMIT,IOC,199,2507.88,2520.29,FILLED,35,199
2024-01-17 18:12:01.386,SELL,LIMIT,IOC,618,2505.74,2516.25,FILLED,618,618
2024-01-17 18:12:02.646,SELL,LIMIT,IOC,1,2505.24,2516.29,FILLED,1,1
2024-01-17 21:49:25.041,SELL,LIMIT,IOC,103,2513.43,2525.43,FILLED,103,103
2024-01-17 21:57:32.755,SELL,LIMIT,IOC,1,2510.7,2522.56,FILLED,1,1
2024-01-17 22:22:44.786,SELL,LIMIT,IOC,10,2504.3,2516.63,FILLED,10,10
2024-01-17 22:22:56.774,SELL,LIMIT,IOC,52,2503.75,2515.0,FILLED,7,52
2024-01-17 22:22:58.059,SELL,LIMIT,IOC,42,2502.23,2510.0,FILLED,42,42
2024-01-17 22:22:59.345,SELL,LIMIT,IOC,6,2499.84,2508.97,FILLED,6,6
2024-01-17 22:23:02.599,SELL,LIMIT,IOC,17396,2494.95,2511.27,FILLED,234,17396
2024-01-17 22:25:40.478,SELL,LIMIT,IOC,89,2494.8,2505.26,FILLED,89,89
2024-01-17 22:25:42.503,SELL,LIMIT,IOC,32,2493.78,2505.8,FILLED,32,32
2024-01-18 01:34:05.881,SELL,LIMIT,IOC,1896,2504.11,2514.56,FILLED,652,1896
2024-01-18 01:36:44.734,SELL,LIMIT,IOC,45,2498.25,2508.71,FILLED,45,45
2024-01-18 02:22:20.306,BUY,LIMIT,IOC,2,2541.48,2529.75,FILLED,2,2
2024-01-18 09:11:28.226,BUY,LIMIT,IOC,18,2554.29,2542.83,FILLED,6,18
2024-01-18 09:11:53.406,BUY,LIMIT,IOC,46,2559.53,2547.64,FILLED,27,46
2024-01-18 10:43:19.712,SELL,LIMIT,IOC,49,2512.91,2525.24,FILLED,49,49
2024-01-18 10:43:37.781,SELL,LIMIT,IOC,12,2511.52,2523.47,FILLED,12,12
2024-01-18 10:45:52.146,SELL,LIMIT,IOC,48,2509.22,2521.0,FILLED,48,48
2024-01-18 10:49:59.140,SELL,LIMIT,IOC,12,2506.59,2519.11,FILLED,12,12
2024-01-18 10:51:04.362,SELL,LIMIT,IOC,11,2505.65,2517.34,FILLED,11,11
2024-01-18 10:53:12.200,SELL,LIMIT,IOC,67,2502.85,2514.91,FILLED,67,67
2024-01-18 10:53:16.630,SELL,LIMIT,IOC,397,2502.28,2514.03,FILLED,20,397
2024-01-18 10:53:24.819,SELL,LIMIT,IOC,2,2501.64,2513.86,FILLED,2,2
2024-01-18 12:23:35.159,SELL,LIMIT,IOC,102,2496.61,2508.62,FILLED,102,102
2024-01-18 12:23:47.076,SELL,LIMIT,IOC,3789,2494.89,2506.6,FILLED,710,3789
2024-01-18 12:23:54.194,SELL,LIMIT,IOC,371,2494.03,2506.12,FILLED,88,371
2024-01-18 12:24:19.061,SELL,LIMIT,IOC,2,2492.33,2503.43,FILLED,2,2
2024-01-18 12:24:20.126,SELL,LIMIT,IOC,70,2491.96,2503.99,FILLED,70,70
2024-01-18 13:16:19.312,SELL,LIMIT,IOC,2,2490.0,2502.17,FILLED,2,2
2024-01-18 14:51:09.455,BUY,LIMIT,IOC,18,2540.4,2529.52,FILLED,13,18
2024-01-18 14:58:58.647,BUY,LIMIT,IOC,40,2544.11,2532.35,FILLED,40,40
2024-01-18 16:27:04.641,SELL,LIMIT,IOC,18262,2496.82,2512.05,FILLED,9352,18262
2024-01-18 16:32:33.403,SELL,LIMIT,IOC,70,2492.55,2504.83,FILLED,70,70
2024-01-18 16:36:28.487,SELL,LIMIT,IOC,1,2487.74,2500.55,FILLED,1,1
2024-01-18 16:36:33.325,SELL,LIMIT,IOC,1,2487.18,2498.58,FILLED,1,1
2024-01-18 16:36:34.704,SELL,LIMIT,IOC,61,2486.38,2498.08,FILLED,61,61
2024-01-18 16:36:36.159,SELL,LIMIT,IOC,64,2485.29,2495.27,FILLED,2,64
2024-01-18 16:37:04.230,SELL,LIMIT,IOC,2875,2482.62,2494.86,FILLED,2098,2875
2024-01-18 16:37:06.569,SELL,LIMIT,IOC,384,2482.3,2493.14,FILLED,9,384
2024-01-18 16:37:08.324,SELL,LIMIT,IOC,7,2479.93,2491.55,FILLED,7,7
2024-01-18 16:37:11.454,SELL,LIMIT,IOC,94,2479.5,2490.96,FILLED,92,94
2024-01-18 16:38:52.205,SELL,LIMIT,IOC,10,2477.28,2489.44,FILLED,10,10
2024-01-18 16:39:07.779,SELL,LIMIT,IOC,2,2476.15,2489.21,FILLED,2,2
2024-01-18 16:39:09.825,SELL,LIMIT,IOC,100,2475.74,2488.4,FILLED,100,100
2024-01-18 16:39:11.754,SELL,LIMIT,IOC,83,2475.38,2487.48,FILLED,83,83
2024-01-18 16:40:50.843,SELL,LIMIT,IOC,1121,2474.37,2487.5,FILLED,368,1121
2024-01-18 16:41:53.484,SELL,LIMIT,IOC,280,2473.99,2486.39,FILLED,280,280
2024-01-18 16:48:39.307,SELL,LIMIT,IOC,2,2472.03,2484.74,FILLED,2,2
2024-01-18 16:48:48.112,SELL,LIMIT,IOC,109,2471.01,2483.31,FILLED,109,109
2024-01-18 16:49:40.620,SELL,LIMIT,IOC,3132,2468.17,2481.27,FILLED,400,3132
2024-01-18 17:05:54.136,SELL,LIMIT,IOC,5180,2465.13,2478.11,FILLED,17,5180
2024-01-18 17:09:15.413,SELL,LIMIT,IOC,6995,2463.9,2477.75,FILLED,256,6995
2024-01-18 17:10:04.645,SELL,LIMIT,IOC,972,2464.69,2476.99,FILLED,10,972
2024-01-18 17:10:13.139,SELL,LIMIT,IOC,28,2464.07,2476.3,FILLED,28,28
2024-01-18 17:11:11.138,SELL,LIMIT,IOC,280,2460.85,2473.09,FILLED,26,280
2024-01-18 17:11:12.175,SELL,LIMIT,IOC,8,2460.46,2472.64,FILLED,8,8
2024-01-18 17:13:45.498,SELL,LIMIT,IOC,18,2457.2,2469.39,FILLED,18,18
2024-01-18 17:15:03.305,SELL,LIMIT,IOC,145,2456.26,2468.38,FILLED,145,145
2024-01-18 17:50:57.629,SELL,LIMIT,IOC,1852,2459.1,2470.62,FILLED,281,1852
2024-01-18 17:51:48.243,SELL,LIMIT,IOC,451,2454.75,2464.87,FILLED,449,451
2024-01-18 18:05:14.127,SELL,LIMIT,IOC,1211,2456.96,2468.42,FILLED,829,1211
2024-01-18 18:09:06.847,SELL,LIMIT,IOC,8,2453.5,2464.96,FILLED,8,8
2024-01-18 18:09:12.404,SELL,LIMIT,IOC,50,2452.55,2463.86,FILLED,50,50
2024-01-18 18:09:14.568,SELL,LIMIT,IOC,3,2449.72,2461.21,FILLED,3,3
2024-01-18 18:09:15.966,SELL,LIMIT,IOC,5,2449.57,2460.36,FILLED,5,5
2024-01-18 18:09:17.482,SELL,LIMIT,IOC,3594,2448.31,2459.32,FILLED,585,3594
2024-01-18 18:11:40.745,SELL,LIMIT,IOC,6,2446.92,2459.35,FILLED,6,6
2024-01-18 18:11:42.677,SELL,LIMIT,IOC,68,2446.91,2459.83,FILLED,68,68
2024-01-18 18:12:02.315,SELL,LIMIT,IOC,4,2446.11,2458.56,FILLED,4,4
2024-01-18 18:12:12.561,SELL,LIMIT,IOC,120,2445.49,2456.47,FILLED,39,120
2024-01-18 18:12:22.178,SELL,LIMIT,IOC,38,2443.13,2454.53,FILLED,38,38
2024-01-18 18:12:23.497,SELL,LIMIT,IOC,1364,2442.58,2453.92,FILLED,295,1364
2024-01-18 19:13:11.460,SELL,LIMIT,IOC,221,2443.48,2456.15,FILLED,172,221
2024-01-18 19:47:08.734,SELL,LIMIT,IOC,1618,2441.23,2454.42,FILLED,11,1618
2024-01-18 19:50:10.159,SELL,LIMIT,IOC,19,2439.74,2449.88,FILLED,19,19
2024-01-18 19:50:11.186,SELL,LIMIT,IOC,18,2439.85,2450.95,FILLED,18,18
2024-01-18 19:50:20.050,SELL,LIMIT,IOC,918,2436.32,2448.01,FILLED,918,918
2024-01-18 19:50:21.232,SELL,LIMIT,IOC,1,2436.08,2448.87,FILLED,1,1
2024-01-18 19:51:08.843,SELL,LIMIT,IOC,250,2434.6,2446.92,FILLED,250,250
2024-01-18 19:53:04.338,SELL,LIMIT,IOC,1,2433.78,2445.72,FILLED,1,1
2024-01-18 19:54:09.197,SELL,LIMIT,IOC,3,2432.27,2444.05,FILLED,3,3
2024-01-18 19:54:12.368,SELL,LIMIT,IOC,1,2431.24,2442.67,FILLED,1,1
2024-01-18 19:54:13.383,SELL,LIMIT,IOC,692,2430.56,2442.78,FILLED,692,692
2024-01-18 19:54:17.379,SELL,LIMIT,IOC,29,2430.15,2442.01,FILLED,29,29
2024-01-18 19:54:23.786,SELL,LIMIT,IOC,141,2429.71,2440.27,FILLED,23,141
2024-01-18 19:54:24.825,SELL,LIMIT,IOC,50,2428.76,2439.88,FILLED,50,50
2024-01-18 19:55:07.108,SELL,LIMIT,IOC,412,2426.87,2435.15,FILLED,412,412
2024-01-18 19:55:15.028,SELL,LIMIT,IOC,552,2423.71,2435.06,FILLED,552,552
2024-01-18 19:55:17.109,SELL,LIMIT,IOC,388,2423.25,2435.35,FILLED,388,388
2024-01-18 19:55:24.705,SELL,LIMIT,IOC,317,2423.16,2434.54,FILLED,111,317
2024-01-18 19:55:27.053,SELL,LIMIT,IOC,2,2422.7,2434.07,FILLED,2,2
2024-01-18 19:57:28.461,SELL,LIMIT,IOC,1220,2422.08,2433.04,FILLED,92,1220
2024-01-18 19:57:35.319,SELL,LIMIT,IOC,13,2420.87,2432.94,FILLED,13,13
2024-01-18 19:57:51.371,SELL,LIMIT,IOC,1,2420.26,2431.81,FILLED,1,1
2024-01-18 19:57:53.049,SELL,LIMIT,IOC,100,2420.12,2430.43,FILLED,100,100
2024-01-18 19:57:54.125,SELL,LIMIT,IOC,8,2419.4,2427.79,FILLED,8,8
2024-01-18 19:57:55.361,SELL,LIMIT,IOC,1,2416.84,2431.03,FILLED,1,1
2024-01-18 19:58:45.534,SELL,LIMIT,IOC,1004,2416.22,2427.52,FILLED,801,1004
2024-01-18 19:58:48.274,SELL,LIMIT,IOC,21,2415.8,2427.42,FILLED,19,21
2024-01-18 20:36:50.106,SELL,LIMIT,IOC,140,2414.54,2425.32,FILLED,40,140
2024-01-18 20:51:00.337,BUY,LIMIT,IOC,258,2467.33,2454.74,FILLED,258,258
2024-01-18 20:55:47.735,SELL,LIMIT,IOC,1800,2436.02,2447.99,FILLED,325,1800
2024-01-18 22:32:29.956,BUY,LIMIT,IOC,4466,2478.99,2466.24,FILLED,719,4466
2024-01-19 01:31:17.361,SELL,LIMIT,IOC,785,2445.08,2456.2,FILLED,224,785
2024-01-19 05:11:22.489,BUY,LIMIT,IOC,7,2476.36,2464.99,FILLED,7,7
2024-01-19 05:31:39.722,BUY,LIMIT,IOC,6,2478.83,2466.77,FILLED,6,6
2024-01-19 08:55:47.852,BUY,LIMIT,IOC,19,2485.89,2473.79,FILLED,19,19
2024-01-19 09:11:50.360,BUY,LIMIT,IOC,8,2490.79,2478.7,FILLED,8,8
2024-01-19 09:16:34.493,BUY,LIMIT,IOC,40,2493.38,2481.21,FILLED,40,40
2024-01-19 10:07:55.151,BUY,LIMIT,IOC,161,2496.5,2484.63,FILLED,161,161
2024-01-19 14:49:24.257,SELL,LIMIT,IOC,79,2456.71,2468.45,FILLED,38,79
2024-01-19 15:08:56.358,SELL,LIMIT,IOC,61,2452.24,2464.18,FILLED,61,61
2024-01-19 15:18:31.709,BUY,LIMIT,IOC,180,2490.32,2478.32,FILLED,180,180
2024-01-19 16:07:45.172,SELL,LIMIT,IOC,38,2447.6,2459.72,FILLED,38,38
2024-01-19 16:09:19.742,SELL,LIMIT,IOC,76,2443.87,2455.61,FILLED,70,76
2024-01-19 16:09:22.057,SELL,LIMIT,IOC,19,2442.74,2453.78,FILLED,18,19
2024-01-19 16:11:45.341,SELL,LIMIT,IOC,44,2438.58,2451.4,FILLED,44,44
2024-01-19 16:19:21.341,SELL,LIMIT,IOC,3,2437.64,2449.04,FILLED,3,3
2024-01-19 16:25:50.341,SELL,LIMIT,IOC,9,2430.57,2441.9,FILLED,9,9
2024-01-19 16:26:17.677,SELL,LIMIT,IOC,500,2427.51,2439.55,FILLED,500,500
2024-01-19 16:27:05.576,SELL,LIMIT,IOC,97,2426.33,2438.33,FILLED,97,97
2024-01-19 16:27:41.582,SELL,LIMIT,IOC,6,2424.87,2436.56,FILLED,6,6
2024-01-19 16:30:53.651,SELL,LIMIT,IOC,48,2422.58,2434.79,FILLED,48,48
2024-01-19 16:31:25.287,SELL,LIMIT,IOC,274,2421.89,2434.26,FILLED,274,274
2024-01-19 16:31:31.803,SELL,LIMIT,IOC,29,2421.6,2435.42,FILLED,29,29
2024-01-19 16:32:30.692,SELL,LIMIT,IOC,25,2421.22,2433.35,FILLED,25,25
2024-01-19 16:34:23.457,SELL,LIMIT,IOC,134,2420.82,2432.83,FILLED,74,134
2024-01-19 16:39:22.348,SELL,LIMIT,IOC,42,2416.57,2428.86,FILLED,42,42
2024-01-19 16:39:26.346,SELL,LIMIT,IOC,6189,2414.61,2427.44,FILLED,4633,6189
2024-01-19 16:39:39.373,SELL,LIMIT,IOC,2,2414.73,2426.28,FILLED,2,2
2024-01-19 16:40:03.834,SELL,LIMIT,IOC,152,2413.74,2425.61,FILLED,152,152
2024-01-19 16:40:09.066,SELL,LIMIT,IOC,12,2412.59,2424.5,FILLED,12,12
2024-01-19 16:40:25.252,SELL,LIMIT,IOC,35,2412.32,2423.76,FILLED,33,35
2024-01-19 16:40:27.612,SELL,LIMIT,IOC,2522,2411.69,2424.27,FILLED,478,2522
2024-01-19 16:41:45.425,SELL,LIMIT,IOC,37,2410.7,2422.04,FILLED,37,37
2024-01-19 16:41:47.256,SELL,LIMIT,IOC,1,2409.83,2421.01,FILLED,1,1
2024-01-19 16:41:48.264,SELL,LIMIT,IOC,218,2408.98,2420.7,FILLED,218,218
2024-01-19 16:41:52.538,SELL,LIMIT,IOC,1003,2408.69,2421.47,FILLED,600,1003
2024-01-19 16:42:24.496,SELL,LIMIT,IOC,69,2408.61,2420.8,FILLED,56,69
2024-01-19 16:42:29.366,SELL,LIMIT,IOC,4314,2407.93,2420.1,FILLED,400,4314
2024-01-19 16:42:40.326,SELL,LIMIT,IOC,2221,2407.65,2419.38,FILLED,128,2221
2024-01-19 16:42:44.146,SELL,LIMIT,IOC,27,2406.91,2418.63,FILLED,27,27
2024-01-19 16:42:46.209,SELL,LIMIT,IOC,195,2406.56,2418.1,FILLED,195,195
2024-01-19 16:42:47.454,SELL,LIMIT,IOC,354,2406.35,2417.84,FILLED,73,354
2024-01-19 16:42:50.026,SELL,LIMIT,IOC,57,2405.63,2417.1,FILLED,57,57
2024-01-19 16:43:19.024,SELL,LIMIT,IOC,46,2404.07,2416.13,FILLED,46,46
2024-01-19 16:43:25.221,SELL,LIMIT,IOC,21,2403.65,2414.96,FILLED,21,21
2024-01-19 16:43:28.558,SELL,LIMIT,IOC,12,2403.01,2414.33,FILLED,12,12
2024-01-19 16:49:02.154,BUY,LIMIT,IOC,36,2441.77,2429.79,FILLED,36,36
2024-01-19 17:35:40.203,BUY,LIMIT,IOC,355,2460.14,2449.84,FILLED,348,355
2024-01-19 17:36:36.273,BUY,LIMIT,IOC,2026,2468.46,2456.79,FILLED,2026,2026
2024-01-19 17:36:48.539,BUY,LIMIT,IOC,60,2471.54,2459.37,FILLED,60,60
2024-01-19 17:37:45.706,BUY,LIMIT,IOC,1525,2473.23,2460.65,FILLED,40,1525
2024-01-19 18:25:46.526,BUY,LIMIT,IOC,60,2482.47,2470.57,FILLED,60,60
2024-01-19 18:26:19.415,BUY,LIMIT,IOC,154,2485.17,2474.34,FILLED,154,154
2024-01-19 18:26:23.588,BUY,LIMIT,IOC,20,2486.45,2475.51,FILLED,3,20
2024-01-19 18:27:57.680,BUY,LIMIT,IOC,100,2492.55,2481.84,FILLED,100,100
2024-01-19 18:50:55.342,BUY,LIMIT,IOC,13,2506.25,2494.5,FILLED,13,13
2024-01-19 18:55:22.478,BUY,LIMIT,IOC,1,2513.54,2502.54,FILLED,1,1
2024-01-19 19:06:52.405,SELL,LIMIT,IOC,5,2471.83,2484.14,FILLED,4,5
2024-01-19 20:32:37.648,BUY,LIMIT,IOC,918,2503.79,2492.06,FILLED,5,918
2024-01-19 23:12:25.822,BUY,LIMIT,IOC,1,2506.32,2494.78,FILLED,1,1
2024-01-20 00:10:09.578,SELL,LIMIT,IOC,3,2470.96,2483.03,FILLED,3,3
2024-01-20 00:58:33.442,SELL,LIMIT,IOC,206,2463.38,2475.2,FILLED,46,206
2024-01-20 08:21:35.075,SELL,LIMIT,IOC,30,2462.25,2473.53,FILLED,30,30
2024-01-20 08:21:46.279,SELL,LIMIT,IOC,2622,2461.72,2471.88,FILLED,2300,2622
2024-01-20 08:21:47.470,SELL,LIMIT,IOC,30,2460.59,2471.58,FILLED,30,30
2024-01-20 08:21:56.739,SELL,LIMIT,IOC,20,2459.58,2470.95,FILLED,20,20
2024-01-20 09:15:26.292,SELL,LIMIT,IOC,2,2459.44,2471.37,FILLED,2,2
2024-01-20 09:19:08.458,SELL,LIMIT,IOC,9,2457.97,2469.61,FILLED,9,9
2024-01-20 09:54:37.060,SELL,LIMIT,IOC,49,2452.57,2464.44,FILLED,49,49
2024-01-20 14:22:35.321,SELL,LIMIT,IOC,1898,2449.44,2460.79,FILLED,365,1898
2024-01-20 15:04:17.504,SELL,LIMIT,IOC,356,2446.06,2457.94,FILLED,59,356
2024-01-20 16:59:09.620,SELL,LIMIT,IOC,6,2444.63,2456.57,FILLED,6,6
2024-01-20 18:15:43.833,SELL,LIMIT,IOC,27,2441.67,2453.55,FILLED,27,27
2024-01-20 20:24:25.794,BUY,LIMIT,IOC,2000,2478.79,2466.55,FILLED,68,2000
2024-01-21 02:30:25.369,BUY,LIMIT,IOC,60,2486.6,2474.45,FILLED,60,60
2024-01-21 03:01:15.467,BUY,LIMIT,IOC,5,2491.23,2480.0,FILLED,5,5
2024-01-21 10:27:56.742,BUY,LIMIT,IOC,3,2491.16,2479.0,FILLED,1,3
2024-01-21 15:38:14.468,SELL,LIMIT,IOC,111,2454.01,2465.81,FILLED,33,111
2024-01-21 15:39:05.355,SELL,LIMIT,IOC,20,2453.15,2465.2,FILLED,20,20
2024-01-21 22:23:57.237,SELL,LIMIT,IOC,59,2450.32,2459.24,FILLED,59,59
2024-01-21 22:23:59.820,SELL,LIMIT,IOC,978,2448.83,2459.64,FILLED,916,978
2024-01-21 22:24:05.666,SELL,LIMIT,IOC,4,2448.27,2459.44,FILLED,4,4
2024-01-21 22:55:55.070,SELL,LIMIT,IOC,32,2447.62,2459.25,FILLED,32,32
2024-01-21 23:11:03.207,SELL,LIMIT,IOC,3024,2444.17,2455.0,FILLED,295,3024
2024-01-21 23:11:23.505,SELL,LIMIT,IOC,31,2443.71,2454.27,FILLED,31,31
2024-01-21 23:11:27.566,SELL,LIMIT,IOC,1259,2441.19,2450.99,FILLED,229,1259
2024-01-21 23:25:44.321,SELL,LIMIT,IOC,54,2440.07,2452.18,FILLED,54,54
2024-01-22 01:13:43.134,SELL,LIMIT,IOC,27,2439.1,2451.04,FILLED,23,27
2024-01-22 01:16:58.073,SELL,LIMIT,IOC,174,2437.28,2447.16,FILLED,145,174
2024-01-22 01:16:59.396,SELL,LIMIT,IOC,65,2436.45,2445.14,FILLED,65,65
2024-01-22 01:17:06.398,SELL,LIMIT,IOC,88,2433.73,2444.07,FILLED,88,88
2024-01-22 01:17:12.032,SELL,LIMIT,IOC,10,2432.73,2441.18,FILLED,10,10
2024-01-22 01:20:00.207,SELL,LIMIT,IOC,9,2429.81,2441.37,FILLED,9,9
2024-01-22 01:20:21.144,SELL,LIMIT,IOC,3,2427.1,2436.54,FILLED,3,3
2024-01-22 01:20:23.040,SELL,LIMIT,IOC,953,2425.48,2436.38,FILLED,953,953
2024-01-22 01:20:35.789,SELL,LIMIT,IOC,1,2424.69,2436.01,FILLED,1,1
2024-01-22 01:23:02.770,SELL,LIMIT,IOC,800,2423.5,2435.46,FILLED,35,800
2024-01-22 02:34:28.186,SELL,LIMIT,IOC,98,2421.6,2432.77,FILLED,95,98
2024-01-22 02:34:33.864,SELL,LIMIT,IOC,1436,2420.53,2432.36,FILLED,553,1436
2024-01-22 02:49:28.486,SELL,LIMIT,IOC,1200,2419.61,2431.12,FILLED,424,1200
2024-01-22 03:14:19.379,SELL,LIMIT,IOC,412,2418.08,2429.16,FILLED,412,412
2024-01-22 03:14:31.554,SELL,LIMIT,IOC,27,2417.77,2429.45,FILLED,27,27
2024-01-22 03:18:19.488,SELL,LIMIT,IOC,1,2415.56,2426.35,FILLED,1,1
2024-01-22 03:18:22.682,SELL,LIMIT,IOC,146,2415.29,2425.47,FILLED,146,146
2024-01-22 03:18:25.256,SELL,LIMIT,IOC,170,2413.96,2425.25,FILLED,170,170
2024-01-22 03:20:46.644,SELL,LIMIT,IOC,8,2412.73,2423.78,FILLED,8,8
2024-01-22 03:22:28.055,SELL,LIMIT,IOC,25,2412.17,2423.23,FILLED,25,25
2024-01-22 03:22:57.114,SELL,LIMIT,IOC,3,2411.37,2422.98,FILLED,1,3
2024-01-22 04:18:44.609,SELL,LIMIT,IOC,26,2409.78,2421.15,FILLED,8,26
2024-01-22 04:20:48.697,SELL,LIMIT,IOC,36,2408.55,2420.0,FILLED,36,36
2024-01-22 04:20:50.661,SELL,LIMIT,IOC,1,2407.95,2419.51,FILLED,1,1
2024-01-22 04:24:12.703,SELL,LIMIT,IOC,10638,2404.07,2418.23,FILLED,270,10638
2024-01-22 04:24:21.242,SELL,LIMIT,IOC,303,2406.15,2418.36,FILLED,303,303
2024-01-22 04:50:59.830,SELL,LIMIT,IOC,108,2405.19,2417.02,FILLED,93,108
2024-01-22 04:57:47.520,SELL,LIMIT,IOC,144,2404.3,2415.32,FILLED,52,144
2024-01-22 04:57:52.039,SELL,LIMIT,IOC,26,2403.52,2415.0,FILLED,26,26
2024-01-22 04:58:34.678,SELL,LIMIT,IOC,1,2403.19,2414.92,FILLED,1,1
2024-01-22 05:00:12.350,SELL,LIMIT,IOC,17,2402.21,2408.75,FILLED,17,17
2024-01-22 05:00:13.673,SELL,LIMIT,IOC,79,2398.39,2410.05,FILLED,79,79
2024-01-22 05:00:22.244,SELL,LIMIT,IOC,490,2396.84,2405.95,FILLED,490,490
2024-01-22 05:00:23.337,SELL,LIMIT,IOC,72,2396.23,2403.51,FILLED,72,72
2024-01-22 05:00:24.837,SELL,LIMIT,IOC,755,2394.67,2404.3,FILLED,65,755
2024-01-22 05:00:26.177,SELL,LIMIT,IOC,150,2393.62,2402.16,FILLED,150,150
2024-01-22 05:00:27.655,SELL,LIMIT,IOC,6,2392.19,2401.39,FILLED,6,6
2024-01-22 05:00:29.065,SELL,LIMIT,IOC,10,2391.22,2401.79,FILLED,10,10
2024-01-22 05:00:30.342,SELL,LIMIT,IOC,59,2390.15,2401.74,FILLED,59,59
2024-01-22 05:38:14.668,BUY,LIMIT,IOC,101,2436.22,2424.18,FILLED,41,101
2024-01-22 08:01:10.714,SELL,LIMIT,IOC,940,2403.73,2415.62,FILLED,320,940
2024-01-22 08:01:56.190,SELL,LIMIT,IOC,13,2402.31,2412.69,FILLED,13,13
2024-01-22 08:07:51.139,SELL,LIMIT,IOC,6,2400.16,2411.84,FILLED,6,6
2024-01-22 08:09:28.729,SELL,LIMIT,IOC,66,2398.01,2409.33,FILLED,66,66
2024-01-22 08:23:04.040,SELL,LIMIT,IOC,1,2396.93,2408.22,FILLED,1,1
2024-01-22 08:23:11.170,SELL,LIMIT,IOC,35,2396.42,2406.62,FILLED,35,35
2024-01-22 08:40:02.632,SELL,LIMIT,IOC,1,2389.57,2401.29,FILLED,1,1
2024-01-22 08:40:10.145,SELL,LIMIT,IOC,500,2389.49,2400.67,FILLED,381,500
2024-01-22 08:40:19.389,SELL,LIMIT,IOC,60,2388.48,2399.21,FILLED,60,60
2024-01-22 08:40:30.084,SELL,LIMIT,IOC,27,2385.8,2396.04,FILLED,27,27
2024-01-22 08:42:52.830,SELL,LIMIT,IOC,40,2385.37,2396.42,FILLED,18,40
2024-01-22 08:42:53.838,SELL,LIMIT,IOC,20964,2382.4,2395.77,FILLED,318,20964
2024-01-22 08:42:55.677,SELL,LIMIT,IOC,21,2384.91,2396.07,FILLED,21,21
2024-01-22 08:43:06.110,SELL,LIMIT,IOC,10,2383.59,2394.91,FILLED,10,10
2024-01-22 08:43:24.226,SELL,LIMIT,IOC,664,2382.51,2394.09,FILLED,211,664
2024-01-22 09:50:23.064,SELL,LIMIT,IOC,2,2385.65,2397.08,FILLED,2,2
2024-01-22 09:51:27.641,SELL,LIMIT,IOC,700,2383.57,2394.5,FILLED,234,700
2024-01-22 09:51:29.240,SELL,LIMIT,IOC,3643,2382.19,2393.23,FILLED,55,3643
2024-01-22 09:51:32.966,SELL,LIMIT,IOC,22,2381.53,2393.12,FILLED,22,22
2024-01-22 09:51:36.210,SELL,LIMIT,IOC,853,2381.04,2391.71,FILLED,396,853
2024-01-22 09:52:26.181,SELL,LIMIT,IOC,157,2380.07,2391.53,FILLED,25,157
2024-01-22 09:52:29.514,SELL,LIMIT,IOC,3641,2379.71,2390.87,FILLED,1790,3641
2024-01-22 09:52:31.569,SELL,LIMIT,IOC,1722,2378.76,2391.76,FILLED,107,1722
2024-01-22 09:53:20.109,SELL,LIMIT,IOC,24,2377.94,2389.2,FILLED,24,24
2024-01-22 09:53:21.507,SELL,LIMIT,IOC,25,2377.66,2388.86,FILLED,25,25
2024-01-22 09:53:22.788,SELL,LIMIT,IOC,50,2377.62,2388.86,FILLED,50,50
2024-01-22 09:53:26.837,SELL,LIMIT,IOC,3515,2376.47,2387.19,FILLED,8,3515
2024-01-22 09:57:03.115,SELL,LIMIT,IOC,144,2375.42,2387.28,FILLED,144,144
2024-01-22 09:57:59.467,SELL,LIMIT,IOC,77,2374.3,2384.12,FILLED,44,77
2024-01-22 09:58:00.724,SELL,LIMIT,IOC,640,2373.09,2385.43,FILLED,168,640
2024-01-22 10:02:32.102,SELL,LIMIT,IOC,706,2372.78,2382.47,FILLED,706,706
2024-01-22 10:05:59.255,SELL,LIMIT,IOC,859,2370.98,2381.53,FILLED,859,859
2024-01-22 10:13:51.534,SELL,LIMIT,IOC,277,2370.4,2381.96,FILLED,9,277
2024-01-22 10:13:57.648,SELL,LIMIT,IOC,2791,2370.17,2381.85,FILLED,1005,2791
2024-01-22 10:14:05.560,SELL,LIMIT,IOC,985,2369.63,2381.63,FILLED,985,985
2024-01-22 10:18:08.051,SELL,LIMIT,IOC,62666,2359.3,2380.78,FILLED,3698,62666
2024-01-22 10:18:09.673,SELL,LIMIT,IOC,25,2369.44,2380.69,FILLED,25,25
2024-01-22 10:18:13.685,SELL,LIMIT,IOC,40,2369.11,2380.11,FILLED,40,40
2024-01-22 10:19:40.620,SELL,LIMIT,IOC,27,2368.69,2379.82,FILLED,27,27
2024-01-22 10:20:54.413,BUY,LIMIT,IOC,48,2391.91,2380.01,FILLED,48,48
2024-01-22 10:20:56.318,SELL,LIMIT,IOC,49,2368.08,2379.0,FILLED,47,49
2024-01-22 10:20:58.192,SELL,LIMIT,IOC,129,2367.79,2378.97,FILLED,128,129
2024-01-22 10:21:01.037,SELL,LIMIT,IOC,119,2366.85,2378.52,FILLED,119,119
2024-01-22 10:22:12.101,SELL,LIMIT,IOC,500,2365.62,2376.68,FILLED,458,500
2024-01-22 10:22:15.053,SELL,LIMIT,IOC,2,2365.09,2376.54,FILLED,2,2
2024-01-22 10:23:02.321,SELL,LIMIT,IOC,55624,2356.22,2374.04,FILLED,1054,55624
2024-01-22 10:23:15.445,SELL,LIMIT,IOC,37,2362.67,2374.23,FILLED,37,37
2024-01-22 10:25:50.236,SELL,LIMIT,IOC,49,2362.13,2372.73,FILLED,49,49
2024-01-22 10:25:54.425,SELL,LIMIT,IOC,134,2361.48,2372.3,FILLED,134,134
2024-01-22 10:26:00.053,SELL,LIMIT,IOC,41,2361.19,2371.92,FILLED,41,41
2024-01-22 10:26:01.589,SELL,LIMIT,IOC,20,2360.9,2371.48,FILLED,20,20
2024-01-22 10:26:36.869,SELL,LIMIT,IOC,7904,2358.11,2370.03,FILLED,500,7904
2024-01-22 10:26:38.880,SELL,LIMIT,IOC,847,2359.12,2369.47,FILLED,388,847
2024-01-22 10:26:45.874,SELL,LIMIT,IOC,2,2357.95,2368.69,FILLED,2,2
2024-01-22 10:26:49.131,SELL,LIMIT,IOC,909,2356.8,2367.4,FILLED,454,909
2024-01-22 10:26:51.260,SELL,LIMIT,IOC,22,2356.2,2367.74,FILLED,22,22
2024-01-22 10:27:26.930,SELL,LIMIT,IOC,2976,2355.97,2366.26,FILLED,89,2976
2024-01-22 10:27:28.513,SELL,LIMIT,IOC,129,2355.31,2365.57,FILLED,129,129
2024-01-22 10:27:36.638,SELL,LIMIT,IOC,121,2354.28,2364.62,FILLED,121,121
2024-01-22 10:27:41.292,SELL,LIMIT,IOC,83,2354.03,2363.77,FILLED,83,83
2024-01-22 10:27:45.414,SELL,LIMIT,IOC,10,2353.82,2364.79,FILLED,10,10
2024-01-22 10:28:09.666,SELL,LIMIT,IOC,169,2353.78,2364.09,FILLED,169,169
2024-01-22 10:28:11.052,SELL,LIMIT,IOC,5002,2352.66,2363.59,FILLED,1299,5002
2024-01-22 10:28:12.195,SELL,LIMIT,IOC,500,2353.33,2363.31,FILLED,2,500
2024-01-22 10:28:16.327,SELL,LIMIT,IOC,64,2351.95,2362.4,FILLED,64,64
2024-01-22 10:28:21.699,SELL,LIMIT,IOC,59418,2342.9,2360.19,FILLED,8240,59418
2024-01-22 10:28:22.723,SELL,LIMIT,IOC,13,2350.15,2361.1,FILLED,13,13
2024-01-22 12:12:22.217,SELL,LIMIT,IOC,1,2361.4,2373.04,FILLED,1,1
2024-01-22 12:14:57.851,SELL,LIMIT,IOC,2208,2359.14,2371.34,FILLED,689,2208
2024-01-22 13:08:39.583,BUY,LIMIT,IOC,11,2398.96,2387.0,FILLED,11,11
2024-01-22 13:10:05.733,BUY,LIMIT,IOC,201,2401.61,2390.42,FILLED,111,201
2024-01-22 13:10:54.731,BUY,LIMIT,IOC,53,2403.55,2392.48,FILLED,53,53
2024-01-22 13:11:28.802,BUY,LIMIT,IOC,160,2407.86,2396.62,FILLED,42,160
2024-01-22 13:12:36.305,BUY,LIMIT,IOC,1,2409.72,2397.79,FILLED,1,1
2024-01-22 13:22:07.400,BUY,LIMIT,IOC,6,2412.27,2401.56,FILLED,6,6
2024-01-22 13:43:58.136,SELL,LIMIT,IOC,1,2371.57,2382.84,FILLED,1,1
2024-01-22 13:44:32.427,SELL,LIMIT,IOC,2,2371.34,2382.58,FILLED,2,2
2024-01-22 14:18:48.760,SELL,LIMIT,IOC,2,2362.12,2371.89,FILLED,2,2
2024-01-22 14:18:50.207,SELL,LIMIT,IOC,99,2361.55,2371.89,FILLED,74,99
2024-01-22 14:19:16.188,SELL,LIMIT,IOC,3,2357.82,2368.07,FILLED,3,3
2024-01-22 14:19:39.721,SELL,LIMIT,IOC,1,2354.12,2365.78,FILLED,1,1
2024-01-22 14:48:09.047,SELL,LIMIT,IOC,92,2351.35,2362.37,FILLED,92,92
2024-01-22 14:49:10.522,SELL,LIMIT,IOC,20,2349.31,2360.15,FILLED,20,20
2024-01-22 14:49:11.711,SELL,LIMIT,IOC,411,2349.12,2358.81,FILLED,379,411
2024-01-22 14:49:24.288,SELL,LIMIT,IOC,8,2347.47,2357.16,FILLED,8,8
2024-01-22 14:49:25.522,SELL,LIMIT,IOC,164,2345.55,2357.8,FILLED,164,164
2024-01-22 14:49:28.209,SELL,LIMIT,IOC,7,2345.52,2357.11,FILLED,7,7
2024-01-22 14:49:29.294,SELL,LIMIT,IOC,622,2345.13,2356.51,FILLED,622,622
2024-01-22 14:50:14.462,SELL,LIMIT,IOC,29,2344.36,2354.91,FILLED,29,29
2024-01-22 15:18:07.178,SELL,LIMIT,IOC,4310,2342.5,2353.49,FILLED,487,4310
2024-01-22 15:24:03.225,SELL,LIMIT,IOC,93,2342.17,2353.41,FILLED,93,93
2024-01-22 18:49:25.289,SELL,LIMIT,IOC,3,2344.65,2357.57,FILLED,3,3
2024-01-22 19:15:03.160,SELL,LIMIT,IOC,560,2339.77,2350.27,FILLED,560,560
2024-01-22 19:15:04.319,SELL,LIMIT,IOC,4674,2338.67,2350.28,FILLED,2629,4674
2024-01-22 19:15:17.041,SELL,LIMIT,IOC,2103,2337.86,2349.49,FILLED,924,2103
2024-01-22 19:15:19.671,SELL,LIMIT,IOC,222,2337.53,2347.81,FILLED,24,222
2024-01-22 19:15:20.692,SELL,LIMIT,IOC,31,2336.24,2348.27,FILLED,31,31
2024-01-22 19:15:23.661,SELL,LIMIT,IOC,74,2335.42,2347.15,FILLED,74,74
2024-01-22 19:15:33.109,SELL,LIMIT,IOC,347,2334.05,2343.34,FILLED,11,347
2024-01-22 19:15:34.199,SELL,LIMIT,IOC,188,2334.19,2344.37,FILLED,188,188
2024-01-22 19:15:35.550,SELL,LIMIT,IOC,99,2333.01,2344.07,FILLED,99,99
2024-01-22 19:15:37.542,SELL,LIMIT,IOC,1362,2332.09,2345.41,FILLED,352,1362
2024-01-22 19:16:02.854,SELL,LIMIT,IOC,405,2331.6,2341.91,FILLED,405,405
2024-01-22 19:16:43.298,SELL,LIMIT,IOC,10,2330.07,2340.32,FILLED,10,10
2024-01-22 19:17:20.026,SELL,LIMIT,IOC,10,2326.8,2335.31,FILLED,10,10
2024-01-22 19:17:21.201,SELL,LIMIT,IOC,24,2325.97,2339.41,FILLED,24,24
2024-01-22 19:29:25.499,SELL,LIMIT,IOC,1629,2326.89,2338.46,FILLED,850,1629
2024-01-22 19:30:19.072,SELL,LIMIT,IOC,238,2325.67,2336.07,FILLED,41,238
2024-01-22 19:30:21.238,SELL,LIMIT,IOC,108,2325.02,2334.13,FILLED,108,108
2024-01-22 19:30:23.633,SELL,LIMIT,IOC,38,2322.82,2333.0,FILLED,14,38
2024-01-22 19:30:24.661,SELL,LIMIT,IOC,26,2322.74,2332.41,FILLED,26,26
2024-01-22 19:30:26.450,SELL,LIMIT,IOC,702,2321.07,2330.67,FILLED,6,702
2024-01-22 19:30:27.641,SELL,LIMIT,IOC,18,2320.05,2330.78,FILLED,18,18
2024-01-22 19:30:42.825,SELL,LIMIT,IOC,164,2318.41,2327.97,FILLED,164,164
2024-01-22 19:30:43.838,SELL,LIMIT,IOC,8821,2315.5,2326.74,FILLED,108,8821
2024-01-22 19:30:45.536,SELL,LIMIT,IOC,14,2315.87,2328.12,FILLED,14,14
2024-01-22 19:31:15.067,SELL,LIMIT,IOC,391,2315.56,2326.0,FILLED,189,391
2024-01-22 19:37:54.414,SELL,LIMIT,IOC,58,2314.62,2325.91,FILLED,58,58
2024-01-22 19:38:03.028,SELL,LIMIT,IOC,210,2313.27,2323.07,FILLED,210,210
2024-01-22 19:39:04.413,SELL,LIMIT,IOC,6,2311.3,2322.23,FILLED,6,6
2024-01-22 19:39:05.535,SELL,LIMIT,IOC,99,2311.15,2321.97,FILLED,99,99
2024-01-22 19:39:16.630,SELL,LIMIT,IOC,1932,2310.73,2321.11,FILLED,883,1932
2024-01-22 19:39:22.726,SELL,LIMIT,IOC,50,2310.48,2322.59,FILLED,50,50
2024-01-22 19:39:31.503,SELL,LIMIT,IOC,848,2310.36,2321.52,FILLED,788,848
2024-01-22 19:40:08.120,SELL,LIMIT,IOC,23,2310.1,2321.16,FILLED,23,23
2024-01-22 19:40:10.377,SELL,LIMIT,IOC,540,2309.85,2321.02,FILLED,105,540
2024-01-22 19:40:14.269,SELL,LIMIT,IOC,185,2309.23,2320.11,FILLED,185,185
2024-01-22 19:40:38.125,SELL,LIMIT,IOC,256,2308.39,2318.73,FILLED,256,256
2024-01-22 19:40:47.545,SELL,LIMIT,IOC,11,2306.92,2316.82,FILLED,11,11
2024-01-22 19:40:49.526,SELL,LIMIT,IOC,770,2305.47,2314.71,FILLED,770,770
2024-01-22 19:40:50.724,SELL,LIMIT,IOC,258,2304.99,2316.49,FILLED,19,258
2024-01-22 19:40:53.293,SELL,LIMIT,IOC,100,2304.1,2313.77,FILLED,100,100
2024-01-22 19:40:54.316,SELL,LIMIT,IOC,141,2303.35,2312.62,FILLED,141,141
2024-01-22 19:40:55.323,SELL,LIMIT,IOC,38,2302.65,2313.03,FILLED,38,38
2024-01-22 19:41:26.669,SELL,LIMIT,IOC,25436,2297.96,2312.05,FILLED,7807,25436
2024-01-22 19:41:28.287,SELL,LIMIT,IOC,113,2300.88,2311.83,FILLED,14,113
2024-01-22 19:41:39.857,SELL,LIMIT,IOC,60,2299.83,2310.52,FILLED,60,60
2024-01-22 19:42:24.194,SELL,LIMIT,IOC,59,2299.08,2310.82,FILLED,59,59
2024-01-22 19:42:27.088,SELL,LIMIT,IOC,2541,2298.39,2309.29,FILLED,332,2541
2024-01-22 19:42:43.132,SELL,LIMIT,IOC,72,2298.21,2307.2,FILLED,72,72
2024-01-22 19:42:46.464,SELL,LIMIT,IOC,1500,2297.32,2306.76,FILLED,882,1500
2024-01-22 19:42:50.032,SELL,LIMIT,IOC,3034,2295.4,2303.0,FILLED,2590,3034
2024-01-22 19:42:53.407,SELL,LIMIT,IOC,183,2294.97,2305.07,FILLED,183,183
2024-01-22 19:43:03.543,SELL,LIMIT,IOC,974,2294.32,2305.34,FILLED,244,974
2024-01-22 22:36:20.042,SELL,LIMIT,IOC,316,2305.61,2314.23,FILLED,316,316
2024-01-22 22:36:24.349,SELL,LIMIT,IOC,100,2302.6,2313.0,FILLED,100,100
2024-01-22 22:36:28.646,SELL,LIMIT,IOC,220,2301.47,2312.0,FILLED,220,220
2024-01-22 22:38:27.159,SELL,LIMIT,IOC,436,2299.7,2311.0,FILLED,223,436
2024-01-22 22:41:00.194,SELL,LIMIT,IOC,3,2298.59,2309.56,FILLED,3,3
2024-01-22 22:46:36.013,SELL,LIMIT,IOC,196,2292.73,2301.01,FILLED,196,196
2024-01-22 22:46:38.382,SELL,LIMIT,IOC,13,2291.25,2302.14,FILLED,13,13
2024-01-23 04:24:28.720,BUY,LIMIT,IOC,46,2359.8,2349.29,FILLED,46,46
2024-01-23 07:43:15.724,SELL,LIMIT,IOC,237,2314.36,2325.46,FILLED,237,237
2024-01-23 07:43:30.406,SELL,LIMIT,IOC,12,2311.6,2323.2,FILLED,12,12
2024-01-23 07:50:20.381,SELL,LIMIT,IOC,1284,2309.7,2320.76,FILLED,731,1284
2024-01-23 07:54:44.345,SELL,LIMIT,IOC,29,2304.59,2316.0,FILLED,29,29
2024-01-23 08:11:11.786,SELL,LIMIT,IOC,8,2302.02,2312.84,FILLED,8,8
2024-01-23 08:13:28.748,SELL,LIMIT,IOC,1,2299.1,2310.3,FILLED,1,1
2024-01-23 08:14:45.430,SELL,LIMIT,IOC,64,2298.01,2308.99,FILLED,56,64
2024-01-23 08:14:50.028,SELL,LIMIT,IOC,1834,2297.44,2307.8,FILLED,382,1834
2024-01-23 08:15:32.662,SELL,LIMIT,IOC,131,2296.37,2307.1,FILLED,130,131
2024-01-23 08:15:35.684,SELL,LIMIT,IOC,8,2296.09,2306.02,FILLED,8,8
2024-01-23 08:37:11.660,SELL,LIMIT,IOC,6,2293.37,2304.07,FILLED,5,6
2024-01-23 08:37:43.523,SELL,LIMIT,IOC,98,2291.71,2302.22,FILLED,98,98
2024-01-23 08:38:02.280,SELL,LIMIT,IOC,23,2290.01,2301.39,FILLED,23,23
2024-01-23 08:38:06.596,SELL,LIMIT,IOC,2832,2289.55,2300.75,FILLED,295,2832
2024-01-23 08:38:07.633,SELL,LIMIT,IOC,890,2289.38,2300.75,FILLED,890,890
2024-01-23 08:48:53.420,SELL,LIMIT,IOC,77,2288.99,2298.79,FILLED,16,77
2024-01-23 08:48:54.466,SELL,LIMIT,IOC,250,2287.55,2298.69,FILLED,3,250
2024-01-23 08:49:00.840,SELL,LIMIT,IOC,4,2287.08,2298.32,FILLED,4,4
2024-01-23 08:49:06.235,SELL,LIMIT,IOC,28,2286.83,2298.25,FILLED,28,28
2024-01-23 08:49:27.214,SELL,LIMIT,IOC,36,2286.65,2296.4,FILLED,36,36
2024-01-23 08:49:28.416,SELL,LIMIT,IOC,12,2285.66,2295.23,FILLED,12,12
2024-01-23 08:49:29.548,SELL,LIMIT,IOC,22,2285.44,2295.51,FILLED,22,22
2024-01-23 08:49:31.375,SELL,LIMIT,IOC,59274,2275.33,2293.16,FILLED,4286,59274
2024-01-23 08:49:34.508,SELL,LIMIT,IOC,26779,2278.63,2292.36,FILLED,1050,26779
2024-01-23 08:49:40.731,SELL,LIMIT,IOC,232,2282.31,2291.56,FILLED,127,232
2024-01-23 08:49:42.024,SELL,LIMIT,IOC,310,2281.43,2290.78,FILLED,310,310
2024-01-23 08:49:46.882,SELL,LIMIT,IOC,1,2280.82,2291.13,FILLED,1,1
2024-01-23 08:49:49.697,SELL,LIMIT,IOC,39,2280.56,2290.39,FILLED,35,39
2024-01-23 08:50:13.504,SELL,LIMIT,IOC,132,2280.16,2289.06,FILLED,132,132
2024-01-23 08:50:14.878,SELL,LIMIT,IOC,658,2278.69,2287.56,FILLED,83,658
2024-01-23 08:50:16.121,SELL,LIMIT,IOC,16,2277.96,2286.67,FILLED,16,16
2024-01-23 08:50:21.668,SELL,LIMIT,IOC,85,2276.63,2285.34,FILLED,85,85
2024-01-23 08:50:23.050,SELL,LIMIT,IOC,1356,2275.33,2284.3,FILLED,855,1356
2024-01-23 09:02:11.571,SELL,LIMIT,IOC,28,2275.57,2286.64,FILLED,28,28
2024-01-23 09:02:25.276,SELL,LIMIT,IOC,43059,2267.21,2283.46,FILLED,30,43059
2024-01-23 09:02:26.382,SELL,LIMIT,IOC,573,2273.28,2284.9,FILLED,573,573
2024-01-23 09:08:32.043,SELL,LIMIT,IOC,1467,2272.71,2282.97,FILLED,1467,1467
2024-01-23 09:08:33.162,SELL,LIMIT,IOC,46,2271.99,2283.13,FILLED,46,46
2024-01-23 09:08:41.614,SELL,LIMIT,IOC,5000,2270.62,2282.19,FILLED,12,5000
2024-01-23 09:08:47.793,SELL,LIMIT,IOC,514,2271.48,2281.57,FILLED,150,514
2024-01-23 09:08:49.384,SELL,LIMIT,IOC,106,2271.17,2281.0,FILLED,26,106
2024-01-23 09:08:52.651,SELL,LIMIT,IOC,79,2270.98,2281.06,FILLED,79,79
2024-01-23 09:08:54.664,SELL,LIMIT,IOC,20,2270.82,2281.16,FILLED,20,20
2024-01-23 09:08:57.111,SELL,LIMIT,IOC,267,2270.54,2281.72,FILLED,150,267
2024-01-23 09:09:04.689,SELL,LIMIT,IOC,463,2270.42,2280.81,FILLED,147,463
2024-01-23 09:09:23.579,SELL,LIMIT,IOC,67,2269.62,2280.04,FILLED,67,67
2024-01-23 09:09:25.055,SELL,LIMIT,IOC,4900,2268.6,2280.52,FILLED,322,4900
2024-01-23 09:09:41.229,SELL,LIMIT,IOC,140,2267.31,2277.2,FILLED,140,140
2024-01-23 09:09:45.469,SELL,LIMIT,IOC,270,2266.07,2275.55,FILLED,127,270
2024-01-23 09:09:49.133,SELL,LIMIT,IOC,14,2264.75,2275.65,FILLED,14,14
2024-01-23 09:09:54.327,SELL,LIMIT,IOC,170,2264.1,2273.75,FILLED,170,170
2024-01-23 09:09:55.606,SELL,LIMIT,IOC,194,2262.98,2272.03,FILLED,188,194
2024-01-23 09:10:11.347,SELL,LIMIT,IOC,154,2262.42,2273.07,FILLED,154,154
2024-01-23 09:10:46.225,SELL,LIMIT,IOC,14659,2259.48,2270.72,FILLED,195,14659
2024-01-23 09:10:48.810,SELL,LIMIT,IOC,740,2261.01,2270.66,FILLED,740,740
2024-01-23 09:10:50.487,SELL,LIMIT,IOC,350,2260.63,2270.0,FILLED,196,350
2024-01-23 09:10:52.285,SELL,LIMIT,IOC,188,2259.88,2269.35,FILLED,110,188
2024-01-23 09:11:17.025,SELL,LIMIT,IOC,51,2258.71,2268.47,FILLED,51,51
2024-01-23 09:11:18.792,SELL,LIMIT,IOC,90,2258.64,2270.23,FILLED,90,90
2024-01-23 09:21:28.428,SELL,LIMIT,IOC,12,2257.77,2266.26,FILLED,12,12
2024-01-23 09:21:29.870,SELL,LIMIT,IOC,35,2257.23,2266.0,FILLED,13,35
2024-01-23 09:21:31.068,SELL,LIMIT,IOC,417,2255.8,2265.12,FILLED,350,417
2024-01-23 09:21:32.828,SELL,LIMIT,IOC,37,2254.65,2265.07,FILLED,37,37
2024-01-23 09:21:36.623,SELL,LIMIT,IOC,645,2254.31,2264.74,FILLED,188,645
2024-01-23 09:21:39.078,SELL,LIMIT,IOC,4678,2253.16,2264.26,FILLED,748,4678
2024-01-23 09:21:40.324,SELL,LIMIT,IOC,15357,2251.42,2264.46,FILLED,20,15357
2024-01-23 09:21:49.836,SELL,LIMIT,IOC,6,2253.84,2263.59,FILLED,6,6
2024-01-23 09:21:51.833,SELL,LIMIT,IOC,1781,2253.27,2261.74,FILLED,1625,1781
2024-01-23 09:22:20.771,SELL,LIMIT,IOC,14,2252.22,2261.85,FILLED,14,14
2024-01-23 09:22:25.334,SELL,LIMIT,IOC,3,2251.83,2260.55,FILLED,3,3
2024-01-23 09:22:27.312,SELL,LIMIT,IOC,4944,2250.36,2260.55,FILLED,686,4944
2024-01-23 09:22:30.457,SELL,LIMIT,IOC,337,2250.66,2262.22,FILLED,337,337
2024-01-23 09:25:06.868,SELL,LIMIT,IOC,8,2250.41,2259.29,FILLED,8,8
2024-01-23 09:25:08.536,SELL,LIMIT,IOC,1,2248.95,2259.29,FILLED,1,1
2024-01-23 09:25:11.172,SELL,LIMIT,IOC,4,2248.67,2258.47,FILLED,4,4
2024-01-23 09:25:23.463,SELL,LIMIT,IOC,475,2248.01,2258.82,FILLED,475,475
2024-01-23 09:25:26.177,SELL,LIMIT,IOC,246,2247.69,2259.05,FILLED,98,246
2024-01-23 09:25:28.602,SELL,LIMIT,IOC,4000,2247.16,2258.17,FILLED,68,4000
2024-01-23 09:25:36.384,SELL,LIMIT,IOC,12054,2245.08,2258.28,FILLED,912,12054
2024-01-23 09:25:44.931,SELL,LIMIT,IOC,2689,2245.86,2255.34,FILLED,825,2689
2024-01-23 09:25:47.563,SELL,LIMIT,IOC,73,2245.42,2254.53,FILLED,13,73
2024-01-23 09:26:17.448,SELL,LIMIT,IOC,64,2243.89,2254.09,FILLED,3,64
2024-01-23 09:26:19.062,SELL,LIMIT,IOC,10473,2240.56,2253.43,FILLED,502,10473
2024-01-23 09:26:24.046,SELL,LIMIT,IOC,46,2242.69,2252.62,FILLED,33,46
2024-01-23 09:26:27.043,SELL,LIMIT,IOC,200,2242.08,2251.65,FILLED,200,200
2024-01-23 09:26:29.117,SELL,LIMIT,IOC,684,2241.42,2250.86,FILLED,684,684
2024-01-23 09:27:07.358,SELL,LIMIT,IOC,20,2240.04,2250.95,FILLED,19,20
2024-01-23 09:27:09.556,SELL,LIMIT,IOC,432,2239.81,2250.08,FILLED,273,432
2024-01-23 09:27:16.196,SELL,LIMIT,IOC,1,2238.96,2249.86,FILLED,1,1
2024-01-23 09:28:04.334,SELL,LIMIT,IOC,220,2238.63,2249.12,FILLED,160,220
2024-01-23 09:28:17.656,SELL,LIMIT,IOC,62,2238.34,2249.17,FILLED,49,62
2024-01-23 09:29:13.097,SELL,LIMIT,IOC,1751,2237.8,2248.32,FILLED,724,1751
2024-01-23 09:29:14.420,SELL,LIMIT,IOC,42,2237.65,2248.32,FILLED,42,42
2024-01-23 09:29:19.165,SELL,LIMIT,IOC,1328,2237.44,2246.05,FILLED,609,1328
2024-01-23 09:29:20.384,SELL,LIMIT,IOC,245,2236.9,2244.61,FILLED,228,245
2024-01-23 09:29:22.054,SELL,LIMIT,IOC,86,2234.72,2242.59,FILLED,86,86
2024-01-23 09:29:23.139,SELL,LIMIT,IOC,6,2232.72,2242.0,FILLED,6,6
2024-01-23 09:29:24.247,SELL,LIMIT,IOC,298,2232.03,2240.02,FILLED,298,298
2024-01-23 09:29:27.130,SELL,LIMIT,IOC,249,2228.65,2239.53,FILLED,249,249
2024-01-23 09:29:37.450,SELL,LIMIT,IOC,2,2228.17,2236.25,FILLED,2,2
2024-01-23 09:29:41.208,SELL,LIMIT,IOC,22,2225.77,2234.91,FILLED,22,22
2024-01-23 09:29:44.291,SELL,LIMIT,IOC,50,2224.87,2234.27,FILLED,50,50
2024-01-23 09:29:47.379,SELL,LIMIT,IOC,197,2224.58,2232.6,FILLED,188,197
2024-01-23 09:29:48.770,SELL,LIMIT,IOC,372,2224.43,2232.0,FILLED,57,372
2024-01-23 09:29:50.068,SELL,LIMIT,IOC,257,2223.46,2231.29,FILLED,207,257
2024-01-23 09:29:51.298,SELL,LIMIT,IOC,5,2222.39,2228.89,FILLED,5,5
2024-01-23 09:29:53.242,SELL,LIMIT,IOC,58,2222.1,2227.81,FILLED,10,58
2024-01-23 09:29:54.574,SELL,LIMIT,IOC,924,2219.58,2228.18,FILLED,624,924
2024-01-23 09:29:56.219,SELL,LIMIT,IOC,132,2218.68,2225.76,FILLED,132,132
2024-01-23 09:29:57.312,SELL,LIMIT,IOC,391,2217.69,2225.98,FILLED,331,391
2024-01-23 09:29:58.661,SELL,LIMIT,IOC,15,2217.23,2227.08,FILLED,14,15
2024-01-23 09:31:25.033,SELL,LIMIT,IOC,101,2216.82,2226.1,FILLED,101,101
2024-01-23 09:31:27.569,SELL,LIMIT,IOC,332,2215.54,2224.43,FILLED,332,332
2024-01-23 09:55:16.038,SELL,LIMIT,IOC,371,2214.34,2225.59,FILLED,11,371
2024-01-23 09:55:22.455,SELL,LIMIT,IOC,177,2214.05,2224.57,FILLED,117,177
2024-01-23 09:55:39.757,SELL,LIMIT,IOC,128,2213.59,2223.51,FILLED,128,128
2024-01-23 09:55:42.346,SELL,LIMIT,IOC,13,2212.8,2220.81,FILLED,13,13
2024-01-23 09:55:43.436,SELL,LIMIT,IOC,56,2211.63,2219.19,FILLED,56,56
2024-01-23 09:55:44.653,SELL,LIMIT,IOC,973,2209.82,2219.57,FILLED,209,973
2024-01-23 09:58:37.043,SELL,LIMIT,IOC,1035,2206.63,2215.73,FILLED,597,1035
2024-01-23 09:58:38.367,SELL,LIMIT,IOC,5,2205.51,2215.15,FILLED,5,5
2024-01-23 09:58:39.843,SELL,LIMIT,IOC,91,2205.08,2213.37,FILLED,91,91
2024-01-23 09:58:41.153,SELL,LIMIT,IOC,34,2203.37,2212.05,FILLED,34,34
2024-01-23 09:58:43.287,SELL,LIMIT,IOC,792,2200.53,2210.95,FILLED,319,792
2024-01-23 10:21:40.578,BUY,LIMIT,IOC,24,2243.59,2233.52,FILLED,24,24
2024-01-23 10:27:30.329,BUY,LIMIT,IOC,2,2246.98,2236.86,FILLED,2,2
2024-01-23 10:52:51.548,SELL,LIMIT,IOC,3352,2213.62,2224.0,FILLED,474,3352
2024-01-23 10:56:07.446,SELL,LIMIT,IOC,1,2210.54,2221.43,FILLED,1,1
2024-01-23 11:42:43.221,SELL,LIMIT,IOC,8,2205.37,2214.84,FILLED,8,8
2024-01-23 11:47:07.446,SELL,LIMIT,IOC,73,2197.42,2206.31,FILLED,73,73
2024-01-23 11:47:09.196,SELL,LIMIT,IOC,102,2196.66,2207.95,FILLED,102,102
2024-01-23 11:48:29.554,SELL,LIMIT,IOC,5,2195.52,2205.71,FILLED,5,5
2024-01-23 11:48:44.159,SELL,LIMIT,IOC,17,2193.93,2204.03,FILLED,17,17
2024-01-23 11:52:18.723,SELL,LIMIT,IOC,933,2193.51,2202.21,FILLED,933,933
2024-01-23 11:52:27.765,SELL,LIMIT,IOC,2,2192.67,2202.76,FILLED,1,2
2024-01-23 11:53:15.500,SELL,LIMIT,IOC,6,2191.07,2200.18,FILLED,5,6
2024-01-23 12:02:31.641,BUY,LIMIT,IOC,236,2231.36,2221.0,FILLED,131,236
2024-01-23 12:15:21.835,SELL,LIMIT,IOC,409,2201.42,2211.45,FILLED,409,409
2024-01-23 12:34:05.281,SELL,LIMIT,IOC,15119,2188.01,2199.8,FILLED,953,15119
2024-01-23 12:34:06.428,SELL,LIMIT,IOC,213,2189.66,2200.81,FILLED,21,213
2024-01-23 12:34:27.303,SELL,LIMIT,IOC,2636,2188.96,2198.82,FILLED,79,2636
2024-01-23 12:34:35.425,SELL,LIMIT,IOC,125,2188.24,2197.93,FILLED,125,125
2024-01-23 12:34:38.379,SELL,LIMIT,IOC,178,2188.16,2198.43,FILLED,178,178
2024-01-23 13:28:32.360,SELL,LIMIT,IOC,3,2198.85,2209.27,FILLED,3,3
2024-01-23 13:32:07.918,SELL,LIMIT,IOC,7,2194.45,2204.4,FILLED,7,7
2024-01-23 13:49:06.591,SELL,LIMIT,IOC,82,2193.71,2204.0,FILLED,79,82
2024-01-23 13:58:52.852,SELL,LIMIT,IOC,201,2187.97,2198.92,FILLED,44,201
2024-01-23 14:00:05.041,SELL,LIMIT,IOC,1,2183.85,2190.63,FILLED,1,1
2024-01-23 14:00:06.052,SELL,LIMIT,IOC,23,2181.08,2190.0,FILLED,16,23
2024-01-23 14:00:08.326,SELL,LIMIT,IOC,128,2180.52,2190.08,FILLED,128,128
2024-01-23 14:01:16.273,SELL,LIMIT,IOC,67,2179.38,2188.72,FILLED,67,67
2024-01-23 14:01:17.448,SELL,LIMIT,IOC,11,2178.98,2188.02,FILLED,11,11
2024-01-23 14:01:18.737,SELL,LIMIT,IOC,147,2178.1,2186.87,FILLED,147,147
2024-01-23 14:01:20.049,SELL,LIMIT,IOC,26,2177.55,2186.39,FILLED,26,26
2024-01-23 14:01:21.425,SELL,LIMIT,IOC,11,2177.31,2185.06,FILLED,11,11
2024-01-23 14:01:22.531,SELL,LIMIT,IOC,25,2176.61,2184.15,FILLED,25,25
2024-01-23 14:01:23.549,SELL,LIMIT,IOC,2745,2175.39,2184.78,FILLED,451,2745
2024-01-23 14:01:25.087,SELL,LIMIT,IOC,2993,2174.42,2183.27,FILLED,720,2993
2024-01-23 14:04:05.183,SELL,LIMIT,IOC,55,2173.86,2182.7,FILLED,55,55
2024-01-23 14:04:07.446,SELL,LIMIT,IOC,23,2172.29,2180.78,FILLED,23,23
2024-01-23 14:04:08.454,SELL,LIMIT,IOC,13,2172.96,2181.24,FILLED,13,13
2024-01-23 14:04:09.854,SELL,LIMIT,IOC,15,2171.07,2181.16,FILLED,10,15
2024-01-23 14:04:27.425,SELL,LIMIT,IOC,99,2170.71,2180.49,FILLED,14,99
2024-01-23 14:04:30.558,SELL,LIMIT,IOC,14270,2167.32,2180.13,FILLED,1036,14270
2024-01-23 14:05:18.819,SELL,LIMIT,IOC,9,2168.41,2178.01,FILLED,9,9
2024-01-23 14:05:29.733,SELL,LIMIT,IOC,99,2167.69,2177.65,FILLED,99,99
2024-01-23 14:07:53.228,SELL,LIMIT,IOC,1450,2167.09,2176.04,FILLED,450,1450
2024-01-23 14:07:58.035,SELL,LIMIT,IOC,15,2164.69,2173.76,FILLED,13,15
2024-01-23 14:08:34.288,SELL,LIMIT,IOC,77,2163.25,2172.51,FILLED,77,77
2024-01-23 14:08:35.631,SELL,LIMIT,IOC,24,2163.11,2172.17,FILLED,24,24
2024-01-23 14:11:04.132,SELL,LIMIT,IOC,477,2162.36,2169.14,FILLED,172,477
2024-01-23 14:11:05.317,SELL,LIMIT,IOC,59,2160.93,2169.13,FILLED,59,59
2024-01-23 14:11:09.360,SELL,LIMIT,IOC,116,2158.4,2167.87,FILLED,116,116
2024-01-23 14:11:10.774,SELL,LIMIT,IOC,7,2158.3,2166.23,FILLED,5,7
2024-01-23 14:21:49.038,SELL,LIMIT,IOC,559,2156.74,2167.21,FILLED,559,559
2024-01-23 14:21:59.369,SELL,LIMIT,IOC,2460,2156.52,2166.1,FILLED,10,2460
2024-01-23 14:22:02.285,SELL,LIMIT,IOC,38,2156.05,2165.31,FILLED,26,38
2024-01-23 14:23:10.551,SELL,LIMIT,IOC,74,2155.28,2165.1,FILLED,62,74
2024-01-23 14:25:51.349,BUY,LIMIT,IOC,1,2192.58,2183.82,FILLED,1,1
2024-01-23 14:26:26.756,BUY,LIMIT,IOC,982,2197.03,2187.72,FILLED,833,982
2024-01-23 14:31:40.096,SELL,LIMIT,IOC,96,2172.5,2182.98,FILLED,96,96
2024-01-23 14:32:52.424,SELL,LIMIT,IOC,56,2163.06,2173.43,FILLED,56,56
2024-01-23 15:01:56.897,BUY,LIMIT,IOC,1200,2209.99,2200.58,FILLED,739,1200
2024-01-23 15:01:58.842,BUY,LIMIT,IOC,112,2211.3,2200.66,FILLED,112,112
2024-01-23 15:51:20.788,SELL,LIMIT,IOC,5,2204.61,2215.33,FILLED,5,5
2024-01-23 16:10:50.490,SELL,LIMIT,IOC,50,2192.42,2202.95,FILLED,50,50
2024-01-23 16:12:10.173,SELL,LIMIT,IOC,76,2189.99,2200.55,FILLED,76,76
2024-01-23 16:13:43.105,SELL,LIMIT,IOC,331,2185.79,2194.83,FILLED,120,331
2024-01-23 16:55:56.613,BUY,LIMIT,IOC,134,2220.67,2210.0,FILLED,20,134
2024-01-23 17:50:48.127,SELL,LIMIT,IOC,22,2202.14,2211.96,FILLED,22,22
2024-01-23 17:51:08.658,SELL,LIMIT,IOC,11,2199.68,2209.83,FILLED,11,11
2024-01-23 17:51:42.593,SELL,LIMIT,IOC,1,2194.01,2204.88,FILLED,1,1
2024-01-23 18:56:21.349,SELL,LIMIT,IOC,65,2184.36,2194.9,FILLED,65,65
2024-01-23 18:58:20.779,SELL,LIMIT,IOC,1,2180.77,2190.71,FILLED,1,1
2024-01-23 19:03:59.519,SELL,LIMIT,IOC,40,2176.52,2185.66,FILLED,40,40
2024-01-23 19:06:25.717,SELL,LIMIT,IOC,234,2174.93,2185.64,FILLED,234,234
2024-01-23 19:08:57.597,SELL,LIMIT,IOC,591,2172.75,2182.64,FILLED,591,591
2024-01-23 19:10:14.344,SELL,LIMIT,IOC,58,2169.52,2180.49,FILLED,58,58
2024-01-23 23:08:02.289,BUY,LIMIT,IOC,12,2243.5,2233.27,FILLED,12,12
2024-01-23 23:26:59.131,BUY,LIMIT,IOC,212,2253.22,2242.44,FILLED,195,212
2024-01-24 00:47:51.396,BUY,LIMIT,IOC,111,2258.24,2247.54,FILLED,111,111
2024-01-24 00:49:08.243,BUY,LIMIT,IOC,217,2258.37,2247.78,FILLED,201,217
2024-01-24 00:50:16.191,BUY,LIMIT,IOC,162,2259.74,2249.34,FILLED,123,162
2024-01-24 01:35:38.809,SELL,LIMIT,IOC,71,2213.01,2222.97,FILLED,71,71
2024-01-24 01:36:12.671,SELL,LIMIT,IOC,1910,2210.98,2220.93,FILLED,648,1910
2024-01-24 01:36:26.731,SELL,LIMIT,IOC,2,2210.23,2219.43,FILLED,2,2
2024-01-24 03:07:43.177,SELL,LIMIT,IOC,61,2208.61,2219.37,FILLED,61,61
2024-01-24 03:08:21.582,SELL,LIMIT,IOC,1300,2202.28,2212.05,FILLED,145,1300
2024-01-24 07:16:25.468,BUY,LIMIT,IOC,38,2244.74,2234.95,FILLED,38,38
2024-01-24 07:16:31.305,BUY,LIMIT,IOC,67,2245.2,2235.23,FILLED,67,67
2024-01-24 07:20:32.760,BUY,LIMIT,IOC,1,2249.22,2238.75,FILLED,1,1
2024-01-24 07:22:05.075,BUY,LIMIT,IOC,15,2251.32,2241.49,FILLED,15,15
2024-01-24 10:30:31.820,BUY,LIMIT,IOC,118,2256.1,2245.53,FILLED,118,118
2024-01-24 10:41:10.779,BUY,LIMIT,IOC,2019,2258.13,2247.5,FILLED,161,2019
2024-01-24 10:41:28.584,BUY,LIMIT,IOC,108,2260.33,2249.58,FILLED,108,108
2024-01-24 10:42:11.183,BUY,LIMIT,IOC,17,2261.52,2250.43,FILLED,17,17
2024-01-24 10:45:39.119,BUY,LIMIT,IOC,3,2265.7,2256.0,FILLED,3,3
2024-01-24 10:46:01.679,BUY,LIMIT,IOC,291,2271.03,2260.02,FILLED,291,291
2024-01-24 10:47:21.407,BUY,LIMIT,IOC,14,2272.18,2261.95,FILLED,14,14
2024-01-24 10:49:23.135,BUY,LIMIT,IOC,24,2272.75,2261.4,FILLED,24,24
2024-01-24 11:14:32.108,SELL,LIMIT,IOC,16,2232.43,2243.35,FILLED,16,16
2024-01-24 11:44:24.535,SELL,LIMIT,IOC,25,2229.23,2240.18,FILLED,25,25
2024-01-24 12:54:34.154,SELL,LIMIT,IOC,116,2224.84,2235.36,FILLED,5,116
2024-01-24 12:56:54.732,SELL,LIMIT,IOC,599,2222.0,2232.96,FILLED,21,599
2024-01-24 13:17:19.699,SELL,LIMIT,IOC,44,2220.73,2229.46,FILLED,44,44
2024-01-24 13:17:28.267,SELL,LIMIT,IOC,2,2219.69,2228.87,FILLED,2,2
2024-01-24 17:21:10.377,SELL,LIMIT,IOC,56,2220.69,2231.66,FILLED,56,56
2024-01-24 18:07:57.504,SELL,LIMIT,IOC,84,2216.34,2225.93,FILLED,84,84
2024-01-24 18:08:33.358,SELL,LIMIT,IOC,6,2214.42,2224.81,FILLED,6,6
2024-01-24 18:09:09.614,SELL,LIMIT,IOC,838,2213.98,2223.97,FILLED,385,838
2024-01-24 18:09:13.476,SELL,LIMIT,IOC,1,2213.93,2223.91,FILLED,1,1
2024-01-24 18:10:06.778,SELL,LIMIT,IOC,1,2212.33,2223.04,FILLED,1,1
2024-01-24 18:13:42.446,SELL,LIMIT,IOC,324,2211.09,2220.77,FILLED,264,324
2024-01-24 18:15:11.285,SELL,LIMIT,IOC,1,2209.45,2220.11,FILLED,1,1
2024-01-24 18:21:42.203,SELL,LIMIT,IOC,15,2206.85,2217.23,FILLED,15,15
2024-01-24 18:21:50.110,SELL,LIMIT,IOC,4,2203.22,2211.87,FILLED,4,4
2024-01-24 18:21:51.793,SELL,LIMIT,IOC,10,2201.67,2212.22,FILLED,10,10
2024-01-24 18:21:55.402,SELL,LIMIT,IOC,12,2201.17,2211.48,FILLED,5,12
2024-01-24 18:22:04.033,SELL,LIMIT,IOC,14,2197.39,2206.31,FILLED,14,14
2024-01-24 18:22:05.385,SELL,LIMIT,IOC,13,2196.71,2205.06,FILLED,13,13
2024-01-24 18:22:11.737,SELL,LIMIT,IOC,69,2195.01,2206.16,FILLED,67,69
2024-01-24 18:22:13.411,SELL,LIMIT,IOC,8,2194.84,2205.89,FILLED,8,8
2024-01-24 18:22:15.582,SELL,LIMIT,IOC,33,2194.14,2203.55,FILLED,32,33
2024-01-24 18:23:21.070,SELL,LIMIT,IOC,603,2193.45,2202.0,FILLED,603,603
2024-01-24 20:09:52.428,BUY,LIMIT,IOC,2,2233.13,2222.82,FILLED,2,2
2024-01-24 20:43:35.695,SELL,LIMIT,IOC,4,2195.35,2205.44,FILLED,4,4
2024-01-24 20:48:00.545,SELL,LIMIT,IOC,294,2187.4,2197.99,FILLED,163,294
2024-01-24 22:21:46.273,BUY,LIMIT,IOC,215,2231.18,2219.92,FILLED,21,215
2024-01-24 23:10:36.459,BUY,LIMIT,IOC,2,2239.17,2228.32,FILLED,1,2
2024-01-24 23:21:01.100,BUY,LIMIT,IOC,20,2243.74,2232.33,FILLED,20,20
2024-01-24 23:22:11.298,BUY,LIMIT,IOC,1,2244.28,2233.04,FILLED,1,1
2024-01-25 01:37:23.039,SELL,LIMIT,IOC,47,2209.15,2219.71,FILLED,47,47
2024-01-25 01:55:50.843,SELL,LIMIT,IOC,5,2198.54,2209.06,FILLED,5,5
2024-01-25 06:46:18.504,BUY,LIMIT,IOC,116,2231.17,2221.58,FILLED,16,116
2024-01-25 08:12:31.084,BUY,LIMIT,IOC,332,2242.32,2231.7,FILLED,143,332
2024-01-25 10:48:17.460,BUY,LIMIT,IOC,7,2246.58,2235.65,FILLED,7,7
2024-01-25 11:13:12.455,BUY,LIMIT,IOC,320,2251.1,2240.58,FILLED,165,320
2024-01-25 12:14:04.670,SELL,LIMIT,IOC,16,2215.78,2226.24,FILLED,16,16
2024-01-25 12:31:42.286,SELL,LIMIT,IOC,3,2200.4,2211.24,FILLED,3,3
2024-01-25 13:43:33.322,SELL,LIMIT,IOC,114,2191.32,2202.17,FILLED,109,114
2024-01-25 13:43:44.776,SELL,LIMIT,IOC,46,2187.96,2197.65,FILLED,46,46
2024-01-25 14:47:02.054,SELL,LIMIT,IOC,73,2192.23,2202.1,FILLED,73,73
2024-01-25 14:47:43.566,SELL,LIMIT,IOC,23,2189.67,2200.68,FILLED,23,23
2024-01-25 15:26:21.038,SELL,LIMIT,IOC,15,2189.09,2198.86,FILLED,15,15
2024-01-25 15:26:34.161,SELL,LIMIT,IOC,99,2185.5,2192.3,FILLED,99,99
2024-01-25 15:26:35.180,SELL,LIMIT,IOC,331,2183.46,2192.8,FILLED,331,331
2024-01-25 15:26:36.683,SELL,LIMIT,IOC,10,2182.91,2192.07,FILLED,10,10
2024-01-25 15:26:39.609,SELL,LIMIT,IOC,22376,2177.71,2188.37,FILLED,285,22376
2024-01-25 15:26:40.739,SELL,LIMIT,IOC,133,2179.57,2187.2,FILLED,133,133
2024-01-25 15:26:41.757,SELL,LIMIT,IOC,234,2178.67,2189.99,FILLED,234,234
2024-01-25 15:26:58.746,SELL,LIMIT,IOC,60,2177.66,2188.07,FILLED,60,60
2024-01-25 15:27:02.082,SELL,LIMIT,IOC,603,2176.69,2186.08,FILLED,601,603
2024-01-25 15:27:05.040,SELL,LIMIT,IOC,6,2175.44,2185.12,FILLED,5,6
2024-01-25 15:50:48.370,SELL,LIMIT,IOC,9,2171.97,2182.6,FILLED,7,9
2024-01-25 15:53:34.916,SELL,LIMIT,IOC,50,2170.81,2181.12,FILLED,50,50
2024-01-25 17:08:16.458,SELL,LIMIT,IOC,1359,2167.42,2177.41,FILLED,159,1359
2024-01-25 17:08:18.641,SELL,LIMIT,IOC,1145,2166.71,2176.28,FILLED,1145,1145
2024-01-25 17:08:55.124,SELL,LIMIT,IOC,4158,2162.11,2171.07,FILLED,199,4158
2024-01-25 17:08:56.467,SELL,LIMIT,IOC,508,2162.39,2171.22,FILLED,508,508
2024-01-25 17:08:59.171,SELL,LIMIT,IOC,18,2160.79,2169.43,FILLED,2,18
2024-01-25 18:21:48.273,BUY,LIMIT,IOC,2,2228.98,2219.38,FILLED,2,2
2024-01-25 18:31:51.883,BUY,LIMIT,IOC,39,2232.43,2222.12,FILLED,14,39
2024-01-25 19:33:45.717,BUY,LIMIT,IOC,541,2227.15,2216.64,FILLED,159,541
2024-01-25 19:38:47.422,BUY,LIMIT,IOC,3,2232.98,2223.27,FILLED,3,3
2024-01-25 21:01:55.030,BUY,LIMIT,IOC,6,2239.64,2229.58,FILLED,6,6
2024-01-26 06:53:25.498,SELL,LIMIT,IOC,59,2200.55,2210.99,FILLED,59,59
2024-01-26 06:53:33.925,SELL,LIMIT,IOC,300,2200.02,2210.22,FILLED,300,300
2024-01-26 07:28:01.415,SELL,LIMIT,IOC,129,2190.7,2201.15,FILLED,129,129
2024-01-26 07:28:46.473,SELL,LIMIT,IOC,2,2190.34,2200.78,FILLED,2,2
2024-01-26 07:50:46.364,SELL,LIMIT,IOC,20,2187.61,2197.29,FILLED,20,20
2024-01-26 07:57:40.564,SELL,LIMIT,IOC,52,2185.48,2195.0,FILLED,52,52
2024-01-26 07:57:41.778,SELL,LIMIT,IOC,500,2184.26,2195.31,FILLED,500,500
2024-01-26 09:58:28.136,SELL,LIMIT,IOC,24,2197.11,2206.65,FILLED,4,24
2024-01-26 10:57:57.639,BUY,LIMIT,IOC,46,2249.4,2238.83,FILLED,46,46
2024-01-26 11:30:38.260,BUY,LIMIT,IOC,1,2260.87,2251.76,FILLED,1,1
2024-01-26 11:30:55.517,BUY,LIMIT,IOC,10,2267.36,2256.92,FILLED,10,10
2024-01-26 12:54:18.308,SELL,LIMIT,IOC,781,2232.66,2243.88,FILLED,530,781
2024-01-26 13:52:25.197,SELL,LIMIT,IOC,458,2225.5,2235.09,FILLED,25,458
2024-01-26 13:52:27.833,SELL,LIMIT,IOC,72,2224.39,2234.66,FILLED,72,72
2024-01-26 13:52:32.683,SELL,LIMIT,IOC,1,2223.12,2234.01,FILLED,1,1
2024-01-26 16:06:21.818,BUY,LIMIT,IOC,9,2277.48,2267.56,FILLED,9,9
2024-01-26 16:06:23.183,BUY,LIMIT,IOC,1,2278.17,2267.26,FILLED,1,1
2024-01-26 16:06:51.711,BUY,LIMIT,IOC,4,2282.49,2272.57,FILLED,3,4
2024-01-26 16:06:54.414,BUY,LIMIT,IOC,187,2282.85,2272.19,FILLED,8,187
2024-01-26 16:53:38.641,BUY,LIMIT,IOC,2,2291.75,2281.46,FILLED,2,2
2024-01-26 19:02:55.272,SELL,LIMIT,IOC,14,2250.92,2260.96,FILLED,14,14
2024-01-26 19:32:03.851,SELL,LIMIT,IOC,454,2248.11,2258.36,FILLED,326,454
2024-01-26 22:15:17.171,BUY,LIMIT,IOC,10,2276.66,2265.99,FILLED,9,10
2024-01-27 00:33:37.469,BUY,LIMIT,IOC,50,2287.41,2276.47,FILLED,49,50
2024-01-27 00:33:48.182,BUY,LIMIT,IOC,4,2287.68,2276.47,FILLED,4,4
2024-01-27 00:40:37.678,BUY,LIMIT,IOC,452,2288.46,2277.49,FILLED,452,452
2024-01-27 05:42:18.647,SELL,LIMIT,IOC,39,2253.23,2264.15,FILLED,39,39
2024-01-27 07:19:30.202,SELL,LIMIT,IOC,1319,2247.02,2258.11,FILLED,220,1319
2024-01-27 07:34:12.783,SELL,LIMIT,IOC,21,2242.34,2253.37,FILLED,19,21
2024-01-27 08:57:25.430,SELL,LIMIT,IOC,9,2241.15,2251.26,FILLED,9,9
2024-01-28 01:26:52.141,BUY,LIMIT,IOC,1,2295.96,2286.33,FILLED,1,1
2024-01-28 04:45:02.069,BUY,LIMIT,IOC,168,2304.67,2293.7,FILLED,168,168
2024-01-28 04:47:27.153,BUY,LIMIT,IOC,18,2305.28,2293.92,FILLED,18,18
2024-01-28 04:50:49.720,BUY,LIMIT,IOC,1032,2306.05,2294.94,FILLED,1032,1032
2024-01-28 04:50:59.023,BUY,LIMIT,IOC,4,2306.39,2295.21,FILLED,4,4
2024-01-28 04:51:07.196,BUY,LIMIT,IOC,7,2308.62,2297.3,FILLED,7,7
2024-01-28 04:57:18.408,BUY,LIMIT,IOC,13,2310.76,2299.63,FILLED,13,13
2024-01-28 04:57:25.772,BUY,LIMIT,IOC,5,2311.12,2300.31,FILLED,5,5
2024-01-28 04:57:31.450,BUY,LIMIT,IOC,526,2312.68,2303.07,FILLED,416,526
2024-01-28 05:00:35.057,BUY,LIMIT,IOC,7,2317.27,2306.39,FILLED,7,7
2024-01-28 05:41:39.380,SELL,LIMIT,IOC,202,2277.59,2288.33,FILLED,202,202
2024-01-28 08:06:39.059,SELL,LIMIT,IOC,174,2268.13,2278.25,FILLED,25,174
2024-01-28 11:22:18.568,SELL,LIMIT,IOC,3,2271.76,2282.71,FILLED,3,3
2024-01-28 12:19:37.804,SELL,LIMIT,IOC,3,2259.67,2270.66,FILLED,3,3
2024-01-28 12:20:42.839,SELL,LIMIT,IOC,2,2258.28,2269.1,FILLED,2,2
2024-01-28 14:56:21.520,SELL,LIMIT,IOC,31,2256.17,2266.23,FILLED,31,31
2024-01-28 15:44:36.238,SELL,LIMIT,IOC,231,2252.23,2263.28,FILLED,19,231
2024-01-28 18:21:07.416,SELL,LIMIT,IOC,81,2249.88,2258.52,FILLED,81,81
2024-01-28 18:21:08.463,SELL,LIMIT,IOC,30,2248.74,2257.65,FILLED,30,30
2024-01-28 19:39:40.508,SELL,LIMIT,IOC,5,2245.8,2256.84,FILLED,1,5
2024-01-28 19:40:18.154,SELL,LIMIT,IOC,1911,2242.88,2252.52,FILLED,492,1911
2024-01-28 19:40:27.125,SELL,LIMIT,IOC,5578,2240.23,2251.94,FILLED,983,5578
2024-01-28 19:41:47.842,SELL,LIMIT,IOC,190,2240.99,2250.26,FILLED,78,190
2024-01-28 19:41:50.171,SELL,LIMIT,IOC,45,2238.19,2247.32,FILLED,45,45
2024-01-28 22:39:27.326,SELL,LIMIT,IOC,20,2236.86,2245.21,FILLED,20,20
2024-01-28 22:39:28.370,SELL,LIMIT,IOC,450,2235.95,2244.82,FILLED,450,450
2024-01-28 22:39:32.385,SELL,LIMIT,IOC,100,2232.89,2242.01,FILLED,99,100
2024-01-28 22:39:33.568,SELL,LIMIT,IOC,314,2232.74,2240.0,FILLED,314,314
2024-01-28 22:39:34.738,SELL,LIMIT,IOC,714,2231.6,2240.09,FILLED,454,714
2024-01-29 01:32:43.509,BUY,LIMIT,IOC,770,2282.26,2272.39,FILLED,248,770
2024-01-29 03:15:47.865,BUY,LIMIT,IOC,7367,2287.01,2274.4,FILLED,732,7367
2024-01-29 03:30:56.530,BUY,LIMIT,IOC,2703,2288.07,2277.16,FILLED,2366,2703
2024-01-29 05:24:48.352,SELL,LIMIT,IOC,36,2254.21,2264.9,FILLED,36,36
2024-01-29 05:54:09.323,SELL,LIMIT,IOC,1361,2251.74,2262.92,FILLED,251,1361
2024-01-29 07:48:25.536,SELL,LIMIT,IOC,49,2247.83,2258.27,FILLED,49,49
2024-01-29 08:13:56.387,SELL,LIMIT,IOC,32,2243.82,2253.88,FILLED,32,32
2024-01-29 08:18:22.533,SELL,LIMIT,IOC,20,2243.08,2253.72,FILLED,20,20
2024-01-29 08:18:27.361,SELL,LIMIT,IOC,93,2242.86,2253.55,FILLED,93,93
2024-01-29 09:35:44.544,BUY,LIMIT,IOC,501,2278.07,2267.51,FILLED,166,501
2024-01-29 13:20:37.560,SELL,LIMIT,IOC,270,2238.53,2249.47,FILLED,100,270
2024-01-29 13:20:42.809,SELL,LIMIT,IOC,7,2237.62,2248.0,FILLED,7,7
2024-01-29 13:22:57.245,SELL,LIMIT,IOC,15,2236.93,2247.87,FILLED,15,15
2024-01-29 13:23:26.503,SELL,LIMIT,IOC,22,2236.69,2247.78,FILLED,22,22
2024-01-29 13:29:25.253,SELL,LIMIT,IOC,6188,2233.54,2245.99,FILLED,1385,6188
2024-01-29 13:31:06.126,SELL,LIMIT,IOC,4102,2232.78,2244.66,FILLED,326,4102
2024-01-29 13:49:34.136,SELL,LIMIT,IOC,20,2230.21,2241.08,FILLED,20,20
2024-01-29 13:50:42.711,SELL,LIMIT,IOC,748,2229.28,2239.26,FILLED,666,748
2024-01-29 14:51:54.228,SELL,LIMIT,IOC,8,2228.62,2238.32,FILLED,8,8
2024-01-29 14:51:57.488,SELL,LIMIT,IOC,6,2227.6,2236.31,FILLED,6,6
2024-01-29 14:51:59.312,SELL,LIMIT,IOC,2,2226.85,2236.03,FILLED,2,2
2024-01-29 14:52:02.696,SELL,LIMIT,IOC,23,2225.04,2234.16,FILLED,23,23
2024-01-29 14:52:07.874,SELL,LIMIT,IOC,70,2224.02,2232.96,FILLED,70,70
2024-01-29 14:52:10.197,SELL,LIMIT,IOC,6787,2221.55,2233.95,FILLED,127,6787
2024-01-29 15:49:18.034,BUY,LIMIT,IOC,14,2270.12,2259.61,FILLED,14,14
2024-01-29 15:51:09.510,BUY,LIMIT,IOC,60,2276.5,2266.16,FILLED,56,60
2024-01-29 16:00:14.028,BUY,LIMIT,IOC,8,2287.9,2277.35,FILLED,8,8
2024-01-29 16:45:02.744,BUY,LIMIT,IOC,5,2303.71,2292.3,FILLED,5,5
2024-01-29 16:59:14.022,BUY,LIMIT,IOC,10,2311.39,2300.44,FILLED,6,10
2024-01-29 17:01:16.768,BUY,LIMIT,IOC,1150,2316.37,2307.21,FILLED,1150,1150
2024-01-29 18:47:43.295,SELL,LIMIT,IOC,7,2285.81,2297.14,FILLED,7,7
2024-01-29 18:48:35.260,SELL,LIMIT,IOC,318,2284.63,2295.88,FILLED,318,318
2024-01-29 19:59:45.670,SELL,LIMIT,IOC,49,2281.18,2291.85,FILLED,49,49
2024-01-29 22:19:21.219,BUY,LIMIT,IOC,46,2323.95,2312.08,FILLED,46,46
2024-01-29 22:19:49.663,BUY,LIMIT,IOC,51,2324.78,2313.01,FILLED,39,51
2024-01-29 22:21:35.967,BUY,LIMIT,IOC,500,2326.07,2314.56,FILLED,329,500
2024-01-29 22:32:34.247,BUY,LIMIT,IOC,670,2329.78,2318.64,FILLED,531,670
2024-01-29 22:32:37.859,BUY,LIMIT,IOC,368,2330.33,2318.93,FILLED,67,368
2024-01-30 00:51:10.783,SELL,LIMIT,IOC,3,2293.31,2304.46,FILLED,3,3
2024-01-30 12:19:44.494,BUY,LIMIT,IOC,1,2337.01,2328.33,FILLED,1,1
2024-01-30 12:23:56.827,BUY,LIMIT,IOC,244,2341.48,2331.37,FILLED,87,244
2024-01-30 12:49:14.162,SELL,LIMIT,IOC,425,2289.55,2297.61,FILLED,61,425
2024-01-30 13:08:07.065,BUY,LIMIT,IOC,1,2324.53,2313.07,FILLED,1,1
2024-01-30 13:16:27.208,SELL,LIMIT,IOC,15,2287.01,2296.06,FILLED,15,15
2024-01-30 15:27:00.054,BUY,LIMIT,IOC,66,2327.88,2316.73,FILLED,62,66
2024-01-30 15:40:18.183,BUY,LIMIT,IOC,4,2335.28,2323.76,FILLED,4,4
2024-01-30 15:45:06.208,BUY,LIMIT,IOC,3,2346.08,2335.38,FILLED,3,3
2024-01-30 15:45:10.552,BUY,LIMIT,IOC,83,2346.41,2335.03,FILLED,83,83
2024-01-30 15:45:24.124,BUY,LIMIT,IOC,20,2349.43,2338.96,FILLED,20,20
2024-01-30 15:47:26.636,BUY,LIMIT,IOC,100,2355.87,2345.36,FILLED,100,100
2024-01-30 15:47:28.732,BUY,LIMIT,IOC,1,2356.32,2345.49,FILLED,1,1
2024-01-30 15:53:30.544,SELL,LIMIT,IOC,1757,2321.47,2331.36,FILLED,701,1757
2024-01-30 16:01:29.103,BUY,LIMIT,IOC,23703,2362.04,2347.32,FILLED,5369,23703
2024-01-30 16:01:59.123,BUY,LIMIT,IOC,195,2360.27,2348.62,FILLED,95,195
2024-01-30 16:22:48.458,BUY,LIMIT,IOC,6,2362.77,2351.64,FILLED,6,6
2024-01-30 16:22:59.787,BUY,LIMIT,IOC,118,2366.11,2354.64,FILLED,118,118
2024-01-30 16:23:18.475,BUY,LIMIT,IOC,1657,2367.92,2357.72,FILLED,400,1657
2024-01-30 16:24:59.557,BUY,LIMIT,IOC,573,2370.21,2358.8,FILLED,196,573
2024-01-30 16:25:05.328,BUY,LIMIT,IOC,4,2370.78,2359.35,FILLED,4,4
2024-01-30 16:30:23.554,BUY,LIMIT,IOC,94,2371.61,2359.7,FILLED,94,94
2024-01-30 16:31:04.299,BUY,LIMIT,IOC,682,2372.18,2362.15,FILLED,682,682
2024-01-30 16:50:39.421,BUY,LIMIT,IOC,115,2379.72,2368.17,FILLED,89,115
2024-01-30 16:57:28.492,BUY,LIMIT,IOC,115,2380.71,2369.16,FILLED,115,115
2024-01-30 17:00:41.553,BUY,LIMIT,IOC,31,2381.45,2369.13,FILLED,31,31
2024-01-30 17:01:16.643,BUY,LIMIT,IOC,58,2381.86,2370.08,FILLED,58,58
2024-01-30 17:02:39.100,BUY,LIMIT,IOC,886,2384.18,2372.28,FILLED,886,886
2024-01-30 17:02:44.178,BUY,LIMIT,IOC,515,2384.3,2372.7,FILLED,77,515
2024-01-30 17:05:02.680,BUY,LIMIT,IOC,1359,2386.63,2375.24,FILLED,1045,1359
2024-01-30 17:08:52.585,BUY,LIMIT,IOC,526,2389.18,2377.76,FILLED,526,526
2024-01-30 17:30:46.150,BUY,LIMIT,IOC,65,2392.3,2379.36,FILLED,65,65
2024-01-30 17:50:46.083,SELL,LIMIT,IOC,98,2352.54,2363.86,FILLED,97,98
2024-01-30 20:17:34.087,BUY,LIMIT,IOC,4,2394.33,2382.85,FILLED,4,4
2024-01-30 20:18:27.801,BUY,LIMIT,IOC,185,2394.84,2384.09,FILLED,185,185
2024-01-30 21:31:15.313,BUY,LIMIT,IOC,5,2397.25,2387.72,FILLED,5,5
2024-01-30 21:31:16.452,BUY,LIMIT,IOC,152,2398.82,2390.22,FILLED,152,152
2024-01-30 21:31:18.235,BUY,LIMIT,IOC,44,2400.76,2390.08,FILLED,44,44
2024-01-30 21:31:23.264,BUY,LIMIT,IOC,123,2402.49,2391.43,FILLED,123,123
2024-01-30 22:55:34.772,SELL,LIMIT,IOC,16,2356.45,2367.06,FILLED,16,16
2024-01-30 22:57:34.478,SELL,LIMIT,IOC,7,2354.27,2365.67,FILLED,7,7
2024-01-30 23:15:02.476,SELL,LIMIT,IOC,73,2349.87,2361.17,FILLED,73,73
2024-01-30 23:26:52.835,SELL,LIMIT,IOC,1775,2345.72,2356.23,FILLED,490,1775
2024-01-30 23:28:44.158,SELL,LIMIT,IOC,23,2342.0,2352.59,FILLED,20,23
2024-01-30 23:38:55.720,SELL,LIMIT,IOC,139,2333.52,2344.65,FILLED,132,139
2024-01-30 23:42:00.393,SELL,LIMIT,IOC,309,2329.05,2339.01,FILLED,309,309
2024-01-30 23:42:07.903,SELL,LIMIT,IOC,1,2327.38,2338.13,FILLED,1,1
2024-01-31 01:46:10.253,SELL,LIMIT,IOC,731,2319.65,2330.83,FILLED,30,731
2024-01-31 01:46:34.697,SELL,LIMIT,IOC,2574,2318.07,2327.81,FILLED,1374,2574
2024-01-31 02:23:07.969,SELL,LIMIT,IOC,27,2315.45,2326.76,FILLED,27,27
2024-01-31 09:11:20.116,SELL,LIMIT,IOC,46,2316.89,2327.61,FILLED,46,46
2024-01-31 09:14:53.183,SELL,LIMIT,IOC,298,2313.49,2324.47,FILLED,77,298
2024-01-31 09:26:55.325,SELL,LIMIT,IOC,10,2312.45,2323.42,FILLED,10,10
2024-01-31 09:28:30.096,SELL,LIMIT,IOC,8,2310.8,2321.82,FILLED,8,8
2024-01-31 09:28:33.065,SELL,LIMIT,IOC,13,2310.37,2321.24,FILLED,13,13
2024-01-31 09:56:24.027,SELL,LIMIT,IOC,5,2308.44,2318.94,FILLED,5,5
2024-01-31 09:56:50.703,SELL,LIMIT,IOC,3484,2306.58,2316.57,FILLED,96,3484
2024-01-31 09:57:41.456,SELL,LIMIT,IOC,17,2304.96,2314.75,FILLED,17,17
2024-01-31 09:57:46.780,SELL,LIMIT,IOC,37,2303.49,2313.24,FILLED,37,37
2024-01-31 09:57:51.372,SELL,LIMIT,IOC,926,2302.72,2312.41,FILLED,120,926
2024-01-31 09:57:55.155,SELL,LIMIT,IOC,929,2301.7,2311.64,FILLED,66,929
2024-01-31 09:57:57.519,SELL,LIMIT,IOC,4761,2300.41,2311.36,FILLED,625,4761
2024-01-31 09:59:03.368,SELL,LIMIT,IOC,19,2297.92,2307.46,FILLED,19,19
2024-01-31 10:01:52.544,SELL,LIMIT,IOC,50,2297.49,2308.21,FILLED,50,50
2024-01-31 10:08:48.148,SELL,LIMIT,IOC,694,2295.79,2306.62,FILLED,677,694
2024-01-31 10:08:54.144,SELL,LIMIT,IOC,40,2295.6,2306.36,FILLED,40,40
2024-01-31 10:41:39.085,SELL,LIMIT,IOC,10,2289.12,2299.4,FILLED,10,10
2024-01-31 10:42:07.470,SELL,LIMIT,IOC,7,2288.39,2298.77,FILLED,7,7
2024-01-31 10:45:35.952,SELL,LIMIT,IOC,97,2285.14,2296.0,FILLED,97,97
2024-01-31 10:46:05.195,SELL,LIMIT,IOC,200,2284.37,2295.0,FILLED,200,200
2024-01-31 10:46:08.487,SELL,LIMIT,IOC,35,2284.03,2295.39,FILLED,35,35
2024-01-31 10:46:32.250,SELL,LIMIT,IOC,57,2283.31,2294.58,FILLED,29,57
2024-01-31 10:50:11.433,SELL,LIMIT,IOC,11,2281.55,2291.55,FILLED,11,11
2024-01-31 10:50:22.262,SELL,LIMIT,IOC,1519,2278.91,2289.32,FILLED,86,1519
2024-01-31 10:50:26.644,SELL,LIMIT,IOC,223,2277.63,2287.41,FILLED,223,223
2024-01-31 10:50:30.267,SELL,LIMIT,IOC,3,2275.3,2287.26,FILLED,3,3
2024-01-31 10:51:12.232,SELL,LIMIT,IOC,37,2274.35,2284.33,FILLED,36,37
2024-01-31 10:54:14.724,SELL,LIMIT,IOC,9,2273.99,2284.4,FILLED,9,9
2024-01-31 10:56:44.033,SELL,LIMIT,IOC,49,2270.75,2281.13,FILLED,49,49
2024-01-31 10:56:50.542,SELL,LIMIT,IOC,50,2270.12,2280.09,FILLED,50,50
2024-01-31 11:00:34.393,SELL,LIMIT,IOC,16010,2266.01,2279.91,FILLED,24,16010
2024-01-31 14:06:41.369,SELL,LIMIT,IOC,87,2289.36,2300.19,FILLED,87,87
2024-01-31 14:06:51.387,SELL,LIMIT,IOC,54,2288.91,2299.69,FILLED,54,54
2024-01-31 15:18:02.523,SELL,LIMIT,IOC,70,2284.39,2295.32,FILLED,4,70
2024-01-31 15:18:24.651,SELL,LIMIT,IOC,126,2283.06,2292.92,FILLED,126,126
2024-01-31 15:18:32.627,SELL,LIMIT,IOC,79,2281.59,2292.45,FILLED,79,79
2024-01-31 15:18:36.744,SELL,LIMIT,IOC,346,2280.97,2291.77,FILLED,172,346
2024-01-31 15:29:30.588,BUY,LIMIT,IOC,2,2318.54,2307.86,FILLED,2,2
2024-01-31 15:29:59.794,BUY,LIMIT,IOC,10,2322.08,2310.66,FILLED,10,10
2024-01-31 15:31:46.766,BUY,LIMIT,IOC,5,2329.92,2319.85,FILLED,5,5
2024-01-31 15:33:00.457,BUY,LIMIT,IOC,13,2334.87,2324.37,FILLED,13,13
2024-01-31 15:33:03.226,BUY,LIMIT,IOC,1,2335.65,2326.38,FILLED,1,1
2024-01-31 15:35:01.520,BUY,LIMIT,IOC,60,2342.43,2331.94,FILLED,60,60
2024-01-31 16:47:54.584,BUY,LIMIT,IOC,33,2346.78,2335.92,FILLED,33,33
2024-01-31 16:48:10.671,BUY,LIMIT,IOC,1,2348.72,2337.49,FILLED,1,1
2024-01-31 16:57:40.082,BUY,LIMIT,IOC,36,2355.56,2344.01,FILLED,36,36
2024-01-31 19:16:05.368,SELL,LIMIT,IOC,597,2314.72,2325.41,FILLED,425,597
2024-01-31 19:18:16.690,SELL,LIMIT,IOC,86,2310.64,2319.93,FILLED,86,86
2024-01-31 19:18:22.491,SELL,LIMIT,IOC,10,2308.49,2316.4,FILLED,10,10
2024-01-31 20:02:41.286,SELL,LIMIT,IOC,399,2302.5,2312.03,FILLED,48,399
2024-01-31 20:05:19.191,SELL,LIMIT,IOC,719,2296.94,2306.42,FILLED,548,719
2024-01-31 20:05:26.132,SELL,LIMIT,IOC,40,2295.03,2305.08,FILLED,40,40
2024-01-31 20:05:30.386,SELL,LIMIT,IOC,1024,2293.23,2303.96,FILLED,774,1024
2024-01-31 20:06:25.442,SELL,LIMIT,IOC,1605,2291.13,2300.59,FILLED,117,1605
2024-01-31 20:06:37.126,SELL,LIMIT,IOC,11,2289.69,2301.66,FILLED,11,11
2024-01-31 20:07:29.620,SELL,LIMIT,IOC,85,2284.38,2296.16,FILLED,85,85
2024-01-31 20:22:33.071,BUY,LIMIT,IOC,17,2322.8,2311.68,FILLED,5,17
2024-01-31 20:56:32.467,SELL,LIMIT,IOC,50,2277.67,2287.65,FILLED,25,50
2024-01-31 20:57:01.877,SELL,LIMIT,IOC,58,2276.5,2286.97,FILLED,38,58
2024-01-31 21:00:52.256,SELL,LIMIT,IOC,182,2274.27,2283.9,FILLED,37,182
2024-01-31 21:00:59.164,SELL,LIMIT,IOC,1996,2273.39,2283.86,FILLED,1409,1996
2024-01-31 21:24:08.397,SELL,LIMIT,IOC,50,2270.58,2281.15,FILLED,50,50
2024-01-31 21:24:37.244,SELL,LIMIT,IOC,773,2267.67,2276.91,FILLED,773,773
2024-01-31 21:24:42.042,SELL,LIMIT,IOC,50,2265.01,2275.17,FILLED,10,50
2024-01-31 21:24:44.594,SELL,LIMIT,IOC,3,2264.79,2274.44,FILLED,3,3
2024-01-31 21:24:46.209,SELL,LIMIT,IOC,10,2263.52,2272.28,FILLED,10,10
2024-01-31 21:24:47.376,SELL,LIMIT,IOC,4,2262.85,2273.82,FILLED,4,4
2024-01-31 21:25:02.145,SELL,LIMIT,IOC,196,2260.82,2272.11,FILLED,196,196
2024-01-31 21:25:14.310,SELL,LIMIT,IOC,3,2258.74,2267.53,FILLED,3,3
2024-01-31 21:25:15.563,SELL,LIMIT,IOC,50,2258.04,2268.52,FILLED,50,50
2024-01-31 21:25:57.025,SELL,LIMIT,IOC,1085,2256.23,2265.37,FILLED,1085,1085
2024-01-31 21:25:58.592,SELL,LIMIT,IOC,238,2256.03,2266.91,FILLED,238,238
2024-01-31 21:29:42.697,SELL,LIMIT,IOC,30,2255.1,2265.09,FILLED,30,30
2024-01-31 21:29:46.283,SELL,LIMIT,IOC,1590,2253.48,2262.97,FILLED,2,1590
2024-02-01 00:40:42.113,SELL,LIMIT,IOC,479,2262.31,2272.39,FILLED,479,479
2024-02-01 01:15:22.859,SELL,LIMIT,IOC,1,2258.34,2267.39,FILLED,1,1
2024-02-01 01:15:28.605,SELL,LIMIT,IOC,1084,2256.35,2266.07,FILLED,184,1084
2024-02-01 01:16:08.219,SELL,LIMIT,IOC,73,2254.43,2265.25,FILLED,73,73
2024-02-01 01:19:37.500,SELL,LIMIT,IOC,21,2252.34,2262.75,FILLED,21,21
2024-02-01 01:20:12.076,SELL,LIMIT,IOC,11,2249.83,2258.54,FILLED,11,11
2024-02-01 01:20:13.168,SELL,LIMIT,IOC,2569,2248.07,2258.3,FILLED,739,2569
2024-02-01 01:20:14.464,SELL,LIMIT,IOC,1795,2247.09,2257.02,FILLED,272,1795
2024-02-01 01:20:16.357,SELL,LIMIT,IOC,1136,2246.24,2255.83,FILLED,594,1136
2024-02-01 01:20:19.814,SELL,LIMIT,IOC,204,2244.96,2254.36,FILLED,204,204
2024-02-01 01:20:24.277,SELL,LIMIT,IOC,50,2242.9,2253.84,FILLED,50,50
2024-02-01 01:21:05.639,SELL,LIMIT,IOC,1730,2242.02,2250.0,FILLED,71,1730
2024-02-01 01:21:07.286,SELL,LIMIT,IOC,4125,2239.01,2246.24,FILLED,3089,4125
2024-02-01 01:21:08.362,SELL,LIMIT,IOC,318,2236.7,2245.63,FILLED,235,318
2024-02-01 01:21:09.718,SELL,LIMIT,IOC,426,2235.73,2243.32,FILLED,86,426
2024-02-01 01:21:11.065,SELL,LIMIT,IOC,6,2234.51,2241.57,FILLED,6,6
2024-02-01 01:21:12.616,SELL,LIMIT,IOC,1588,2233.4,2238.89,FILLED,1468,1588
2024-02-01 01:21:14.234,SELL,LIMIT,IOC,35,2228.97,2239.37,FILLED,35,35
2024-02-01 07:16:35.133,BUY,LIMIT,IOC,6,2285.49,2274.3,FILLED,6,6
2024-02-01 14:19:10.294,BUY,LIMIT,IOC,7,2293.28,2282.27,FILLED,2,7
2024-02-01 14:35:49.619,BUY,LIMIT,IOC,2618,2299.0,2290.78,FILLED,82,2618
2024-02-01 14:35:51.083,BUY,LIMIT,IOC,39,2302.04,2291.66,FILLED,36,39
2024-02-01 14:36:03.088,BUY,LIMIT,IOC,10,2304.88,2295.45,FILLED,10,10
2024-02-01 15:04:34.847,BUY,LIMIT,IOC,346,2310.07,2299.67,FILLED,346,346
2024-02-01 15:04:39.546,BUY,LIMIT,IOC,16,2311.25,2300.16,FILLED,14,16
2024-02-01 16:22:31.699,SELL,LIMIT,IOC,145,2272.72,2283.11,FILLED,145,145
2024-02-01 16:35:19.466,SELL,LIMIT,IOC,19,2263.94,2275.0,FILLED,19,19
2024-02-01 16:36:01.697,SELL,LIMIT,IOC,87,2257.99,2268.46,FILLED,87,87
2024-02-01 17:21:05.780,BUY,LIMIT,IOC,6,2315.24,2303.93,FILLED,6,6
2024-02-01 18:29:02.538,SELL,LIMIT,IOC,5,2283.73,2294.44,FILLED,5,5
2024-02-01 19:48:21.917,BUY,LIMIT,IOC,2,2317.33,2305.97,FILLED,2,2
2024-02-01 21:07:59.125,BUY,LIMIT,IOC,7,2319.58,2308.16,FILLED,6,7
2024-02-01 22:39:15.377,SELL,LIMIT,IOC,4,2281.51,2290.72,FILLED,4,4
2024-02-01 22:39:23.206,SELL,LIMIT,IOC,1,2280.33,2290.87,FILLED,1,1
2024-02-01 22:40:14.468,SELL,LIMIT,IOC,56,2275.35,2285.83,FILLED,55,56
2024-02-02 00:16:39.378,BUY,LIMIT,IOC,60,2323.13,2311.56,FILLED,60,60
2024-02-02 06:48:51.794,BUY,LIMIT,IOC,3,2323.68,2312.23,FILLED,2,3
2024-02-02 07:08:48.696,BUY,LIMIT,IOC,14,2324.72,2313.85,FILLED,13,14
2024-02-02 07:32:20.091,BUY,LIMIT,IOC,308,2325.75,2314.77,FILLED,126,308
2024-02-02 08:47:40.860,SELL,LIMIT,IOC,2,2293.68,2304.88,FILLED,2,2
2024-02-02 12:14:13.596,BUY,LIMIT,IOC,3,2331.24,2322.03,FILLED,3,3
2024-02-02 12:16:38.702,BUY,LIMIT,IOC,1120,2333.65,2323.67,FILLED,489,1120
2024-02-02 13:30:15.550,SELL,LIMIT,IOC,158,2298.05,2308.09,FILLED,158,158
2024-02-02 13:30:46.905,SELL,LIMIT,IOC,332,2293.06,2303.02,FILLED,235,332
2024-02-02 13:45:55.749,SELL,LIMIT,IOC,229,2283.43,2293.73,FILLED,229,229
2024-02-02 13:50:42.560,SELL,LIMIT,IOC,2,2279.45,2290.13,FILLED,2,2
2024-02-02 13:50:57.809,SELL,LIMIT,IOC,2,2277.37,2288.45,FILLED,2,2
2024-02-02 13:51:06.109,SELL,LIMIT,IOC,5,2276.74,2287.46,FILLED,3,5
2024-02-02 14:02:10.033,SELL,LIMIT,IOC,207,2270.45,2279.57,FILLED,183,207
2024-02-02 15:07:53.363,BUY,LIMIT,IOC,21,2311.71,2301.93,FILLED,21,21
2024-02-02 16:03:22.470,BUY,LIMIT,IOC,1597,2330.3,2319.13,FILLED,1597,1597
2024-02-02 16:05:29.900,BUY,LIMIT,IOC,91,2332.36,2321.45,FILLED,91,91
2024-02-02 16:20:39.255,SELL,LIMIT,IOC,5,2295.45,2305.9,FILLED,5,5
2024-02-02 17:57:43.049,SELL,LIMIT,IOC,1,2281.67,2292.17,FILLED,1,1
2024-02-02 17:58:42.441,SELL,LIMIT,IOC,2,2279.69,2289.56,FILLED,2,2
2024-02-02 22:19:12.450,BUY,LIMIT,IOC,328,2316.3,2305.0,FILLED,114,328
2024-02-03 00:26:51.235,BUY,LIMIT,IOC,5501,2328.26,2315.85,FILLED,1031,5501
2024-02-03 01:18:19.172,BUY,LIMIT,IOC,415,2332.89,2322.25,FILLED,159,415
2024-02-03 08:50:22.214,SELL,LIMIT,IOC,3,2298.3,2308.75,FILLED,3,3
2024-02-03 15:06:12.686,SELL,LIMIT,IOC,226,2282.18,2292.36,FILLED,226,226
2024-02-03 18:40:25.507,SELL,LIMIT,IOC,111,2286.62,2297.89,FILLED,111,111
2024-02-03 23:21:04.865,SELL,LIMIT,IOC,29,2282.91,2292.46,FILLED,23,29
2024-02-04 00:11:08.274,SELL,LIMIT,IOC,40,2279.45,2290.27,FILLED,40,40
2024-02-04 06:52:34.420,SELL,LIMIT,IOC,1,2279.58,2290.45,FILLED,1,1
2024-02-04 06:57:43.490,SELL,LIMIT,IOC,164,2276.13,2285.55,FILLED,164,164
2024-02-04 09:53:51.661,BUY,LIMIT,IOC,4,2314.04,2303.9,FILLED,4,4
2024-02-04 19:05:55.459,SELL,LIMIT,IOC,95,2278.05,2287.99,FILLED,95,95
2024-02-04 19:07:19.186,SELL,LIMIT,IOC,180,2275.59,2286.08,FILLED,180,180
2024-02-04 19:07:45.857,SELL,LIMIT,IOC,38,2273.39,2283.36,FILLED,38,38
2024-02-04 19:08:04.109,SELL,LIMIT,IOC,1059,2271.07,2281.0,FILLED,296,1059
2024-02-04 19:08:06.582,SELL,LIMIT,IOC,115,2270.32,2274.36,FILLED,37,115
2024-02-04 19:08:07.629,SELL,LIMIT,IOC,124,2266.42,2269.35,FILLED,124,124
2024-02-04 19:08:09.466,SELL,LIMIT,IOC,2,2261.18,2265.49,FILLED,2,2
2024-02-04 19:08:10.689,SELL,LIMIT,IOC,93,2258.54,2266.43,FILLED,93,93
2024-02-04 20:52:25.169,BUY,LIMIT,IOC,101,2307.27,2297.66,FILLED,101,101
2024-02-04 20:53:06.227,BUY,LIMIT,IOC,11526,2314.73,2301.18,FILLED,78,11526
2024-02-04 22:26:10.321,SELL,LIMIT,IOC,157,2276.38,2286.99,FILLED,75,157
2024-02-05 01:13:46.699,SELL,LIMIT,IOC,140,2258.67,2269.38,FILLED,30,140
2024-02-05 01:13:59.756,SELL,LIMIT,IOC,65,2256.99,2267.05,FILLED,18,65
2024-02-05 08:00:50.200,BUY,LIMIT,IOC,72,2322.68,2312.22,FILLED,72,72
2024-02-05 08:05:38.233,BUY,LIMIT,IOC,4,2326.66,2315.91,FILLED,4,4
2024-02-05 08:52:05.788,BUY,LIMIT,IOC,19,2331.01,2319.73,FILLED,19,19
2024-02-05 08:52:17.068,BUY,LIMIT,IOC,466,2332.03,2322.0,FILLED,236,466
2024-02-05 10:05:41.078,BUY,LIMIT,IOC,6,2341.33,2330.14,FILLED,6,6
2024-02-05 13:37:38.527,BUY,LIMIT,IOC,116,2344.48,2335.38,FILLED,44,116
2024-02-05 13:38:10.469,BUY,LIMIT,IOC,34,2347.08,2336.3,FILLED,34,34
2024-02-05 15:45:45.081,SELL,LIMIT,IOC,623,2285.75,2297.04,FILLED,77,623
2024-02-05 16:01:08.582,SELL,LIMIT,IOC,400,2281.31,2292.15,FILLED,359,400
2024-02-05 16:06:15.236,SELL,LIMIT,IOC,400,2279.69,2290.02,FILLED,81,400
2024-02-05 16:29:30.551,SELL,LIMIT,IOC,64,2277.28,2288.26,FILLED,64,64
2024-02-05 19:22:20.720,BUY,LIMIT,IOC,861,2320.07,2310.19,FILLED,861,861
2024-02-05 20:04:24.097,SELL,LIMIT,IOC,35,2286.35,2297.85,FILLED,35,35
2024-02-05 20:12:26.243,SELL,LIMIT,IOC,738,2281.46,2293.03,FILLED,314,738
2024-02-05 20:14:16.195,SELL,LIMIT,IOC,17,2281.03,2292.3,FILLED,17,17
2024-02-05 20:21:08.337,SELL,LIMIT,IOC,3422,2274.9,2285.21,FILLED,3422,3422
2024-02-05 20:21:11.598,SELL,LIMIT,IOC,48,2273.99,2285.09,FILLED,48,48
2024-02-05 20:23:07.607,SELL,LIMIT,IOC,43,2272.07,2282.25,FILLED,43,43
2024-02-05 20:23:22.324,SELL,LIMIT,IOC,131,2270.84,2281.52,FILLED,131,131
2024-02-06 01:23:23.141,BUY,LIMIT,IOC,46,2314.54,2303.51,FILLED,46,46
2024-02-06 02:09:34.837,BUY,LIMIT,IOC,2399,2324.65,2313.83,FILLED,477,2399
2024-02-06 02:44:13.178,BUY,LIMIT,IOC,19,2338.29,2327.44,FILLED,19,19
2024-02-06 08:15:21.560,BUY,LIMIT,IOC,37,2341.34,2331.65,FILLED,29,37
2024-02-06 08:16:21.384,BUY,LIMIT,IOC,30,2345.24,2333.73,FILLED,30,30
2024-02-06 10:31:18.314,BUY,LIMIT,IOC,2891,2347.75,2336.88,FILLED,24,2891
2024-02-06 10:32:14.042,BUY,LIMIT,IOC,112,2350.3,2341.42,FILLED,50,112
2024-02-06 10:32:16.862,BUY,LIMIT,IOC,27,2352.6,2341.42,FILLED,27,27
2024-02-06 10:32:23.319,BUY,LIMIT,IOC,1554,2353.0,2342.09,FILLED,590,1554
2024-02-06 10:44:46.839,SELL,LIMIT,IOC,388,2311.4,2322.89,FILLED,388,388
2024-02-06 12:48:05.483,SELL,LIMIT,IOC,1018,2304.84,2311.42,FILLED,107,1018
2024-02-06 13:31:19.367,BUY,LIMIT,IOC,625,2354.06,2345.7,FILLED,625,625
2024-02-06 13:31:20.610,BUY,LIMIT,IOC,1,2356.74,2346.5,FILLED,1,1
2024-02-06 13:31:34.623,BUY,LIMIT,IOC,58,2357.95,2347.31,FILLED,58,58
2024-02-06 14:40:07.826,BUY,LIMIT,IOC,1092,2357.11,2345.26,FILLED,966,1092
2024-02-06 15:11:28.810,SELL,LIMIT,IOC,68,2320.95,2331.84,FILLED,68,68
2024-02-06 16:21:31.557,BUY,LIMIT,IOC,45,2359.09,2348.5,FILLED,45,45
2024-02-06 16:21:34.198,BUY,LIMIT,IOC,1738,2360.89,2350.37,FILLED,92,1738
2024-02-06 16:21:35.232,BUY,LIMIT,IOC,22,2361.27,2351.2,FILLED,7,22
2024-02-06 16:21:38.165,BUY,LIMIT,IOC,4,2363.2,2352.7,FILLED,4,4
2024-02-06 16:21:39.472,BUY,LIMIT,IOC,3510,2363.62,2352.99,FILLED,35,3510
2024-02-06 16:21:43.164,BUY,LIMIT,IOC,150,2364.38,2353.91,FILLED,150,150
2024-02-06 16:22:20.564,BUY,LIMIT,IOC,1791,2365.06,2353.19,FILLED,591,1791
2024-02-06 16:23:24.626,BUY,LIMIT,IOC,100,2366.94,2356.38,FILLED,51,100
2024-02-06 16:24:23.304,BUY,LIMIT,IOC,20,2368.36,2357.57,FILLED,20,20
2024-02-06 16:27:02.324,BUY,LIMIT,IOC,99,2369.67,2358.18,FILLED,99,99
2024-02-06 16:30:23.349,BUY,LIMIT,IOC,19,2371.53,2360.83,FILLED,19,19
2024-02-06 18:54:05.688,BUY,LIMIT,IOC,749,2372.72,2361.11,FILLED,749,749
2024-02-06 18:58:14.562,BUY,LIMIT,IOC,97,2375.65,2364.35,FILLED,97,97
2024-02-06 19:18:36.357,BUY,LIMIT,IOC,20,2377.5,2367.37,FILLED,20,20
2024-02-06 19:20:04.888,BUY,LIMIT,IOC,166,2379.94,2368.79,FILLED,159,166
2024-02-06 19:20:15.303,BUY,LIMIT,IOC,3,2380.93,2369.8,FILLED,3,3
2024-02-06 19:20:17.897,BUY,LIMIT,IOC,14,2381.8,2371.67,FILLED,14,14
2024-02-06 19:27:27.421,BUY,LIMIT,IOC,1966,2383.23,2371.49,FILLED,136,1966
2024-02-06 19:41:29.346,BUY,LIMIT,IOC,19,2387.88,2376.94,FILLED,19,19
2024-02-06 19:57:55.759,BUY,LIMIT,IOC,150,2390.22,2378.53,FILLED,150,150
2024-02-06 20:02:45.606,BUY,LIMIT,IOC,523,2391.8,2379.56,FILLED,417,523
2024-02-06 20:04:46.609,BUY,LIMIT,IOC,4184,2393.1,2383.41,FILLED,523,4184
2024-02-06 20:04:47.702,BUY,LIMIT,IOC,838,2394.52,2384.15,FILLED,663,838
2024-02-06 20:04:49.647,BUY,LIMIT,IOC,1132,2396.36,2386.02,FILLED,830,1132
2024-02-06 20:05:03.696,BUY,LIMIT,IOC,23,2397.48,2385.21,FILLED,23,23
2024-02-06 20:07:04.269,BUY,LIMIT,IOC,3,2400.3,2389.1,FILLED,3,3
2024-02-06 20:07:51.248,BUY,LIMIT,IOC,101,2401.3,2389.2,FILLED,101,101
2024-02-07 03:51:45.433,SELL,LIMIT,IOC,6,2352.13,2363.4,FILLED,6,6
2024-02-07 08:09:58.588,SELL,LIMIT,IOC,2,2344.28,2355.67,FILLED,2,2
2024-02-07 09:35:13.312,BUY,LIMIT,IOC,1,2382.8,2372.56,FILLED,1,1
2024-02-07 09:36:24.101,BUY,LIMIT,IOC,47,2385.63,2374.59,FILLED,47,47
2024-02-07 10:53:24.777,SELL,LIMIT,IOC,513,2346.51,2356.75,FILLED,513,513
2024-02-07 14:03:38.071,BUY,LIMIT,IOC,1,2388.75,2377.12,FILLED,1,1
2024-02-07 14:46:38.278,BUY,LIMIT,IOC,6,2392.47,2383.03,FILLED,6,6
2024-02-07 14:46:39.644,BUY,LIMIT,IOC,504,2393.5,2383.36,FILLED,24,504
2024-02-07 14:48:04.404,BUY,LIMIT,IOC,11,2394.81,2383.49,FILLED,11,11
2024-02-07 15:07:48.237,SELL,LIMIT,IOC,24,2349.25,2360.16,FILLED,24,24
2024-02-07 16:38:24.383,BUY,LIMIT,IOC,283,2396.29,2385.5,FILLED,203,283
2024-02-07 16:41:45.054,BUY,LIMIT,IOC,350,2398.68,2387.0,FILLED,350,350
2024-02-07 16:41:48.158,BUY,LIMIT,IOC,149,2401.74,2392.5,FILLED,149,149
2024-02-07 17:01:33.838,BUY,LIMIT,IOC,5,2410.08,2400.0,FILLED,5,5
2024-02-07 17:01:35.630,BUY,LIMIT,IOC,6,2413.95,2403.8,FILLED,2,6
2024-02-07 17:02:02.093,BUY,LIMIT,IOC,20,2415.5,2403.46,FILLED,20,20
2024-02-07 17:02:08.568,BUY,LIMIT,IOC,163,2416.21,2404.51,FILLED,163,163
2024-02-07 17:02:13.420,BUY,LIMIT,IOC,32,2417.89,2406.4,FILLED,32,32
2024-02-07 17:02:20.484,BUY,LIMIT,IOC,141,2422.11,2412.39,FILLED,129,141
2024-02-07 17:02:22.473,BUY,LIMIT,IOC,15,2424.55,2414.0,FILLED,15,15
2024-02-07 17:04:53.135,BUY,LIMIT,IOC,887,2425.87,2416.37,FILLED,138,887
2024-02-07 17:16:13.494,BUY,LIMIT,IOC,69,2429.16,2417.99,FILLED,53,69
2024-02-07 17:16:25.322,BUY,LIMIT,IOC,1873,2432.33,2421.59,FILLED,166,1873
2024-02-07 17:41:12.116,BUY,LIMIT,IOC,18,2434.48,2422.4,FILLED,18,18
2024-02-07 17:47:24.204,SELL,LIMIT,IOC,7,2397.99,2409.32,FILLED,7,7
2024-02-07 17:47:52.017,SELL,LIMIT,IOC,11,2394.32,2405.48,FILLED,11,11
2024-02-07 19:44:17.569,BUY,LIMIT,IOC,9,2435.38,2424.46,FILLED,9,9
2024-02-07 20:16:36.084,BUY,LIMIT,IOC,1,2438.93,2426.84,FILLED,1,1
2024-02-07 20:16:46.861,BUY,LIMIT,IOC,725,2440.79,2429.32,FILLED,725,725
2024-02-07 20:16:50.092,BUY,LIMIT,IOC,87,2443.1,2431.81,FILLED,87,87
2024-02-07 20:16:53.667,BUY,LIMIT,IOC,223,2444.93,2432.81,FILLED,223,223
2024-02-07 20:25:51.536,BUY,LIMIT,IOC,51,2445.91,2434.55,FILLED,17,51
2024-02-07 20:46:35.419,BUY,LIMIT,IOC,4003,2448.3,2437.16,FILLED,57,4003
2024-02-07 20:46:36.876,BUY,LIMIT,IOC,190,2448.13,2437.68,FILLED,118,190
2024-02-07 20:46:39.628,BUY,LIMIT,IOC,17,2449.98,2438.57,FILLED,17,17
2024-02-07 20:48:16.136,BUY,LIMIT,IOC,12,2451.79,2441.71,FILLED,12,12
2024-02-07 20:48:18.256,BUY,LIMIT,IOC,878,2454.1,2442.1,FILLED,878,878
2024-02-07 20:49:03.516,BUY,LIMIT,IOC,208,2454.71,2442.94,FILLED,208,208
2024-02-08 01:24:33.086,BUY,LIMIT,IOC,10,2452.94,2440.79,FILLED,10,10
2024-02-08 05:53:39.119,SELL,LIMIT,IOC,161,2410.7,2422.24,FILLED,161,161
2024-02-08 07:09:10.456,SELL,LIMIT,IOC,105,2401.82,2411.77,FILLED,105,105
2024-02-08 14:04:33.210,BUY,LIMIT,IOC,6,2443.56,2432.55,FILLED,6,6
2024-02-08 14:04:44.473,BUY,LIMIT,IOC,4,2447.05,2435.5,FILLED,3,4
2024-02-08 14:54:41.041,BUY,LIMIT,IOC,1817,2447.55,2437.14,FILLED,61,1817
2024-02-08 15:11:03.266,SELL,LIMIT,IOC,120,2418.55,2428.45,FILLED,120,120
2024-02-08 15:18:37.080,BUY,LIMIT,IOC,7,2457.05,2447.34,FILLED,7,7
2024-02-08 15:18:38.476,BUY,LIMIT,IOC,2199,2458.69,2447.8,FILLED,823,2199
2024-02-08 15:18:42.935,BUY,LIMIT,IOC,10457,2461.54,2449.47,FILLED,2041,10457
2024-02-08 15:19:32.183,BUY,LIMIT,IOC,14550,2463.74,2449.94,FILLED,1460,14550
2024-02-08 15:19:34.842,BUY,LIMIT,IOC,15,2461.47,2450.19,FILLED,15,15
2024-02-08 15:19:55.781,BUY,LIMIT,IOC,2715,2462.58,2453.25,FILLED,615,2715
2024-02-08 15:20:03.262,BUY,LIMIT,IOC,7941,2469.78,2458.0,FILLED,1325,7941
2024-02-08 15:20:04.450,BUY,LIMIT,IOC,123,2468.47,2458.55,FILLED,123,123
2024-02-08 15:20:05.837,BUY,LIMIT,IOC,1,2469.37,2458.41,FILLED,1,1
2024-02-08 15:20:31.370,BUY,LIMIT,IOC,43,2472.7,2461.11,FILLED,43,43
2024-02-08 15:20:33.460,BUY,LIMIT,IOC,95,2473.13,2460.86,FILLED,95,95
2024-02-08 15:22:04.204,BUY,LIMIT,IOC,85,2473.81,2462.3,FILLED,85,85
2024-02-08 16:24:11.742,SELL,LIMIT,IOC,1000,2426.97,2437.78,FILLED,1000,1000
2024-02-08 16:34:14.195,SELL,LIMIT,IOC,379,2424.28,2435.26,FILLED,379,379
2024-02-08 16:47:15.070,SELL,LIMIT,IOC,197,2415.92,2426.36,FILLED,197,197
2024-02-08 16:47:45.762,SELL,LIMIT,IOC,31,2411.9,2424.53,FILLED,31,31
2024-02-08 16:50:36.750,SELL,LIMIT,IOC,25,2410.71,2419.99,FILLED,13,25
2024-02-08 16:50:38.737,SELL,LIMIT,IOC,10,2410.0,2420.12,FILLED,10,10
2024-02-08 16:51:25.836,SELL,LIMIT,IOC,24,2408.19,2420.0,FILLED,24,24
2024-02-08 16:51:46.183,SELL,LIMIT,IOC,453,2407.05,2418.05,FILLED,453,453
2024-02-08 16:53:07.052,SELL,LIMIT,IOC,32,2401.82,2412.72,FILLED,32,32
2024-02-08 18:05:23.763,SELL,LIMIT,IOC,5,2410.4,2421.39,FILLED,5,5
2024-02-08 23:28:44.684,SELL,LIMIT,IOC,1,2407.14,2419.01,FILLED,1,1
2024-02-09 02:45:40.069,BUY,LIMIT,IOC,17,2460.49,2449.42,FILLED,17,17
2024-02-09 02:47:36.060,BUY,LIMIT,IOC,140,2463.68,2452.39,FILLED,103,140
2024-02-09 02:47:38.822,BUY,LIMIT,IOC,2806,2464.33,2453.2,FILLED,245,2806
2024-02-09 02:55:19.139,BUY,LIMIT,IOC,8,2469.67,2458.01,FILLED,8,8
2024-02-09 03:04:44.742,BUY,LIMIT,IOC,197,2473.45,2461.4,FILLED,48,197
2024-02-09 03:14:01.318,BUY,LIMIT,IOC,1,2473.82,2462.47,FILLED,1,1
2024-02-09 03:14:06.175,BUY,LIMIT,IOC,160,2475.29,2464.0,FILLED,160,160
2024-02-09 03:14:08.483,BUY,LIMIT,IOC,71,2475.98,2465.75,FILLED,71,71
2024-02-09 03:30:02.715,SELL,LIMIT,IOC,41,2433.78,2445.77,FILLED,41,41
2024-02-09 08:34:32.823,BUY,LIMIT,IOC,53,2478.17,2467.71,FILLED,49,53
2024-02-09 08:34:34.046,BUY,LIMIT,IOC,888,2479.63,2468.81,FILLED,153,888
2024-02-09 08:50:39.367,BUY,LIMIT,IOC,912,2481.02,2469.82,FILLED,389,912
2024-02-09 08:50:47.627,BUY,LIMIT,IOC,8802,2483.85,2472.33,FILLED,2043,8802
2024-02-09 08:54:04.797,BUY,LIMIT,IOC,27,2484.94,2474.87,FILLED,20,27
2024-02-09 08:54:06.122,BUY,LIMIT,IOC,15,2485.85,2475.6,FILLED,15,15
2024-02-09 08:55:26.369,BUY,LIMIT,IOC,200,2487.84,2476.2,FILLED,200,200
2024-02-09 08:59:27.033,BUY,LIMIT,IOC,56,2489.74,2477.64,FILLED,56,56
2024-02-09 09:00:12.620,BUY,LIMIT,IOC,1,2490.96,2478.2,FILLED,1,1
2024-02-09 10:28:05.054,SELL,LIMIT,IOC,58,2450.42,2462.41,FILLED,58,58
2024-02-09 11:43:33.036,BUY,LIMIT,IOC,3,2491.68,2479.49,FILLED,3,3
2024-02-09 11:44:20.728,BUY,LIMIT,IOC,2,2493.97,2482.63,FILLED,2,2
2024-02-09 11:49:54.814,BUY,LIMIT,IOC,2,2496.95,2487.01,FILLED,2,2
2024-02-09 11:50:00.687,BUY,LIMIT,IOC,89,2498.97,2488.0,FILLED,89,89
2024-02-09 11:50:02.319,BUY,LIMIT,IOC,670,2499.58,2489.71,FILLED,233,670
2024-02-09 11:50:24.164,BUY,LIMIT,IOC,3,2502.92,2493.27,FILLED,3,3
2024-02-09 11:50:26.028,BUY,LIMIT,IOC,13,2504.55,2493.8,FILLED,13,13
2024-02-09 11:51:46.592,BUY,LIMIT,IOC,72,2507.82,2495.57,FILLED,72,72
2024-02-09 11:53:58.327,BUY,LIMIT,IOC,10000,2510.7,2495.8,FILLED,10000,10000
2024-02-09 11:54:52.413,BUY,LIMIT,IOC,139,2509.44,2498.79,FILLED,139,139
2024-02-09 11:54:53.656,BUY,LIMIT,IOC,625,2510.44,2499.69,FILLED,91,625
2024-02-09 11:54:56.023,BUY,LIMIT,IOC,2,2511.92,2499.43,FILLED,2,2
2024-02-09 11:54:57.181,BUY,LIMIT,IOC,800,2512.23,2501.52,FILLED,201,800
2024-02-09 11:54:58.691,BUY,LIMIT,IOC,4948,2514.02,2503.37,FILLED,1133,4948
2024-02-09 11:55:00.223,BUY,LIMIT,IOC,506,2514.68,2504.47,FILLED,505,506
2024-02-09 11:55:02.524,BUY,LIMIT,IOC,90,2515.75,2505.0,FILLED,90,90
2024-02-09 11:55:04.281,BUY,LIMIT,IOC,1104,2517.55,2505.84,FILLED,1104,1104
2024-02-09 12:03:06.355,BUY,LIMIT,IOC,2,2519.09,2508.8,FILLED,2,2
2024-02-09 12:05:24.037,BUY,LIMIT,IOC,1356,2520.45,2509.14,FILLED,249,1356
2024-02-09 12:05:26.578,BUY,LIMIT,IOC,12,2521.34,2510.4,FILLED,12,12
2024-02-09 12:08:09.506,BUY,LIMIT,IOC,400,2522.35,2515.61,FILLED,1,400
2024-02-09 12:08:12.401,BUY,LIMIT,IOC,1,2525.89,2519.83,FILLED,1,1
2024-02-09 12:08:14.444,BUY,LIMIT,IOC,14,2529.84,2524.88,FILLED,14,14
2024-02-09 14:20:43.111,SELL,LIMIT,IOC,17,2489.26,2497.05,FILLED,16,17
2024-02-09 14:20:44.490,SELL,LIMIT,IOC,119,2488.69,2492.16,FILLED,91,119
2024-02-09 14:20:45.683,SELL,LIMIT,IOC,1178,2484.9,2494.92,FILLED,1178,1178
2024-02-09 14:20:56.432,SELL,LIMIT,IOC,36,2479.38,2484.75,FILLED,36,36
2024-02-09 14:20:57.495,SELL,LIMIT,IOC,3779,2476.45,2482.22,FILLED,778,3779
2024-02-09 14:20:58.687,SELL,LIMIT,IOC,387,2471.84,2484.31,FILLED,387,387
2024-02-09 14:25:57.186,SELL,LIMIT,IOC,1,2471.2,2482.85,FILLED,1,1
2024-02-09 14:31:52.223,BUY,LIMIT,IOC,101,2507.33,2495.43,FILLED,101,101
2024-02-09 15:02:09.349,SELL,LIMIT,IOC,159,2473.88,2485.08,FILLED,159,159
2024-02-09 15:16:05.058,SELL,LIMIT,IOC,5,2468.42,2477.67,FILLED,4,5
2024-02-09 17:21:17.714,BUY,LIMIT,IOC,13,2511.31,2499.56,FILLED,13,13
2024-02-09 18:15:25.731,BUY,LIMIT,IOC,38,2522.97,2510.4,FILLED,38,38
2024-02-09 18:32:56.476,BUY,LIMIT,IOC,290,2535.3,2523.8,FILLED,290,290
2024-02-09 19:10:17.482,SELL,LIMIT,IOC,1165,2473.72,2484.6,FILLED,683,1165
2024-02-10 00:51:50.830,SELL,LIMIT,IOC,7,2472.89,2484.33,FILLED,7,7
2024-02-10 07:57:37.423,SELL,LIMIT,IOC,122,2484.49,2496.31,FILLED,120,122
2024-02-10 08:00:06.202,SELL,LIMIT,IOC,41,2482.46,2494.53,FILLED,41,41
2024-02-10 08:45:49.225,SELL,LIMIT,IOC,59,2479.63,2491.15,FILLED,8,59
2024-02-10 08:47:37.307,SELL,LIMIT,IOC,1,2478.11,2490.02,FILLED,1,1
2024-02-10 10:45:28.830,SELL,LIMIT,IOC,98,2471.44,2482.99,FILLED,98,98
2024-02-10 10:46:23.151,SELL,LIMIT,IOC,254,2470.06,2481.99,FILLED,254,254
2024-02-10 10:48:45.662,SELL,LIMIT,IOC,33717,2463.55,2478.48,FILLED,687,33717
2024-02-10 10:49:20.749,SELL,LIMIT,IOC,500,2467.47,2478.79,FILLED,500,500
2024-02-10 10:49:31.123,SELL,LIMIT,IOC,12,2466.72,2478.5,FILLED,12,12
2024-02-10 10:49:34.201,SELL,LIMIT,IOC,243,2466.39,2478.39,FILLED,59,243
2024-02-10 10:53:00.536,SELL,LIMIT,IOC,11,2465.68,2477.32,FILLED,11,11
2024-02-10 10:53:15.511,SELL,LIMIT,IOC,1389,2465.12,2474.07,FILLED,189,1389
2024-02-10 20:47:52.282,BUY,LIMIT,IOC,969,2523.43,2511.29,FILLED,307,969
2024-02-10 21:04:34.375,BUY,LIMIT,IOC,14,2525.16,2512.6,FILLED,14,14
2024-02-10 21:22:52.232,BUY,LIMIT,IOC,109,2527.92,2515.3,FILLED,109,109
2024-02-10 21:23:12.403,BUY,LIMIT,IOC,40,2528.11,2515.69,FILLED,40,40
2024-02-10 22:08:57.100,SELL,LIMIT,IOC,2732,2491.58,2503.25,FILLED,2046,2732
2024-02-10 22:09:36.336,SELL,LIMIT,IOC,459,2489.78,2501.31,FILLED,459,459
2024-02-10 22:10:33.297,SELL,LIMIT,IOC,1,2486.19,2497.01,FILLED,1,1
2024-02-10 22:35:13.249,SELL,LIMIT,IOC,72,2481.24,2492.13,FILLED,27,72
2024-02-11 03:35:50.865,BUY,LIMIT,IOC,373,2530.5,2519.52,FILLED,373,373
2024-02-11 03:36:35.232,BUY,LIMIT,IOC,13,2532.95,2521.69,FILLED,13,13
2024-02-11 03:56:54.898,BUY,LIMIT,IOC,30,2538.31,2526.07,FILLED,30,30
2024-02-11 04:00:03.543,BUY,LIMIT,IOC,210,2542.03,2531.61,FILLED,209,210
2024-02-11 04:00:05.587,BUY,LIMIT,IOC,344,2543.8,2534.28,FILLED,344,344
2024-02-11 04:00:07.346,BUY,LIMIT,IOC,6231,2547.64,2537.74,FILLED,3436,6231
2024-02-11 08:20:09.389,BUY,LIMIT,IOC,814,2551.34,2539.74,FILLED,115,814
2024-02-11 10:27:57.129,SELL,LIMIT,IOC,10,2505.58,2517.2,FILLED,10,10
2024-02-11 13:19:37.407,SELL,LIMIT,IOC,348,2507.0,2518.8,FILLED,314,348
2024-02-11 13:56:04.750,SELL,LIMIT,IOC,2,2500.0,2512.0,FILLED,2,2
2024-02-11 13:56:23.290,SELL,LIMIT,IOC,4,2498.51,2509.77,FILLED,4,4
2024-02-11 16:12:55.035,SELL,LIMIT,IOC,11,2491.64,2502.45,FILLED,11,11
2024-02-11 16:14:24.749,SELL,LIMIT,IOC,15,2489.1,2501.22,FILLED,15,15
2024-02-11 18:30:21.055,SELL,LIMIT,IOC,31,2490.29,2502.55,FILLED,31,31
2024-02-11 18:31:44.246,SELL,LIMIT,IOC,1,2488.66,2500.22,FILLED,1,1
2024-02-11 18:32:54.180,SELL,LIMIT,IOC,51,2486.59,2496.58,FILLED,51,51
2024-02-11 20:54:18.181,SELL,LIMIT,IOC,171,2483.45,2493.3,FILLED,171,171
2024-02-12 00:23:52.494,BUY,LIMIT,IOC,6,2528.29,2516.62,FILLED,6,6
2024-02-12 00:26:41.642,BUY,LIMIT,IOC,25,2531.38,2519.4,FILLED,20,25
2024-02-12 06:45:25.518,SELL,LIMIT,IOC,342,2477.99,2487.44,FILLED,342,342
2024-02-12 06:45:27.585,SELL,LIMIT,IOC,649,2476.96,2487.76,FILLED,108,649
2024-02-12 06:46:12.468,SELL,LIMIT,IOC,49,2476.29,2487.7,FILLED,49,49
2024-02-12 06:46:15.034,SELL,LIMIT,IOC,35,2475.84,2485.43,FILLED,34,35
2024-02-12 06:46:20.081,SELL,LIMIT,IOC,509,2474.24,2482.9,FILLED,509,509
2024-02-12 06:47:40.220,SELL,LIMIT,IOC,1684,2469.97,2486.01,FILLED,231,1684
2024-02-12 08:59:08.321,SELL,LIMIT,IOC,351,2478.19,2490.63,FILLED,351,351
2024-02-12 09:08:43.141,SELL,LIMIT,IOC,17,2474.49,2486.6,FILLED,17,17
2024-02-12 09:51:11.775,SELL,LIMIT,IOC,2662,2467.21,2479.06,FILLED,291,2662
2024-02-12 09:51:31.303,SELL,LIMIT,IOC,130,2466.53,2476.94,FILLED,9,130
2024-02-12 09:51:44.663,SELL,LIMIT,IOC,392,2464.09,2474.09,FILLED,93,392
2024-02-12 09:51:46.147,SELL,LIMIT,IOC,131,2461.92,2473.09,FILLED,13,131
2024-02-12 09:51:47.487,SELL,LIMIT,IOC,11,2461.37,2472.63,FILLED,11,11
2024-02-12 14:32:04.216,BUY,LIMIT,IOC,142,2509.17,2497.39,FILLED,142,142
2024-02-12 14:32:40.652,BUY,LIMIT,IOC,3,2510.97,2498.43,FILLED,3,3
2024-02-12 14:52:13.566,BUY,LIMIT,IOC,7,2532.35,2520.0,FILLED,7,7
2024-02-12 14:52:17.040,BUY,LIMIT,IOC,2,2533.02,2520.88,FILLED,2,2
2024-02-12 14:52:24.514,BUY,LIMIT,IOC,402,2533.44,2521.19,FILLED,2,402
2024-02-12 14:59:14.661,BUY,LIMIT,IOC,80,2542.52,2529.4,FILLED,39,80
2024-02-12 15:10:16.399,BUY,LIMIT,IOC,26,2545.39,2533.22,FILLED,26,26
2024-02-12 15:32:23.778,BUY,LIMIT,IOC,60,2547.72,2535.72,FILLED,60,60
2024-02-12 15:32:28.233,BUY,LIMIT,IOC,7,2548.67,2536.27,FILLED,7,7
2024-02-12 15:34:06.145,BUY,LIMIT,IOC,900,2557.07,2546.5,FILLED,365,900
2024-02-12 15:34:07.823,BUY,LIMIT,IOC,800,2557.51,2548.68,FILLED,171,800
2024-02-12 15:35:15.540,BUY,LIMIT,IOC,77,2559.47,2547.44,FILLED,77,77
2024-02-12 15:35:23.318,BUY,LIMIT,IOC,142,2560.26,2548.1,FILLED,19,142
2024-02-12 15:35:35.301,BUY,LIMIT,IOC,228,2561.05,2547.93,FILLED,228,228
2024-02-12 15:39:16.648,BUY,LIMIT,IOC,8,2562.52,2550.82,FILLED,8,8
2024-02-12 15:41:07.050,BUY,LIMIT,IOC,979,2564.25,2551.94,FILLED,684,979
2024-02-12 15:48:53.617,BUY,LIMIT,IOC,96,2571.53,2559.26,FILLED,96,96
2024-02-12 15:49:07.721,BUY,LIMIT,IOC,212,2571.93,2560.54,FILLED,178,212
2024-02-12 15:49:09.431,BUY,LIMIT,IOC,2,2572.63,2560.35,FILLED,2,2
2024-02-12 15:49:11.464,BUY,LIMIT,IOC,3732,2573.07,2561.11,FILLED,220,3732
2024-02-12 15:49:13.413,BUY,LIMIT,IOC,26,2573.35,2562.16,FILLED,26,26
2024-02-12 15:50:24.222,BUY,LIMIT,IOC,237,2576.12,2563.43,FILLED,237,237
2024-02-12 16:03:08.403,SELL,LIMIT,IOC,287,2533.05,2544.43,FILLED,278,287
2024-02-12 17:14:22.525,BUY,LIMIT,IOC,6,2576.64,2564.29,FILLED,5,6
2024-02-12 17:22:56.515,BUY,LIMIT,IOC,1104,2580.88,2568.55,FILLED,1104,1104
2024-02-12 17:23:03.041,BUY,LIMIT,IOC,1690,2582.98,2570.56,FILLED,1065,1690
2024-02-12 17:24:24.027,BUY,LIMIT,IOC,78,2584.55,2572.88,FILLED,78,78
2024-02-12 17:24:25.252,BUY,LIMIT,IOC,30,2584.79,2573.4,FILLED,30,30
2024-02-12 17:25:49.328,BUY,LIMIT,IOC,195,2586.89,2574.0,FILLED,195,195
2024-02-12 17:26:05.213,BUY,LIMIT,IOC,79,2587.84,2575.15,FILLED,75,79
2024-02-12 17:26:18.037,BUY,LIMIT,IOC,30,2589.23,2577.08,FILLED,30,30
2024-02-12 17:27:24.392,BUY,LIMIT,IOC,1331,2591.37,2583.87,FILLED,843,1331
2024-02-12 17:27:26.468,BUY,LIMIT,IOC,43,2592.63,2585.75,FILLED,43,43
2024-02-12 17:27:27.899,BUY,LIMIT,IOC,64,2596.07,2584.14,FILLED,64,64
2024-02-12 17:27:42.070,BUY,LIMIT,IOC,500,2600.14,2593.92,FILLED,500,500
2024-02-12 17:27:46.804,BUY,LIMIT,IOC,491,2603.94,2592.45,FILLED,104,491
2024-02-12 17:27:48.169,BUY,LIMIT,IOC,8819,2607.29,2595.99,FILLED,117,8819
2024-02-12 17:27:49.294,BUY,LIMIT,IOC,59,2606.24,2599.21,FILLED,55,59
2024-02-12 17:27:50.485,BUY,LIMIT,IOC,7,2608.3,2596.22,FILLED,7,7
2024-02-12 17:27:57.282,BUY,LIMIT,IOC,2050,2609.85,2598.29,FILLED,256,2050
2024-02-12 17:29:53.384,BUY,LIMIT,IOC,37,2610.3,2599.21,FILLED,37,37
2024-02-12 17:30:04.811,BUY,LIMIT,IOC,15,2611.51,2599.93,FILLED,15,15
2024-02-12 17:30:07.623,BUY,LIMIT,IOC,260,2611.99,2600.88,FILLED,260,260
2024-02-12 17:31:40.098,BUY,LIMIT,IOC,1320,2615.66,2607.36,FILLED,1320,1320
2024-02-12 17:31:42.223,BUY,LIMIT,IOC,2,2616.19,2609.27,FILLED,2,2
2024-02-12 17:31:43.294,BUY,LIMIT,IOC,99,2618.66,2608.09,FILLED,99,99
2024-02-12 17:32:03.221,BUY,LIMIT,IOC,109,2620.02,2610.07,FILLED,109,109
2024-02-12 17:32:57.701,BUY,LIMIT,IOC,1907,2621.19,2609.9,FILLED,293,1907
2024-02-12 17:33:05.209,BUY,LIMIT,IOC,5451,2623.3,2611.21,FILLED,274,5451
2024-02-12 17:33:15.243,BUY,LIMIT,IOC,6,2623.23,2611.61,FILLED,6,6
2024-02-12 17:33:16.308,BUY,LIMIT,IOC,1,2624.07,2613.16,FILLED,1,1
2024-02-12 17:33:18.708,BUY,LIMIT,IOC,200,2624.92,2613.24,FILLED,200,200
2024-02-12 17:33:31.871,BUY,LIMIT,IOC,1660,2626.21,2617.55,FILLED,1019,1660
2024-02-12 17:33:33.281,BUY,LIMIT,IOC,720,2628.15,2617.29,FILLED,720,720
2024-02-12 17:51:08.686,BUY,LIMIT,IOC,327,2630.06,2617.46,FILLED,327,327
2024-02-12 18:12:37.587,BUY,LIMIT,IOC,2542,2631.14,2619.08,FILLED,161,2542
2024-02-12 18:25:52.203,BUY,LIMIT,IOC,4,2637.59,2625.73,FILLED,4,4
2024-02-12 18:27:42.295,BUY,LIMIT,IOC,114,2639.35,2629.33,FILLED,114,114
2024-02-12 18:29:07.641,BUY,LIMIT,IOC,1,2641.0,2630.47,FILLED,1,1
2024-02-12 18:29:10.757,BUY,LIMIT,IOC,221,2643.21,2634.3,FILLED,57,221
2024-02-12 18:29:11.898,BUY,LIMIT,IOC,88,2644.33,2634.49,FILLED,88,88
2024-02-12 19:15:22.392,BUY,LIMIT,IOC,65,2647.94,2635.97,FILLED,65,65
2024-02-12 19:15:31.387,BUY,LIMIT,IOC,544,2649.55,2638.36,FILLED,41,544
2024-02-12 19:15:33.575,BUY,LIMIT,IOC,130,2650.2,2638.72,FILLED,5,130
2024-02-12 19:15:37.253,BUY,LIMIT,IOC,1,2651.46,2640.2,FILLED,1,1
2024-02-12 19:15:39.375,BUY,LIMIT,IOC,141,2652.52,2639.02,FILLED,141,141
2024-02-12 19:33:50.756,SELL,LIMIT,IOC,115,2607.28,2620.14,FILLED,32,115
2024-02-12 19:48:35.188,SELL,LIMIT,IOC,12,2603.55,2616.33,FILLED,12,12
2024-02-12 19:49:10.472,SELL,LIMIT,IOC,3,2601.34,2614.56,FILLED,3,3
2024-02-12 20:54:47.336,BUY,LIMIT,IOC,2,2654.19,2650.86,FILLED,2,2
2024-02-12 20:54:48.408,BUY,LIMIT,IOC,84,2660.73,2647.43,FILLED,84,84
2024-02-12 21:14:47.345,BUY,LIMIT,IOC,27,2662.38,2649.41,FILLED,25,27
2024-02-12 21:19:06.420,BUY,LIMIT,IOC,108,2663.5,2653.22,FILLED,108,108
2024-02-12 21:19:07.759,BUY,LIMIT,IOC,720,2665.91,2653.86,FILLED,75,720
2024-02-12 21:20:45.612,BUY,LIMIT,IOC,130,2667.55,2654.81,FILLED,130,130
2024-02-12 22:39:37.569,BUY,LIMIT,IOC,22,2667.34,2654.9,FILLED,22,22
2024-02-12 22:39:44.819,BUY,LIMIT,IOC,15,2668.2,2655.79,FILLED,15,15
2024-02-12 22:39:53.402,BUY,LIMIT,IOC,11,2670.6,2658.88,FILLED,11,11
2024-02-12 22:39:57.496,BUY,LIMIT,IOC,48,2671.93,2661.73,FILLED,48,48
2024-02-12 22:39:58.597,BUY,LIMIT,IOC,184,2672.42,2659.73,FILLED,184,184
2024-02-12 22:40:14.149,BUY,LIMIT,IOC,144,2674.34,2664.22,FILLED,143,144
2024-02-12 22:40:16.271,BUY,LIMIT,IOC,3965,2677.23,2665.95,FILLED,15,3965
2024-02-12 22:40:19.036,BUY,LIMIT,IOC,1000,2678.79,2666.28,FILLED,1000,1000
2024-02-12 22:40:20.352,BUY,LIMIT,IOC,44,2678.95,2666.28,FILLED,44,44
2024-02-13 00:00:59.744,BUY,LIMIT,IOC,1897,2682.18,2667.42,FILLED,89,1897
2024-02-13 00:01:57.827,BUY,LIMIT,IOC,27,2683.05,2671.0,FILLED,2,27
2024-02-13 00:05:34.388,BUY,LIMIT,IOC,3482,2684.07,2670.94,FILLED,1133,3482
2024-02-13 00:05:43.349,BUY,LIMIT,IOC,38,2685.18,2673.49,FILLED,38,38
2024-02-13 00:05:44.536,BUY,LIMIT,IOC,138,2685.89,2673.2,FILLED,138,138
2024-02-13 00:07:41.663,BUY,LIMIT,IOC,35,2687.03,2675.55,FILLED,21,35
2024-02-13 00:07:43.782,BUY,LIMIT,IOC,22,2688.21,2676.4,FILLED,22,22
2024-02-13 00:07:49.514,BUY,LIMIT,IOC,116,2690.63,2679.29,FILLED,116,116
2024-02-13 00:07:51.341,BUY,LIMIT,IOC,195,2691.37,2680.4,FILLED,35,195
2024-02-13 00:07:53.696,BUY,LIMIT,IOC,404,2694.51,2681.06,FILLED,404,404
2024-02-13 00:07:58.455,BUY,LIMIT,IOC,1500,2695.85,2684.89,FILLED,223,1500
2024-02-13 00:08:00.601,BUY,LIMIT,IOC,24,2697.18,2686.38,FILLED,24,24
2024-02-13 02:11:44.717,SELL,LIMIT,IOC,231,2655.64,2668.7,FILLED,231,231
2024-02-13 03:10:49.663,SELL,LIMIT,IOC,6,2642.18,2655.16,FILLED,6,6
2024-02-13 03:37:29.925,SELL,LIMIT,IOC,13,2630.7,2644.39,FILLED,13,13
2024-02-13 03:53:19.129,SELL,LIMIT,IOC,11,2629.05,2641.21,FILLED,10,11
2024-02-13 08:12:14.175,BUY,LIMIT,IOC,2,2673.33,2660.39,FILLED,2,2
2024-02-13 08:43:26.555,BUY,LIMIT,IOC,97,2675.98,2663.41,FILLED,97,97
2024-02-13 08:59:02.249,BUY,LIMIT,IOC,20,2678.46,2666.92,FILLED,20,20
2024-02-13 09:47:12.145,BUY,LIMIT,IOC,942,2687.98,2675.92,FILLED,130,942
2024-02-13 09:55:45.365,BUY,LIMIT,IOC,22,2692.26,2679.6,FILLED,22,22
2024-02-13 11:15:36.688,SELL,LIMIT,IOC,10,2651.73,2664.04,FILLED,10,10
2024-02-13 11:43:32.329,BUY,LIMIT,IOC,40,2695.39,2682.6,FILLED,40,40
2024-02-13 11:44:50.588,BUY,LIMIT,IOC,431,2696.92,2683.63,FILLED,346,431
2024-02-13 11:52:38.624,BUY,LIMIT,IOC,12,2698.03,2685.76,FILLED,12,12
2024-02-13 12:50:56.167,SELL,LIMIT,IOC,103,2657.28,2670.2,FILLED,87,103
2024-02-13 12:51:01.855,SELL,LIMIT,IOC,20,2656.68,2668.59,FILLED,20,20
2024-02-13 13:30:04.800,SELL,LIMIT,IOC,659,2650.61,2662.39,FILLED,659,659
2024-02-13 13:30:14.366,SELL,LIMIT,IOC,305,2646.37,2659.73,FILLED,79,305
2024-02-13 13:31:13.408,SELL,LIMIT,IOC,6853,2643.83,2658.19,FILLED,813,6853
2024-02-13 13:33:17.222,SELL,LIMIT,IOC,3,2641.79,2653.79,FILLED,3,3
2024-02-13 13:36:48.312,SELL,LIMIT,IOC,6,2628.78,2640.93,FILLED,6,6
2024-02-13 13:36:52.093,SELL,LIMIT,IOC,59554,2614.49,2620.54,FILLED,19113,59554
2024-02-13 13:36:53.136,SELL,LIMIT,IOC,89,2616.27,2618.8,FILLED,89,89
2024-02-13 13:36:54.596,SELL,LIMIT,IOC,56002,2604.1,2621.34,FILLED,4078,56002
2024-02-13 13:36:57.132,SELL,LIMIT,IOC,1000,2610.78,2620.05,FILLED,312,1000
2024-02-13 13:37:03.763,SELL,LIMIT,IOC,5471,2603.17,2614.06,FILLED,2921,5471
2024-02-13 13:51:56.969,BUY,LIMIT,IOC,6793,2672.92,2661.66,FILLED,2507,6793
2024-02-13 14:07:56.859,SELL,LIMIT,IOC,119,2627.07,2640.31,FILLED,119,119
2024-02-13 14:11:36.127,SELL,LIMIT,IOC,642,2621.59,2634.37,FILLED,23,642
2024-02-13 14:12:31.391,SELL,LIMIT,IOC,78,2617.26,2630.34,FILLED,78,78
2024-02-13 14:12:46.792,SELL,LIMIT,IOC,1069,2616.06,2627.39,FILLED,901,1069
2024-02-13 14:12:50.074,SELL,LIMIT,IOC,804,2613.43,2625.13,FILLED,804,804
2024-02-13 14:14:02.142,SELL,LIMIT,IOC,83,2608.11,2620.59,FILLED,83,83
2024-02-13 14:21:28.223,SELL,LIMIT,IOC,300,2611.61,2624.79,FILLED,300,300
2024-02-13 14:21:31.836,SELL,LIMIT,IOC,513,2610.86,2622.63,FILLED,147,513
2024-02-13 14:21:38.719,SELL,LIMIT,IOC,275,2605.25,2614.23,FILLED,138,275
2024-02-13 14:21:41.157,SELL,LIMIT,IOC,8544,2598.75,2610.14,FILLED,1878,8544
2024-02-13 14:21:42.606,SELL,LIMIT,IOC,620,2599.37,2611.01,FILLED,225,620
2024-02-13 14:21:45.321,SELL,LIMIT,IOC,803,2598.7,2612.29,FILLED,408,803
2024-02-13 14:22:35.608,SELL,LIMIT,IOC,1803,2590.37,2595.76,FILLED,603,1803
2024-02-13 14:22:36.811,SELL,LIMIT,IOC,506,2583.8,2596.73,FILLED,351,506
2024-02-13 14:24:04.374,SELL,LIMIT,IOC,125,2582.08,2595.8,FILLED,69,125
2024-02-13 14:24:07.387,SELL,LIMIT,IOC,21,2580.02,2592.46,FILLED,21,21
2024-02-13 14:32:35.271,BUY,LIMIT,IOC,269,2638.18,2627.58,FILLED,21,269
2024-02-13 15:13:20.471,SELL,LIMIT,IOC,2887,2609.36,2622.67,FILLED,700,2887
2024-02-13 15:13:24.212,SELL,LIMIT,IOC,29,2607.1,2620.19,FILLED,29,29
2024-02-13 15:14:50.665,SELL,LIMIT,IOC,2,2600.67,2614.4,FILLED,2,2
2024-02-13 15:23:52.145,BUY,LIMIT,IOC,58,2640.71,2628.91,FILLED,16,58
2024-02-13 15:24:07.928,BUY,LIMIT,IOC,41,2642.9,2629.34,FILLED,41,41
2024-02-13 15:26:37.669,BUY,LIMIT,IOC,18,2646.21,2634.2,FILLED,18,18
2024-02-13 16:13:33.167,SELL,LIMIT,IOC,250,2616.12,2628.75,FILLED,96,250
2024-02-13 16:17:47.719,SELL,LIMIT,IOC,373,2609.65,2622.48,FILLED,193,373
2024-02-13 16:35:25.091,SELL,LIMIT,IOC,737,2612.28,2624.45,FILLED,210,737
2024-02-13 16:40:22.400,SELL,LIMIT,IOC,6,2606.15,2618.02,FILLED,6,6
2024-02-13 16:58:55.655,SELL,LIMIT,IOC,189,2595.33,2607.98,FILLED,189,189
2024-02-13 16:59:51.213,SELL,LIMIT,IOC,4041,2592.53,2605.25,FILLED,188,4041
2024-02-13 17:00:04.494,SELL,LIMIT,IOC,332,2591.15,2603.98,FILLED,332,332
2024-02-13 17:00:08.157,SELL,LIMIT,IOC,16,2590.01,2602.61,FILLED,16,16
2024-02-13 17:00:17.582,SELL,LIMIT,IOC,109,2588.8,2600.44,FILLED,104,109
2024-02-13 17:11:57.548,SELL,LIMIT,IOC,71,2587.26,2600.0,FILLED,71,71
2024-02-13 18:08:23.835,BUY,LIMIT,IOC,25,2641.48,2628.41,FILLED,25,25
2024-02-13 19:52:51.542,SELL,LIMIT,IOC,482,2604.73,2617.67,FILLED,482,482
2024-02-13 20:45:54.044,BUY,LIMIT,IOC,3,2645.26,2632.6,FILLED,3,3
2024-02-13 21:07:07.153,BUY,LIMIT,IOC,40,2649.07,2636.57,FILLED,40,40
2024-02-13 21:10:49.862,BUY,LIMIT,IOC,351,2659.39,2646.39,FILLED,351,351
2024-02-13 21:41:41.189,SELL,LIMIT,IOC,86,2623.44,2635.67,FILLED,61,86
2024-02-13 22:17:17.124,SELL,LIMIT,IOC,3,2611.41,2620.1,FILLED,3,3
2024-02-13 23:54:52.606,BUY,LIMIT,IOC,92,2657.31,2644.57,FILLED,12,92
2024-02-14 00:41:30.503,SELL,LIMIT,IOC,78,2613.91,2625.78,FILLED,78,78
2024-02-14 01:43:02.294,SELL,LIMIT,IOC,1,2611.19,2624.14,FILLED,1,1
2024-02-14 03:01:37.219,BUY,LIMIT,IOC,4,2650.57,2637.36,FILLED,4,4
2024-02-14 07:04:17.273,BUY,LIMIT,IOC,1583,2665.48,2655.89,FILLED,373,1583
2024-02-14 07:04:18.323,BUY,LIMIT,IOC,155,2666.65,2655.61,FILLED,154,155
2024-02-14 08:49:17.609,BUY,LIMIT,IOC,212,2681.35,2668.13,FILLED,212,212
2024-02-14 08:49:53.810,BUY,LIMIT,IOC,19,2684.44,2671.84,FILLED,19,19
2024-02-14 08:50:37.906,BUY,LIMIT,IOC,2,2686.68,2674.66,FILLED,2,2
2024-02-14 08:50:54.784,BUY,LIMIT,IOC,101,2687.62,2676.67,FILLED,18,101
2024-02-14 08:52:16.266,BUY,LIMIT,IOC,106,2692.35,2679.93,FILLED,106,106
2024-02-14 08:52:52.516,BUY,LIMIT,IOC,6955,2697.58,2684.0,FILLED,285,6955
2024-02-14 08:54:35.435,BUY,LIMIT,IOC,20,2704.88,2696.49,FILLED,20,20
2024-02-14 08:54:37.231,BUY,LIMIT,IOC,24,2706.66,2694.81,FILLED,24,24
2024-02-14 08:55:19.565,BUY,LIMIT,IOC,120,2710.02,2699.88,FILLED,87,120
2024-02-14 08:55:33.430,BUY,LIMIT,IOC,1274,2711.69,2700.41,FILLED,384,1274
2024-02-14 08:55:39.276,BUY,LIMIT,IOC,1201,2712.86,2701.41,FILLED,1,1201
2024-02-14 08:57:54.257,BUY,LIMIT,IOC,320,2715.32,2703.23,FILLED,320,320
2024-02-14 08:58:20.342,BUY,LIMIT,IOC,14504,2722.8,2708.23,FILLED,638,14504
2024-02-14 08:58:24.494,BUY,LIMIT,IOC,877,2719.89,2712.11,FILLED,637,877
2024-02-14 08:58:25.847,BUY,LIMIT,IOC,3,2722.76,2711.61,FILLED,3,3
2024-02-14 08:58:36.876,BUY,LIMIT,IOC,1285,2726.23,2715.53,FILLED,253,1285
2024-02-14 09:00:26.575,BUY,LIMIT,IOC,75,2726.85,2715.97,FILLED,65,75
2024-02-14 09:01:12.467,BUY,LIMIT,IOC,7612,2731.54,2715.86,FILLED,943,7612
2024-02-14 09:03:16.262,BUY,LIMIT,IOC,5,2730.74,2717.87,FILLED,5,5
2024-02-14 09:04:07.436,BUY,LIMIT,IOC,34,2732.26,2720.0,FILLED,34,34
2024-02-14 09:04:17.115,BUY,LIMIT,IOC,22,2733.13,2722.1,FILLED,22,22
2024-02-14 09:04:22.405,BUY,LIMIT,IOC,4,2735.79,2723.6,FILLED,4,4
2024-02-14 09:04:55.299,BUY,LIMIT,IOC,250,2738.28,2725.94,FILLED,22,250
2024-02-14 09:11:00.217,BUY,LIMIT,IOC,488,2743.65,2733.52,FILLED,175,488
2024-02-14 09:11:01.663,BUY,LIMIT,IOC,29,2744.94,2729.01,FILLED,29,29
2024-02-14 09:28:12.486,BUY,LIMIT,IOC,122,2746.9,2733.8,FILLED,122,122
2024-02-14 09:28:24.668,BUY,LIMIT,IOC,325,2748.32,2737.17,FILLED,325,325
2024-02-14 09:35:09.736,BUY,LIMIT,IOC,50,2749.62,2736.6,FILLED,50,50
2024-02-14 09:35:12.328,BUY,LIMIT,IOC,313,2750.23,2737.52,FILLED,278,313
2024-02-14 09:35:46.329,BUY,LIMIT,IOC,4,2753.89,2741.4,FILLED,4,4
2024-02-14 09:35:47.382,BUY,LIMIT,IOC,51,2754.08,2740.81,FILLED,51,51
2024-02-14 09:36:08.363,BUY,LIMIT,IOC,267,2755.53,2743.61,FILLED,267,267
2024-02-14 09:38:01.142,BUY,LIMIT,IOC,135,2760.27,2746.42,FILLED,4,135
2024-02-14 10:01:47.361,BUY,LIMIT,IOC,72,2763.84,2750.51,FILLED,72,72
2024-02-14 10:17:49.068,BUY,LIMIT,IOC,1433,2767.98,2755.99,FILLED,4,1433
2024-02-14 10:17:52.971,BUY,LIMIT,IOC,8,2768.82,2757.45,FILLED,8,8
2024-02-14 10:43:40.440,BUY,LIMIT,IOC,100,2773.8,2761.35,FILLED,100,100
2024-02-14 11:06:22.917,SELL,LIMIT,IOC,1200,2734.54,2747.14,FILLED,282,1200
2024-02-14 12:52:20.736,SELL,LIMIT,IOC,14,2720.77,2735.28,FILLED,14,14
2024-02-14 13:18:51.730,BUY,LIMIT,IOC,474,2763.06,2749.39,FILLED,408,474
2024-02-14 13:57:25.147,BUY,LIMIT,IOC,120000,2806.42,2766.0,FILLED,120000,120000
2024-02-14 13:57:26.732,BUY,LIMIT,IOC,541,2779.14,2767.9,FILLED,541,541
2024-02-14 13:57:28.231,BUY,LIMIT,IOC,1,2780.97,2768.63,FILLED,1,1
2024-02-14 13:57:32.551,BUY,LIMIT,IOC,1,2782.14,2771.59,FILLED,1,1
2024-02-14 13:57:34.497,BUY,LIMIT,IOC,36,2784.54,2771.62,FILLED,36,36
2024-02-14 14:32:39.581,BUY,LIMIT,IOC,14,2786.02,2774.58,FILLED,2,14
2024-02-14 14:32:40.631,BUY,LIMIT,IOC,61,2786.78,2775.0,FILLED,61,61
2024-02-14 14:33:49.232,SELL,LIMIT,IOC,45,2746.71,2759.23,FILLED,45,45
2024-02-14 15:10:19.161,SELL,LIMIT,IOC,186,2734.09,2746.6,FILLED,184,186
2024-02-14 15:10:42.868,SELL,LIMIT,IOC,214,2731.68,2746.2,FILLED,214,214
2024-02-14 15:11:58.025,SELL,LIMIT,IOC,4153,2729.09,2742.69,FILLED,905,4153
2024-02-14 15:16:35.573,SELL,LIMIT,IOC,5479,2719.04,2732.95,FILLED,390,5479
2024-02-14 15:29:08.223,BUY,LIMIT,IOC,12,2773.57,2760.0,FILLED,12,12
2024-02-14 15:52:29.548,SELL,LIMIT,IOC,132,2731.43,2744.95,FILLED,132,132
2024-02-14 16:11:23.220,SELL,LIMIT,IOC,44,2728.17,2741.09,FILLED,44,44
2024-02-14 16:11:24.763,SELL,LIMIT,IOC,705,2727.95,2741.09,FILLED,65,705
2024-02-14 16:21:10.270,SELL,LIMIT,IOC,824,2720.91,2734.08,FILLED,12,824
2024-02-14 16:47:04.868,BUY,LIMIT,IOC,150,2765.44,2752.34,FILLED,27,150
2024-02-14 18:15:51.705,SELL,LIMIT,IOC,228,2717.66,2731.4,FILLED,228,228
2024-02-14 18:17:09.521,SELL,LIMIT,IOC,155,2717.09,2730.08,FILLED,155,155
2024-02-14 18:17:11.820,SELL,LIMIT,IOC,208,2716.07,2729.54,FILLED,49,208
2024-02-14 18:50:36.214,BUY,LIMIT,IOC,14,2767.26,2753.56,FILLED,14,14
2024-02-14 19:30:51.345,BUY,LIMIT,IOC,534,2771.8,2758.57,FILLED,534,534
2024-02-14 21:45:28.662,BUY,LIMIT,IOC,1,2789.05,2779.3,FILLED,1,1
2024-02-14 21:48:35.322,BUY,LIMIT,IOC,175,2792.01,2779.0,FILLED,175,175
2024-02-14 21:53:34.732,BUY,LIMIT,IOC,2959,2793.61,2779.99,FILLED,2553,2959
2024-02-14 21:54:16.416,BUY,LIMIT,IOC,13,2795.53,2784.65,FILLED,11,13
2024-02-14 21:54:22.133,BUY,LIMIT,IOC,4345,2798.59,2787.31,FILLED,840,4345
2024-02-14 21:54:29.114,BUY,LIMIT,IOC,85,2800.8,2789.04,FILLED,36,85
2024-02-14 21:54:33.354,BUY,LIMIT,IOC,424,2801.89,2788.61,FILLED,424,424
2024-02-14 22:33:36.242,SELL,LIMIT,IOC,621,2756.95,2770.44,FILLED,621,621
2024-02-15 00:20:18.524,BUY,LIMIT,IOC,30,2804.24,2791.61,FILLED,30,30
2024-02-15 00:21:34.296,BUY,LIMIT,IOC,1979,2805.07,2791.99,FILLED,1101,1979
2024-02-15 00:21:36.368,BUY,LIMIT,IOC,118,2807.74,2795.85,FILLED,118,118
2024-02-15 00:21:37.444,BUY,LIMIT,IOC,490,2808.87,2795.28,FILLED,490,490
2024-02-15 00:21:54.046,BUY,LIMIT,IOC,1965,2809.93,2799.14,FILLED,542,1965
2024-02-15 00:21:57.549,BUY,LIMIT,IOC,308,2812.3,2800.2,FILLED,308,308
2024-02-15 00:22:00.361,BUY,LIMIT,IOC,14394,2816.02,2800.26,FILLED,107,14394
2024-02-15 00:22:12.538,BUY,LIMIT,IOC,90,2813.5,2801.21,FILLED,90,90
2024-02-15 00:23:37.094,BUY,LIMIT,IOC,15,2816.82,2809.18,FILLED,15,15
2024-02-15 00:23:39.067,BUY,LIMIT,IOC,541,2821.03,2807.42,FILLED,44,541
2024-02-15 00:23:43.155,BUY,LIMIT,IOC,41278,2829.08,2809.61,FILLED,426,41278
2024-02-15 00:23:47.046,BUY,LIMIT,IOC,12,2823.45,2813.03,FILLED,11,12
2024-02-15 00:28:22.678,BUY,LIMIT,IOC,1829,2824.5,2811.6,FILLED,829,1829
2024-02-15 00:32:58.772,BUY,LIMIT,IOC,363,2826.88,2813.52,FILLED,74,363
2024-02-15 00:33:04.772,BUY,LIMIT,IOC,1349,2827.27,2813.99,FILLED,291,1349
2024-02-15 00:33:33.527,BUY,LIMIT,IOC,199,2829.83,2816.33,FILLED,199,199
2024-02-15 00:33:38.532,BUY,LIMIT,IOC,6,2830.49,2817.57,FILLED,6,6
2024-02-15 00:34:10.596,BUY,LIMIT,IOC,170,2832.96,2820.28,FILLED,168,170
2024-02-15 00:34:11.732,BUY,LIMIT,IOC,18,2833.39,2820.77,FILLED,18,18
2024-02-15 00:34:27.661,BUY,LIMIT,IOC,2132,2834.68,2821.55,FILLED,55,2132
2024-02-15 00:34:54.104,BUY,LIMIT,IOC,85,2836.17,2823.6,FILLED,85,85
2024-02-15 00:34:59.344,BUY,LIMIT,IOC,136,2837.02,2824.81,FILLED,136,136
2024-02-15 00:35:00.653,BUY,LIMIT,IOC,1634,2837.75,2825.0,FILLED,176,1634
2024-02-15 00:35:34.383,BUY,LIMIT,IOC,6155,2839.62,2825.7,FILLED,185,6155
2024-02-15 00:35:37.439,BUY,LIMIT,IOC,2,2838.95,2826.61,FILLED,2,2
2024-02-15 00:35:39.133,BUY,LIMIT,IOC,8273,2841.87,2827.01,FILLED,4498,8273
2024-02-15 00:36:40.064,BUY,LIMIT,IOC,88,2842.98,2829.66,FILLED,12,88
2024-02-15 00:38:11.749,BUY,LIMIT,IOC,20,2844.28,2830.25,FILLED,20,20
2024-02-15 01:31:16.815,SELL,LIMIT,IOC,20,2778.19,2790.99,FILLED,20,20
2024-02-15 01:32:21.453,SELL,LIMIT,IOC,82,2774.11,2787.62,FILLED,54,82
2024-02-15 01:32:59.373,SELL,LIMIT,IOC,36,2770.93,2784.76,FILLED,36,36
2024-02-15 01:34:04.131,SELL,LIMIT,IOC,215,2767.77,2781.05,FILLED,215,215
2024-02-15 02:07:13.673,BUY,LIMIT,IOC,212,2806.26,2792.27,FILLED,212,212
2024-02-15 02:17:58.832,BUY,LIMIT,IOC,18,2809.41,2797.31,FILLED,18,18
2024-02-15 04:32:36.503,SELL,LIMIT,IOC,3217,2778.53,2792.01,FILLED,504,3217
2024-02-15 05:27:23.616,SELL,LIMIT,IOC,59,2770.16,2782.85,FILLED,49,59
2024-02-15 05:55:22.242,SELL,LIMIT,IOC,156,2753.87,2763.54,FILLED,109,156
2024-02-15 09:18:25.481,BUY,LIMIT,IOC,154,2809.39,2796.4,FILLED,154,154
2024-02-15 10:03:07.528,BUY,LIMIT,IOC,14,2813.42,2799.33,FILLED,14,14
2024-02-15 10:20:04.462,BUY,LIMIT,IOC,4,2817.46,2805.49,FILLED,4,4
2024-02-15 11:37:20.546,SELL,LIMIT,IOC,419,2775.2,2788.8,FILLED,419,419
2024-02-15 12:04:30.453,BUY,LIMIT,IOC,2,2819.96,2807.22,FILLED,2,2
2024-02-15 12:18:27.626,SELL,LIMIT,IOC,100,2771.44,2784.33,FILLED,100,100
2024-02-15 12:19:17.788,SELL,LIMIT,IOC,3,2768.28,2781.22,FILLED,3,3
2024-02-15 13:14:21.071,BUY,LIMIT,IOC,2,2822.84,2811.29,FILLED,2,2
2024-02-15 13:15:09.112,BUY,LIMIT,IOC,391,2825.0,2814.41,FILLED,391,391
2024-02-15 13:15:10.431,BUY,LIMIT,IOC,218,2826.22,2813.46,FILLED,218,218
2024-02-15 13:15:49.657,BUY,LIMIT,IOC,1451,2829.54,2816.81,FILLED,251,1451
2024-02-15 13:36:40.224,SELL,LIMIT,IOC,751,2781.65,2795.54,FILLED,751,751
2024-02-15 13:46:39.356,BUY,LIMIT,IOC,430,2821.74,2808.0,FILLED,393,430
2024-02-15 13:52:32.905,BUY,LIMIT,IOC,139,2827.01,2813.21,FILLED,139,139
2024-02-15 13:56:01.868,BUY,LIMIT,IOC,1096,2830.92,2818.2,FILLED,616,1096
2024-02-15 14:25:16.086,BUY,LIMIT,IOC,1,2840.73,2826.8,FILLED,1,1
2024-02-15 14:25:23.436,BUY,LIMIT,IOC,13,2843.94,2834.0,FILLED,13,13
2024-02-15 14:25:24.639,BUY,LIMIT,IOC,2000,2846.93,2831.49,FILLED,77,2000
2024-02-15 14:27:15.666,BUY,LIMIT,IOC,13,2848.91,2835.2,FILLED,13,13
2024-02-15 14:27:28.113,BUY,LIMIT,IOC,766,2850.46,2837.2,FILLED,470,766
2024-02-15 14:27:29.633,BUY,LIMIT,IOC,2792,2850.92,2837.52,FILLED,60,2792
2024-02-15 14:31:24.704,BUY,LIMIT,IOC,644,2852.04,2841.55,FILLED,644,644
2024-02-15 14:31:34.667,BUY,LIMIT,IOC,5,2856.52,2841.83,FILLED,5,5
2024-02-15 14:31:43.169,BUY,LIMIT,IOC,25,2857.09,2842.88,FILLED,25,25
2024-02-15 14:31:46.047,BUY,LIMIT,IOC,100,2858.08,2844.07,FILLED,100,100
2024-02-15 14:32:03.281,BUY,LIMIT,IOC,7500,2859.9,2843.24,FILLED,3,7500
2024-02-15 14:33:43.349,BUY,LIMIT,IOC,35,2860.07,2848.63,FILLED,28,35
2024-02-15 14:33:58.861,BUY,LIMIT,IOC,77,2863.97,2849.58,FILLED,77,77
2024-02-15 14:34:56.792,BUY,LIMIT,IOC,3,2864.21,2849.21,FILLED,3,3
2024-02-15 14:45:38.458,BUY,LIMIT,IOC,9,2864.83,2853.26,FILLED,9,9
2024-02-15 14:46:12.774,BUY,LIMIT,IOC,14,2867.41,2855.2,FILLED,14,14
2024-02-15 14:51:18.145,BUY,LIMIT,IOC,32,2870.53,2857.61,FILLED,32,32
2024-02-15 14:52:16.902,BUY,LIMIT,IOC,28,2871.88,2858.88,FILLED,28,28
2024-02-15 14:52:39.869,BUY,LIMIT,IOC,304,2873.69,2863.04,FILLED,40,304
2024-02-15 15:02:18.733,BUY,LIMIT,IOC,37,2877.31,2864.41,FILLED,37,37
2024-02-15 15:05:03.754,SELL,LIMIT,IOC,274,2830.08,2843.87,FILLED,274,274
2024-02-15 15:05:46.793,SELL,LIMIT,IOC,286,2826.07,2841.03,FILLED,286,286
2024-02-15 15:09:13.786,BUY,LIMIT,IOC,15,2878.89,2867.73,FILLED,15,15
2024-02-15 15:09:16.063,BUY,LIMIT,IOC,21,2882.83,2870.13,FILLED,21,21
2024-02-15 15:09:18.663,BUY,LIMIT,IOC,20,2884.13,2870.57,FILLED,20,20
2024-02-15 15:09:37.244,BUY,LIMIT,IOC,1,2885.51,2871.81,FILLED,1,1
2024-02-15 15:27:01.778,SELL,LIMIT,IOC,368,2834.68,2847.72,FILLED,127,368
2024-02-15 15:33:05.082,SELL,LIMIT,IOC,1212,2818.69,2831.91,FILLED,363,1212
2024-02-15 15:33:17.360,SELL,LIMIT,IOC,1,2813.3,2825.37,FILLED,1,1
2024-02-15 15:33:23.752,SELL,LIMIT,IOC,519,2808.92,2824.7,FILLED,519,519
2024-02-15 15:38:11.250,BUY,LIMIT,IOC,73,2856.78,2843.5,FILLED,72,73
2024-02-15 16:09:35.194,SELL,LIMIT,IOC,91,2805.08,2819.92,FILLED,91,91
2024-02-15 16:10:43.638,SELL,LIMIT,IOC,4283,2804.62,2818.47,FILLED,179,4283
2024-02-15 16:10:48.744,SELL,LIMIT,IOC,1007,2803.32,2817.19,FILLED,1007,1007
2024-02-15 16:13:40.488,SELL,LIMIT,IOC,1,2799.21,2812.6,FILLED,1,1
2024-02-15 16:13:44.127,SELL,LIMIT,IOC,946,2797.87,2811.96,FILLED,7,946
2024-02-15 16:14:39.506,SELL,LIMIT,IOC,104,2797.44,2811.2,FILLED,104,104
2024-02-15 16:29:14.794,BUY,LIMIT,IOC,300,2850.75,2837.37,FILLED,300,300
2024-02-15 16:41:00.391,BUY,LIMIT,IOC,1,2860.17,2847.03,FILLED,1,1
2024-02-15 17:06:55.240,SELL,LIMIT,IOC,5,2813.55,2829.19,FILLED,5,5
2024-02-15 17:07:49.786,SELL,LIMIT,IOC,1,2811.24,2824.89,FILLED,1,1
2024-02-15 17:14:06.781,SELL,LIMIT,IOC,912,2807.8,2821.59,FILLED,912,912
2024-02-15 17:59:07.399,SELL,LIMIT,IOC,8,2804.02,2818.19,FILLED,8,8
2024-02-15 19:16:57.365,SELL,LIMIT,IOC,569,2803.45,2817.2,FILLED,515,569
2024-02-15 20:16:24.133,SELL,LIMIT,IOC,1704,2811.82,2825.74,FILLED,135,1704
2024-02-15 21:40:55.638,SELL,LIMIT,IOC,57,2809.3,2822.65,FILLED,57,57
2024-02-15 21:54:05.378,SELL,LIMIT,IOC,1,2799.82,2813.4,FILLED,1,1
2024-02-15 21:56:15.871,SELL,LIMIT,IOC,136,2787.09,2799.81,FILLED,136,136
2024-02-15 21:56:16.899,SELL,LIMIT,IOC,28,2785.38,2798.79,FILLED,28,28
2024-02-15 21:56:37.422,SELL,LIMIT,IOC,4,2781.7,2794.4,FILLED,4,4
2024-02-16 00:15:36.345,BUY,LIMIT,IOC,6,2848.17,2835.35,FILLED,6,6
2024-02-16 00:17:59.923,BUY,LIMIT,IOC,282,2857.11,2843.01,FILLED,282,282
2024-02-16 01:12:22.260,BUY,LIMIT,IOC,24,2869.04,2855.8,FILLED,24,24
2024-02-16 01:13:22.024,BUY,LIMIT,IOC,28,2871.16,2857.57,FILLED,28,28
2024-02-16 01:14:33.492,BUY,LIMIT,IOC,1,2872.86,2859.61,FILLED,1,1
2024-02-16 01:15:02.049,BUY,LIMIT,IOC,1,2874.68,2861.87,FILLED,1,1
2024-02-16 07:05:29.502,SELL,LIMIT,IOC,417,2817.8,2831.8,FILLED,416,417
2024-02-16 07:08:07.182,SELL,LIMIT,IOC,17,2814.02,2827.22,FILLED,17,17
2024-02-16 07:37:55.266,SELL,LIMIT,IOC,234,2807.4,2821.35,FILLED,170,234
2024-02-16 07:42:19.459,SELL,LIMIT,IOC,48,2806.66,2820.46,FILLED,48,48
2024-02-16 09:08:23.487,SELL,LIMIT,IOC,16148,2795.35,2811.04,FILLED,1052,16148
2024-02-16 09:09:32.365,SELL,LIMIT,IOC,156,2794.79,2808.94,FILLED,156,156
2024-02-16 09:09:53.252,SELL,LIMIT,IOC,121,2793.32,2806.49,FILLED,121,121
2024-02-16 09:11:28.072,SELL,LIMIT,IOC,93,2785.07,2798.73,FILLED,93,93
2024-02-16 11:03:51.903,BUY,LIMIT,IOC,26,2848.8,2835.2,FILLED,23,26
2024-02-16 12:36:17.337,BUY,LIMIT,IOC,24,2860.28,2847.29,FILLED,24,24
2024-02-16 12:58:10.279,BUY,LIMIT,IOC,308,2861.38,2848.0,FILLED,209,308
2024-02-16 14:03:24.599,SELL,LIMIT,IOC,56,2819.62,2831.95,FILLED,56,56
2024-02-16 14:03:35.723,SELL,LIMIT,IOC,567,2814.21,2828.59,FILLED,567,567
2024-02-16 14:17:43.535,SELL,LIMIT,IOC,61,2805.65,2818.99,FILLED,61,61
2024-02-16 14:18:19.153,SELL,LIMIT,IOC,30,2801.57,2815.0,FILLED,15,30
2024-02-16 14:49:35.840,SELL,LIMIT,IOC,86,2795.35,2809.2,FILLED,86,86
2024-02-16 14:53:15.547,SELL,LIMIT,IOC,1,2784.72,2798.26,FILLED,1,1
2024-02-16 14:53:17.420,SELL,LIMIT,IOC,62006,2774.67,2796.26,FILLED,256,62006
2024-02-16 14:53:20.215,SELL,LIMIT,IOC,68999,2771.14,2794.66,FILLED,6278,68999
2024-02-16 14:54:44.812,SELL,LIMIT,IOC,196,2775.36,2789.41,FILLED,196,196
2024-02-16 15:06:11.803,SELL,LIMIT,IOC,1,2774.62,2787.86,FILLED,1,1
2024-02-16 15:13:23.216,SELL,LIMIT,IOC,111,2766.95,2780.4,FILLED,111,111
2024-02-16 15:13:36.325,SELL,LIMIT,IOC,492,2765.72,2774.19,FILLED,492,492
2024-02-16 15:13:37.853,SELL,LIMIT,IOC,212,2762.93,2775.86,FILLED,212,212
2024-02-16 15:13:39.259,SELL,LIMIT,IOC,328,2761.01,2765.0,FILLED,328,328
2024-02-16 15:13:40.336,SELL,LIMIT,IOC,24,2751.88,2756.4,FILLED,24,24
2024-02-16 15:13:41.440,SELL,LIMIT,IOC,900,2750.32,2752.71,FILLED,200,900
2024-02-16 15:13:42.439,SELL,LIMIT,IOC,1395,2743.01,2745.78,FILLED,587,1395
2024-02-16 15:13:43.462,SELL,LIMIT,IOC,10,2739.93,2747.36,FILLED,10,10
2024-02-16 15:17:25.766,BUY,LIMIT,IOC,66,2792.49,2778.51,FILLED,66,66
2024-02-16 15:36:54.507,SELL,LIMIT,IOC,2,2754.18,2767.99,FILLED,2,2
2024-02-16 17:09:47.784,SELL,LIMIT,IOC,14,2767.07,2780.78,FILLED,14,14
2024-02-16 17:27:21.899,SELL,LIMIT,IOC,75,2762.6,2776.39,FILLED,75,75
2024-02-16 19:54:56.184,SELL,LIMIT,IOC,1,2751.01,2763.3,FILLED,1,1
2024-02-16 19:55:59.041,SELL,LIMIT,IOC,241,2746.14,2759.22,FILLED,241,241
2024-02-16 23:37:10.430,BUY,LIMIT,IOC,1582,2820.08,2807.03,FILLED,382,1582
2024-02-16 23:43:55.042,BUY,LIMIT,IOC,1429,2822.89,2811.55,FILLED,167,1429
2024-02-16 23:44:04.754,BUY,LIMIT,IOC,29,2825.31,2812.13,FILLED,29,29
2024-02-17 01:39:14.681,SELL,LIMIT,IOC,207,2775.0,2787.98,FILLED,207,207
2024-02-17 01:50:16.348,SELL,LIMIT,IOC,67,2770.72,2785.16,FILLED,67,67
2024-02-17 08:37:15.104,SELL,LIMIT,IOC,1,2767.65,2779.93,FILLED,1,1
2024-02-17 08:49:31.298,SELL,LIMIT,IOC,22,2762.18,2774.74,FILLED,22,22
2024-02-17 08:49:32.650,SELL,LIMIT,IOC,7,2761.52,2774.74,FILLED,7,7
2024-02-17 09:06:17.846,SELL,LIMIT,IOC,1,2760.67,2772.97,FILLED,1,1
2024-02-17 09:07:00.319,SELL,LIMIT,IOC,10,2759.1,2772.81,FILLED,10,10
2024-02-17 10:18:19.728,SELL,LIMIT,IOC,49,2756.74,2768.79,FILLED,49,49
2024-02-17 10:27:07.882,SELL,LIMIT,IOC,89,2754.52,2768.38,FILLED,89,89
2024-02-17 13:20:43.781,SELL,LIMIT,IOC,16,2754.73,2769.39,FILLED,16,16
2024-02-17 13:21:33.768,SELL,LIMIT,IOC,1428,2751.72,2764.2,FILLED,1428,1428
2024-02-17 13:21:35.700,SELL,LIMIT,IOC,76,2750.82,2763.39,FILLED,76,76
2024-02-17 13:29:35.609,SELL,LIMIT,IOC,31,2746.9,2758.66,FILLED,31,31
2024-02-17 13:33:20.129,SELL,LIMIT,IOC,4185,2742.64,2752.2,FILLED,445,4185
2024-02-17 13:33:21.666,SELL,LIMIT,IOC,69836,2730.85,2752.32,FILLED,632,69836
2024-02-17 13:35:16.391,SELL,LIMIT,IOC,321,2734.48,2744.22,FILLED,321,321
2024-02-17 13:35:17.522,SELL,LIMIT,IOC,6400,2733.96,2745.23,FILLED,745,6400
2024-02-17 13:35:31.313,SELL,LIMIT,IOC,233,2730.89,2744.69,FILLED,232,233
2024-02-17 14:32:25.370,SELL,LIMIT,IOC,224,2728.79,2737.97,FILLED,224,224
2024-02-17 14:32:28.395,SELL,LIMIT,IOC,1192,2723.15,2736.43,FILLED,440,1192
2024-02-17 14:33:20.436,SELL,LIMIT,IOC,2,2721.84,2730.0,FILLED,2,2
2024-02-17 14:33:21.725,SELL,LIMIT,IOC,469,2719.24,2728.49,FILLED,469,469
2024-02-17 14:34:03.603,SELL,LIMIT,IOC,30,2714.32,2726.51,FILLED,30,30
2024-02-17 14:34:07.376,SELL,LIMIT,IOC,78,2712.21,2723.14,FILLED,47,78
2024-02-17 14:34:08.437,SELL,LIMIT,IOC,284,2711.73,2721.14,FILLED,284,284
2024-02-17 14:34:09.499,SELL,LIMIT,IOC,29,2710.14,2721.09,FILLED,29,29
2024-02-17 14:34:11.685,SELL,LIMIT,IOC,4150,2708.46,2722.96,FILLED,2018,4150
2024-02-17 14:56:47.527,BUY,LIMIT,IOC,3,2754.54,2744.07,FILLED,3,3
2024-02-17 17:07:50.336,BUY,LIMIT,IOC,1,2778.8,2765.61,FILLED,1,1
2024-02-17 17:51:14.280,BUY,LIMIT,IOC,4,2783.82,2772.16,FILLED,4,4
2024-02-17 21:32:23.583,BUY,LIMIT,IOC,72,2812.14,2798.03,FILLED,72,72
2024-02-17 21:35:00.294,BUY,LIMIT,IOC,73,2817.35,2804.4,FILLED,73,73
2024-02-18 01:07:28.476,BUY,LIMIT,IOC,121,2812.7,2799.0,FILLED,121,121
2024-02-18 03:45:16.873,BUY,LIMIT,IOC,6,2798.41,2784.87,FILLED,6,6
2024-02-18 04:30:32.388,BUY,LIMIT,IOC,6,2813.56,2800.29,FILLED,6,6
2024-02-18 05:20:12.180,BUY,LIMIT,IOC,119,2819.23,2806.18,FILLED,119,119
2024-02-18 06:08:45.691,BUY,LIMIT,IOC,8,2823.79,2809.8,FILLED,8,8
2024-02-18 09:01:52.507,BUY,LIMIT,IOC,1,2828.79,2818.11,FILLED,1,1
2024-02-18 09:01:54.123,BUY,LIMIT,IOC,5,2830.85,2817.67,FILLED,4,5
2024-02-18 09:02:53.132,BUY,LIMIT,IOC,271,2834.42,2825.33,FILLED,5,271
2024-02-18 11:11:07.474,SELL,LIMIT,IOC,31,2794.42,2808.32,FILLED,31,31
2024-02-18 11:13:06.729,SELL,LIMIT,IOC,48,2786.15,2800.0,FILLED,48,48
2024-02-18 14:38:18.782,BUY,LIMIT,IOC,4,2826.02,2813.99,FILLED,4,4
2024-02-18 16:17:34.345,SELL,LIMIT,IOC,449,2788.63,2802.32,FILLED,449,449
2024-02-18 16:24:11.466,SELL,LIMIT,IOC,509,2783.64,2797.33,FILLED,505,509
2024-02-18 18:49:06.498,BUY,LIMIT,IOC,189,2841.02,2829.23,FILLED,14,189
2024-02-18 18:49:17.439,BUY,LIMIT,IOC,170,2842.87,2829.02,FILLED,168,170
2024-02-18 18:49:25.691,BUY,LIMIT,IOC,196,2843.22,2829.81,FILLED,196,196
2024-02-18 18:58:17.590,BUY,LIMIT,IOC,165,2850.91,2838.4,FILLED,165,165
2024-02-18 19:30:37.061,BUY,LIMIT,IOC,132,2857.99,2844.2,FILLED,120,132
2024-02-18 19:31:38.378,BUY,LIMIT,IOC,916,2859.24,2846.4,FILLED,396,916
2024-02-18 21:45:05.491,BUY,LIMIT,IOC,2,2862.32,2849.8,FILLED,2,2
2024-02-18 22:01:58.053,BUY,LIMIT,IOC,6,2864.15,2852.26,FILLED,6,6
2024-02-18 22:02:10.047,BUY,LIMIT,IOC,25,2865.32,2851.81,FILLED,25,25
2024-02-18 22:09:45.183,BUY,LIMIT,IOC,10,2869.41,2856.66,FILLED,6,10
2024-02-18 22:09:49.366,BUY,LIMIT,IOC,2,2869.9,2858.24,FILLED,2,2
2024-02-18 22:10:06.051,BUY,LIMIT,IOC,530,2872.4,2862.57,FILLED,530,530
2024-02-18 22:10:07.120,BUY,LIMIT,IOC,1000,2875.21,2864.88,FILLED,713,1000
2024-02-18 22:10:08.447,BUY,LIMIT,IOC,20,2876.07,2865.16,FILLED,20,20
2024-02-18 22:10:26.221,BUY,LIMIT,IOC,35,2880.75,2869.28,FILLED,35,35
2024-02-18 22:13:11.560,BUY,LIMIT,IOC,270,2889.97,2877.17,FILLED,168,270
2024-02-18 22:13:14.128,BUY,LIMIT,IOC,45,2891.9,2880.67,FILLED,45,45
2024-02-18 22:13:15.471,BUY,LIMIT,IOC,368,2894.79,2886.65,FILLED,368,368
2024-02-18 22:13:16.479,BUY,LIMIT,IOC,250,2896.7,2881.93,FILLED,250,250
2024-02-18 22:13:18.498,BUY,LIMIT,IOC,41,2897.36,2885.66,FILLED,41,41
2024-02-18 22:16:51.173,BUY,LIMIT,IOC,13129,2902.31,2885.88,FILLED,157,13129
2024-02-18 22:16:56.474,BUY,LIMIT,IOC,1293,2899.55,2886.54,FILLED,1188,1293
2024-02-18 22:21:49.457,BUY,LIMIT,IOC,4,2901.8,2888.85,FILLED,4,4
2024-02-18 22:30:07.795,BUY,LIMIT,IOC,1140,2904.6,2894.12,FILLED,717,1140
2024-02-18 22:35:00.147,BUY,LIMIT,IOC,200,2908.19,2894.77,FILLED,200,200
2024-02-18 22:35:11.488,BUY,LIMIT,IOC,50,2909.39,2898.2,FILLED,50,50
2024-02-18 22:35:12.641,BUY,LIMIT,IOC,550,2909.94,2898.6,FILLED,550,550
2024-02-18 22:44:01.526,SELL,LIMIT,IOC,6,2863.13,2876.76,FILLED,6,6
2024-02-18 23:30:49.590,SELL,LIMIT,IOC,8,2861.9,2874.99,FILLED,8,8
2024-02-18 23:33:38.677,SELL,LIMIT,IOC,100,2856.88,2870.11,FILLED,89,100
2024-02-19 02:22:38.901,BUY,LIMIT,IOC,35,2898.63,2884.9,FILLED,2,35
2024-02-19 04:21:27.133,BUY,LIMIT,IOC,2,2907.86,2896.08,FILLED,2,2
2024-02-19 04:33:56.163,BUY,LIMIT,IOC,4,2912.79,2898.72,FILLED,4,4
2024-02-19 05:55:31.360,BUY,LIMIT,IOC,12,2916.36,2902.18,FILLED,12,12
2024-02-19 05:55:40.088,BUY,LIMIT,IOC,16,2916.67,2902.37,FILLED,16,16
2024-02-19 05:56:19.184,BUY,LIMIT,IOC,1733,2922.26,2913.18,FILLED,100,1733
2024-02-19 05:56:20.208,BUY,LIMIT,IOC,2744,2923.13,2913.34,FILLED,525,2744
2024-02-19 05:57:22.823,BUY,LIMIT,IOC,272,2925.12,2912.99,FILLED,272,272
2024-02-19 06:03:02.758,BUY,LIMIT,IOC,121,2926.86,2912.48,FILLED,121,121
2024-02-19 06:03:07.804,BUY,LIMIT,IOC,132,2927.2,2913.0,FILLED,132,132
2024-02-19 06:03:51.262,BUY,LIMIT,IOC,9,2930.11,2917.14,FILLED,9,9
2024-02-19 06:03:54.311,BUY,LIMIT,IOC,103,2930.81,2918.51,FILLED,103,103
2024-02-19 06:04:06.280,BUY,LIMIT,IOC,23,2932.24,2920.41,FILLED,23,23
2024-02-19 06:04:08.311,BUY,LIMIT,IOC,30,2933.75,2920.51,FILLED,30,30
2024-02-19 06:04:09.655,BUY,LIMIT,IOC,1189,2933.98,2920.51,FILLED,55,1189
2024-02-19 06:04:14.336,BUY,LIMIT,IOC,62,2934.39,2921.24,FILLED,61,62
2024-02-19 06:05:04.546,BUY,LIMIT,IOC,89,2936.0,2922.87,FILLED,89,89
2024-02-19 06:05:10.271,BUY,LIMIT,IOC,11,2938.01,2924.4,FILLED,11,11
2024-02-19 06:05:19.633,BUY,LIMIT,IOC,347,2938.3,2925.4,FILLED,68,347
2024-02-19 06:05:29.862,BUY,LIMIT,IOC,183,2939.24,2926.57,FILLED,183,183
2024-02-19 06:13:32.653,BUY,LIMIT,IOC,6,2941.94,2927.37,FILLED,6,6
2024-02-19 06:16:51.132,BUY,LIMIT,IOC,1716,2945.27,2931.49,FILLED,486,1716
2024-02-19 06:17:57.126,BUY,LIMIT,IOC,841,2947.41,2933.87,FILLED,191,841
2024-02-19 06:17:58.584,BUY,LIMIT,IOC,2309,2947.93,2934.59,FILLED,335,2309
2024-02-19 08:33:58.758,SELL,LIMIT,IOC,13,2901.71,2916.28,FILLED,12,13
2024-02-19 08:39:07.045,SELL,LIMIT,IOC,10,2899.13,2912.61,FILLED,10,10
2024-02-19 08:39:08.603,SELL,LIMIT,IOC,6,2898.44,2913.14,FILLED,6,6
2024-02-19 08:46:21.680,SELL,LIMIT,IOC,495,2897.45,2911.59,FILLED,495,495
2024-02-19 08:49:26.650,SELL,LIMIT,IOC,3500,2892.62,2907.05,FILLED,408,3500
2024-02-19 08:57:43.720,SELL,LIMIT,IOC,9,2892.25,2906.5,FILLED,9,9
2024-02-19 10:25:55.158,SELL,LIMIT,IOC,1,2885.8,2899.25,FILLED,1,1
2024-02-19 13:48:44.057,SELL,LIMIT,IOC,2,2881.3,2896.81,FILLED,2,2
2024-02-19 14:03:26.609,SELL,LIMIT,IOC,459,2878.81,2892.28,FILLED,459,459
2024-02-19 16:40:34.059,BUY,LIMIT,IOC,119,2939.0,2925.5,FILLED,119,119
2024-02-19 16:41:02.578,BUY,LIMIT,IOC,399,2941.21,2927.4,FILLED,399,399
2024-02-19 16:41:55.249,BUY,LIMIT,IOC,4370,2945.14,2932.1,FILLED,133,4370
2024-02-19 16:42:18.260,BUY,LIMIT,IOC,22,2946.62,2935.77,FILLED,20,22
2024-02-19 17:01:10.701,SELL,LIMIT,IOC,45,2877.88,2892.59,FILLED,45,45
2024-02-19 17:18:36.289,BUY,LIMIT,IOC,127,2923.8,2909.33,FILLED,93,127
2024-02-19 17:29:45.327,BUY,LIMIT,IOC,292,2955.37,2942.59,FILLED,292,292
2024-02-19 17:29:49.850,BUY,LIMIT,IOC,1504,2957.44,2944.96,FILLED,532,1504
2024-02-19 17:29:51.038,BUY,LIMIT,IOC,532,2958.44,2945.71,FILLED,511,532
2024-02-19 17:29:58.398,BUY,LIMIT,IOC,102,2958.86,2944.61,FILLED,40,102
2024-02-19 17:30:20.155,BUY,LIMIT,IOC,5636,2960.16,2947.93,FILLED,1124,5636
2024-02-19 17:37:37.911,SELL,LIMIT,IOC,5,2914.06,2928.56,FILLED,5,5
2024-02-19 18:00:08.356,BUY,LIMIT,IOC,61781,2970.87,2946.98,FILLED,321,61781
2024-02-19 18:02:20.640,BUY,LIMIT,IOC,196,2961.89,2949.63,FILLED,190,196
2024-02-19 18:02:22.161,BUY,LIMIT,IOC,10,2963.82,2950.73,FILLED,10,10
2024-02-19 18:02:24.458,BUY,LIMIT,IOC,562,2963.99,2950.36,FILLED,277,562
2024-02-19 18:02:32.509,BUY,LIMIT,IOC,63,2964.59,2952.39,FILLED,63,63
2024-02-19 18:02:34.471,BUY,LIMIT,IOC,171,2965.24,2953.02,FILLED,171,171
2024-02-19 18:06:38.113,BUY,LIMIT,IOC,30548,2971.0,2953.88,FILLED,2809,30548
2024-02-19 18:50:24.132,SELL,LIMIT,IOC,719,2919.36,2933.39,FILLED,719,719
2024-02-19 19:04:47.529,SELL,LIMIT,IOC,62,2916.25,2931.39,FILLED,62,62
2024-02-19 19:08:20.301,SELL,LIMIT,IOC,854,2913.85,2928.11,FILLED,18,854
2024-02-19 19:09:09.600,SELL,LIMIT,IOC,44,2911.55,2926.19,FILLED,44,44
2024-02-19 21:18:14.308,BUY,LIMIT,IOC,93,2966.45,2952.17,FILLED,84,93
2024-02-19 21:46:00.276,BUY,LIMIT,IOC,593,2969.22,2956.39,FILLED,491,593
2024-02-19 21:46:14.129,BUY,LIMIT,IOC,100,2971.32,2959.17,FILLED,80,100
2024-02-19 21:46:23.192,BUY,LIMIT,IOC,434,2972.52,2959.6,FILLED,429,434
2024-02-19 21:46:53.272,BUY,LIMIT,IOC,62,2975.12,2961.84,FILLED,62,62
2024-02-19 21:50:16.114,BUY,LIMIT,IOC,50,2976.76,2962.6,FILLED,50,50
2024-02-19 21:50:17.394,BUY,LIMIT,IOC,10,2976.98,2962.79,FILLED,10,10
2024-02-19 21:54:15.331,BUY,LIMIT,IOC,21,2977.06,2962.8,FILLED,21,21
2024-02-19 21:54:29.412,BUY,LIMIT,IOC,128,2977.44,2962.81,FILLED,128,128
2024-02-19 21:54:56.296,BUY,LIMIT,IOC,1357,2979.18,2964.61,FILLED,164,1357
2024-02-19 21:55:14.022,BUY,LIMIT,IOC,4,2982.56,2970.0,FILLED,4,4
2024-02-19 22:04:57.061,BUY,LIMIT,IOC,12,2988.23,2975.11,FILLED,9,12
2024-02-19 22:05:34.649,BUY,LIMIT,IOC,6,2990.99,2979.01,FILLED,6,6
2024-02-19 22:05:58.362,BUY,LIMIT,IOC,13,2993.5,2978.81,FILLED,13,13
2024-02-19 22:06:16.483,BUY,LIMIT,IOC,12,2994.93,2981.04,FILLED,12,12
2024-02-19 22:06:55.092,BUY,LIMIT,IOC,6,2996.66,2982.71,FILLED,6,6
2024-02-19 22:13:29.909,BUY,LIMIT,IOC,49,3001.59,2987.0,FILLED,49,49
2024-02-19 22:14:32.159,BUY,LIMIT,IOC,16,3002.26,2988.0,FILLED,16,16
2024-02-19 22:32:57.482,SELL,LIMIT,IOC,2,2957.43,2970.07,FILLED,2,2
2024-02-19 22:58:10.275,SELL,LIMIT,IOC,14,2949.36,2963.72,FILLED,13,14
2024-02-19 23:37:21.788,SELL,LIMIT,IOC,16,2935.53,2950.07,FILLED,16,16
2024-02-19 23:50:08.264,SELL,LIMIT,IOC,2703,2926.95,2941.96,FILLED,1013,2703
2024-02-19 23:50:29.227,SELL,LIMIT,IOC,247,2923.83,2938.59,FILLED,247,247
2024-02-20 00:44:10.686,SELL,LIMIT,IOC,250,2918.86,2932.76,FILLED,53,250
2024-02-20 01:20:57.714,SELL,LIMIT,IOC,72,2915.21,2928.71,FILLED,72,72
2024-02-20 01:21:24.278,SELL,LIMIT,IOC,1,2910.05,2924.04,FILLED,1,1
2024-02-20 01:22:06.533,SELL,LIMIT,IOC,4082,2903.97,2918.05,FILLED,327,4082
2024-02-20 01:24:53.246,SELL,LIMIT,IOC,84,2895.88,2909.59,FILLED,84,84
2024-02-20 01:24:56.130,SELL,LIMIT,IOC,83,2895.61,2907.39,FILLED,83,83
2024-02-20 01:25:03.850,SELL,LIMIT,IOC,805,2892.55,2906.8,FILLED,72,805
2024-02-20 03:23:30.413,SELL,LIMIT,IOC,836,2901.57,2916.0,FILLED,836,836
2024-02-20 03:56:27.489,SELL,LIMIT,IOC,34,2897.72,2911.67,FILLED,34,34
2024-02-20 03:58:36.321,SELL,LIMIT,IOC,8,2893.64,2908.07,FILLED,8,8
2024-02-20 07:48:20.068,SELL,LIMIT,IOC,1,2905.0,2919.19,FILLED,1,1
2024-02-20 08:09:04.222,SELL,LIMIT,IOC,2,2902.34,2916.8,FILLED,2,2
2024-02-20 08:19:42.044,SELL,LIMIT,IOC,6965,2897.15,2913.08,FILLED,650,6965
2024-02-20 09:17:03.705,SELL,LIMIT,IOC,871,2891.97,2905.8,FILLED,864,871
2024-02-20 09:17:16.573,SELL,LIMIT,IOC,4,2887.33,2899.02,FILLED,4,4
2024-02-20 09:17:43.049,SELL,LIMIT,IOC,6,2881.86,2896.18,FILLED,6,6
2024-02-20 09:20:53.496,SELL,LIMIT,IOC,8392,2876.31,2892.53,FILLED,76,8392
2024-02-20 09:20:55.764,SELL,LIMIT,IOC,15,2878.05,2893.29,FILLED,15,15
2024-02-20 09:46:28.322,SELL,LIMIT,IOC,1749,2873.8,2888.0,FILLED,1749,1749
2024-02-20 09:48:04.437,SELL,LIMIT,IOC,1928,2872.01,2885.24,FILLED,1928,1928
2024-02-20 09:48:06.330,SELL,LIMIT,IOC,470,2870.6,2884.45,FILLED,470,470
2024-02-20 09:48:28.149,SELL,LIMIT,IOC,1000,2868.43,2883.36,FILLED,1000,1000
2024-02-20 09:48:54.189,SELL,LIMIT,IOC,73,2867.47,2881.0,FILLED,73,73
2024-02-20 09:48:57.670,SELL,LIMIT,IOC,999,2865.85,2880.35,FILLED,724,999
2024-02-20 09:49:01.277,SELL,LIMIT,IOC,20000,2861.86,2878.33,FILLED,1715,20000
2024-02-20 10:02:02.284,BUY,LIMIT,IOC,21,2919.25,2905.78,FILLED,21,21
2024-02-20 10:36:21.305,BUY,LIMIT,IOC,1,2938.89,2925.36,FILLED,1,1
2024-02-20 11:05:25.688,BUY,LIMIT,IOC,10307,2950.91,2935.31,FILLED,1534,10307
2024-02-20 12:20:25.475,BUY,LIMIT,IOC,22,2960.5,2948.61,FILLED,22,22
2024-02-20 12:20:34.695,BUY,LIMIT,IOC,123,2962.49,2952.51,FILLED,123,123
2024-02-20 12:20:44.771,BUY,LIMIT,IOC,307,2965.49,2954.2,FILLED,307,307
2024-02-20 12:21:11.265,BUY,LIMIT,IOC,248,2968.68,2957.8,FILLED,248,248
2024-02-20 13:14:44.401,BUY,LIMIT,IOC,1,2974.79,2964.92,FILLED,1,1
2024-02-20 13:15:26.783,BUY,LIMIT,IOC,130,2981.08,2970.62,FILLED,130,130
2024-02-20 13:34:46.660,BUY,LIMIT,IOC,300,3002.63,2988.03,FILLED,300,300
2024-02-20 13:34:57.471,BUY,LIMIT,IOC,1,3004.36,2991.64,FILLED,1,1
2024-02-20 13:35:00.688,BUY,LIMIT,IOC,11,3005.86,2990.67,FILLED,11,11
2024-02-20 13:36:33.269,BUY,LIMIT,IOC,1066,3008.6,2996.75,FILLED,45,1066
2024-02-20 13:40:12.235,BUY,LIMIT,IOC,4,3012.76,2998.86,FILLED,4,4
2024-02-20 13:40:19.569,BUY,LIMIT,IOC,25,3012.83,2999.15,FILLED,25,25
2024-02-20 13:44:57.959,BUY,LIMIT,IOC,1011,3015.21,3000.91,FILLED,1011,1011
2024-02-20 13:45:21.689,BUY,LIMIT,IOC,562,3018.15,3004.67,FILLED,562,562
2024-02-20 13:45:29.841,BUY,LIMIT,IOC,1103,3019.03,3005.7,FILLED,993,1103
2024-02-20 13:45:57.177,BUY,LIMIT,IOC,93,3020.6,3008.36,FILLED,93,93
2024-02-20 13:49:50.704,SELL,LIMIT,IOC,267,2975.44,2990.49,FILLED,267,267
2024-02-20 14:04:47.110,BUY,LIMIT,IOC,15100,3024.51,3007.99,FILLED,187,15100
2024-02-20 14:08:54.386,SELL,LIMIT,IOC,27,2971.13,2986.35,FILLED,27,27
2024-02-20 14:12:45.764,SELL,LIMIT,IOC,464,2964.93,2978.1,FILLED,74,464
2024-02-20 14:12:48.706,SELL,LIMIT,IOC,192,2960.14,2974.33,FILLED,192,192
2024-02-20 14:13:31.862,SELL,LIMIT,IOC,25883,2947.52,2964.74,FILLED,605,25883
2024-02-20 14:14:02.345,SELL,LIMIT,IOC,643,2947.44,2963.18,FILLED,59,643
2024-02-20 14:15:31.576,BUY,LIMIT,IOC,12,2994.71,2980.78,FILLED,10,12
2024-02-20 14:38:19.527,SELL,LIMIT,IOC,62,2940.81,2955.41,FILLED,62,62
2024-02-20 14:38:43.389,SELL,LIMIT,IOC,48,2935.73,2948.79,FILLED,48,48
2024-02-20 14:38:59.837,SELL,LIMIT,IOC,78,2933.42,2947.95,FILLED,78,78
2024-02-20 14:40:03.028,SELL,LIMIT,IOC,23,2927.93,2935.01,FILLED,23,23
2024-02-20 14:40:04.714,SELL,LIMIT,IOC,1136,2923.81,2928.72,FILLED,136,1136
2024-02-20 14:40:08.085,SELL,LIMIT,IOC,5,2914.87,2930.22,FILLED,5,5
2024-02-20 14:40:42.744,SELL,LIMIT,IOC,323,2911.46,2925.82,FILLED,2,323
2024-02-20 14:40:50.127,SELL,LIMIT,IOC,1123,2907.37,2922.19,FILLED,701,1123
2024-02-20 15:29:29.683,SELL,LIMIT,IOC,1,2898.83,2911.95,FILLED,1,1
2024-02-20 15:29:36.685,SELL,LIMIT,IOC,54,2896.08,2910.2,FILLED,54,54
2024-02-20 15:30:47.214,SELL,LIMIT,IOC,3909,2892.02,2905.62,FILLED,120,3909
2024-02-20 15:31:04.557,SELL,LIMIT,IOC,818,2890.95,2904.62,FILLED,277,818
2024-02-20 16:27:39.537,BUY,LIMIT,IOC,5,2949.9,2935.4,FILLED,1,5
2024-02-20 16:42:48.160,SELL,LIMIT,IOC,3,2901.11,2915.15,FILLED,3,3
2024-02-20 16:46:47.505,SELL,LIMIT,IOC,7,2898.82,2913.45,FILLED,7,7
2024-02-20 16:53:09.764,BUY,LIMIT,IOC,5113,2921.4,2905.88,FILLED,613,5113
2024-02-20 16:55:55.701,SELL,LIMIT,IOC,286,2889.43,2901.94,FILLED,286,286
2024-02-20 16:58:47.043,SELL,LIMIT,IOC,397,2883.2,2898.12,FILLED,50,397
2024-02-20 16:59:25.180,SELL,LIMIT,IOC,62,2881.76,2895.56,FILLED,62,62
2024-02-20 17:00:59.909,SELL,LIMIT,IOC,153,2875.69,2888.94,FILLED,153,153
2024-02-20 17:01:02.676,SELL,LIMIT,IOC,18,2874.79,2891.05,FILLED,18,18
2024-02-20 17:04:03.026,BUY,LIMIT,IOC,28,2922.67,2909.33,FILLED,19,28
2024-02-20 17:58:21.373,BUY,LIMIT,IOC,10,2932.94,2919.41,FILLED,10,10
2024-02-20 18:38:29.124,BUY,LIMIT,IOC,276,2938.5,2923.61,FILLED,276,276
2024-02-20 18:43:09.758,BUY,LIMIT,IOC,1183,2942.69,2929.43,FILLED,716,1183
2024-02-20 19:31:53.429,BUY,LIMIT,IOC,275,2978.06,2963.59,FILLED,184,275
2024-02-20 19:47:15.404,BUY,LIMIT,IOC,87,2979.99,2966.83,FILLED,87,87
2024-02-20 19:47:28.057,BUY,LIMIT,IOC,2,2981.94,2968.8,FILLED,2,2
2024-02-20 19:49:41.301,BUY,LIMIT,IOC,1500,2985.69,2972.34,FILLED,121,1500
2024-02-20 20:29:50.151,SELL,LIMIT,IOC,1152,2953.49,2968.2,FILLED,180,1152
2024-02-20 21:22:08.325,BUY,LIMIT,IOC,24,3005.99,2993.4,FILLED,24,24
2024-02-20 21:27:07.662,BUY,LIMIT,IOC,1,3009.09,2995.92,FILLED,1,1
2024-02-20 23:02:50.193,BUY,LIMIT,IOC,239,3025.55,3019.81,FILLED,239,239
2024-02-20 23:02:51.278,BUY,LIMIT,IOC,369,3024.59,3018.66,FILLED,369,369
2024-02-20 23:02:52.412,BUY,LIMIT,IOC,1241,3030.72,3018.17,FILLED,241,1241
2024-02-20 23:11:23.188,BUY,LIMIT,IOC,105,3037.87,3023.26,FILLED,105,105
2024-02-20 23:15:27.517,BUY,LIMIT,IOC,1,3041.53,3027.82,FILLED,1,1
2024-02-20 23:15:53.819,BUY,LIMIT,IOC,30,3043.57,3029.15,FILLED,30,30
2024-02-20 23:16:31.097,BUY,LIMIT,IOC,13,3046.84,3031.92,FILLED,13,13
2024-02-20 23:16:34.180,BUY,LIMIT,IOC,848,3046.98,3032.2,FILLED,393,848
2024-02-20 23:16:37.118,BUY,LIMIT,IOC,33,3047.44,3033.18,FILLED,33,33
2024-02-20 23:16:40.808,BUY,LIMIT,IOC,199,3048.26,3035.02,FILLED,197,199
2024-02-20 23:16:56.257,BUY,LIMIT,IOC,30,3050.34,3034.94,FILLED,30,30
2024-02-20 23:22:33.828,SELL,LIMIT,IOC,1416,3004.09,3018.4,FILLED,925,1416
2024-02-21 00:31:54.233,SELL,LIMIT,IOC,116,2990.37,3004.59,FILLED,116,116
2024-02-21 01:23:13.101,SELL,LIMIT,IOC,963,2981.61,2994.76,FILLED,963,963
2024-02-21 01:23:15.661,SELL,LIMIT,IOC,6,2980.23,2994.99,FILLED,6,6
2024-02-21 04:35:02.162,SELL,LIMIT,IOC,46,2979.87,2992.92,FILLED,46,46
2024-02-21 04:35:36.467,SELL,LIMIT,IOC,600,2977.98,2991.92,FILLED,600,600
2024-02-21 05:36:41.473,SELL,LIMIT,IOC,2,2978.45,2993.2,FILLED,2,2
2024-02-21 05:41:14.641,SELL,LIMIT,IOC,64,2972.5,2986.14,FILLED,62,64
2024-02-21 05:47:26.399,SELL,LIMIT,IOC,2,2966.75,2980.02,FILLED,2,2
2024-02-21 05:48:24.028,SELL,LIMIT,IOC,1,2963.28,2975.0,FILLED,1,1
2024-02-21 06:06:36.423,SELL,LIMIT,IOC,1,2958.33,2972.16,FILLED,1,1
2024-02-21 06:07:08.512,SELL,LIMIT,IOC,10897,2953.05,2967.66,FILLED,268,10897
2024-02-21 06:37:16.061,SELL,LIMIT,IOC,1,2953.28,2966.02,FILLED,1,1
2024-02-21 06:38:12.482,SELL,LIMIT,IOC,1360,2950.96,2964.19,FILLED,160,1360
2024-02-21 06:38:21.140,SELL,LIMIT,IOC,248,2950.18,2963.17,FILLED,23,248
2024-02-21 06:39:28.795,SELL,LIMIT,IOC,8,2949.29,2961.43,FILLED,8,8
2024-02-21 06:39:30.388,SELL,LIMIT,IOC,190,2947.76,2958.75,FILLED,3,190
2024-02-21 06:39:33.177,SELL,LIMIT,IOC,149,2946.06,2958.2,FILLED,149,149
2024-02-21 06:40:03.409,SELL,LIMIT,IOC,242,2945.45,2957.19,FILLED,242,242
2024-02-21 06:40:15.579,SELL,LIMIT,IOC,60000,2934.93,2955.99,FILLED,73,60000
2024-02-21 06:48:44.772,SELL,LIMIT,IOC,25,2939.6,2952.04,FILLED,25,25
2024-02-21 06:48:45.788,SELL,LIMIT,IOC,585,2938.76,2952.11,FILLED,58,585
2024-02-21 06:49:14.062,SELL,LIMIT,IOC,70,2934.89,2950.78,FILLED,70,70
2024-02-21 07:03:20.150,SELL,LIMIT,IOC,14,2926.63,2939.13,FILLED,14,14
2024-02-21 07:03:31.177,SELL,LIMIT,IOC,150,2924.57,2937.67,FILLED,136,150
2024-02-21 07:08:02.312,SELL,LIMIT,IOC,1000,2917.43,2931.78,FILLED,44,1000
2024-02-21 07:08:11.345,SELL,LIMIT,IOC,334,2915.57,2929.0,FILLED,136,334
2024-02-21 07:15:21.580,SELL,LIMIT,IOC,50,2913.73,2924.62,FILLED,50,50
2024-02-21 08:28:31.495,BUY,LIMIT,IOC,4,2969.39,2954.8,FILLED,4,4
2024-02-21 09:06:12.531,SELL,LIMIT,IOC,225,2920.66,2934.0,FILLED,225,225
2024-02-21 09:08:56.452,SELL,LIMIT,IOC,18,2913.09,2926.86,FILLED,18,18
2024-02-21 09:09:00.234,SELL,LIMIT,IOC,83,2911.7,2924.43,FILLED,83,83
2024-02-21 09:09:03.462,SELL,LIMIT,IOC,70,2910.06,2924.26,FILLED,70,70
2024-02-21 09:09:06.192,SELL,LIMIT,IOC,23,2909.25,2922.95,FILLED,23,23
2024-02-21 09:09:07.191,SELL,LIMIT,IOC,2,2909.07,2922.95,FILLED,2,2
2024-02-21 09:09:14.307,SELL,LIMIT,IOC,300,2908.09,2920.45,FILLED,300,300
2024-02-21 09:09:16.374,SELL,LIMIT,IOC,718,2905.0,2919.02,FILLED,703,718
2024-02-21 09:10:10.043,SELL,LIMIT,IOC,9599,2900.0,2915.04,FILLED,47,9599
2024-02-21 09:10:11.060,SELL,LIMIT,IOC,1668,2901.57,2914.75,FILLED,632,1668
2024-02-21 09:10:17.214,SELL,LIMIT,IOC,300,2899.77,2913.38,FILLED,300,300
2024-02-21 09:29:00.148,SELL,LIMIT,IOC,32,2896.84,2910.19,FILLED,32,32
2024-02-21 09:29:27.436,SELL,LIMIT,IOC,494,2895.41,2908.0,FILLED,494,494
2024-02-21 09:55:25.896,SELL,LIMIT,IOC,14,2890.62,2904.08,FILLED,14,14
2024-02-21 09:56:54.181,SELL,LIMIT,IOC,211,2887.3,2901.23,FILLED,211,211
2024-02-21 09:57:08.776,SELL,LIMIT,IOC,26,2885.44,2898.17,FILLED,26,26
2024-02-21 09:57:37.124,SELL,LIMIT,IOC,200,2882.66,2896.07,FILLED,200,200
2024-02-21 09:57:47.127,SELL,LIMIT,IOC,125,2882.15,2895.0,FILLED,19,125
2024-02-21 09:58:50.506,SELL,LIMIT,IOC,147,2879.09,2891.32,FILLED,118,147
2024-02-21 11:26:23.720,SELL,LIMIT,IOC,34,2895.68,2907.99,FILLED,34,34
2024-02-21 11:37:16.110,SELL,LIMIT,IOC,3,2885.86,2900.0,FILLED,3,3
2024-02-21 11:54:25.029,SELL,LIMIT,IOC,21,2881.76,2895.2,FILLED,19,21
2024-02-21 11:56:09.926,SELL,LIMIT,IOC,581,2878.0,2892.18,FILLED,581,581
2024-02-21 11:56:59.461,SELL,LIMIT,IOC,28,2875.16,2888.19,FILLED,28,28
2024-02-21 12:07:31.075,SELL,LIMIT,IOC,1667,2872.52,2882.0,FILLED,1264,1667
2024-02-21 12:07:33.115,SELL,LIMIT,IOC,2,2868.1,2883.19,FILLED,2,2
2024-02-21 12:26:24.106,BUY,LIMIT,IOC,398,2935.98,2922.66,FILLED,398,398
2024-02-21 13:09:56.572,BUY,LIMIT,IOC,8,2943.28,2929.5,FILLED,8,8
2024-02-21 13:31:26.034,SELL,LIMIT,IOC,6,2888.13,2901.99,FILLED,6,6
2024-02-21 13:50:43.856,SELL,LIMIT,IOC,22,2882.41,2895.81,FILLED,22,22
2024-02-21 13:51:17.346,SELL,LIMIT,IOC,602,2880.76,2893.7,FILLED,602,602
2024-02-21 13:53:16.821,SELL,LIMIT,IOC,68,2878.97,2892.19,FILLED,68,68
2024-02-21 13:56:18.600,BUY,LIMIT,IOC,168,2920.61,2906.63,FILLED,157,168
2024-02-21 13:56:57.660,BUY,LIMIT,IOC,55,2921.49,2908.94,FILLED,55,55
2024-02-21 14:35:35.242,SELL,LIMIT,IOC,345,2866.37,2878.93,FILLED,345,345
2024-02-21 14:35:37.760,SELL,LIMIT,IOC,137,2865.07,2877.91,FILLED,56,137
2024-02-21 14:35:41.332,SELL,LIMIT,IOC,504,2863.62,2876.46,FILLED,204,504
2024-02-21 14:35:46.912,SELL,LIMIT,IOC,39,2862.05,2876.19,FILLED,39,39
2024-02-21 14:35:52.881,SELL,LIMIT,IOC,35,2861.97,2875.13,FILLED,35,35
2024-02-21 14:35:59.736,SELL,LIMIT,IOC,582,2861.07,2874.8,FILLED,582,582
2024-02-21 14:36:01.688,SELL,LIMIT,IOC,4,2860.92,2869.8,FILLED,4,4
2024-02-21 14:36:02.720,SELL,LIMIT,IOC,472,2858.08,2870.36,FILLED,472,472
2024-02-21 14:36:03.754,SELL,LIMIT,IOC,5040,2855.61,2870.48,FILLED,1109,5040
2024-02-21 14:37:24.166,BUY,LIMIT,IOC,13,2905.01,2891.81,FILLED,13,13
2024-02-21 14:38:37.039,BUY,LIMIT,IOC,31,2909.22,2895.65,FILLED,31,31
2024-02-21 14:41:13.154,BUY,LIMIT,IOC,212,2911.7,2899.31,FILLED,211,212
2024-02-21 14:41:21.581,BUY,LIMIT,IOC,15,2913.27,2900.2,FILLED,15,15
2024-02-21 15:35:51.264,BUY,LIMIT,IOC,220,2931.89,2918.0,FILLED,220,220
2024-02-21 16:45:47.683,BUY,LIMIT,IOC,170,2943.7,2931.66,FILLED,170,170
2024-02-21 16:46:29.413,BUY,LIMIT,IOC,54,2950.22,2937.2,FILLED,54,54
2024-02-21 17:43:46.121,SELL,LIMIT,IOC,130,2886.51,2900.76,FILLED,129,130
2024-02-21 17:45:43.828,SELL,LIMIT,IOC,143,2884.42,2898.28,FILLED,8,143
2024-02-21 18:02:44.150,SELL,LIMIT,IOC,79,2878.95,2893.2,FILLED,79,79
2024-02-21 18:26:04.857,SELL,LIMIT,IOC,1387,2878.26,2892.7,FILLED,14,1387
2024-02-21 21:22:39.802,SELL,LIMIT,IOC,686,2889.9,2903.61,FILLED,250,686
2024-02-21 21:22:50.108,SELL,LIMIT,IOC,309,2888.42,2902.65,FILLED,182,309
2024-02-21 21:25:35.268,BUY,LIMIT,IOC,112,2933.21,2919.72,FILLED,112,112
2024-02-21 21:29:23.505,BUY,LIMIT,IOC,4345,2938.93,2924.69,FILLED,2282,4345
2024-02-21 23:01:10.057,BUY,LIMIT,IOC,4370,2956.45,2943.54,FILLED,1449,4370
2024-02-21 23:03:56.172,BUY,LIMIT,IOC,248,2961.43,2947.25,FILLED,65,248
2024-02-21 23:06:33.682,BUY,LIMIT,IOC,382,2964.9,2949.94,FILLED,382,382
2024-02-21 23:35:20.582,BUY,LIMIT,IOC,250,2972.65,2961.01,FILLED,250,250
2024-02-21 23:37:33.250,BUY,LIMIT,IOC,132,2983.37,2971.51,FILLED,132,132
2024-02-21 23:45:09.180,BUY,LIMIT,IOC,9095,2994.17,2978.23,FILLED,72,9095
2024-02-22 01:32:23.117,SELL,LIMIT,IOC,1030,2920.75,2935.0,FILLED,275,1030
2024-02-22 01:32:24.768,SELL,LIMIT,IOC,547,2920.57,2933.87,FILLED,547,547
2024-02-22 01:41:20.167,SELL,LIMIT,IOC,2,2904.49,2918.52,FILLED,2,2
2024-02-22 01:52:20.742,SELL,LIMIT,IOC,7384,2898.66,2913.62,FILLED,1737,7384
2024-02-22 01:52:53.498,SELL,LIMIT,IOC,33,2896.7,2910.99,FILLED,33,33
2024-02-22 01:53:32.090,SELL,LIMIT,IOC,26050,2890.45,2907.99,FILLED,1461,26050
2024-02-22 03:17:20.498,BUY,LIMIT,IOC,1,2945.03,2930.43,FILLED,1,1
2024-02-22 03:51:16.259,BUY,LIMIT,IOC,87,2953.93,2939.81,FILLED,85,87
2024-02-22 06:48:29.088,BUY,LIMIT,IOC,4,2968.17,2959.19,FILLED,4,4
2024-02-22 06:48:35.320,BUY,LIMIT,IOC,7,2976.04,2963.17,FILLED,7,7
2024-02-22 07:39:10.976,BUY,LIMIT,IOC,424,3005.61,2992.21,FILLED,140,424
2024-02-22 07:39:32.491,BUY,LIMIT,IOC,191,3007.2,2993.77,FILLED,191,191
2024-02-22 08:05:16.643,BUY,LIMIT,IOC,58,3016.38,3003.83,FILLED,57,58
2024-02-22 08:07:33.665,BUY,LIMIT,IOC,50,3022.21,3013.8,FILLED,50,50
2024-02-22 08:09:35.731,BUY,LIMIT,IOC,20,3024.42,3010.2,FILLED,20,20
2024-02-22 08:10:25.463,BUY,LIMIT,IOC,2,3028.65,3013.79,FILLED,2,2
2024-02-22 08:10:42.239,BUY,LIMIT,IOC,106,3029.66,3015.6,FILLED,106,106
2024-02-22 08:10:54.786,BUY,LIMIT,IOC,87,3030.64,3016.58,FILLED,87,87
2024-02-22 08:40:50.892,BUY,LIMIT,IOC,60,3032.92,3019.65,FILLED,60,60
2024-02-22 09:40:57.071,BUY,LIMIT,IOC,185,3031.15,3017.96,FILLED,185,185
2024-02-22 09:49:34.471,BUY,LIMIT,IOC,3082,3044.8,3030.83,FILLED,365,3082
2024-02-22 10:21:11.517,SELL,LIMIT,IOC,98,2998.39,3013.69,FILLED,60,98
2024-02-22 10:46:19.265,SELL,LIMIT,IOC,720,2982.05,2995.6,FILLED,111,720
2024-02-22 13:15:16.266,SELL,LIMIT,IOC,2236,2951.51,2966.68,FILLED,229,2236
2024-02-22 13:15:48.845,SELL,LIMIT,IOC,453,2943.87,2951.92,FILLED,453,453
2024-02-22 13:16:47.836,SELL,LIMIT,IOC,3042,2937.18,2950.0,FILLED,2585,3042
2024-02-22 13:16:50.347,SELL,LIMIT,IOC,3405,2936.21,2950.87,FILLED,217,3405
2024-02-22 13:17:20.831,SELL,LIMIT,IOC,131,2933.21,2946.19,FILLED,40,131
2024-02-22 13:17:44.102,SELL,LIMIT,IOC,7,2930.35,2944.0,FILLED,7,7
2024-02-22 13:19:14.399,SELL,LIMIT,IOC,43,2928.09,2941.79,FILLED,43,43
2024-02-22 14:35:51.907,BUY,LIMIT,IOC,1,2974.12,2959.77,FILLED,1,1
2024-02-22 14:36:38.156,BUY,LIMIT,IOC,30,2976.51,2962.32,FILLED,30,30
2024-02-22 14:36:58.174,BUY,LIMIT,IOC,3,2977.08,2963.1,FILLED,2,3
2024-02-22 15:03:20.928,BUY,LIMIT,IOC,195,2990.03,2976.51,FILLED,178,195
2024-02-22 15:32:32.756,BUY,LIMIT,IOC,410,3006.38,2994.81,FILLED,410,410
2024-02-22 15:32:36.238,BUY,LIMIT,IOC,150,3007.94,2996.81,FILLED,123,150
2024-02-22 16:16:05.159,SELL,LIMIT,IOC,45,2963.43,2977.78,FILLED,45,45
2024-02-22 16:21:21.249,SELL,LIMIT,IOC,298,2958.36,2970.19,FILLED,29,298
2024-02-22 17:05:38.472,BUY,LIMIT,IOC,212,2993.37,2979.05,FILLED,212,212
2024-02-22 18:47:41.563,BUY,LIMIT,IOC,3,3013.61,2998.67,FILLED,3,3
2024-02-22 20:28:05.347,BUY,LIMIT,IOC,869,3018.9,3005.67,FILLED,869,869
2024-02-22 20:29:17.703,BUY,LIMIT,IOC,249,3027.09,3014.0,FILLED,204,249
2024-02-22 20:29:23.784,BUY,LIMIT,IOC,350,3028.35,3019.99,FILLED,350,350
2024-02-22 20:29:25.454,BUY,LIMIT,IOC,524,3032.48,3019.92,FILLED,171,524
2024-02-22 21:08:03.631,SELL,LIMIT,IOC,65,2986.89,3001.73,FILLED,65,65
2024-02-22 21:11:22.279,SELL,LIMIT,IOC,7,2980.59,2995.15,FILLED,7,7
2024-02-22 21:34:22.331,SELL,LIMIT,IOC,1,2960.6,2975.03,FILLED,1,1
2024-02-22 22:29:03.175,SELL,LIMIT,IOC,36,2958.8,2974.59,FILLED,36,36
2024-02-23 02:50:35.336,SELL,LIMIT,IOC,14,2950.22,2964.53,FILLED,14,14
2024-02-23 02:50:43.743,SELL,LIMIT,IOC,28,2948.21,2963.39,FILLED,28,28
2024-02-23 02:51:19.840,SELL,LIMIT,IOC,464,2944.99,2959.89,FILLED,464,464
2024-02-23 02:51:29.251,SELL,LIMIT,IOC,64,2943.61,2957.43,FILLED,64,64
2024-02-23 02:51:34.715,SELL,LIMIT,IOC,1,2943.05,2956.07,FILLED,1,1
2024-02-23 02:51:40.345,SELL,LIMIT,IOC,49,2942.17,2955.57,FILLED,49,49
2024-02-23 02:53:09.447,SELL,LIMIT,IOC,598,2935.71,2948.58,FILLED,5,598
2024-02-23 02:54:25.447,SELL,LIMIT,IOC,673,2933.86,2946.43,FILLED,421,673
2024-02-23 02:54:28.398,SELL,LIMIT,IOC,132,2932.84,2944.64,FILLED,132,132
2024-02-23 02:54:30.235,SELL,LIMIT,IOC,40000,2924.35,2942.46,FILLED,1775,40000
2024-02-23 02:55:12.391,SELL,LIMIT,IOC,241,2927.97,2940.0,FILLED,241,241
2024-02-23 02:55:20.375,SELL,LIMIT,IOC,50,2924.58,2936.21,FILLED,50,50
2024-02-23 02:55:22.091,SELL,LIMIT,IOC,8,2923.88,2935.6,FILLED,8,8
2024-02-23 02:55:39.511,SELL,LIMIT,IOC,2,2922.66,2934.0,FILLED,2,2
2024-02-23 03:06:24.595,SELL,LIMIT,IOC,3,2920.18,2932.07,FILLED,3,3
2024-02-23 07:24:36.393,SELL,LIMIT,IOC,1073,2930.33,2944.2,FILLED,544,1073
2024-02-23 07:31:44.601,SELL,LIMIT,IOC,2019,2922.87,2936.19,FILLED,355,2019
2024-02-23 07:46:50.166,SELL,LIMIT,IOC,17,2917.82,2931.28,FILLED,17,17
2024-02-23 07:47:17.773,SELL,LIMIT,IOC,337,2916.24,2928.7,FILLED,337,337
2024-02-23 07:49:51.514,SELL,LIMIT,IOC,715,2911.39,2923.93,FILLED,707,715
2024-02-23 08:37:02.536,SELL,LIMIT,IOC,38,2903.97,2915.22,FILLED,38,38
2024-02-23 08:52:27.727,SELL,LIMIT,IOC,130,2900.45,2912.57,FILLED,10,130
2024-02-23 10:23:55.863,BUY,LIMIT,IOC,2,2956.24,2941.89,FILLED,2,2
2024-02-23 11:17:08.121,BUY,LIMIT,IOC,100,2962.21,2949.23,FILLED,100,100
2024-02-23 12:28:33.342,SELL,LIMIT,IOC,83,2914.98,2928.64,FILLED,31,83
2024-02-23 12:32:24.810,SELL,LIMIT,IOC,47,2911.56,2925.92,FILLED,47,47
2024-02-23 14:02:13.306,BUY,LIMIT,IOC,1158,2959.95,2946.53,FILLED,386,1158
2024-02-23 14:22:24.850,BUY,LIMIT,IOC,28,2973.15,2959.4,FILLED,28,28
2024-02-23 15:15:08.548,SELL,LIMIT,IOC,229,2914.48,2928.77,FILLED,120,229
2024-02-23 15:17:41.349,SELL,LIMIT,IOC,159,2912.56,2927.0,FILLED,159,159
2024-02-23 15:18:25.103,SELL,LIMIT,IOC,568,2909.81,2923.71,FILLED,182,568
2024-02-23 15:27:22.557,SELL,LIMIT,IOC,16,2906.81,2920.17,FILLED,15,16
2024-02-23 15:50:14.490,SELL,LIMIT,IOC,18885,2897.38,2914.57,FILLED,775,18885
2024-02-23 16:01:06.346,SELL,LIMIT,IOC,110,2899.73,2913.6,FILLED,93,110
2024-02-23 16:01:07.428,SELL,LIMIT,IOC,1,2899.57,2912.26,FILLED,1,1
2024-02-23 16:01:17.719,SELL,LIMIT,IOC,34,2898.57,2912.45,FILLED,34,34
2024-02-23 16:05:22.893,SELL,LIMIT,IOC,269,2897.53,2911.44,FILLED,269,269
2024-02-23 16:05:27.567,SELL,LIMIT,IOC,119,2896.9,2910.79,FILLED,119,119
2024-02-23 16:05:43.337,SELL,LIMIT,IOC,119,2894.4,2910.1,FILLED,119,119
2024-02-23 16:41:47.184,BUY,LIMIT,IOC,56,2942.01,2928.17,FILLED,56,56
2024-02-23 16:48:53.972,BUY,LIMIT,IOC,981,2945.25,2935.51,FILLED,981,981
2024-02-23 17:07:37.407,BUY,LIMIT,IOC,34,2953.49,2939.52,FILLED,34,34
2024-02-23 22:31:43.510,SELL,LIMIT,IOC,6,2919.52,2933.8,FILLED,5,6
2024-02-23 22:31:57.324,SELL,LIMIT,IOC,34,2918.86,2931.4,FILLED,34,34
2024-02-23 22:41:30.221,SELL,LIMIT,IOC,10,2912.92,2926.93,FILLED,10,10
2024-02-23 22:56:23.751,SELL,LIMIT,IOC,75,2907.88,2920.95,FILLED,75,75
2024-02-23 22:56:43.286,SELL,LIMIT,IOC,28,2905.7,2920.45,FILLED,28,28
2024-02-23 23:03:38.517,SELL,LIMIT,IOC,1405,2902.92,2916.93,FILLED,116,1405
2024-02-23 23:16:23.109,SELL,LIMIT,IOC,28,2892.94,2906.66,FILLED,28,28
2024-02-24 04:11:48.218,BUY,LIMIT,IOC,15,2952.52,2938.18,FILLED,15,15
2024-02-24 04:37:37.366,BUY,LIMIT,IOC,200,2964.0,2949.59,FILLED,118,200
2024-02-24 07:42:37.421,BUY,LIMIT,IOC,7,2974.78,2962.01,FILLED,7,7
2024-02-24 07:49:44.441,BUY,LIMIT,IOC,100,2977.05,2962.41,FILLED,100,100
2024-02-24 07:50:47.481,BUY,LIMIT,IOC,82,2978.67,2963.8,FILLED,34,82
2024-02-24 08:55:53.130,SELL,LIMIT,IOC,79,2935.28,2949.79,FILLED,79,79
2024-02-24 13:48:22.524,BUY,LIMIT,IOC,1,2982.23,2967.8,FILLED,1,1
2024-02-24 17:04:37.121,BUY,LIMIT,IOC,4,2986.54,2973.15,FILLED,4,4
2024-02-24 17:04:38.859,BUY,LIMIT,IOC,6,2986.98,2972.81,FILLED,6,6
2024-02-24 17:31:52.264,BUY,LIMIT,IOC,599,3000.46,2986.2,FILLED,356,599
2024-02-24 17:41:01.681,BUY,LIMIT,IOC,14,3009.49,2995.99,FILLED,14,14
2024-02-24 17:44:41.181,BUY,LIMIT,IOC,212,3013.02,3001.24,FILLED,19,212
2024-02-24 17:45:11.864,BUY,LIMIT,IOC,255,3018.17,3005.44,FILLED,218,255
2024-02-24 17:45:41.813,BUY,LIMIT,IOC,21,3019.06,3006.42,FILLED,21,21
2024-02-24 17:45:49.624,BUY,LIMIT,IOC,392,3021.33,3008.49,FILLED,93,392
2024-02-24 17:56:25.400,SELL,LIMIT,IOC,3607,2973.45,2988.79,FILLED,2219,3607
2024-02-24 18:50:42.383,SELL,LIMIT,IOC,387,2973.73,2987.35,FILLED,387,387
2024-02-24 18:56:12.841,SELL,LIMIT,IOC,1,2967.07,2981.85,FILLED,1,1
2024-02-25 01:42:47.814,BUY,LIMIT,IOC,43,3019.48,3005.63,FILLED,43,43
2024-02-25 01:43:29.101,BUY,LIMIT,IOC,30034,3024.79,3005.95,FILLED,89,30034
2024-02-25 01:56:10.888,BUY,LIMIT,IOC,1,3028.17,3014.33,FILLED,1,1
2024-02-25 01:56:12.355,BUY,LIMIT,IOC,44,3028.65,3014.45,FILLED,44,44
2024-02-25 01:56:18.810,BUY,LIMIT,IOC,76,3029.2,3016.14,FILLED,76,76
2024-02-25 01:58:26.498,BUY,LIMIT,IOC,289,3032.95,3019.53,FILLED,289,289
2024-02-25 01:58:33.219,BUY,LIMIT,IOC,1,3033.35,3018.93,FILLED,1,1
2024-02-25 02:03:50.290,BUY,LIMIT,IOC,29,3035.64,3022.68,FILLED,29,29
2024-02-25 02:05:14.327,BUY,LIMIT,IOC,62,3039.04,3024.83,FILLED,62,62
2024-02-25 02:24:52.214,BUY,LIMIT,IOC,1391,3048.25,3035.07,FILLED,237,1391
2024-02-25 02:24:55.431,BUY,LIMIT,IOC,91,3049.25,3036.0,FILLED,91,91
2024-02-25 02:24:59.233,BUY,LIMIT,IOC,372,3050.69,3037.08,FILLED,207,372
2024-02-25 02:26:01.668,BUY,LIMIT,IOC,4702,3056.19,3042.34,FILLED,928,4702
2024-02-25 02:26:09.080,BUY,LIMIT,IOC,1000,3056.81,3044.38,FILLED,968,1000
2024-02-25 02:26:17.058,BUY,LIMIT,IOC,10,3058.15,3044.99,FILLED,10,10
2024-02-25 02:26:22.276,BUY,LIMIT,IOC,766,3059.72,3047.48,FILLED,188,766
2024-02-25 02:26:26.086,BUY,LIMIT,IOC,60135,3070.05,3047.83,FILLED,2763,60135
2024-02-25 02:29:45.358,BUY,LIMIT,IOC,3563,3061.24,3047.43,FILLED,2833,3563
2024-02-25 02:31:41.141,BUY,LIMIT,IOC,14,3063.19,3050.01,FILLED,14,14
2024-02-25 02:31:43.271,BUY,LIMIT,IOC,4,3064.75,3052.44,FILLED,4,4
2024-02-25 03:21:59.620,SELL,LIMIT,IOC,934,2999.52,3014.01,FILLED,934,934
2024-02-25 03:22:11.383,SELL,LIMIT,IOC,75,2997.98,3011.56,FILLED,74,75
2024-02-25 05:56:04.494,BUY,LIMIT,IOC,557,3052.93,3037.91,FILLED,557,557
2024-02-25 05:58:03.423,BUY,LIMIT,IOC,2,3053.41,3038.8,FILLED,2,2
2024-02-25 06:09:25.874,BUY,LIMIT,IOC,30364,3059.3,3042.64,FILLED,937,30364
2024-02-25 06:20:39.614,BUY,LIMIT,IOC,36,3060.02,3045.91,FILLED,36,36
2024-02-25 06:28:14.515,BUY,LIMIT,IOC,11,3064.28,3049.8,FILLED,11,11
2024-02-25 08:49:56.380,SELL,LIMIT,IOC,3,3006.39,3019.59,FILLED,3,3
2024-02-25 08:55:01.850,SELL,LIMIT,IOC,25,3002.76,3015.59,FILLED,25,25
2024-02-25 14:33:35.458,BUY,LIMIT,IOC,1,3066.63,3053.25,FILLED,1,1
2024-02-25 14:33:39.392,BUY,LIMIT,IOC,130,3067.79,3060.34,FILLED,130,130
2024-02-25 14:33:40.947,BUY,LIMIT,IOC,50,3072.17,3055.9,FILLED,50,50
2024-02-25 14:33:43.543,BUY,LIMIT,IOC,46,3073.11,3059.43,FILLED,46,46
2024-02-25 14:37:14.059,BUY,LIMIT,IOC,26,3074.22,3062.62,FILLED,26,26
2024-02-25 14:37:17.321,BUY,LIMIT,IOC,161,3076.89,3065.47,FILLED,161,161
2024-02-25 14:37:19.151,BUY,LIMIT,IOC,1,3077.07,3066.99,FILLED,1,1
2024-02-25 14:37:20.488,BUY,LIMIT,IOC,159,3078.15,3066.69,FILLED,159,159
2024-02-25 14:37:22.111,BUY,LIMIT,IOC,297,3082.01,3069.99,FILLED,297,297
2024-02-25 14:37:23.499,BUY,LIMIT,IOC,334,3082.91,3069.02,FILLED,148,334
2024-02-25 14:37:28.248,BUY,LIMIT,IOC,12327,3087.25,3071.79,FILLED,1034,12327
2024-02-25 14:37:29.444,BUY,LIMIT,IOC,91,3085.23,3072.36,FILLED,91,91
2024-02-25 14:43:42.228,BUY,LIMIT,IOC,50,3087.77,3076.31,FILLED,15,50
2024-02-25 14:43:44.764,BUY,LIMIT,IOC,5,3089.21,3073.97,FILLED,4,5
2024-02-25 15:55:02.495,SELL,LIMIT,IOC,53,3028.49,3042.92,FILLED,53,53
2024-02-25 15:55:15.136,SELL,LIMIT,IOC,118,3025.66,3040.0,FILLED,118,118
2024-02-25 17:18:49.754,BUY,LIMIT,IOC,2,3067.25,3053.2,FILLED,2,2
2024-02-25 17:51:06.714,BUY,LIMIT,IOC,281,3078.38,3063.8,FILLED,281,281
2024-02-25 17:52:10.300,BUY,LIMIT,IOC,7,3080.35,3066.95,FILLED,7,7
2024-02-25 19:26:25.162,BUY,LIMIT,IOC,664,3083.21,3072.48,FILLED,637,664
2024-02-25 19:26:29.848,BUY,LIMIT,IOC,2,3086.67,3073.34,FILLED,2,2
2024-02-25 19:26:34.259,BUY,LIMIT,IOC,3880,3087.37,3073.85,FILLED,770,3880
2024-02-25 19:27:51.729,BUY,LIMIT,IOC,255,3090.6,3078.86,FILLED,255,255
2024-02-25 19:27:52.772,BUY,LIMIT,IOC,110,3092.72,3079.44,FILLED,110,110
2024-02-25 19:27:54.245,BUY,LIMIT,IOC,186,3095.53,3082.67,FILLED,186,186
2024-02-25 19:27:58.089,BUY,LIMIT,IOC,11,3097.33,3084.45,FILLED,6,11
2024-02-25 19:28:29.339,BUY,LIMIT,IOC,573,3100.93,3087.61,FILLED,573,573
2024-02-25 19:36:00.579,BUY,LIMIT,IOC,2368,3102.13,3088.93,FILLED,35,2368
2024-02-25 19:56:01.063,BUY,LIMIT,IOC,5,3103.52,3089.0,FILLED,5,5
2024-02-25 20:04:00.497,BUY,LIMIT,IOC,369,3103.78,3089.8,FILLED,81,369
2024-02-25 20:05:47.593,BUY,LIMIT,IOC,832,3104.49,3090.27,FILLED,31,832
2024-02-25 20:05:52.292,BUY,LIMIT,IOC,3500,3106.05,3091.72,FILLED,730,3500
2024-02-25 20:06:07.415,BUY,LIMIT,IOC,689,3106.7,3093.83,FILLED,4,689
2024-02-25 20:06:10.255,BUY,LIMIT,IOC,9,3108.4,3095.39,FILLED,9,9
2024-02-25 20:09:12.534,BUY,LIMIT,IOC,4915,3110.63,3097.4,FILLED,2275,4915
2024-02-25 20:09:26.092,BUY,LIMIT,IOC,2,3111.47,3097.45,FILLED,2,2
2024-02-25 20:09:29.933,BUY,LIMIT,IOC,1200,3111.94,3098.2,FILLED,714,1200
2024-02-25 20:09:52.452,BUY,LIMIT,IOC,132,3112.99,3100.0,FILLED,132,132
2024-02-25 20:09:56.107,BUY,LIMIT,IOC,10,3113.65,3100.4,FILLED,10,10
2024-02-25 20:11:55.538,BUY,LIMIT,IOC,295,3114.87,3102.58,FILLED,295,295
2024-02-25 20:12:00.657,BUY,LIMIT,IOC,153,3115.58,3102.0,FILLED,153,153
2024-02-25 20:12:08.402,BUY,LIMIT,IOC,13,3115.76,3102.2,FILLED,13,13
2024-02-25 20:13:11.232,BUY,LIMIT,IOC,543,3117.71,3105.06,FILLED,543,543
2024-02-25 20:13:12.242,BUY,LIMIT,IOC,290,3117.05,3105.26,FILLED,82,290
2024-02-25 20:13:35.263,BUY,LIMIT,IOC,214,3119.11,3106.19,FILLED,114,214
2024-02-25 20:13:41.275,BUY,LIMIT,IOC,1900,3119.3,3106.77,FILLED,1782,1900
2024-02-25 20:13:43.506,BUY,LIMIT,IOC,105,3120.02,3114.24,FILLED,105,105
2024-02-25 20:13:46.419,BUY,LIMIT,IOC,7652,3129.07,3116.98,FILLED,643,7652
2024-02-25 20:13:48.109,BUY,LIMIT,IOC,113,3132.55,3122.7,FILLED,113,113
2024-02-25 20:15:43.376,BUY,LIMIT,IOC,750,3133.39,3124.37,FILLED,750,750
2024-02-25 20:15:44.689,BUY,LIMIT,IOC,9110,3138.18,3125.55,FILLED,4591,9110
2024-02-25 20:15:46.204,BUY,LIMIT,IOC,561,3137.15,3126.59,FILLED,40,561
2024-02-25 20:15:47.710,BUY,LIMIT,IOC,32,3137.82,3125.87,FILLED,32,32
2024-02-25 20:35:15.270,SELL,LIMIT,IOC,251,3087.85,3099.23,FILLED,46,251
2024-02-25 21:53:14.295,BUY,LIMIT,IOC,2211,3124.61,3110.72,FILLED,22,2211
2024-02-26 00:22:23.940,BUY,LIMIT,IOC,8,3138.32,3124.3,FILLED,8,8
2024-02-26 00:33:06.263,BUY,LIMIT,IOC,5,3139.8,3125.76,FILLED,5,5
2024-02-26 00:33:08.528,BUY,LIMIT,IOC,16,3141.74,3127.13,FILLED,16,16
2024-02-26 00:33:10.170,BUY,LIMIT,IOC,1000,3141.98,3127.34,FILLED,1000,1000
2024-02-26 00:34:10.631,BUY,LIMIT,IOC,13,3143.21,3126.4,FILLED,13,13
2024-02-26 00:34:43.072,BUY,LIMIT,IOC,5,3143.81,3129.8,FILLED,5,5
2024-02-26 00:34:45.727,BUY,LIMIT,IOC,20,3144.01,3130.0,FILLED,20,20
2024-02-26 00:36:20.796,BUY,LIMIT,IOC,20,3147.02,3133.2,FILLED,20,20
2024-02-26 00:36:22.982,BUY,LIMIT,IOC,3,3148.24,3134.81,FILLED,3,3
2024-02-26 00:36:25.370,BUY,LIMIT,IOC,906,3151.18,3136.98,FILLED,366,906
2024-02-26 01:38:45.760,SELL,LIMIT,IOC,131,3092.44,3107.99,FILLED,131,131
2024-02-26 02:21:53.406,SELL,LIMIT,IOC,1,3086.06,3101.04,FILLED,1,1
2024-02-26 02:56:17.474,SELL,LIMIT,IOC,30,3077.18,3092.03,FILLED,30,30
2024-02-26 02:56:34.051,SELL,LIMIT,IOC,443,3076.83,3091.75,FILLED,131,443
2024-02-26 02:56:38.105,SELL,LIMIT,IOC,21,3076.5,3090.71,FILLED,21,21
2024-02-26 09:16:17.614,SELL,LIMIT,IOC,348,3071.54,3086.19,FILLED,138,348
2024-02-26 09:16:22.583,SELL,LIMIT,IOC,11,3070.65,3085.4,FILLED,11,11
2024-02-26 09:17:00.417,SELL,LIMIT,IOC,3,3067.43,3082.27,FILLED,3,3
2024-02-26 09:18:11.340,SELL,LIMIT,IOC,1254,3066.3,3081.59,FILLED,3,1254
2024-02-26 09:18:39.223,SELL,LIMIT,IOC,91,3063.86,3078.5,FILLED,91,91
2024-02-26 09:18:46.072,SELL,LIMIT,IOC,431,3062.52,3076.86,FILLED,431,431
2024-02-26 09:19:03.882,SELL,LIMIT,IOC,477,3059.3,3075.0,FILLED,477,477
2024-02-26 09:19:11.154,SELL,LIMIT,IOC,359,3058.32,3073.0,FILLED,227,359
2024-02-26 09:20:05.509,SELL,LIMIT,IOC,68,3053.32,3068.39,FILLED,68,68
2024-02-26 09:21:18.809,SELL,LIMIT,IOC,369,3048.32,3063.61,FILLED,367,369
2024-02-26 09:21:41.269,SELL,LIMIT,IOC,238,3045.95,3060.4,FILLED,238,238
2024-02-26 09:21:42.545,SELL,LIMIT,IOC,178,3045.58,3060.23,FILLED,95,178
2024-02-26 09:21:44.450,SELL,LIMIT,IOC,2331,3045.45,3055.24,FILLED,901,2331
2024-02-26 09:34:45.327,SELL,LIMIT,IOC,3265,3035.5,3047.84,FILLED,147,3265
2024-02-26 09:35:48.226,SELL,LIMIT,IOC,195,3030.1,3044.76,FILLED,18,195
2024-02-26 09:36:02.067,SELL,LIMIT,IOC,286,3029.6,3045.19,FILLED,286,286
2024-02-26 09:39:12.480,SELL,LIMIT,IOC,478,3028.79,3043.2,FILLED,313,478
2024-02-26 09:44:52.219,SELL,LIMIT,IOC,3443,3025.88,3040.7,FILLED,311,3443
2024-02-26 10:23:07.177,BUY,LIMIT,IOC,30479,3086.86,3070.3,FILLED,3826,30479
2024-02-26 12:22:15.713,SELL,LIMIT,IOC,15,3025.62,3040.99,FILLED,15,15
2024-02-26 13:11:35.156,BUY,LIMIT,IOC,15,3089.14,3075.61,FILLED,15,15
2024-02-26 13:11:46.185,BUY,LIMIT,IOC,100,3091.84,3078.4,FILLED,100,100
2024-02-26 13:50:28.554,SELL,LIMIT,IOC,14,3046.91,3061.66,FILLED,14,14
2024-02-26 14:31:23.766,BUY,LIMIT,IOC,101,3095.56,3081.34,FILLED,101,101
2024-02-26 14:43:01.584,BUY,LIMIT,IOC,100,3102.77,3087.9,FILLED,100,100
2024-02-26 14:45:47.099,BUY,LIMIT,IOC,167,3106.86,3094.34,FILLED,167,167
2024-02-26 14:46:09.344,BUY,LIMIT,IOC,4,3113.38,3101.16,FILLED,4,4
2024-02-26 14:46:10.652,BUY,LIMIT,IOC,50,3115.85,3100.81,FILLED,50,50
2024-02-26 14:46:45.096,BUY,LIMIT,IOC,605,3118.6,3107.61,FILLED,605,605
2024-02-26 15:07:49.579,BUY,LIMIT,IOC,489,3130.7,3118.0,FILLED,420,489
2024-02-26 15:08:08.617,BUY,LIMIT,IOC,121,3134.77,3119.26,FILLED,120,121
2024-02-26 15:12:54.608,BUY,LIMIT,IOC,10,3140.04,3125.2,FILLED,10,10
2024-02-26 15:59:15.112,BUY,LIMIT,IOC,1737,3151.68,3141.93,FILLED,134,1737
2024-02-26 15:59:16.344,BUY,LIMIT,IOC,15,3154.45,3139.41,FILLED,15,15
2024-02-26 15:59:25.839,BUY,LIMIT,IOC,1,3157.35,3143.92,FILLED,1,1
2024-02-26 15:59:29.550,BUY,LIMIT,IOC,648,3158.62,3144.88,FILLED,82,648
2024-02-26 15:59:32.077,BUY,LIMIT,IOC,213,3161.65,3147.75,FILLED,213,213
2024-02-26 15:59:51.132,BUY,LIMIT,IOC,500,3164.16,3149.6,FILLED,500,500
2024-02-26 16:00:03.080,BUY,LIMIT,IOC,24,3166.37,3148.26,FILLED,24,24
2024-02-26 16:01:18.118,BUY,LIMIT,IOC,165,3167.98,3154.97,FILLED,165,165
2024-02-26 16:01:28.077,BUY,LIMIT,IOC,42,3169.39,3157.03,FILLED,42,42
2024-02-26 16:01:29.077,BUY,LIMIT,IOC,645,3172.34,3161.0,FILLED,614,645
2024-02-26 16:01:31.282,BUY,LIMIT,IOC,35,3173.33,3160.79,FILLED,35,35
2024-02-26 16:02:03.526,BUY,LIMIT,IOC,20,3175.96,3163.48,FILLED,20,20
2024-02-26 16:08:44.418,BUY,LIMIT,IOC,393,3176.94,3164.63,FILLED,393,393
2024-02-26 16:08:46.795,BUY,LIMIT,IOC,1000,3178.3,3162.9,FILLED,427,1000
2024-02-26 16:08:54.113,BUY,LIMIT,IOC,444,3178.6,3166.22,FILLED,444,444
2024-02-26 16:08:57.433,BUY,LIMIT,IOC,52,3180.38,3167.27,FILLED,52,52
2024-02-26 16:23:50.336,SELL,LIMIT,IOC,17,3135.93,3151.94,FILLED,17,17
2024-02-26 16:48:02.385,SELL,LIMIT,IOC,2,3134.67,3150.32,FILLED,2,2
2024-02-26 18:34:41.916,SELL,LIMIT,IOC,1,3128.98,3143.9,FILLED,1,1
2024-02-26 18:34:43.846,SELL,LIMIT,IOC,3,3127.73,3143.0,FILLED,3,3
2024-02-26 18:34:59.448,SELL,LIMIT,IOC,34,3125.12,3140.86,FILLED,34,34
2024-02-26 18:35:10.301,SELL,LIMIT,IOC,47,3124.92,3140.38,FILLED,47,47
2024-02-26 18:35:28.788,SELL,LIMIT,IOC,3461,3121.7,3137.07,FILLED,1855,3461
2024-02-26 18:36:17.112,SELL,LIMIT,IOC,40,3120.92,3136.22,FILLED,33,40
2024-02-26 18:36:37.775,SELL,LIMIT,IOC,2,3120.44,3136.38,FILLED,2,2
2024-02-26 19:03:15.377,SELL,LIMIT,IOC,62,3118.17,3133.81,FILLED,62,62
2024-02-26 19:15:23.191,BUY,LIMIT,IOC,5,3166.76,3153.09,FILLED,5,5
2024-02-26 19:15:28.855,BUY,LIMIT,IOC,88,3171.25,3156.36,FILLED,88,88
2024-02-26 19:15:36.464,BUY,LIMIT,IOC,21,3173.09,3157.77,FILLED,20,21
2024-02-26 19:16:03.657,BUY,LIMIT,IOC,100,3185.96,3172.54,FILLED,100,100
2024-02-26 19:18:40.732,BUY,LIMIT,IOC,100,3188.58,3174.25,FILLED,100,100
2024-02-26 19:18:43.839,BUY,LIMIT,IOC,92,3189.32,3174.26,FILLED,92,92
2024-02-26 19:31:17.212,BUY,LIMIT,IOC,96,3192.42,3180.4,FILLED,96,96
2024-02-26 19:31:18.489,BUY,LIMIT,IOC,43,3194.83,3181.99,FILLED,43,43
2024-02-26 19:31:21.113,BUY,LIMIT,IOC,434,3198.63,3183.97,FILLED,434,434
2024-02-26 19:43:29.760,BUY,LIMIT,IOC,3,3200.63,3186.24,FILLED,3,3
2024-02-26 19:43:54.410,BUY,LIMIT,IOC,188,3202.7,3187.01,FILLED,188,188
2024-02-26 19:44:33.134,BUY,LIMIT,IOC,39,3203.54,3188.82,FILLED,39,39
2024-02-26 20:02:42.853,BUY,LIMIT,IOC,5,3203.82,3188.61,FILLED,5,5
2024-02-26 20:03:14.422,BUY,LIMIT,IOC,18,3204.94,3189.8,FILLED,18,18
2024-02-26 20:04:37.443,BUY,LIMIT,IOC,20013,3209.81,3191.81,FILLED,2923,20013
2024-02-26 20:04:40.616,BUY,LIMIT,IOC,5,3206.35,3191.6,FILLED,5,5
2024-02-26 20:04:54.879,BUY,LIMIT,IOC,900,3207.51,3193.92,FILLED,320,900
2024-02-26 20:05:11.818,BUY,LIMIT,IOC,46,3211.47,3196.89,FILLED,46,46
2024-02-26 20:05:12.915,BUY,LIMIT,IOC,502,3211.98,3196.5,FILLED,502,502
2024-02-26 20:05:14.334,BUY,LIMIT,IOC,4668,3212.43,3197.5,FILLED,1364,4668
2024-02-26 20:05:20.299,BUY,LIMIT,IOC,77874,3225.11,3199.84,FILLED,3892,77874
2024-02-26 20:05:21.369,BUY,LIMIT,IOC,35,3214.66,3198.85,FILLED,35,35
2024-02-26 20:51:34.479,BUY,LIMIT,IOC,3,3211.99,3198.16,FILLED,3,3
2024-02-27 01:27:23.190,BUY,LIMIT,IOC,10,3202.63,3187.0,FILLED,7,10
2024-02-27 01:43:00.459,BUY,LIMIT,IOC,18,3203.24,3187.99,FILLED,18,18
2024-02-27 01:44:07.447,BUY,LIMIT,IOC,268,3208.8,3194.92,FILLED,253,268
2024-02-27 01:48:07.286,BUY,LIMIT,IOC,5,3217.39,3210.67,FILLED,5,5
2024-02-27 01:48:08.395,BUY,LIMIT,IOC,68,3220.52,3209.68,FILLED,68,68
2024-02-27 01:48:19.399,BUY,LIMIT,IOC,60,3224.01,3211.95,FILLED,60,60
2024-02-27 01:48:20.551,BUY,LIMIT,IOC,84,3225.34,3213.82,FILLED,84,84
2024-02-27 01:48:21.574,BUY,LIMIT,IOC,364,3226.6,3218.86,FILLED,162,364
2024-02-27 01:48:22.819,BUY,LIMIT,IOC,51,3228.65,3216.41,FILLED,51,51
2024-02-27 01:48:26.106,BUY,LIMIT,IOC,1000,3231.99,3220.31,FILLED,414,1000
2024-02-27 01:48:27.497,BUY,LIMIT,IOC,280,3232.84,3222.0,FILLED,280,280
2024-02-27 01:48:28.984,BUY,LIMIT,IOC,3,3234.31,3222.62,FILLED,3,3
2024-02-27 01:48:30.492,BUY,LIMIT,IOC,5,3235.29,3224.79,FILLED,5,5
2024-02-27 01:49:27.865,BUY,LIMIT,IOC,2,3240.4,3232.32,FILLED,2,2
2024-02-27 01:49:29.020,BUY,LIMIT,IOC,179,3241.19,3235.81,FILLED,179,179
2024-02-27 01:49:30.447,BUY,LIMIT,IOC,2600,3246.8,3235.43,FILLED,590,2600
2024-02-27 02:06:29.689,BUY,LIMIT,IOC,18,3250.46,3237.1,FILLED,18,18
2024-02-27 02:06:39.937,BUY,LIMIT,IOC,222,3254.27,3240.72,FILLED,197,222
2024-02-27 02:06:41.711,BUY,LIMIT,IOC,6,3256.4,3243.48,FILLED,6,6
2024-02-27 02:06:45.687,BUY,LIMIT,IOC,10,3259.94,3246.7,FILLED,10,10
2024-02-27 02:06:50.220,BUY,LIMIT,IOC,22,3261.02,3249.0,FILLED,22,22
2024-02-27 02:06:51.583,BUY,LIMIT,IOC,14,3262.95,3250.0,FILLED,14,14
2024-02-27 02:06:53.058,BUY,LIMIT,IOC,1000,3264.45,3250.0,FILLED,1000,1000
2024-02-27 02:07:43.443,BUY,LIMIT,IOC,2,3266.15,3253.16,FILLED,2,2
2024-02-27 02:07:45.341,BUY,LIMIT,IOC,190,3267.81,3259.99,FILLED,80,190
2024-02-27 02:07:46.360,BUY,LIMIT,IOC,2780,3270.93,3256.63,FILLED,595,2780
2024-02-27 02:07:48.603,BUY,LIMIT,IOC,250,3271.86,3260.39,FILLED,250,250
2024-02-27 02:07:51.357,BUY,LIMIT,IOC,20,3274.28,3266.0,FILLED,16,20
2024-02-27 02:07:52.802,BUY,LIMIT,IOC,42,3275.13,3260.9,FILLED,42,42
2024-02-27 02:08:02.484,BUY,LIMIT,IOC,345,3278.09,3269.66,FILLED,345,345
2024-02-27 02:08:10.335,BUY,LIMIT,IOC,56,3280.06,3271.21,FILLED,56,56
2024-02-27 02:08:17.389,BUY,LIMIT,IOC,41,3281.81,3269.82,FILLED,36,41
2024-02-27 02:08:26.781,BUY,LIMIT,IOC,93,3284.72,3275.0,FILLED,93,93
2024-02-27 02:09:11.711,BUY,LIMIT,IOC,54000,3296.29,3285.71,FILLED,883,54000
2024-02-27 02:09:13.186,BUY,LIMIT,IOC,31,3290.09,3287.16,FILLED,31,31
2024-02-27 02:09:17.087,BUY,LIMIT,IOC,136,3294.88,3289.62,FILLED,136,136
2024-02-27 02:09:18.604,BUY,LIMIT,IOC,605,3295.74,3284.37,FILLED,548,605
2024-02-27 02:11:13.457,SELL,LIMIT,IOC,1712,3230.26,3247.55,FILLED,331,1712
2024-02-27 02:18:23.877,SELL,LIMIT,IOC,26,3217.44,3235.17,FILLED,26,26
2024-02-27 02:43:26.777,BUY,LIMIT,IOC,6,3274.77,3260.0,FILLED,5,6
2024-02-27 02:55:43.907,SELL,LIMIT,IOC,1136,3226.53,3242.05,FILLED,36,1136
2024-02-27 03:52:56.071,SELL,LIMIT,IOC,9,3214.41,3230.1,FILLED,9,9
2024-02-27 03:58:51.522,SELL,LIMIT,IOC,436,3200.07,3215.8,FILLED,436,436
2024-02-27 04:57:04.764,SELL,LIMIT,IOC,910,3194.37,3210.0,FILLED,722,910
2024-02-27 06:22:03.408,BUY,LIMIT,IOC,7,3249.18,3233.94,FILLED,6,7
2024-02-27 07:35:02.519,SELL,LIMIT,IOC,158,3200.6,3217.26,FILLED,158,158
2024-02-27 08:20:58.439,BUY,LIMIT,IOC,17,3250.46,3234.6,FILLED,17,17
2024-02-27 09:23:03.492,BUY,LIMIT,IOC,11,3258.38,3245.63,FILLED,11,11
2024-02-27 09:23:12.249,BUY,LIMIT,IOC,404,3259.28,3247.85,FILLED,404,404
2024-02-27 09:24:11.774,BUY,LIMIT,IOC,15,3265.83,3251.55,FILLED,14,15
2024-02-27 09:25:08.259,BUY,LIMIT,IOC,3,3269.03,3257.25,FILLED,3,3
2024-02-27 09:25:22.154,BUY,LIMIT,IOC,51,3271.79,3261.41,FILLED,51,51
2024-02-27 10:50:11.401,BUY,LIMIT,IOC,437,3285.32,3271.23,FILLED,430,437
2024-02-27 12:25:28.587,BUY,LIMIT,IOC,120,3287.92,3272.53,FILLED,120,120
2024-02-27 12:26:13.162,BUY,LIMIT,IOC,2,3293.28,3277.6,FILLED,2,2
2024-02-27 12:33:23.700,BUY,LIMIT,IOC,35,3298.53,3284.51,FILLED,9,35
2024-02-27 12:33:25.844,BUY,LIMIT,IOC,89,3298.99,3283.11,FILLED,89,89
2024-02-27 12:33:58.741,BUY,LIMIT,IOC,30,3300.51,3285.6,FILLED,30,30
2024-02-27 12:41:55.974,BUY,LIMIT,IOC,311,3302.5,3286.49,FILLED,261,311
2024-02-27 12:42:07.121,BUY,LIMIT,IOC,7,3303.28,3287.03,FILLED,7,7
2024-02-27 12:42:11.098,BUY,LIMIT,IOC,162,3303.65,3288.86,FILLED,162,162
2024-02-27 12:42:16.350,BUY,LIMIT,IOC,17,3304.76,3288.86,FILLED,17,17
2024-02-27 12:54:40.316,BUY,LIMIT,IOC,156,3308.04,3293.04,FILLED,156,156
2024-02-27 12:54:51.657,BUY,LIMIT,IOC,1,3308.78,3294.3,FILLED,1,1
2024-02-27 12:59:22.045,SELL,LIMIT,IOC,193,3247.23,3263.18,FILLED,35,193
2024-02-27 12:59:26.387,SELL,LIMIT,IOC,4939,3243.58,3259.39,FILLED,84,4939
2024-02-27 13:01:08.586,SELL,LIMIT,IOC,111,3239.91,3254.44,FILLED,111,111
2024-02-27 13:01:14.120,SELL,LIMIT,IOC,828,3237.43,3251.07,FILLED,337,828
2024-02-27 13:01:23.838,SELL,LIMIT,IOC,243,3232.42,3247.56,FILLED,56,243
2024-02-27 13:22:52.026,SELL,LIMIT,IOC,59,3251.2,3267.3,FILLED,59,59
2024-02-27 13:45:45.373,BUY,LIMIT,IOC,40,3289.71,3276.0,FILLED,40,40
2024-02-27 14:23:12.292,SELL,LIMIT,IOC,253,3240.81,3256.6,FILLED,253,253
2024-02-27 14:45:57.861,SELL,LIMIT,IOC,2276,3236.31,3251.88,FILLED,4,2276
2024-02-27 14:46:24.226,SELL,LIMIT,IOC,783,3231.39,3246.6,FILLED,292,783
2024-02-27 14:46:47.187,SELL,LIMIT,IOC,12,3225.18,3240.65,FILLED,12,12
2024-02-27 15:46:04.809,SELL,LIMIT,IOC,2,3229.13,3244.74,FILLED,2,2
2024-02-27 15:46:45.525,SELL,LIMIT,IOC,8,3225.98,3242.0,FILLED,8,8
2024-02-27 15:47:20.747,SELL,LIMIT,IOC,588,3223.74,3240.01,FILLED,508,588
2024-02-27 15:47:24.066,SELL,LIMIT,IOC,50,3220.34,3237.2,FILLED,50,50
2024-02-27 15:47:29.362,SELL,LIMIT,IOC,520,3217.84,3233.34,FILLED,333,520
2024-02-27 15:55:08.197,SELL,LIMIT,IOC,1,3210.64,3226.58,FILLED,1,1
2024-02-27 15:55:11.110,SELL,LIMIT,IOC,68,3209.48,3225.0,FILLED,68,68
2024-02-27 15:55:50.713,SELL,LIMIT,IOC,758,3208.6,3224.09,FILLED,109,758
2024-02-27 15:56:30.474,SELL,LIMIT,IOC,1382,3207.14,3223.79,FILLED,132,1382
2024-02-27 16:08:09.044,SELL,LIMIT,IOC,422,3207.68,3223.8,FILLED,42,422
2024-02-27 16:09:26.035,SELL,LIMIT,IOC,5,3203.73,3219.39,FILLED,5,5
2024-02-27 16:09:29.644,SELL,LIMIT,IOC,115,3203.25,3218.32,FILLED,108,115
2024-02-27 16:09:33.341,SELL,LIMIT,IOC,78,3201.04,3216.59,FILLED,78,78
2024-02-27 16:09:56.643,SELL,LIMIT,IOC,9,3199.17,3214.0,FILLED,9,9
2024-02-27 16:10:32.085,SELL,LIMIT,IOC,16,3197.58,3214.31,FILLED,16,16
2024-02-27 16:10:43.137,SELL,LIMIT,IOC,8238,3191.39,3208.0,FILLED,18,8238
2024-02-27 16:10:44.808,SELL,LIMIT,IOC,5,3191.83,3207.79,FILLED,5,5
2024-02-27 19:50:30.806,BUY,LIMIT,IOC,5,3275.48,3259.99,FILLED,5,5
2024-02-27 19:50:32.099,BUY,LIMIT,IOC,7,3275.79,3259.99,FILLED,7,7
2024-02-27 19:54:26.797,BUY,LIMIT,IOC,535,3279.06,3264.41,FILLED,535,535
2024-02-27 22:21:35.669,BUY,LIMIT,IOC,1,3286.87,3272.01,FILLED,1,1
2024-02-28 04:21:21.401,BUY,LIMIT,IOC,100,3279.75,3264.98,FILLED,100,100
2024-02-28 04:32:33.356,BUY,LIMIT,IOC,25,3288.29,3272.5,FILLED,25,25
2024-02-28 04:55:42.675,BUY,LIMIT,IOC,105,3289.93,3275.0,FILLED,62,105
2024-02-28 07:30:54.400,BUY,LIMIT,IOC,5,3290.38,3277.21,FILLED,5,5
2024-02-28 07:35:56.084,BUY,LIMIT,IOC,59,3294.45,3279.43,FILLED,59,59
2024-02-28 07:41:49.164,BUY,LIMIT,IOC,645,3298.72,3284.83,FILLED,42,645
2024-02-28 07:42:27.116,BUY,LIMIT,IOC,35,3300.61,3284.8,FILLED,35,35
2024-02-28 07:42:37.989,SELL,LIMIT,IOC,1,3268.39,3286.48,FILLED,1,1
2024-02-28 07:43:02.196,BUY,LIMIT,IOC,37,3303.63,3288.01,FILLED,37,37
2024-02-28 07:43:51.108,BUY,LIMIT,IOC,165,3305.92,3290.32,FILLED,165,165
2024-02-28 07:50:32.178,BUY,LIMIT,IOC,2,3316.51,3301.45,FILLED,2,2
2024-02-28 07:50:39.061,BUY,LIMIT,IOC,1,3317.67,3303.53,FILLED,1,1
2024-02-28 07:50:40.176,BUY,LIMIT,IOC,301,3317.86,3302.74,FILLED,50,301
2024-02-28 07:50:44.073,BUY,LIMIT,IOC,3424,3319.8,3305.46,FILLED,114,3424
2024-02-28 07:51:35.105,BUY,LIMIT,IOC,161,3321.52,3306.49,FILLED,159,161
2024-02-28 07:52:00.111,BUY,LIMIT,IOC,650,3324.73,3311.01,FILLED,65,650
2024-02-28 07:52:02.174,BUY,LIMIT,IOC,38,3325.55,3310.65,FILLED,38,38
2024-02-28 07:52:27.077,BUY,LIMIT,IOC,800,3325.82,3310.62,FILLED,701,800
2024-02-28 07:54:19.047,BUY,LIMIT,IOC,125,3327.01,3310.81,FILLED,125,125
2024-02-28 08:03:36.053,BUY,LIMIT,IOC,1227,3332.65,3317.47,FILLED,137,1227
2024-02-28 08:03:37.062,BUY,LIMIT,IOC,385,3333.19,3318.72,FILLED,385,385
2024-02-28 08:03:38.070,BUY,LIMIT,IOC,467,3333.6,3319.76,FILLED,467,467
2024-02-28 08:03:55.036,BUY,LIMIT,IOC,54,3336.44,3321.29,FILLED,54,54
2024-02-28 08:12:01.083,SELL,LIMIT,IOC,6,3282.67,3299.46,FILLED,6,6
2024-02-28 08:46:56.064,BUY,LIMIT,IOC,36,3334.92,3318.75,FILLED,36,36
2024-02-28 08:53:35.093,BUY,LIMIT,IOC,975,3341.57,3328.53,FILLED,341,975
2024-02-28 08:54:55.060,BUY,LIMIT,IOC,97,3347.12,3332.55,FILLED,97,97
2024-02-28 08:54:58.032,BUY,LIMIT,IOC,2902,3348.7,3333.26,FILLED,2821,2902
2024-02-28 08:54:59.081,BUY,LIMIT,IOC,26,3348.89,3333.33,FILLED,5,26
2024-02-28 09:03:52.081,SELL,LIMIT,IOC,7,3303.03,3319.78,FILLED,7,7
2024-02-28 09:20:34.081,SELL,LIMIT,IOC,4,3295.59,3311.53,FILLED,4,4
2024-02-28 09:20:56.057,SELL,LIMIT,IOC,1353,3293.35,3308.24,FILLED,368,1353
2024-02-28 09:33:53.059,BUY,LIMIT,IOC,2,3355.04,3340.6,FILLED,2,2
2024-02-28 09:34:26.063,BUY,LIMIT,IOC,1,3357.15,3342.92,FILLED,1,1
2024-02-28 09:37:44.093,BUY,LIMIT,IOC,414,3361.12,3347.99,FILLED,414,414
2024-02-28 09:37:46.017,BUY,LIMIT,IOC,2145,3362.38,3348.0,FILLED,2145,2145
2024-02-28 09:38:02.025,BUY,LIMIT,IOC,10,3364.49,3349.93,FILLED,10,10
2024-02-28 09:38:03.096,BUY,LIMIT,IOC,520,3366.56,3350.4,FILLED,146,520
2024-02-28 09:40:07.036,BUY,LIMIT,IOC,257,3367.36,3353.0,FILLED,257,257
2024-02-28 09:40:08.043,BUY,LIMIT,IOC,180,3368.54,3353.29,FILLED,123,180
2024-02-28 09:48:26.087,BUY,LIMIT,IOC,1326,3371.43,3355.86,FILLED,216,1326
2024-02-28 09:48:39.086,BUY,LIMIT,IOC,40,3373.69,3358.0,FILLED,40,40
2024-02-28 09:48:54.065,BUY,LIMIT,IOC,12087,3378.65,3361.38,FILLED,316,12087
2024-02-28 09:49:31.046,BUY,LIMIT,IOC,1209,3377.34,3362.0,FILLED,1209,1209
2024-02-28 09:51:26.044,BUY,LIMIT,IOC,77,3379.84,3365.34,FILLED,77,77
2024-02-28 09:51:27.048,BUY,LIMIT,IOC,86,3380.31,3366.0,FILLED,86,86
2024-02-28 09:51:50.039,BUY,LIMIT,IOC,88,3381.03,3366.55,FILLED,88,88
2024-02-28 09:51:54.041,BUY,LIMIT,IOC,2645,3381.9,3366.37,FILLED,1114,2645
2024-02-28 09:52:12.061,BUY,LIMIT,IOC,1045,3382.71,3367.17,FILLED,314,1045
2024-02-28 09:52:25.072,BUY,LIMIT,IOC,2328,3383.55,3367.39,FILLED,620,2328
2024-02-28 09:59:04.064,BUY,LIMIT,IOC,3,3384.98,3369.0,FILLED,3,3
2024-02-28 10:01:58.079,BUY,LIMIT,IOC,202,3389.42,3375.59,FILLED,202,202
2024-02-28 11:38:38.069,SELL,LIMIT,IOC,606,3323.61,3337.83,FILLED,459,606
2024-02-28 11:41:12.030,SELL,LIMIT,IOC,9,3317.21,3333.74,FILLED,9,9
2024-02-28 11:44:15.088,SELL,LIMIT,IOC,202,3310.31,3325.01,FILLED,202,202
2024-02-28 11:44:34.090,SELL,LIMIT,IOC,346,3307.59,3322.7,FILLED,42,346
2024-02-28 11:45:21.072,SELL,LIMIT,IOC,500,3301.37,3317.01,FILLED,420,500
2024-02-28 11:45:32.039,SELL,LIMIT,IOC,9,3297.17,3311.92,FILLED,9,9
2024-02-28 11:50:37.035,SELL,LIMIT,IOC,38,3295.72,3311.6,FILLED,38,38
2024-02-28 11:52:02.080,SELL,LIMIT,IOC,524,3287.72,3298.05,FILLED,213,524
2024-02-28 11:52:04.070,SELL,LIMIT,IOC,20,3280.97,3298.71,FILLED,20,20
2024-02-28 11:52:24.064,SELL,LIMIT,IOC,255,3279.86,3295.3,FILLED,175,255
2024-02-28 11:52:53.018,SELL,LIMIT,IOC,253,3278.22,3293.66,FILLED,250,253
2024-02-28 11:52:58.053,SELL,LIMIT,IOC,11,3273.17,3290.14,FILLED,1,11
2024-02-28 11:53:12.080,SELL,LIMIT,IOC,2,3271.34,3286.25,FILLED,2,2
2024-02-28 11:53:19.084,SELL,LIMIT,IOC,3339,3268.3,3286.14,FILLED,151,3339
2024-02-28 12:26:32.102,SELL,LIMIT,IOC,81,3280.22,3295.59,FILLED,81,81
2024-02-28 12:26:40.073,SELL,LIMIT,IOC,661,3279.01,3292.83,FILLED,621,661
2024-02-28 13:06:23.085,BUY,LIMIT,IOC,1829,3344.59,3328.61,FILLED,418,1829
2024-02-28 13:06:52.055,BUY,LIMIT,IOC,1444,3347.29,3331.98,FILLED,95,1444
2024-02-28 13:23:05.043,BUY,LIMIT,IOC,371,3361.68,3345.62,FILLED,288,371
2024-02-28 13:25:05.052,BUY,LIMIT,IOC,1,3368.14,3352.82,FILLED,1,1
2024-02-28 13:25:17.073,BUY,LIMIT,IOC,113,3372.8,3358.33,FILLED,4,113
2024-02-28 13:25:26.114,BUY,LIMIT,IOC,5586,3377.22,3363.56,FILLED,203,5586
2024-02-28 14:02:38.037,BUY,LIMIT,IOC,200,3383.0,3368.21,FILLED,200,200
2024-02-28 14:12:20.043,SELL,LIMIT,IOC,22,3336.13,3352.6,FILLED,22,22
2024-02-28 14:15:22.059,SELL,LIMIT,IOC,245,3334.51,3350.82,FILLED,145,245
2024-02-28 14:23:02.086,SELL,LIMIT,IOC,2332,3325.81,3342.1,FILLED,996,2332
2024-02-28 14:26:22.042,SELL,LIMIT,IOC,174,3321.33,3336.48,FILLED,174,174
2024-02-28 14:27:46.042,SELL,LIMIT,IOC,128,3311.55,3326.05,FILLED,37,128
2024-02-28 14:27:47.059,SELL,LIMIT,IOC,77,3310.59,3324.99,FILLED,77,77
2024-02-28 14:53:52.073,BUY,LIMIT,IOC,1,3366.93,3350.6,FILLED,1,1
2024-02-28 14:56:02.025,BUY,LIMIT,IOC,15,3372.32,3356.6,FILLED,15,15
2024-02-28 14:56:15.061,BUY,LIMIT,IOC,300,3375.4,3359.53,FILLED,46,300
2024-02-28 15:04:11.113,SELL,LIMIT,IOC,70,3334.61,3350.0,FILLED,62,70
2024-02-28 15:05:46.090,SELL,LIMIT,IOC,9,3324.18,3339.27,FILLED,9,9
2024-02-28 15:14:45.069,BUY,LIMIT,IOC,66,3383.15,3369.77,FILLED,66,66
2024-02-28 15:15:20.085,BUY,LIMIT,IOC,5,3388.58,3374.59,FILLED,5,5
2024-02-28 15:15:26.065,BUY,LIMIT,IOC,16,3391.03,3376.47,FILLED,16,16
2024-02-28 15:15:58.090,BUY,LIMIT,IOC,343,3394.19,3379.56,FILLED,265,343
2024-02-28 15:31:16.094,SELL,LIMIT,IOC,11,3337.95,3354.1,FILLED,11,11
2024-02-28 15:31:19.040,SELL,LIMIT,IOC,421,3336.68,3353.22,FILLED,421,421
2024-02-28 16:18:17.032,BUY,LIMIT,IOC,3,3391.27,3376.09,FILLED,3,3
2024-02-28 16:27:14.036,BUY,LIMIT,IOC,33,3397.98,3386.08,FILLED,33,33
2024-02-28 16:27:15.073,BUY,LIMIT,IOC,189,3400.57,3387.12,FILLED,180,189
2024-02-28 16:27:31.104,BUY,LIMIT,IOC,79,3403.54,3387.21,FILLED,79,79
2024-02-28 16:27:52.069,BUY,LIMIT,IOC,108,3405.08,3388.77,FILLED,92,108
2024-02-28 16:28:42.061,BUY,LIMIT,IOC,27,3406.98,3391.97,FILLED,27,27
2024-02-28 16:30:19.072,BUY,LIMIT,IOC,15,3407.76,3391.01,FILLED,15,15
2024-02-28 16:30:50.041,BUY,LIMIT,IOC,1,3412.59,3398.0,FILLED,1,1
2024-02-28 16:31:04.058,BUY,LIMIT,IOC,228,3413.72,3398.01,FILLED,228,228
2024-02-28 16:31:12.090,BUY,LIMIT,IOC,500,3414.14,3399.81,FILLED,500,500
2024-02-28 16:45:28.052,BUY,LIMIT,IOC,70,3418.9,3405.43,FILLED,70,70
2024-02-28 16:45:29.056,BUY,LIMIT,IOC,338,3419.11,3402.66,FILLED,69,338
2024-02-28 16:45:57.052,BUY,LIMIT,IOC,3127,3420.21,3405.83,FILLED,654,3127
2024-02-28 16:46:00.062,BUY,LIMIT,IOC,1582,3422.25,3406.71,FILLED,382,1582
2024-02-28 16:46:24.087,BUY,LIMIT,IOC,480,3424.27,3411.17,FILLED,205,480
2024-02-28 16:46:26.052,BUY,LIMIT,IOC,8,3425.7,3414.0,FILLED,8,8
2024-02-28 16:46:45.233,BUY,LIMIT,IOC,568,3428.76,3417.99,FILLED,568,568
2024-02-28 16:46:48.078,BUY,LIMIT,IOC,10,3431.97,3419.13,FILLED,10,10
2024-02-28 16:46:56.104,BUY,LIMIT,IOC,832,3433.57,3421.0,FILLED,832,832
2024-02-28 16:47:14.046,BUY,LIMIT,IOC,116,3436.03,3424.12,FILLED,116,116
2024-02-28 16:47:15.074,BUY,LIMIT,IOC,39,3437.83,3425.0,FILLED,39,39
2024-02-28 16:54:07.066,BUY,LIMIT,IOC,2,3440.86,3423.66,FILLED,2,2
2024-02-28 16:54:24.055,BUY,LIMIT,IOC,79,3442.4,3428.57,FILLED,79,79
2024-02-28 16:54:25.095,BUY,LIMIT,IOC,77191,3456.99,3430.48,FILLED,6066,77191
2024-02-28 16:57:24.060,BUY,LIMIT,IOC,5,3447.94,3431.45,FILLED,5,5
2024-02-28 16:58:11.034,BUY,LIMIT,IOC,6400,3451.49,3434.81,FILLED,1200,6400
2024-02-28 17:04:09.073,BUY,LIMIT,IOC,266,3453.77,3437.1,FILLED,177,266
2024-02-28 17:04:25.099,BUY,LIMIT,IOC,3370,3458.32,3441.61,FILLED,30,3370
2024-02-28 17:04:40.084,BUY,LIMIT,IOC,1650,3462.29,3447.81,FILLED,450,1650
2024-02-28 17:04:46.081,BUY,LIMIT,IOC,276,3465.82,3451.33,FILLED,276,276
2024-02-28 17:05:46.081,BUY,LIMIT,IOC,460,3468.52,3454.2,FILLED,460,460
2024-02-28 17:08:22.031,BUY,LIMIT,IOC,20,3471.62,3455.88,FILLED,20,20
2024-02-28 17:09:45.097,BUY,LIMIT,IOC,431,3472.6,3457.71,FILLED,431,431
2024-02-28 17:12:04.041,BUY,LIMIT,IOC,107,3477.41,3468.03,FILLED,98,107
2024-02-28 17:12:05.078,BUY,LIMIT,IOC,50,3477.63,3467.9,FILLED,50,50
2024-02-28 17:12:09.056,BUY,LIMIT,IOC,100,3479.45,3470.59,FILLED,100,100
2024-02-28 17:12:13.042,BUY,LIMIT,IOC,105,3481.4,3476.0,FILLED,105,105
2024-02-28 17:12:14.087,BUY,LIMIT,IOC,129,3482.56,3477.2,FILLED,129,129
2024-02-28 17:12:23.065,BUY,LIMIT,IOC,479,3487.18,3478.61,FILLED,479,479
2024-02-28 17:12:30.081,BUY,LIMIT,IOC,1,3489.31,3479.4,FILLED,1,1
2024-02-28 17:12:41.038,BUY,LIMIT,IOC,7557,3492.27,3479.56,FILLED,513,7557
2024-02-28 17:12:43.060,BUY,LIMIT,IOC,228,3491.97,3481.51,FILLED,228,228
2024-02-28 17:12:44.058,BUY,LIMIT,IOC,510,3493.19,3485.38,FILLED,22,510
2024-02-28 17:12:48.036,BUY,LIMIT,IOC,22852,3500.0,3489.27,FILLED,3482,22852
2024-02-28 17:13:00.045,BUY,LIMIT,IOC,6,3497.93,3489.33,FILLED,6,6
2024-02-28 17:13:18.069,BUY,LIMIT,IOC,300,3500.89,3491.07,FILLED,27,300
2024-02-28 17:13:23.033,BUY,LIMIT,IOC,79,3503.3,3495.65,FILLED,79,79
2024-02-28 17:13:25.094,BUY,LIMIT,IOC,99,3506.1,3492.8,FILLED,99,99
2024-02-28 17:15:32.091,BUY,LIMIT,IOC,108,3509.7,3496.59,FILLED,106,108
2024-02-28 17:15:59.095,BUY,LIMIT,IOC,1853,3510.76,3498.22,FILLED,1665,1853
2024-02-28 17:16:08.058,BUY,LIMIT,IOC,2139,3512.68,3498.03,FILLED,102,2139
2024-02-28 17:16:39.100,BUY,LIMIT,IOC,39,3513.48,3499.44,FILLED,37,39
2024-02-28 17:16:42.060,BUY,LIMIT,IOC,5641,3514.31,3498.12,FILLED,164,5641
2024-02-28 17:17:43.055,SELL,LIMIT,IOC,140,3461.95,3477.21,FILLED,79,140
2024-02-28 17:17:45.050,SELL,LIMIT,IOC,1042,3454.63,3470.7,FILLED,287,1042
2024-02-28 17:25:13.042,SELL,LIMIT,IOC,15,3448.86,3465.07,FILLED,15,15
2024-02-28 17:25:32.061,SELL,LIMIT,IOC,1937,3441.35,3456.59,FILLED,1879,1937
2024-02-28 17:25:53.059,SELL,LIMIT,IOC,2727,3436.56,3450.64,FILLED,167,2727
2024-02-28 17:25:58.021,SELL,LIMIT,IOC,946,3428.5,3444.56,FILLED,546,946
2024-02-28 17:26:00.088,SELL,LIMIT,IOC,126,3420.64,3442.2,FILLED,126,126
2024-02-28 17:28:10.082,BUY,LIMIT,IOC,4750,3479.58,3462.37,FILLED,550,4750
2024-02-28 17:30:04.077,SELL,LIMIT,IOC,14,3416.33,3430.55,FILLED,14,14
2024-02-28 17:30:09.063,SELL,LIMIT,IOC,21,3408.3,3423.24,FILLED,21,21
2024-02-28 17:30:45.045,SELL,LIMIT,IOC,51,3378.28,3390.83,FILLED,18,51
2024-02-28 17:30:47.078,SELL,LIMIT,IOC,1325,3371.33,3379.77,FILLED,632,1325
2024-02-28 17:30:49.033,SELL,LIMIT,IOC,209,3362.67,3381.53,FILLED,207,209
2024-02-28 17:31:04.036,SELL,LIMIT,IOC,124,3359.89,3367.37,FILLED,124,124
2024-02-28 17:31:05.069,SELL,LIMIT,IOC,20,3346.18,3355.95,FILLED,20,20
2024-02-28 17:31:11.046,SELL,LIMIT,IOC,314,3335.27,3351.91,FILLED,74,314
2024-02-28 17:31:14.077,SELL,LIMIT,IOC,87,3328.73,3340.92,FILLED,87,87
2024-02-28 17:31:38.084,SELL,LIMIT,IOC,16,3322.45,3332.49,FILLED,12,16
2024-02-28 17:31:39.107,SELL,LIMIT,IOC,1984,3321.26,3322.52,FILLED,185,1984
2024-02-28 17:31:41.055,SELL,LIMIT,IOC,3539,3304.5,3305.23,FILLED,209,3539
2024-02-28 17:31:42.073,SELL,LIMIT,IOC,401,3295.87,3295.87,FILLED,401,401
2024-02-28 17:31:43.056,SELL,LIMIT,IOC,1514,3282.03,3282.03,FILLED,1514,1514
2024-02-28 17:31:45.029,SELL,LIMIT,IOC,18487,3265.72,3265.72,FILLED,18487,18487
2024-02-28 17:31:46.047,SELL,LIMIT,IOC,1171,3246.96,3246.96,FILLED,1171,1171
2024-02-28 17:31:47.034,SELL,LIMIT,IOC,102,3238.72,3238.72,FILLED,102,102
2024-02-28 17:31:48.061,SELL,LIMIT,IOC,64,3229.8,3229.8,FILLED,64,64
2024-02-28 17:31:49.052,SELL,LIMIT,IOC,50,3218.32,3218.32,FILLED,50,50
2024-02-28 17:31:50.078,SELL,LIMIT,IOC,47092,3204.7,3204.7,FILLED,47092,47092
2024-02-28 17:31:53.054,SELL,LIMIT,IOC,3686,3191.07,3200.48,FILLED,3686,3686
2024-02-28 17:32:05.061,BUY,LIMIT,IOC,2485,3262.91,3255.66,FILLED,427,2485
2024-02-28 17:32:13.052,BUY,LIMIT,IOC,21,3285.19,3271.85,FILLED,21,21
2024-02-28 17:32:28.030,BUY,LIMIT,IOC,1436,3303.61,3287.38,FILLED,167,1436
2024-02-28 17:32:52.042,BUY,LIMIT,IOC,737,3331.5,3329.5,FILLED,485,737
2024-02-28 17:35:12.053,SELL,LIMIT,IOC,5,3295.91,3312.66,FILLED,5,5
2024-02-28 17:37:01.049,SELL,LIMIT,IOC,4,3277.22,3289.55,FILLED,3,4
2024-02-28 17:37:21.087,SELL,LIMIT,IOC,9,3271.83,3284.42,FILLED,9,9
2024-02-28 17:37:37.067,SELL,LIMIT,IOC,967,3263.17,3271.05,FILLED,159,967
2024-02-28 17:37:41.019,SELL,LIMIT,IOC,117,3254.43,3266.58,FILLED,12,117
2024-02-28 17:39:43.070,BUY,LIMIT,IOC,5,3322.74,3309.64,FILLED,5,5
2024-02-28 17:43:02.063,BUY,LIMIT,IOC,45,3345.01,3329.61,FILLED,45,45
2024-02-28 17:43:13.064,BUY,LIMIT,IOC,736,3348.19,3334.49,FILLED,449,736
2024-02-28 17:43:21.102,BUY,LIMIT,IOC,4111,3355.42,3344.03,FILLED,708,4111
2024-02-28 17:43:49.062,BUY,LIMIT,IOC,11,3370.5,3358.25,FILLED,11,11
2024-02-28 17:44:26.066,BUY,LIMIT,IOC,166,3385.43,3369.4,FILLED,166,166
2024-02-28 17:44:40.570,SELL,LIMIT,IOC,500,3346.21,3362.79,FILLED,130,500
2024-02-28 17:44:54.028,BUY,LIMIT,IOC,1451,3387.97,3371.73,FILLED,831,1451
2024-02-28 17:44:57.040,BUY,LIMIT,IOC,15,3391.19,3378.4,FILLED,15,15
2024-02-28 17:45:20.030,SELL,LIMIT,IOC,2284,3334.33,3347.63,FILLED,4,2284
2024-02-28 17:45:44.033,SELL,LIMIT,IOC,82,3321.76,3338.45,FILLED,82,82
2024-02-28 17:52:19.070,SELL,LIMIT,IOC,1778,3323.51,3339.71,FILLED,1778,1778
2024-02-28 18:02:40.055,SELL,LIMIT,IOC,2850,3318.11,3333.39,FILLED,96,2850
2024-02-28 18:04:52.039,SELL,LIMIT,IOC,4,3306.28,3318.93,FILLED,4,4
2024-02-28 18:04:53.041,SELL,LIMIT,IOC,205,3304.13,3321.25,FILLED,6,205
2024-02-28 18:05:06.025,SELL,LIMIT,IOC,11,3302.11,3313.79,FILLED,11,11
2024-02-28 18:05:31.094,SELL,LIMIT,IOC,2,3290.78,3303.54,FILLED,2,2
2024-02-28 18:05:36.037,SELL,LIMIT,IOC,1040,3285.11,3287.45,FILLED,1035,1040
2024-02-28 18:20:25.073,SELL,LIMIT,IOC,444,3267.98,3287.02,FILLED,261,444
2024-02-28 18:20:54.027,SELL,LIMIT,IOC,203,3265.93,3281.19,FILLED,62,203
2024-02-28 18:21:58.041,SELL,LIMIT,IOC,1,3262.9,3278.26,FILLED,1,1
2024-02-28 18:21:59.088,SELL,LIMIT,IOC,1664,3259.19,3273.49,FILLED,460,1664
2024-02-28 18:22:00.086,SELL,LIMIT,IOC,4,3256.1,3270.67,FILLED,4,4
2024-02-28 18:22:03.085,SELL,LIMIT,IOC,76,3252.38,3264.23,FILLED,76,76
2024-02-28 18:22:56.079,SELL,LIMIT,IOC,145,3249.19,3261.64,FILLED,86,145
2024-02-28 18:22:58.044,SELL,LIMIT,IOC,654,3238.27,3242.32,FILLED,654,654
2024-02-28 18:23:08.058,SELL,LIMIT,IOC,1000,3231.5,3245.88,FILLED,46,1000
2024-02-28 18:23:36.078,SELL,LIMIT,IOC,167,3224.53,3240.58,FILLED,10,167
2024-02-28 18:24:00.049,SELL,LIMIT,IOC,4,3215.67,3224.89,FILLED,4,4
2024-02-28 18:24:01.085,SELL,LIMIT,IOC,22500,3207.32,3223.16,FILLED,4881,22500
2024-02-28 18:24:04.106,SELL,LIMIT,IOC,5557,3199.37,3203.81,FILLED,88,5557
2024-02-28 18:24:11.050,BUY,LIMIT,IOC,31,3243.51,3227.82,FILLED,31,31
2024-02-28 18:24:20.024,BUY,LIMIT,IOC,566,3259.67,3247.92,FILLED,99,566
2024-02-28 18:24:35.047,BUY,LIMIT,IOC,20,3268.48,3254.25,FILLED,20,20
2024-02-28 18:28:18.065,BUY,LIMIT,IOC,274,3276.69,3261.07,FILLED,116,274
2024-02-28 18:39:46.096,SELL,LIMIT,IOC,1,3261.87,3276.12,FILLED,1,1
2024-02-28 18:42:36.062,BUY,LIMIT,IOC,5,3318.96,3303.06,FILLED,5,5
2024-02-28 18:42:39.027,BUY,LIMIT,IOC,15,3320.59,3304.81,FILLED,15,15
2024-02-28 18:46:23.055,BUY,LIMIT,IOC,94,3326.05,3310.86,FILLED,44,94
2024-02-28 19:10:28.092,SELL,LIMIT,IOC,74,3296.85,3311.55,FILLED,73,74
2024-02-28 19:41:48.122,SELL,LIMIT,IOC,30,3284.6,3298.31,FILLED,30,30
2024-02-28 19:41:51.039,SELL,LIMIT,IOC,826,3278.94,3292.44,FILLED,826,826
2024-02-28 19:41:53.078,SELL,LIMIT,IOC,44,3275.66,3291.34,FILLED,44,44
2024-02-28 19:45:19.099,SELL,LIMIT,IOC,2,3269.32,3284.62,FILLED,2,2
2024-02-28 19:45:22.028,SELL,LIMIT,IOC,182,3265.14,3282.39,FILLED,182,182
2024-02-28 20:06:38.079,SELL,LIMIT,IOC,2,3258.12,3272.58,FILLED,2,2
2024-02-28 20:08:22.043,SELL,LIMIT,IOC,366,3247.97,3259.04,FILLED,44,366
2024-02-28 21:08:47.038,SELL,LIMIT,IOC,954,3265.76,3281.92,FILLED,954,954
2024-02-28 21:09:22.044,SELL,LIMIT,IOC,3,3264.27,3280.0,FILLED,3,3
2024-02-28 21:20:22.057,BUY,LIMIT,IOC,413,3331.75,3317.87,FILLED,413,413
2024-02-28 22:08:42.053,BUY,LIMIT,IOC,558,3355.56,3339.61,FILLED,558,558
2024-02-28 22:09:13.054,BUY,LIMIT,IOC,57,3357.21,3341.17,FILLED,47,57
2024-02-28 22:29:29.057,BUY,LIMIT,IOC,183,3367.2,3350.09,FILLED,183,183
2024-02-28 23:15:32.034,BUY,LIMIT,IOC,514,3384.39,3369.0,FILLED,234,514
2024-02-28 23:40:07.050,BUY,LIMIT,IOC,23884,3405.84,3386.24,FILLED,298,23884
2024-02-29 00:08:35.040,BUY,LIMIT,IOC,11,3409.26,3393.33,FILLED,9,11
2024-02-29 00:10:30.032,BUY,LIMIT,IOC,17,3415.8,3400.4,FILLED,17,17
2024-02-29 00:18:18.055,BUY,LIMIT,IOC,377,3422.75,3408.0,FILLED,373,377
2024-02-29 00:23:10.059,BUY,LIMIT,IOC,24,3438.3,3423.6,FILLED,24,24
2024-02-29 00:23:16.031,BUY,LIMIT,IOC,693,3440.27,3425.96,FILLED,22,693
2024-02-29 00:23:29.030,BUY,LIMIT,IOC,1,3444.47,3430.1,FILLED,1,1
2024-02-29 00:26:10.063,BUY,LIMIT,IOC,1,3448.96,3434.0,FILLED,1,1
2024-02-29 00:26:20.047,BUY,LIMIT,IOC,84,3451.82,3438.0,FILLED,84,84
2024-02-29 00:39:24.060,BUY,LIMIT,IOC,5,3485.74,3470.83,FILLED,5,5
2024-02-29 01:25:59.045,SELL,LIMIT,IOC,2,3404.12,3422.23,FILLED,2,2
2024-02-29 02:17:58.046,SELL,LIMIT,IOC,295,3386.15,3403.6,FILLED,295,295
2024-02-29 03:32:00.053,SELL,LIMIT,IOC,111,3381.1,3396.92,FILLED,111,111
2024-02-29 04:15:32.035,BUY,LIMIT,IOC,2494,3442.62,3427.85,FILLED,879,2494
2024-02-29 04:34:19.047,BUY,LIMIT,IOC,6,3455.26,3440.43,FILLED,6,6
2024-02-29 04:36:43.057,BUY,LIMIT,IOC,18,3457.98,3443.24,FILLED,18,18
2024-02-29 04:46:24.065,BUY,LIMIT,IOC,1,3472.66,3457.19,FILLED,1,1
2024-02-29 05:20:17.077,SELL,LIMIT,IOC,1,3418.35,3434.38,FILLED,1,1
2024-02-29 05:29:30.078,BUY,LIMIT,IOC,16,3479.34,3464.11,FILLED,16,16
2024-02-29 06:46:36.079,BUY,LIMIT,IOC,17,3514.95,3498.5,FILLED,17,17
2024-02-29 07:05:21.029,SELL,LIMIT,IOC,2,3451.33,3465.19,FILLED,2,2
2024-02-29 07:05:32.089,SELL,LIMIT,IOC,275,3447.44,3463.0,FILLED,275,275
2024-02-29 07:21:19.087,SELL,LIMIT,IOC,564,3436.47,3452.87,FILLED,564,564
2024-02-29 08:15:20.100,BUY,LIMIT,IOC,1,3519.33,3502.88,FILLED,1,1
2024-02-29 08:16:37.052,BUY,LIMIT,IOC,27,3520.98,3505.4,FILLED,27,27
2024-02-29 08:17:54.023,BUY,LIMIT,IOC,18,3522.23,3506.64,FILLED,18,18
2024-02-29 08:20:30.041,BUY,LIMIT,IOC,1,3522.84,3507.22,FILLED,1,1
2024-02-29 08:22:20.092,SELL,LIMIT,IOC,2,3470.59,3488.42,FILLED,2,2
2024-02-29 08:24:41.085,SELL,LIMIT,IOC,24,3469.07,3487.09,FILLED,24,24
2024-02-29 08:25:08.037,SELL,LIMIT,IOC,385,3465.99,3481.2,FILLED,301,385
2024-02-29 09:02:18.044,BUY,LIMIT,IOC,150,3508.05,3491.19,FILLED,150,150
2024-02-29 09:16:42.102,SELL,LIMIT,IOC,1622,3453.35,3470.19,FILLED,208,1622
2024-02-29 09:31:00.078,SELL,LIMIT,IOC,331,3436.78,3453.65,FILLED,65,331
2024-02-29 09:31:12.038,SELL,LIMIT,IOC,323,3430.22,3447.06,FILLED,219,323
2024-02-29 10:34:03.093,BUY,LIMIT,IOC,800,3484.9,3468.82,FILLED,800,800
2024-02-29 10:39:26.033,BUY,LIMIT,IOC,2,3491.31,3474.79,FILLED,2,2
2024-02-29 10:46:09.058,BUY,LIMIT,IOC,85,3496.32,3479.4,FILLED,85,85
2024-02-29 11:18:51.080,BUY,LIMIT,IOC,6,3504.94,3489.0,FILLED,6,6
2024-02-29 11:31:21.049,BUY,LIMIT,IOC,14,3521.17,3506.0,FILLED,14,14
2024-02-29 11:31:54.091,BUY,LIMIT,IOC,548,3523.79,3509.14,FILLED,189,548
2024-02-29 11:31:57.081,BUY,LIMIT,IOC,16,3524.24,3509.62,FILLED,1,16
2024-02-29 11:32:00.019,BUY,LIMIT,IOC,6,3527.67,3522.31,FILLED,6,6
2024-02-29 11:32:17.052,BUY,LIMIT,IOC,50,3533.26,3519.54,FILLED,50,50
2024-02-29 11:34:14.082,BUY,LIMIT,IOC,10,3539.79,3526.95,FILLED,10,10
2024-02-29 12:04:02.088,SELL,LIMIT,IOC,1,3489.34,3506.6,FILLED,1,1
2024-02-29 12:04:13.088,SELL,LIMIT,IOC,2314,3488.98,3506.32,FILLED,394,2314
2024-02-29 12:05:33.062,SELL,LIMIT,IOC,622,3483.13,3500.0,FILLED,444,622
2024-02-29 12:05:38.093,SELL,LIMIT,IOC,422,3481.04,3498.53,FILLED,422,422
2024-02-29 12:05:44.022,SELL,LIMIT,IOC,3,3480.34,3497.3,FILLED,3,3
2024-02-29 12:06:07.053,SELL,LIMIT,IOC,3,3475.82,3475.82,FILLED,3,3
2024-02-29 12:06:08.086,SELL,LIMIT,IOC,30,3466.55,3466.55,FILLED,30,30
2024-02-29 12:06:54.035,SELL,LIMIT,IOC,175,3435.96,3456.5,FILLED,175,175
2024-02-29 13:22:28.022,SELL,LIMIT,IOC,5219,3446.66,3463.27,FILLED,3225,5219
2024-02-29 13:23:00.094,SELL,LIMIT,IOC,3,3442.91,3460.03,FILLED,3,3
2024-02-29 13:29:34.083,SELL,LIMIT,IOC,1,3436.0,3453.39,FILLED,1,1
2024-02-29 13:31:10.085,BUY,LIMIT,IOC,1,3494.05,3479.94,FILLED,1,1
2024-02-29 13:38:26.038,BUY,LIMIT,IOC,230,3501.87,3485.41,FILLED,230,230
2024-02-29 14:03:54.109,SELL,LIMIT,IOC,2226,3460.84,3477.72,FILLED,543,2226
2024-02-29 14:32:31.054,BUY,LIMIT,IOC,9,3515.15,3498.57,FILLED,9,9
2024-02-29 14:33:17.039,BUY,LIMIT,IOC,22,3517.88,3500.6,FILLED,22,22
2024-02-29 14:34:09.080,BUY,LIMIT,IOC,2,3519.68,3502.4,FILLED,2,2
2024-02-29 15:55:56.058,SELL,LIMIT,IOC,1310,3450.24,3466.98,FILLED,50,1310
2024-02-29 16:15:33.030,SELL,LIMIT,IOC,1000,3439.56,3457.22,FILLED,347,1000
2024-02-29 16:18:08.077,SELL,LIMIT,IOC,48,3435.69,3451.32,FILLED,47,48
2024-02-29 16:18:18.044,SELL,LIMIT,IOC,521,3429.85,3444.7,FILLED,26,521
2024-02-29 16:18:20.017,SELL,LIMIT,IOC,121,3427.02,3440.68,FILLED,40,121
2024-02-29 16:22:17.043,SELL,LIMIT,IOC,47,3418.56,3433.54,FILLED,47,47
2024-02-29 16:39:19.094,SELL,LIMIT,IOC,229,3421.39,3438.93,FILLED,121,229
2024-02-29 16:40:12.023,SELL,LIMIT,IOC,357,3416.43,3432.58,FILLED,357,357
2024-02-29 16:40:14.047,SELL,LIMIT,IOC,4,3414.84,3432.36,FILLED,4,4
2024-02-29 16:40:27.087,SELL,LIMIT,IOC,39,3412.09,3428.61,FILLED,39,39
2024-02-29 16:40:29.048,SELL,LIMIT,IOC,2045,3410.82,3424.16,FILLED,205,2045
2024-02-29 16:40:30.067,SELL,LIMIT,IOC,90,3406.27,3419.5,FILLED,90,90
2024-02-29 16:40:43.072,SELL,LIMIT,IOC,864,3403.05,3419.64,FILLED,185,864
2024-02-29 16:40:45.037,SELL,LIMIT,IOC,520,3400.91,3411.11,FILLED,247,520
2024-02-29 16:40:46.039,SELL,LIMIT,IOC,460,3396.63,3413.03,FILLED,210,460
2024-02-29 16:40:55.064,SELL,LIMIT,IOC,41,3393.26,3406.08,FILLED,41,41
2024-02-29 16:40:56.086,SELL,LIMIT,IOC,114,3389.55,3407.46,FILLED,114,114
2024-02-29 16:41:18.034,SELL,LIMIT,IOC,33,3388.36,3404.75,FILLED,33,33
2024-02-29 16:41:20.062,SELL,LIMIT,IOC,99,3386.98,3401.5,FILLED,99,99
2024-02-29 17:17:11.050,SELL,LIMIT,IOC,182,3416.37,3432.6,FILLED,169,182
2024-02-29 17:40:23.079,SELL,LIMIT,IOC,9,3387.13,3404.89,FILLED,9,9
2024-02-29 17:41:19.039,SELL,LIMIT,IOC,685,3379.29,3392.81,FILLED,685,685
2024-02-29 17:41:20.067,SELL,LIMIT,IOC,1796,3376.57,3384.93,FILLED,196,1796
2024-02-29 17:41:21.060,SELL,LIMIT,IOC,200,3369.41,3381.62,FILLED,200,200
2024-02-29 17:41:22.083,SELL,LIMIT,IOC,412,3367.84,3379.51,FILLED,412,412
2024-02-29 17:42:02.043,SELL,LIMIT,IOC,5394,3361.71,3370.08,FILLED,3993,5394
2024-02-29 17:42:03.068,SELL,LIMIT,IOC,4275,3354.71,3369.18,FILLED,177,4275
2024-02-29 17:42:06.074,SELL,LIMIT,IOC,6152,3345.36,3364.88,FILLED,369,6152
2024-02-29 17:42:09.036,SELL,LIMIT,IOC,1626,3341.71,3353.55,FILLED,91,1626
2024-02-29 17:42:10.041,SELL,LIMIT,IOC,194,3341.44,3360.39,FILLED,55,194
2024-02-29 17:50:14.072,SELL,LIMIT,IOC,27,3354.7,3371.44,FILLED,8,27
2024-02-29 17:50:26.058,SELL,LIMIT,IOC,33,3352.47,3368.29,FILLED,32,33
2024-02-29 18:01:20.034,BUY,LIMIT,IOC,2,3415.43,3400.84,FILLED,2,2
2024-02-29 18:09:04.083,BUY,LIMIT,IOC,3,3429.54,3413.29,FILLED,3,3
2024-02-29 18:33:25.050,SELL,LIMIT,IOC,103,3356.14,3371.79,FILLED,103,103
2024-02-29 18:51:13.038,SELL,LIMIT,IOC,5,3345.62,3361.6,FILLED,5,5
2024-02-29 18:51:15.069,SELL,LIMIT,IOC,509,3344.69,3360.35,FILLED,146,509
2024-02-29 19:04:30.088,SELL,LIMIT,IOC,21,3346.82,3363.28,FILLED,21,21
2024-02-29 19:32:10.066,BUY,LIMIT,IOC,4,3405.14,3389.17,FILLED,3,4
2024-02-29 20:44:25.075,SELL,LIMIT,IOC,169,3386.24,3404.11,FILLED,169,169
2024-02-29 21:03:46.044,SELL,LIMIT,IOC,4,3370.33,3385.19,FILLED,4,4
2024-02-29 21:05:36.054,SELL,LIMIT,IOC,28,3363.25,3377.85,FILLED,25,28
2024-02-29 21:07:12.092,SELL,LIMIT,IOC,2,3358.51,3374.13,FILLED,2,2
2024-02-29 21:07:18.017,SELL,LIMIT,IOC,2,3356.95,3373.19,FILLED,2,2
2024-02-29 21:08:41.046,SELL,LIMIT,IOC,17,3348.01,3363.35,FILLED,17,17
2024-02-29 21:09:34.071,SELL,LIMIT,IOC,5,3338.26,3352.07,FILLED,5,5
2024-02-29 21:09:36.047,SELL,LIMIT,IOC,277,3332.66,3346.46,FILLED,277,277
2024-02-29 21:09:48.048,SELL,LIMIT,IOC,6978,3329.12,3345.06,FILLED,1823,6978
2024-02-29 21:10:24.047,SELL,LIMIT,IOC,591,3326.43,3340.23,FILLED,591,591
2024-02-29 21:10:26.074,SELL,LIMIT,IOC,150,3324.09,3338.91,FILLED,150,150
2024-02-29 21:10:50.072,SELL,LIMIT,IOC,2939,3323.02,3338.63,FILLED,160,2939
2024-02-29 21:11:56.056,SELL,LIMIT,IOC,33,3322.61,3338.0,FILLED,33,33
2024-02-29 21:11:57.059,SELL,LIMIT,IOC,148,3321.71,3336.55,FILLED,147,148
2024-02-29 21:12:00.069,SELL,LIMIT,IOC,227,3320.6,3338.03,FILLED,227,227
2024-02-29 21:23:51.062,SELL,LIMIT,IOC,11,3326.82,3342.85,FILLED,2,11
2024-02-29 21:34:04.077,SELL,LIMIT,IOC,73,3323.21,3337.6,FILLED,73,73
2024-02-29 21:34:08.035,SELL,LIMIT,IOC,893,3317.65,3330.38,FILLED,892,893
2024-02-29 21:34:10.096,SELL,LIMIT,IOC,3,3315.21,3328.4,FILLED,3,3
2024-02-29 21:34:57.031,SELL,LIMIT,IOC,6209,3308.69,3325.02,FILLED,4648,6209
2024-02-29 21:34:59.061,SELL,LIMIT,IOC,7,3308.31,3324.0,FILLED,7,7
2024-02-29 21:35:01.052,SELL,LIMIT,IOC,21,3307.54,3323.83,FILLED,21,21
2024-02-29 21:36:37.108,SELL,LIMIT,IOC,498,3307.44,3323.8,FILLED,309,498
2024-02-29 21:36:49.031,SELL,LIMIT,IOC,43,3305.67,3320.85,FILLED,43,43
2024-02-29 21:36:50.025,SELL,LIMIT,IOC,301,3304.34,3316.8,FILLED,297,301
2024-02-29 21:36:51.080,SELL,LIMIT,IOC,3273,3303.28,3317.6,FILLED,125,3273
2024-02-29 21:36:58.024,SELL,LIMIT,IOC,2133,3302.14,3317.68,FILLED,739,2133
2024-02-29 21:38:22.039,SELL,LIMIT,IOC,4,3300.43,3316.48,FILLED,4,4
2024-02-29 21:38:24.040,SELL,LIMIT,IOC,294,3299.89,3315.9,FILLED,294,294
2024-02-29 21:54:42.071,BUY,LIMIT,IOC,171,3364.01,3348.87,FILLED,171,171
2024-02-29 22:36:56.090,SELL,LIMIT,IOC,20,3297.28,3312.22,FILLED,20,20
2024-02-29 22:37:49.017,SELL,LIMIT,IOC,25,3292.24,3307.98,FILLED,25,25
2024-02-29 22:38:12.089,SELL,LIMIT,IOC,122,3291.45,3306.85,FILLED,122,122
2024-02-29 22:38:16.056,SELL,LIMIT,IOC,1617,3289.52,3305.7,FILLED,737,1617
2024-02-29 23:31:37.015,BUY,LIMIT,IOC,1,3375.39,3359.35,FILLED,1,1
2024-03-01 00:17:27.072,BUY,LIMIT,IOC,2792,3385.4,3376.04,FILLED,2792,2792
2024-03-01 01:26:43.054,BUY,LIMIT,IOC,28,3403.45,3386.6,FILLED,28,28
2024-03-01 01:40:23.038,BUY,LIMIT,IOC,11,3404.04,3389.73,FILLED,11,11
2024-03-01 02:15:07.062,SELL,LIMIT,IOC,1872,3346.94,3362.44,FILLED,228,1872
2024-03-01 02:15:08.099,SELL,LIMIT,IOC,9,3346.1,3361.26,FILLED,6,9
2024-03-01 02:15:12.047,SELL,LIMIT,IOC,1,3344.04,3360.85,FILLED,1,1
2024-03-01 03:50:38.069,BUY,LIMIT,IOC,315,3396.95,3381.25,FILLED,313,315
2024-03-01 06:19:02.030,BUY,LIMIT,IOC,13,3413.85,3398.29,FILLED,13,13
2024-03-01 07:29:07.050,SELL,LIMIT,IOC,233,3360.98,3377.42,FILLED,233,233
2024-03-01 07:46:14.063,SELL,LIMIT,IOC,196,3351.68,3367.75,FILLED,196,196
2024-03-01 08:09:14.071,SELL,LIMIT,IOC,457,3345.0,3360.03,FILLED,153,457
2024-03-01 08:09:17.065,SELL,LIMIT,IOC,872,3342.61,3359.92,FILLED,272,872
2024-03-01 08:21:46.044,BUY,LIMIT,IOC,2,3404.57,3389.6,FILLED,2,2
2024-03-01 08:23:32.051,BUY,LIMIT,IOC,8,3413.62,3397.22,FILLED,8,8
2024-03-01 08:32:49.071,BUY,LIMIT,IOC,619,3425.55,3413.78,FILLED,1,619
2024-03-01 08:35:16.036,BUY,LIMIT,IOC,1752,3431.41,3415.93,FILLED,1752,1752
2024-03-01 08:40:12.048,BUY,LIMIT,IOC,4315,3444.48,3428.52,FILLED,393,4315
2024-03-01 08:40:14.088,BUY,LIMIT,IOC,3552,3445.4,3428.44,FILLED,57,3552
2024-03-01 08:41:42.065,BUY,LIMIT,IOC,808,3449.44,3432.65,FILLED,183,808
2024-03-01 08:41:58.059,BUY,LIMIT,IOC,1227,3455.63,3439.77,FILLED,5,1227
2024-03-01 10:36:12.061,SELL,LIMIT,IOC,180,3397.04,3413.69,FILLED,180,180
2024-03-01 10:46:35.068,SELL,LIMIT,IOC,2437,3393.72,3408.44,FILLED,998,2437
2024-03-01 10:49:29.029,SELL,LIMIT,IOC,70,3391.16,3408.0,FILLED,42,70
2024-03-01 10:49:35.073,SELL,LIMIT,IOC,105,3389.71,3406.2,FILLED,77,105
2024-03-01 13:22:00.040,BUY,LIMIT,IOC,6,3468.01,3452.98,FILLED,6,6
2024-03-01 14:34:36.059,SELL,LIMIT,IOC,1,3415.57,3434.1,FILLED,1,1
2024-03-01 14:34:51.060,SELL,LIMIT,IOC,5,3410.31,3428.15,FILLED,5,5
2024-03-01 14:37:32.034,SELL,LIMIT,IOC,158,3402.0,3418.4,FILLED,144,158
2024-03-01 14:40:12.044,SELL,LIMIT,IOC,36,3398.54,3398.54,FILLED,36,36
2024-03-01 14:40:13.060,SELL,LIMIT,IOC,39,3379.05,3397.13,FILLED,39,39
2024-03-01 14:40:15.086,SELL,LIMIT,IOC,60,3378.13,3402.1,FILLED,60,60
2024-03-01 15:49:21.057,SELL,LIMIT,IOC,193,3377.08,3393.55,FILLED,62,193
2024-03-01 15:52:12.107,SELL,LIMIT,IOC,42,3373.6,3390.04,FILLED,41,42
2024-03-01 15:52:16.103,SELL,LIMIT,IOC,3,3370.88,3386.39,FILLED,3,3
2024-03-01 15:52:18.033,SELL,LIMIT,IOC,1426,3368.71,3386.52,FILLED,1003,1426
2024-03-01 16:26:44.091,BUY,LIMIT,IOC,1,3419.59,3403.31,FILLED,1,1
2024-03-01 17:15:59.078,BUY,LIMIT,IOC,1,3427.46,3410.6,FILLED,1,1
2024-03-01 17:18:37.108,BUY,LIMIT,IOC,167,3430.45,3419.99,FILLED,167,167
2024-03-01 17:27:27.077,BUY,LIMIT,IOC,58,3441.66,3424.91,FILLED,58,58
2024-03-01 20:56:05.032,BUY,LIMIT,IOC,341,3459.29,3443.33,FILLED,54,341
2024-03-01 20:56:08.072,BUY,LIMIT,IOC,196,3459.67,3443.47,FILLED,155,196
2024-03-01 20:56:38.041,BUY,LIMIT,IOC,140,3461.12,3444.6,FILLED,140,140
2024-03-01 20:57:57.046,BUY,LIMIT,IOC,127,3467.28,3450.43,FILLED,127,127
2024-03-01 20:58:07.060,BUY,LIMIT,IOC,1,3468.24,3451.6,FILLED,1,1
2024-03-01 21:14:41.044,BUY,LIMIT,IOC,1,3469.3,3452.71,FILLED,1,1
2024-03-01 21:38:39.082,SELL,LIMIT,IOC,1,3419.8,3436.6,FILLED,1,1
2024-03-01 21:48:55.095,SELL,LIMIT,IOC,128,3414.65,3431.36,FILLED,128,128
2024-03-02 00:31:22.065,BUY,LIMIT,IOC,7,3474.01,3458.08,FILLED,7,7
2024-03-02 01:22:06.039,SELL,LIMIT,IOC,399,3422.57,3439.21,FILLED,329,399
2024-03-02 01:24:53.079,SELL,LIMIT,IOC,22,3414.42,3431.42,FILLED,22,22
2024-03-02 05:15:31.039,SELL,LIMIT,IOC,35,3408.24,3424.21,FILLED,35,35
2024-03-02 05:15:34.034,SELL,LIMIT,IOC,259,3406.62,3423.02,FILLED,259,259
2024-03-02 05:15:36.021,SELL,LIMIT,IOC,1622,3391.1,3401.55,FILLED,1622,1622
2024-03-02 05:15:39.036,SELL,LIMIT,IOC,2,3414.61,3414.61,FILLED,2,2
2024-03-02 06:16:38.097,BUY,LIMIT,IOC,400,3453.21,3437.99,FILLED,400,400
2024-03-02 07:30:19.088,SELL,LIMIT,IOC,5,3416.36,3433.38,FILLED,5,5
2024-03-02 08:19:17.057,SELL,LIMIT,IOC,2,3405.19,3421.92,FILLED,2,2
2024-03-02 08:21:23.044,SELL,LIMIT,IOC,984,3404.33,3421.21,FILLED,825,984
2024-03-02 08:21:58.047,SELL,LIMIT,IOC,22,3402.84,3418.68,FILLED,22,22
2024-03-02 08:22:26.068,SELL,LIMIT,IOC,10,3401.37,3416.15,FILLED,10,10
2024-03-02 08:22:27.080,SELL,LIMIT,IOC,1551,3400.42,3414.91,FILLED,50,1551
2024-03-02 09:31:22.074,SELL,LIMIT,IOC,19,3396.54,3413.4,FILLED,19,19
2024-03-02 09:31:55.119,SELL,LIMIT,IOC,62,3393.89,3410.0,FILLED,62,62
2024-03-02 09:31:57.104,SELL,LIMIT,IOC,3,3392.89,3409.17,FILLED,3,3
2024-03-02 09:37:22.070,SELL,LIMIT,IOC,31,3389.53,3406.55,FILLED,31,31
2024-03-02 09:38:19.100,SELL,LIMIT,IOC,360,3385.28,3402.0,FILLED,360,360
2024-03-02 09:38:21.044,SELL,LIMIT,IOC,104,3384.7,3401.38,FILLED,104,104
2024-03-02 12:24:05.040,BUY,LIMIT,IOC,6,3443.7,3426.8,FILLED,6,6
2024-03-02 12:26:29.083,BUY,LIMIT,IOC,6,3447.27,3430.83,FILLED,6,6
2024-03-02 14:03:17.070,SELL,LIMIT,IOC,4,3390.33,3407.04,FILLED,4,4
2024-03-02 14:03:42.110,SELL,LIMIT,IOC,183,3388.15,3404.4,FILLED,183,183
2024-03-02 14:06:43.072,SELL,LIMIT,IOC,3,3386.59,3403.34,FILLED,3,3
2024-03-02 14:06:45.083,SELL,LIMIT,IOC,186,3386.21,3402.68,FILLED,186,186
2024-03-02 20:10:59.065,SELL,LIMIT,IOC,3,3403.34,3418.17,FILLED,3,3
2024-03-02 20:11:06.031,SELL,LIMIT,IOC,26,3400.19,3417.88,FILLED,26,26
2024-03-02 20:15:10.085,SELL,LIMIT,IOC,1,3398.67,3415.4,FILLED,1,1
2024-03-02 20:17:57.049,SELL,LIMIT,IOC,33,3396.62,3413.4,FILLED,33,33
2024-03-02 20:18:27.078,SELL,LIMIT,IOC,5,3395.48,3411.73,FILLED,5,5
2024-03-03 00:42:56.097,BUY,LIMIT,IOC,3229,3452.82,3436.64,FILLED,284,3229
2024-03-03 01:13:08.059,BUY,LIMIT,IOC,2,3455.56,3438.57,FILLED,2,2
2024-03-03 02:30:57.039,SELL,LIMIT,IOC,2,3401.88,3419.2,FILLED,2,2
2024-03-03 04:18:36.038,BUY,LIMIT,IOC,4,3460.01,3443.58,FILLED,4,4
2024-03-03 04:25:17.058,BUY,LIMIT,IOC,14,3464.67,3447.8,FILLED,14,14
2024-03-03 04:30:03.111,BUY,LIMIT,IOC,215,3468.47,3451.93,FILLED,215,215
2024-03-03 06:08:13.043,SELL,LIMIT,IOC,2,3402.4,3419.4,FILLED,2,2
2024-03-03 07:08:50.098,SELL,LIMIT,IOC,1,3396.29,3412.81,FILLED,1,1
2024-03-03 07:26:24.073,SELL,LIMIT,IOC,1,3384.04,3400.01,FILLED,1,1
2024-03-03 07:26:38.060,SELL,LIMIT,IOC,670,3382.82,3399.07,FILLED,480,670
2024-03-03 07:26:40.065,SELL,LIMIT,IOC,44,3380.72,3397.58,FILLED,17,44
2024-03-03 07:26:49.088,SELL,LIMIT,IOC,148,3379.34,3396.04,FILLED,99,148
2024-03-03 07:26:53.066,SELL,LIMIT,IOC,13030,3373.26,3390.14,FILLED,2761,13030
2024-03-03 07:26:54.070,SELL,LIMIT,IOC,33,3375.91,3390.84,FILLED,33,33
2024-03-03 07:26:56.088,SELL,LIMIT,IOC,5143,3374.46,3387.32,FILLED,2196,5143
2024-03-03 07:27:07.102,SELL,LIMIT,IOC,200,3369.91,3384.7,FILLED,200,200
2024-03-03 07:27:09.059,SELL,LIMIT,IOC,5,3368.93,3383.6,FILLED,5,5
2024-03-03 07:27:10.075,SELL,LIMIT,IOC,158,3368.81,3381.13,FILLED,5,158
2024-03-03 07:27:12.059,SELL,LIMIT,IOC,51,3367.27,3378.81,FILLED,51,51
2024-03-03 07:27:13.095,SELL,LIMIT,IOC,731,3366.44,3377.38,FILLED,635,731
2024-03-03 07:27:15.051,SELL,LIMIT,IOC,6909,3360.54,3374.01,FILLED,4909,6909
2024-03-03 07:27:16.067,SELL,LIMIT,IOC,363,3359.83,3375.78,FILLED,363,363
2024-03-03 07:27:19.049,SELL,LIMIT,IOC,41,3358.29,3374.11,FILLED,41,41
2024-03-03 07:27:22.055,SELL,LIMIT,IOC,37,3358.14,3371.42,FILLED,37,37
2024-03-03 07:27:23.084,SELL,LIMIT,IOC,358,3357.28,3370.75,FILLED,356,358
2024-03-03 07:27:25.100,SELL,LIMIT,IOC,1440,3355.84,3371.43,FILLED,835,1440
2024-03-03 07:27:27.048,SELL,LIMIT,IOC,14,3355.25,3367.2,FILLED,14,14
2024-03-03 07:27:28.058,SELL,LIMIT,IOC,50000,3344.52,3366.1,FILLED,41450,50000
2024-03-03 07:32:58.096,SELL,LIMIT,IOC,50,3361.66,3375.46,FILLED,2,50
2024-03-03 08:05:27.023,SELL,LIMIT,IOC,5,3373.47,3388.42,FILLED,5,5
2024-03-03 08:08:52.062,SELL,LIMIT,IOC,99,3370.4,3385.09,FILLED,99,99
2024-03-03 08:09:57.092,SELL,LIMIT,IOC,5109,3368.06,3383.77,FILLED,3,5109
2024-03-03 08:10:02.102,SELL,LIMIT,IOC,1263,3367.36,3383.23,FILLED,948,1263
2024-03-03 09:05:33.060,BUY,LIMIT,IOC,1536,3424.83,3408.29,FILLED,763,1536
2024-03-03 12:16:31.086,BUY,LIMIT,IOC,173,3462.82,3445.64,FILLED,173,173
2024-03-03 12:33:55.068,SELL,LIMIT,IOC,50,3417.28,3433.6,FILLED,50,50
2024-03-03 12:33:57.118,SELL,LIMIT,IOC,88,3416.31,3433.26,FILLED,88,88
2024-03-03 12:48:32.089,SELL,LIMIT,IOC,501,3411.48,3428.21,FILLED,285,501
2024-03-03 13:19:21.069,SELL,LIMIT,IOC,254,3407.93,3424.69,FILLED,17,254
2024-03-03 13:19:53.090,SELL,LIMIT,IOC,1545,3403.11,3419.13,FILLED,544,1545
2024-03-03 13:20:15.108,SELL,LIMIT,IOC,51,3396.94,3412.82,FILLED,51,51
2024-03-03 13:20:23.055,SELL,LIMIT,IOC,3098,3393.34,3410.05,FILLED,3098,3098
2024-03-03 16:24:59.095,BUY,LIMIT,IOC,2,3457.71,3440.49,FILLED,2,2
2024-03-03 16:41:13.045,BUY,LIMIT,IOC,60,3471.38,3454.99,FILLED,60,60
2024-03-03 16:41:27.121,BUY,LIMIT,IOC,3840,3478.55,3468.12,FILLED,55,3840
2024-03-03 16:41:29.028,BUY,LIMIT,IOC,67,3487.19,3478.21,FILLED,67,67
2024-03-03 16:41:33.090,BUY,LIMIT,IOC,3,3491.15,3480.09,FILLED,3,3
2024-03-03 16:48:36.093,BUY,LIMIT,IOC,8,3494.24,3478.59,FILLED,8,8
2024-03-03 16:48:39.033,BUY,LIMIT,IOC,1,3498.0,3483.91,FILLED,1,1
2024-03-03 16:52:34.057,BUY,LIMIT,IOC,10,3499.62,3483.08,FILLED,10,10
2024-03-03 16:53:01.061,BUY,LIMIT,IOC,130,3500.56,3485.58,FILLED,130,130
2024-03-03 16:53:23.095,BUY,LIMIT,IOC,64,3503.12,3488.1,FILLED,64,64
2024-03-03 16:54:00.112,BUY,LIMIT,IOC,162,3505.56,3489.66,FILLED,162,162
2024-03-03 17:30:44.099,SELL,LIMIT,IOC,55,3450.27,3467.59,FILLED,55,55
2024-03-03 22:18:31.093,BUY,LIMIT,IOC,119,3503.0,3487.05,FILLED,117,119
2024-03-03 22:20:50.069,BUY,LIMIT,IOC,1,3511.96,3496.95,FILLED,1,1
2024-03-03 22:51:05.082,SELL,LIMIT,IOC,12,3460.93,3478.26,FILLED,9,12
2024-03-03 22:52:18.063,SELL,LIMIT,IOC,87,3457.88,3475.07,FILLED,87,87
2024-03-04 00:16:13.098,BUY,LIMIT,IOC,106,3518.3,3501.39,FILLED,106,106
2024-03-04 00:18:52.044,BUY,LIMIT,IOC,902,3522.65,3506.32,FILLED,5,902
2024-03-04 00:19:38.055,BUY,LIMIT,IOC,3,3523.99,3508.58,FILLED,3,3
2024-03-04 00:21:17.062,BUY,LIMIT,IOC,778,3527.78,3513.4,FILLED,759,778
2024-03-04 00:26:23.074,BUY,LIMIT,IOC,131,3529.34,3514.48,FILLED,131,131
2024-03-04 00:27:55.074,BUY,LIMIT,IOC,1,3534.63,3523.64,FILLED,1,1
2024-03-04 00:28:03.056,BUY,LIMIT,IOC,10,3542.33,3531.0,FILLED,10,10
2024-03-04 00:29:39.100,BUY,LIMIT,IOC,856,3553.19,3539.0,FILLED,150,856
2024-03-04 00:32:50.031,BUY,LIMIT,IOC,215,3555.19,3538.92,FILLED,215,215
2024-03-04 00:45:30.095,SELL,LIMIT,IOC,507,3501.51,3518.74,FILLED,507,507
2024-03-04 00:47:48.029,SELL,LIMIT,IOC,39,3488.64,3504.57,FILLED,39,39
2024-03-04 00:49:07.047,SELL,LIMIT,IOC,98,3483.8,3500.6,FILLED,98,98
2024-03-04 00:49:36.054,SELL,LIMIT,IOC,208,3459.71,3459.71,FILLED,208,208
2024-03-04 00:49:37.111,SELL,LIMIT,IOC,500,3445.12,3449.38,FILLED,120,500
2024-03-04 00:49:39.071,SELL,LIMIT,IOC,1,3432.86,3450.58,FILLED,1,1
2024-03-04 00:49:56.095,SELL,LIMIT,IOC,50,3431.59,3451.36,FILLED,50,50
2024-03-04 03:17:36.100,SELL,LIMIT,IOC,3477,3463.93,3481.21,FILLED,3230,3477
2024-03-04 03:55:03.037,SELL,LIMIT,IOC,1000,3455.0,3472.0,FILLED,445,1000
2024-03-04 05:21:47.090,SELL,LIMIT,IOC,4,3457.51,3474.41,FILLED,3,4
2024-03-04 05:36:28.050,SELL,LIMIT,IOC,100,3451.78,3469.0,FILLED,40,100
2024-03-04 05:41:13.090,SELL,LIMIT,IOC,214,3445.23,3462.02,FILLED,23,214
2024-03-04 08:07:16.112,BUY,LIMIT,IOC,965,3513.55,3498.4,FILLED,965,965
2024-03-04 08:11:13.083,BUY,LIMIT,IOC,2,3526.21,3509.4,FILLED,2,2
2024-03-04 08:44:01.104,BUY,LIMIT,IOC,98,3554.94,3538.61,FILLED,98,98
2024-03-04 08:44:12.144,BUY,LIMIT,IOC,169,3557.78,3542.74,FILLED,169,169
2024-03-04 08:45:25.132,BUY,LIMIT,IOC,100,3562.4,3546.84,FILLED,100,100
2024-03-04 09:04:49.128,SELL,LIMIT,IOC,1,3499.81,3515.78,FILLED,1,1
2024-03-04 09:05:57.079,SELL,LIMIT,IOC,159,3492.78,3508.03,FILLED,159,159
2024-03-04 09:08:12.124,BUY,LIMIT,IOC,20,3542.23,3526.66,FILLED,20,20
2024-03-04 10:37:38.150,SELL,LIMIT,IOC,23,3486.25,3501.0,FILLED,23,23
2024-03-04 10:37:57.064,SELL,LIMIT,IOC,289,3478.46,3495.75,FILLED,289,289
2024-03-04 10:39:26.046,SELL,LIMIT,IOC,83,3472.19,3489.04,FILLED,83,83
2024-03-04 10:39:31.168,SELL,LIMIT,IOC,13,3470.74,3486.14,FILLED,13,13
2024-03-04 10:39:33.159,SELL,LIMIT,IOC,18,3470.14,3487.18,FILLED,18,18
2024-03-04 13:08:00.021,BUY,LIMIT,IOC,30,3532.89,3518.62,FILLED,30,30
2024-03-04 13:08:09.032,BUY,LIMIT,IOC,5,3534.3,3519.21,FILLED,5,5
2024-03-04 13:57:03.027,SELL,LIMIT,IOC,27,3481.14,3498.03,FILLED,27,27
2024-03-04 13:58:03.032,SELL,LIMIT,IOC,53,3476.4,3493.06,FILLED,53,53
2024-03-04 14:03:08.029,SELL,LIMIT,IOC,189,3471.86,3488.22,FILLED,189,189
2024-03-04 14:03:10.061,SELL,LIMIT,IOC,2,3469.32,3476.4,FILLED,2,2
2024-03-04 14:03:12.027,SELL,LIMIT,IOC,1364,3463.67,3472.74,FILLED,134,1364
2024-03-04 14:03:15.072,SELL,LIMIT,IOC,20,3457.89,3472.65,FILLED,20,20
2024-03-04 14:03:42.087,SELL,LIMIT,IOC,132,3450.63,3465.45,FILLED,132,132
2024-03-04 14:39:13.093,BUY,LIMIT,IOC,1,3544.26,3526.32,FILLED,1,1
2024-03-04 14:41:52.020,BUY,LIMIT,IOC,9,3553.42,3535.76,FILLED,9,9
2024-03-04 14:45:32.030,BUY,LIMIT,IOC,9,3567.13,3557.33,FILLED,9,9
2024-03-04 14:45:33.036,BUY,LIMIT,IOC,23,3569.72,3556.04,FILLED,23,23
2024-03-04 14:57:05.060,BUY,LIMIT,IOC,2,3572.43,3555.46,FILLED,2,2
2024-03-04 15:11:35.063,BUY,LIMIT,IOC,4,3577.54,3562.03,FILLED,4,4
2024-03-04 15:12:05.031,BUY,LIMIT,IOC,741,3583.76,3570.1,FILLED,85,741
2024-03-04 15:12:21.067,BUY,LIMIT,IOC,1,3584.37,3569.26,FILLED,1,1
2024-03-04 15:12:29.041,BUY,LIMIT,IOC,8,3587.2,3573.2,FILLED,8,8
2024-03-04 15:12:31.037,BUY,LIMIT,IOC,9,3588.28,3572.75,FILLED,9,9
2024-03-04 15:12:38.089,BUY,LIMIT,IOC,400,3588.99,3573.69,FILLED,141,400
2024-03-04 15:12:58.078,BUY,LIMIT,IOC,17,3592.03,3577.51,FILLED,17,17
2024-03-04 15:13:02.091,BUY,LIMIT,IOC,529,3594.53,3579.96,FILLED,189,529
2024-03-04 16:12:12.044,BUY,LIMIT,IOC,1,3599.54,3582.54,FILLED,1,1
2024-03-04 16:28:02.076,SELL,LIMIT,IOC,65,3537.39,3555.16,FILLED,65,65
2024-03-04 16:28:52.073,SELL,LIMIT,IOC,29,3531.7,3549.0,FILLED,24,29
2024-03-04 16:31:30.031,SELL,LIMIT,IOC,2,3529.15,3546.34,FILLED,2,2
2024-03-04 17:08:16.029,SELL,LIMIT,IOC,118,3524.42,3542.18,FILLED,118,118
2024-03-04 17:09:37.095,SELL,LIMIT,IOC,238,3519.81,3537.05,FILLED,217,238
2024-03-04 17:27:08.045,BUY,LIMIT,IOC,37,3600.04,3583.09,FILLED,37,37
2024-03-04 17:28:09.034,BUY,LIMIT,IOC,4,3604.0,3588.42,FILLED,4,4
2024-03-04 17:35:22.047,BUY,LIMIT,IOC,560,3608.41,3592.42,FILLED,85,560
2024-03-04 17:35:23.075,BUY,LIMIT,IOC,45,3608.71,3592.5,FILLED,45,45
2024-03-04 17:47:36.032,SELL,LIMIT,IOC,2031,3545.51,3562.8,FILLED,1868,2031
2024-03-04 17:48:13.051,SELL,LIMIT,IOC,1082,3536.36,3553.65,FILLED,607,1082
2024-03-04 17:48:46.041,SELL,LIMIT,IOC,7,3534.12,3551.06,FILLED,7,7
2024-03-04 18:28:59.083,SELL,LIMIT,IOC,2,3530.93,3548.31,FILLED,2,2
2024-03-04 18:29:29.097,SELL,LIMIT,IOC,1,3527.19,3541.98,FILLED,1,1
2024-03-04 18:55:04.064,BUY,LIMIT,IOC,150,3606.77,3590.81,FILLED,150,150
2024-03-04 18:55:48.069,BUY,LIMIT,IOC,1,3610.0,3594.32,FILLED,1,1
2024-03-04 18:56:00.056,BUY,LIMIT,IOC,362,3611.79,3595.57,FILLED,362,362
2024-03-04 18:57:41.089,BUY,LIMIT,IOC,1,3615.46,3598.48,FILLED,1,1
2024-03-04 18:58:07.099,BUY,LIMIT,IOC,946,3617.47,3599.92,FILLED,946,946
2024-03-04 18:58:25.052,BUY,LIMIT,IOC,110,3619.22,3601.14,FILLED,110,110
2024-03-04 18:59:09.085,BUY,LIMIT,IOC,11131,3622.57,3602.24,FILLED,5790,11131
2024-03-04 19:08:32.058,BUY,LIMIT,IOC,69,3624.48,3607.72,FILLED,69,69
2024-03-04 19:27:33.091,BUY,LIMIT,IOC,8,3625.68,3609.78,FILLED,8,8
2024-03-04 19:29:15.084,BUY,LIMIT,IOC,17,3627.5,3609.74,FILLED,17,17
2024-03-04 19:29:16.104,BUY,LIMIT,IOC,7,3628.81,3615.8,FILLED,7,7
2024-03-04 20:48:31.020,SELL,LIMIT,IOC,47,3565.88,3583.02,FILLED,47,47
2024-03-04 21:15:39.048,SELL,LIMIT,IOC,18,3557.2,3570.95,FILLED,17,18
2024-03-04 21:15:40.085,SELL,LIMIT,IOC,6,3555.17,3572.41,FILLED,6,6
2024-03-04 21:15:54.037,SELL,LIMIT,IOC,53,3554.03,3570.55,FILLED,53,53
2024-03-04 21:15:55.098,SELL,LIMIT,IOC,20,3552.78,3568.75,FILLED,19,20
2024-03-04 21:25:17.071,SELL,LIMIT,IOC,31,3551.87,3569.67,FILLED,5,31
2024-03-04 22:23:02.042,SELL,LIMIT,IOC,122,3557.91,3575.06,FILLED,77,122
2024-03-04 22:40:22.031,BUY,LIMIT,IOC,1,3612.97,3595.3,FILLED,1,1
2024-03-04 23:01:45.035,BUY,LIMIT,IOC,610,3635.77,3620.0,FILLED,610,610
2024-03-04 23:02:20.076,BUY,LIMIT,IOC,3,3641.2,3624.38,FILLED,3,3
2024-03-04 23:03:31.064,BUY,LIMIT,IOC,121,3646.85,3629.87,FILLED,121,121
2024-03-04 23:04:38.082,BUY,LIMIT,IOC,9,3651.06,3634.48,FILLED,9,9
2024-03-04 23:05:29.066,BUY,LIMIT,IOC,750,3653.36,3635.93,FILLED,261,750
2024-03-04 23:07:22.052,BUY,LIMIT,IOC,17,3658.64,3641.99,FILLED,6,17
2024-03-04 23:08:19.074,BUY,LIMIT,IOC,11,3659.46,3642.77,FILLED,1,11
2024-03-04 23:08:24.073,BUY,LIMIT,IOC,129,3660.18,3643.96,FILLED,129,129
2024-03-04 23:12:31.067,BUY,LIMIT,IOC,150,3662.04,3643.81,FILLED,150,150
2024-03-04 23:13:10.033,BUY,LIMIT,IOC,1458,3664.9,3647.8,FILLED,703,1458
2024-03-04 23:39:49.055,BUY,LIMIT,IOC,106,3662.59,3646.0,FILLED,106,106
2024-03-05 00:34:50.057,SELL,LIMIT,IOC,5,3599.03,3615.78,FILLED,4,5
2024-03-05 01:33:43.055,BUY,LIMIT,IOC,2,3670.23,3653.72,FILLED,2,2
2024-03-05 01:35:46.058,BUY,LIMIT,IOC,280,3672.59,3655.78,FILLED,206,280
2024-03-05 01:35:51.099,BUY,LIMIT,IOC,2707,3672.89,3655.34,FILLED,1,2707
2024-03-05 01:36:12.038,BUY,LIMIT,IOC,4,3673.31,3656.8,FILLED,3,4
2024-03-05 01:36:14.111,BUY,LIMIT,IOC,1,3673.97,3658.01,FILLED,1,1
2024-03-05 01:41:24.091,BUY,LIMIT,IOC,10,3681.41,3664.43,FILLED,10,10
2024-03-05 01:55:23.028,BUY,LIMIT,IOC,1624,3682.49,3666.8,FILLED,979,1624
2024-03-05 02:30:33.058,SELL,LIMIT,IOC,701,3606.62,3624.4,FILLED,70,701
2024-03-05 03:22:25.071,BUY,LIMIT,IOC,29,3661.04,3643.77,FILLED,29,29
2024-03-05 03:22:36.095,BUY,LIMIT,IOC,3,3662.4,3645.01,FILLED,3,3
2024-03-05 03:24:33.061,BUY,LIMIT,IOC,186,3669.4,3651.64,FILLED,186,186
2024-03-05 03:30:24.040,BUY,LIMIT,IOC,6,3673.97,3657.27,FILLED,6,6
2024-03-05 03:36:30.021,BUY,LIMIT,IOC,14,3685.23,3668.0,FILLED,14,14
2024-03-05 03:39:24.089,BUY,LIMIT,IOC,69,3688.68,3670.79,FILLED,69,69
2024-03-05 03:41:45.015,BUY,LIMIT,IOC,1,3691.01,3674.62,FILLED,1,1
2024-03-05 03:43:01.041,BUY,LIMIT,IOC,62,3693.6,3676.87,FILLED,62,62
2024-03-05 03:43:10.048,BUY,LIMIT,IOC,145,3697.82,3680.94,FILLED,145,145
2024-03-05 03:44:34.041,BUY,LIMIT,IOC,1344,3701.79,3684.01,FILLED,788,1344
2024-03-05 03:46:28.045,BUY,LIMIT,IOC,189,3705.13,3689.11,FILLED,57,189
2024-03-05 03:47:38.042,BUY,LIMIT,IOC,300,3707.47,3691.0,FILLED,300,300
2024-03-05 03:47:40.031,BUY,LIMIT,IOC,35,3708.07,3691.35,FILLED,35,35
2024-03-05 03:49:12.045,BUY,LIMIT,IOC,429,3709.2,3691.36,FILLED,429,429
2024-03-05 03:53:26.059,BUY,LIMIT,IOC,2,3715.4,3697.27,FILLED,2,2
2024-03-05 03:55:45.037,BUY,LIMIT,IOC,46,3718.13,3699.88,FILLED,46,46
2024-03-05 03:58:56.062,BUY,LIMIT,IOC,490,3722.58,3706.17,FILLED,192,490
2024-03-05 03:59:11.030,BUY,LIMIT,IOC,21179,3728.87,3710.21,FILLED,2744,21179
2024-03-05 04:01:23.103,BUY,LIMIT,IOC,246,3727.51,3712.5,FILLED,240,246
2024-03-05 04:01:30.064,BUY,LIMIT,IOC,330,3729.28,3713.17,FILLED,330,330
2024-03-05 04:01:45.096,BUY,LIMIT,IOC,17,3731.36,3714.23,FILLED,17,17
2024-03-05 04:01:55.041,BUY,LIMIT,IOC,23,3732.91,3716.49,FILLED,11,23
2024-03-05 04:01:56.060,BUY,LIMIT,IOC,10,3733.11,3716.79,FILLED,10,10
2024-03-05 04:01:57.082,BUY,LIMIT,IOC,1,3733.57,3717.07,FILLED,1,1
2024-03-05 04:02:10.044,BUY,LIMIT,IOC,11,3736.63,3720.65,FILLED,11,11
2024-03-05 04:04:22.060,BUY,LIMIT,IOC,2,3744.46,3728.91,FILLED,2,2
2024-03-05 04:04:24.069,BUY,LIMIT,IOC,35,3747.15,3747.15,FILLED,35,35
2024-03-05 04:04:48.079,BUY,LIMIT,IOC,504,3759.32,3746.83,FILLED,98,504
2024-03-05 04:04:50.019,BUY,LIMIT,IOC,1,3761.26,3747.17,FILLED,1,1
2024-03-05 04:05:01.096,BUY,LIMIT,IOC,3484,3764.53,3750.03,FILLED,178,3484
2024-03-05 04:05:05.060,BUY,LIMIT,IOC,48,3767.16,3754.68,FILLED,48,48
2024-03-05 04:05:12.071,BUY,LIMIT,IOC,413,3770.11,3756.39,FILLED,107,413
2024-03-05 04:08:04.058,BUY,LIMIT,IOC,991,3770.23,3752.47,FILLED,991,991
2024-03-05 04:10:34.051,SELL,LIMIT,IOC,256,3705.07,3725.74,FILLED,256,256
2024-03-05 04:49:27.092,SELL,LIMIT,IOC,130,3680.31,3697.0,FILLED,130,130
2024-03-05 05:02:39.043,SELL,LIMIT,IOC,93,3661.17,3677.31,FILLED,91,93
2024-03-05 05:02:41.059,SELL,LIMIT,IOC,361,3658.68,3675.65,FILLED,361,361
2024-03-05 05:03:02.085,SELL,LIMIT,IOC,164,3654.13,3671.42,FILLED,164,164
2024-03-05 05:03:16.059,SELL,LIMIT,IOC,2062,3649.71,3664.74,FILLED,356,2062
2024-03-05 05:03:18.034,SELL,LIMIT,IOC,1143,3646.44,3663.75,FILLED,320,1143
2024-03-05 05:03:35.032,SELL,LIMIT,IOC,500,3642.88,3658.54,FILLED,315,500
2024-03-05 05:03:36.064,SELL,LIMIT,IOC,246,3640.35,3658.36,FILLED,246,246
2024-03-05 05:03:38.078,SELL,LIMIT,IOC,17562,3630.41,3654.6,FILLED,1878,17562
2024-03-05 05:03:40.069,SELL,LIMIT,IOC,46765,3619.73,3654.05,FILLED,20289,46765
2024-03-05 05:34:04.142,BUY,LIMIT,IOC,200921,3755.81,3722.99,FILLED,57921,200921
2024-03-05 05:37:27.834,BUY,LIMIT,IOC,293048,3761.68,3730.24,FILLED,13053,293048
2024-03-05 05:55:15.053,SELL,LIMIT,IOC,47,3701.87,3721.08,FILLED,47,47
2024-03-05 07:33:49.084,SELL,LIMIT,IOC,94,3681.03,3698.6,FILLED,94,94
2024-03-05 07:36:50.033,SELL,LIMIT,IOC,9,3677.56,3695.78,FILLED,9,9
2024-03-05 07:37:10.047,SELL,LIMIT,IOC,113,3673.68,3692.48,FILLED,113,113
2024-03-05 08:00:00.683,SELL,LIMIT,IOC,1,3664.6,3680.42,FILLED,1,1
2024-03-05 08:08:55.086,SELL,LIMIT,IOC,363,3656.61,3673.79,FILLED,363,363
2024-03-05 08:09:08.098,SELL,LIMIT,IOC,380,3654.31,3672.35,FILLED,25,380
2024-03-05 08:09:10.027,SELL,LIMIT,IOC,18,3652.01,3669.99,FILLED,18,18
2024-03-05 08:09:46.062,SELL,LIMIT,IOC,2400,3646.12,3664.16,FILLED,96,2400
2024-03-05 08:09:55.060,SELL,LIMIT,IOC,221,3645.05,3660.0,FILLED,221,221
2024-03-05 10:27:05.123,BUY,LIMIT,IOC,9,3731.92,3713.7,FILLED,9,9
2024-03-05 10:28:27.024,BUY,LIMIT,IOC,19,3734.48,3718.01,FILLED,19,19
2024-03-05 10:29:40.086,BUY,LIMIT,IOC,3,3738.08,3719.86,FILLED,3,3
2024-03-05 10:32:14.046,BUY,LIMIT,IOC,372,3739.53,3722.8,FILLED,24,372
2024-03-05 10:35:54.047,BUY,LIMIT,IOC,70,3747.16,3730.6,FILLED,70,70
2024-03-05 11:22:59.048,BUY,LIMIT,IOC,2,3755.5,3738.61,FILLED,2,2
2024-03-05 11:26:29.024,BUY,LIMIT,IOC,2,3759.46,3742.21,FILLED,2,2
2024-03-05 11:26:49.044,BUY,LIMIT,IOC,5,3761.68,3744.65,FILLED,5,5
2024-03-05 11:26:51.046,BUY,LIMIT,IOC,83,3761.94,3746.0,FILLED,83,83
2024-03-05 12:05:40.083,BUY,LIMIT,IOC,1,3772.68,3756.98,FILLED,1,1
2024-03-05 12:06:07.055,BUY,LIMIT,IOC,44,3774.97,3757.98,FILLED,37,44
2024-03-05 12:08:27.070,BUY,LIMIT,IOC,1300,3779.31,3763.71,FILLED,339,1300
2024-03-05 12:08:46.072,BUY,LIMIT,IOC,156,3781.08,3764.4,FILLED,156,156
2024-03-05 12:10:46.073,BUY,LIMIT,IOC,32,3782.61,3765.41,FILLED,32,32
2024-03-05 12:11:04.043,BUY,LIMIT,IOC,271,3784.54,3767.81,FILLED,271,271
2024-03-05 12:11:40.044,BUY,LIMIT,IOC,13,3785.71,3768.08,FILLED,13,13
2024-03-05 12:12:09.031,BUY,LIMIT,IOC,242,3788.8,3771.54,FILLED,242,242
2024-03-05 12:24:32.096,BUY,LIMIT,IOC,19,3792.27,3775.18,FILLED,15,19
2024-03-05 13:21:14.043,BUY,LIMIT,IOC,1,3795.69,3780.02,FILLED,1,1
2024-03-05 13:21:28.092,BUY,LIMIT,IOC,183,3797.69,3780.99,FILLED,45,183
2024-03-05 13:22:26.089,BUY,LIMIT,IOC,310,3800.34,3783.55,FILLED,26,310
2024-03-05 13:24:10.065,BUY,LIMIT,IOC,14,3801.44,3783.99,FILLED,14,14
2024-03-05 13:24:12.023,BUY,LIMIT,IOC,1339,3802.25,3783.99,FILLED,31,1339
2024-03-05 13:31:40.086,SELL,LIMIT,IOC,4250,3742.45,3758.86,FILLED,176,4250
2024-03-05 14:07:27.022,BUY,LIMIT,IOC,20,3810.94,3794.01,FILLED,20,20
2024-03-05 14:24:56.090,SELL,LIMIT,IOC,2837,3747.49,3763.68,FILLED,327,2837
2024-03-05 14:24:59.054,SELL,LIMIT,IOC,69,3746.56,3763.79,FILLED,69,69
2024-03-05 14:25:16.081,SELL,LIMIT,IOC,151,3746.35,3763.81,FILLED,66,151
2024-03-05 14:34:28.055,SELL,LIMIT,IOC,67,3744.66,3763.1,FILLED,67,67
2024-03-05 14:35:08.078,SELL,LIMIT,IOC,4,3740.22,3756.23,FILLED,4,4
2024-03-05 14:42:10.041,BUY,LIMIT,IOC,82,3800.03,3783.01,FILLED,82,82
2024-03-05 14:50:30.067,BUY,LIMIT,IOC,2,3813.88,3795.84,FILLED,2,2
2024-03-05 14:51:17.073,BUY,LIMIT,IOC,169,3816.86,3800.0,FILLED,169,169
2024-03-05 14:57:17.022,BUY,LIMIT,IOC,80,3823.85,3806.92,FILLED,80,80
2024-03-05 14:57:19.094,BUY,LIMIT,IOC,13,3824.34,3806.99,FILLED,11,13
2024-03-05 14:58:54.082,BUY,LIMIT,IOC,76,3826.48,3809.44,FILLED,76,76
2024-03-05 14:59:01.105,BUY,LIMIT,IOC,3508,3830.85,3815.21,FILLED,914,3508
2024-03-05 15:00:40.095,BUY,LIMIT,IOC,224,3834.58,3818.63,FILLED,27,224
2024-03-05 15:00:41.092,BUY,LIMIT,IOC,6,3834.89,3817.62,FILLED,6,6
2024-03-05 15:01:17.083,BUY,LIMIT,IOC,14,3836.77,3817.77,FILLED,14,14
2024-03-05 15:01:34.038,BUY,LIMIT,IOC,77,3837.41,3819.35,FILLED,77,77
2024-03-05 15:01:43.114,BUY,LIMIT,IOC,1793,3837.91,3819.0,FILLED,159,1793
2024-03-05 15:01:52.065,BUY,LIMIT,IOC,75,3838.01,3822.82,FILLED,75,75
2024-03-05 15:02:24.069,BUY,LIMIT,IOC,100,3841.3,3824.32,FILLED,100,100
2024-03-05 15:04:13.076,BUY,LIMIT,IOC,10,3845.21,3828.42,FILLED,10,10
2024-03-05 15:04:20.093,BUY,LIMIT,IOC,65,3848.37,3831.57,FILLED,65,65
2024-03-05 15:04:22.057,BUY,LIMIT,IOC,66,3849.7,3832.2,FILLED,66,66
2024-03-05 15:05:21.047,SELL,LIMIT,IOC,5728,3782.5,3795.68,FILLED,5728,5728
2024-03-05 15:05:43.030,SELL,LIMIT,IOC,187,3774.98,3788.68,FILLED,187,187
2024-03-05 15:05:55.056,SELL,LIMIT,IOC,55,3768.08,3779.49,FILLED,55,55
2024-03-05 15:05:59.091,SELL,LIMIT,IOC,44883,3753.66,3764.43,FILLED,183,44883
2024-03-05 15:08:41.073,BUY,LIMIT,IOC,35,3824.39,3806.66,FILLED,14,35
2024-03-05 15:17:22.077,BUY,LIMIT,IOC,1284,3844.06,3825.88,FILLED,634,1284
2024-03-05 15:19:47.030,SELL,LIMIT,IOC,250,3789.95,3808.25,FILLED,81,250
2024-03-05 15:29:27.054,SELL,LIMIT,IOC,3475,3766.13,3783.08,FILLED,2062,3475
2024-03-05 15:31:26.098,SELL,LIMIT,IOC,5690,3757.54,3776.59,FILLED,2972,5690
2024-03-05 15:31:32.026,SELL,LIMIT,IOC,13,3755.73,3772.0,FILLED,13,13
2024-03-05 15:31:53.055,SELL,LIMIT,IOC,15,3749.21,3766.67,FILLED,15,15
2024-03-05 15:31:59.054,SELL,LIMIT,IOC,5,3746.21,3765.0,FILLED,5,5
2024-03-05 15:40:09.103,BUY,LIMIT,IOC,73,3834.65,3817.93,FILLED,73,73
2024-03-05 15:57:19.040,SELL,LIMIT,IOC,1918,3777.26,3794.63,FILLED,239,1918
2024-03-05 15:57:25.123,SELL,LIMIT,IOC,15,3774.59,3792.61,FILLED,15,15
2024-03-05 15:57:31.073,SELL,LIMIT,IOC,1461,3773.01,3792.49,FILLED,161,1461
2024-03-05 16:02:25.656,BUY,LIMIT,IOC,84,3801.86,3781.81,FILLED,84,84
2024-03-05 16:02:57.077,SELL,LIMIT,IOC,122,3758.55,3776.25,FILLED,121,122
2024-03-05 16:05:46.087,SELL,LIMIT,IOC,200,3748.16,3766.0,FILLED,200,200
2024-03-05 16:06:10.026,SELL,LIMIT,IOC,18986,3733.77,3755.06,FILLED,5961,18986
2024-03-05 16:06:30.064,SELL,LIMIT,IOC,87,3735.96,3754.22,FILLED,87,87
2024-03-05 16:06:42.058,SELL,LIMIT,IOC,1855,3734.94,3753.67,FILLED,729,1855
2024-03-05 16:06:57.049,SELL,LIMIT,IOC,139,3731.17,3749.83,FILLED,139,139
2024-03-05 16:06:58.056,SELL,LIMIT,IOC,277,3729.03,3743.4,FILLED,277,277
2024-03-05 16:07:02.060,SELL,LIMIT,IOC,363,3723.46,3739.58,FILLED,363,363
2024-03-05 16:07:03.088,SELL,LIMIT,IOC,59,3722.88,3741.49,FILLED,59,59
2024-03-05 16:07:07.040,SELL,LIMIT,IOC,1947,3719.11,3734.96,FILLED,21,1947
2024-03-05 16:07:10.068,SELL,LIMIT,IOC,3812,3716.1,3737.22,FILLED,802,3812
2024-03-05 16:07:31.042,SELL,LIMIT,IOC,27,3713.93,3731.97,FILLED,27,27
2024-03-05 16:07:54.078,SELL,LIMIT,IOC,36,3709.6,3718.13,FILLED,36,36
2024-03-05 16:07:55.090,SELL,LIMIT,IOC,25888,3702.93,3716.59,FILLED,4851,25888
2024-03-05 16:07:57.063,SELL,LIMIT,IOC,673,3699.87,3721.79,FILLED,593,673
2024-03-05 16:08:14.076,SELL,LIMIT,IOC,153,3694.52,3706.71,FILLED,153,153
2024-03-05 16:08:21.065,SELL,LIMIT,IOC,3907,3687.93,3704.19,FILLED,595,3907
2024-03-05 16:08:26.099,SELL,LIMIT,IOC,384,3687.66,3706.19,FILLED,184,384
2024-03-05 16:08:30.037,SELL,LIMIT,IOC,1541,3684.18,3699.82,FILLED,922,1541
2024-03-05 16:08:35.065,SELL,LIMIT,IOC,79,3681.92,3694.26,FILLED,79,79
2024-03-05 16:10:39.076,SELL,LIMIT,IOC,50,3699.94,3713.39,FILLED,50,50
2024-03-05 16:12:45.059,SELL,LIMIT,IOC,613,3678.54,3698.53,FILLED,613,613
2024-03-05 16:12:52.061,SELL,LIMIT,IOC,11,3674.57,3693.71,FILLED,11,11
2024-03-05 16:12:54.042,SELL,LIMIT,IOC,45,3672.26,3693.19,FILLED,45,45
2024-03-05 16:15:19.052,SELL,LIMIT,IOC,1,3667.78,3684.01,FILLED,1,1
2024-03-05 16:15:20.097,SELL,LIMIT,IOC,2497,3667.48,3683.36,FILLED,639,2497
2024-03-05 16:15:22.040,SELL,LIMIT,IOC,22,3665.21,3689.09,FILLED,22,22
2024-03-05 16:15:31.048,SELL,LIMIT,IOC,9,3662.38,3676.98,FILLED,6,9
2024-03-05 16:15:32.085,SELL,LIMIT,IOC,188,3661.77,3681.69,FILLED,188,188
2024-03-05 16:15:36.037,SELL,LIMIT,IOC,219,3658.77,3675.0,FILLED,219,219
2024-03-05 16:15:42.023,SELL,LIMIT,IOC,3221,3657.06,3670.0,FILLED,272,3221
2024-03-05 16:15:43.097,SELL,LIMIT,IOC,2,3655.79,3672.6,FILLED,2,2
2024-03-05 16:18:34.037,SELL,LIMIT,IOC,98,3655.05,3671.9,FILLED,98,98
2024-03-05 16:35:21.057,SELL,LIMIT,IOC,425,3689.42,3705.55,FILLED,91,425
2024-03-05 16:48:22.076,SELL,LIMIT,IOC,213,3668.86,3687.09,FILLED,52,213
2024-03-05 16:58:50.035,SELL,LIMIT,IOC,615,3660.44,3678.0,FILLED,567,615
2024-03-05 17:01:35.037,SELL,LIMIT,IOC,35,3659.69,3677.99,FILLED,35,35
2024-03-05 17:02:41.084,SELL,LIMIT,IOC,4,3655.69,3674.8,FILLED,4,4
2024-03-05 17:03:27.101,SELL,LIMIT,IOC,31,3655.05,3672.98,FILLED,31,31
2024-03-05 17:03:44.073,SELL,LIMIT,IOC,1170,3649.06,3664.76,FILLED,210,1170
2024-03-05 17:03:53.100,SELL,LIMIT,IOC,142,3646.66,3663.27,FILLED,24,142
2024-03-05 17:03:54.100,SELL,LIMIT,IOC,20297,3642.04,3661.23,FILLED,2271,20297
2024-03-05 17:03:56.081,SELL,LIMIT,IOC,214,3642.05,3660.0,FILLED,214,214
2024-03-05 17:03:58.062,SELL,LIMIT,IOC,259,3640.92,3658.0,FILLED,259,259
2024-03-05 17:03:59.073,SELL,LIMIT,IOC,185,3640.66,3658.01,FILLED,87,185
2024-03-05 17:04:46.023,SELL,LIMIT,IOC,19,3638.61,3656.06,FILLED,19,19
2024-03-05 17:07:00.078,SELL,LIMIT,IOC,536,3636.3,3652.21,FILLED,100,536
2024-03-05 17:07:47.048,SELL,LIMIT,IOC,2,3634.7,3652.63,FILLED,2,2
2024-03-05 17:07:49.040,SELL,LIMIT,IOC,269,3630.72,3643.49,FILLED,259,269
2024-03-05 17:07:51.020,SELL,LIMIT,IOC,80,3628.36,3642.03,FILLED,80,80
2024-03-05 17:07:52.152,SELL,LIMIT,IOC,103516,3608.58,3644.42,FILLED,3207,103516
2024-03-05 17:07:55.044,SELL,LIMIT,IOC,794,3625.4,3641.22,FILLED,794,794
2024-03-05 17:08:08.084,SELL,LIMIT,IOC,187,3619.16,3636.62,FILLED,187,187
2024-03-05 17:08:11.032,SELL,LIMIT,IOC,95,3615.04,3630.01,FILLED,95,95
2024-03-05 17:08:12.032,SELL,LIMIT,IOC,20,3614.21,3632.8,FILLED,20,20
2024-03-05 17:08:13.095,SELL,LIMIT,IOC,150,3609.82,3636.75,FILLED,7,150
2024-03-05 17:09:28.028,SELL,LIMIT,IOC,31,3605.96,3622.19,FILLED,31,31
2024-03-05 17:09:32.089,SELL,LIMIT,IOC,53,3599.73,3619.35,FILLED,53,53
2024-03-05 17:09:34.059,SELL,LIMIT,IOC,10,3599.15,3617.85,FILLED,10,10
2024-03-05 17:09:36.093,SELL,LIMIT,IOC,30,3597.83,3615.4,FILLED,30,30
2024-03-05 17:09:39.055,SELL,LIMIT,IOC,3000,3595.38,3610.0,FILLED,980,3000
2024-03-05 17:09:55.061,SELL,LIMIT,IOC,1901,3589.76,3607.0,FILLED,1901,1901
2024-03-05 17:09:56.070,SELL,LIMIT,IOC,33,3588.71,3607.0,FILLED,33,33
2024-03-05 17:09:57.106,SELL,LIMIT,IOC,700,3588.16,3603.41,FILLED,361,700
2024-03-05 17:09:59.050,SELL,LIMIT,IOC,288,3584.16,3608.94,FILLED,46,288
2024-03-05 17:10:02.097,BUY,LIMIT,IOC,44,3618.43,3600.01,FILLED,44,44
2024-03-05 17:10:03.107,SELL,LIMIT,IOC,98,3576.57,3593.15,FILLED,98,98
2024-03-05 17:10:05.053,SELL,LIMIT,IOC,1936,3569.19,3589.86,FILLED,736,1936
2024-03-05 17:10:08.031,SELL,LIMIT,IOC,4500,3563.46,3578.19,FILLED,762,4500
2024-03-05 17:10:10.025,SELL,LIMIT,IOC,35,3561.19,3574.28,FILLED,35,35
2024-03-05 17:10:25.093,SELL,LIMIT,IOC,18401,3553.94,3578.71,FILLED,1412,18401
2024-03-05 17:10:31.025,SELL,LIMIT,IOC,764,3556.52,3568.92,FILLED,589,764
2024-03-05 17:10:32.037,SELL,LIMIT,IOC,88,3551.76,3568.29,FILLED,88,88
2024-03-05 17:11:00.095,BUY,LIMIT,IOC,84,3612.67,3596.76,FILLED,84,84
2024-03-05 17:12:03.049,BUY,LIMIT,IOC,630,3641.89,3627.14,FILLED,232,630
2024-03-05 17:31:21.089,SELL,LIMIT,IOC,43,3627.17,3645.0,FILLED,43,43
2024-03-05 17:31:29.057,SELL,LIMIT,IOC,144,3622.48,3639.42,FILLED,127,144
2024-03-05 17:31:55.084,SELL,LIMIT,IOC,9,3619.94,3637.4,FILLED,9,9
2024-03-05 17:40:45.059,BUY,LIMIT,IOC,10,3679.6,3661.85,FILLED,10,10
2024-03-05 17:49:06.066,BUY,LIMIT,IOC,161,3694.22,3678.6,FILLED,161,161
2024-03-05 17:53:21.049,BUY,LIMIT,IOC,2,3703.73,3687.21,FILLED,2,2
2024-03-05 17:57:24.074,BUY,LIMIT,IOC,3394,3710.35,3692.76,FILLED,288,3394
2024-03-05 18:10:31.051,SELL,LIMIT,IOC,3,3649.45,3660.21,FILLED,3,3
2024-03-05 18:10:33.091,SELL,LIMIT,IOC,143,3644.19,3663.1,FILLED,143,143
2024-03-05 18:21:32.030,SELL,LIMIT,IOC,686,3639.87,3656.01,FILLED,686,686
2024-03-05 18:25:07.022,SELL,LIMIT,IOC,4398,3632.6,3650.01,FILLED,4398,4398
2024-03-05 18:46:47.046,SELL,LIMIT,IOC,5,3625.07,3642.55,FILLED,5,5
2024-03-05 18:48:32.040,SELL,LIMIT,IOC,61,3622.3,3640.31,FILLED,53,61
2024-03-05 18:48:41.039,SELL,LIMIT,IOC,1200,3614.5,3629.43,FILLED,1200,1200
2024-03-05 18:48:43.084,SELL,LIMIT,IOC,221,3611.85,3630.8,FILLED,221,221
2024-03-05 18:51:25.037,SELL,LIMIT,IOC,219,3596.84,3607.77,FILLED,22,219
2024-03-05 18:51:26.046,SELL,LIMIT,IOC,2,3589.95,3608.31,FILLED,2,2
2024-03-05 18:51:29.089,SELL,LIMIT,IOC,299,3589.06,3605.15,FILLED,299,299
2024-03-05 18:51:30.085,SELL,LIMIT,IOC,100,3586.83,3604.17,FILLED,98,100
2024-03-05 18:51:41.073,SELL,LIMIT,IOC,18,3584.03,3601.38,FILLED,18,18
2024-03-05 18:52:13.084,SELL,LIMIT,IOC,373,3580.14,3597.79,FILLED,373,373
2024-03-05 19:09:01.051,SELL,LIMIT,IOC,249,3593.14,3610.9,FILLED,249,249
2024-03-05 19:09:41.054,SELL,LIMIT,IOC,968,3587.8,3604.18,FILLED,66,968
2024-03-05 19:11:12.034,SELL,LIMIT,IOC,105,3569.38,3585.39,FILLED,105,105
2024-03-05 19:15:23.067,SELL,LIMIT,IOC,495,3570.03,3588.02,FILLED,495,495
2024-03-05 19:17:15.065,SELL,LIMIT,IOC,27,3566.27,3583.72,FILLED,11,27
2024-03-05 19:17:29.017,SELL,LIMIT,IOC,100,3559.82,3573.72,FILLED,100,100
2024-03-05 19:17:30.097,SELL,LIMIT,IOC,362,3556.2,3576.7,FILLED,362,362
2024-03-05 19:17:42.042,SELL,LIMIT,IOC,171,3554.56,3570.0,FILLED,171,171
2024-03-05 19:17:43.097,SELL,LIMIT,IOC,1,3553.27,3570.32,FILLED,1,1
2024-03-05 19:17:51.048,SELL,LIMIT,IOC,101,3548.49,3566.06,FILLED,98,101
2024-03-05 19:17:53.029,SELL,LIMIT,IOC,320,3545.61,3563.4,FILLED,320,320
2024-03-05 19:17:55.017,SELL,LIMIT,IOC,49,3545.23,3561.56,FILLED,49,49
2024-03-05 19:18:31.033,SELL,LIMIT,IOC,2159,3540.43,3553.88,FILLED,314,2159
2024-03-05 19:18:32.039,SELL,LIMIT,IOC,33,3535.49,3557.42,FILLED,33,33
2024-03-05 19:18:33.049,SELL,LIMIT,IOC,400,3533.97,3555.0,FILLED,400,400
2024-03-05 19:18:35.040,SELL,LIMIT,IOC,732,3531.1,3545.93,FILLED,202,732
2024-03-05 19:18:37.027,SELL,LIMIT,IOC,51,3528.64,3545.2,FILLED,51,51
2024-03-05 19:18:38.031,SELL,LIMIT,IOC,13,3526.25,3541.12,FILLED,13,13
2024-03-05 19:18:39.078,SELL,LIMIT,IOC,428,3524.5,3541.2,FILLED,428,428
2024-03-05 19:18:40.101,SELL,LIMIT,IOC,726,3524.02,3540.6,FILLED,726,726
2024-03-05 19:19:04.026,SELL,LIMIT,IOC,5537,3521.22,3540.01,FILLED,2486,5537
2024-03-05 19:33:30.072,SELL,LIMIT,IOC,1000,3546.1,3562.99,FILLED,923,1000
2024-03-05 19:34:55.081,SELL,LIMIT,IOC,143,3538.09,3555.0,FILLED,142,143
2024-03-05 19:35:27.069,SELL,LIMIT,IOC,690,3530.71,3547.61,FILLED,257,690
2024-03-05 19:35:31.116,SELL,LIMIT,IOC,1272,3525.05,3542.35,FILLED,1200,1272
2024-03-05 19:35:45.096,SELL,LIMIT,IOC,513,3520.59,3536.82,FILLED,182,513
2024-03-05 19:35:47.084,SELL,LIMIT,IOC,68,3517.5,3532.54,FILLED,42,68
2024-03-05 19:36:01.021,SELL,LIMIT,IOC,808,3513.45,3527.01,FILLED,808,808
2024-03-05 19:36:02.033,SELL,LIMIT,IOC,6,3510.12,3526.09,FILLED,6,6
2024-03-05 19:36:04.060,SELL,LIMIT,IOC,38,3506.47,3521.2,FILLED,38,38
2024-03-05 19:36:05.071,SELL,LIMIT,IOC,546,3500.42,3508.67,FILLED,546,546
2024-03-05 19:36:08.055,SELL,LIMIT,IOC,97630,3480.54,3509.71,FILLED,2746,97630
2024-03-05 19:36:11.055,SELL,LIMIT,IOC,104,3494.72,3512.81,FILLED,104,104
2024-03-05 19:36:13.080,SELL,LIMIT,IOC,2832,3493.93,3511.64,FILLED,91,2832
2024-03-05 19:36:15.046,SELL,LIMIT,IOC,26337,3488.76,3509.81,FILLED,14138,26337
2024-03-05 19:36:32.072,SELL,LIMIT,IOC,4107,3492.01,3509.82,FILLED,228,4107
2024-03-05 19:36:37.096,SELL,LIMIT,IOC,169,3491.27,3509.8,FILLED,168,169
2024-03-05 19:36:49.082,SELL,LIMIT,IOC,80,3490.53,3507.14,FILLED,80,80
2024-03-05 19:36:51.058,SELL,LIMIT,IOC,72,3489.0,3503.07,FILLED,71,72
2024-03-05 19:36:52.087,SELL,LIMIT,IOC,636,3484.43,3504.65,FILLED,206,636
2024-03-05 19:36:54.092,SELL,LIMIT,IOC,420,3484.0,3504.39,FILLED,420,420
2024-03-05 19:36:57.047,SELL,LIMIT,IOC,1,3483.87,3500.68,FILLED,1,1
2024-03-05 19:37:41.081,SELL,LIMIT,IOC,15,3482.64,3500.0,FILLED,15,15
2024-03-05 19:37:43.054,SELL,LIMIT,IOC,1809,3481.3,3498.14,FILLED,1005,1809
2024-03-05 19:37:46.042,SELL,LIMIT,IOC,1753,3477.22,3491.16,FILLED,68,1753
2024-03-05 19:37:47.044,SELL,LIMIT,IOC,204,3474.12,3488.4,FILLED,204,204
2024-03-05 19:37:48.060,SELL,LIMIT,IOC,197,3472.84,3488.0,FILLED,197,197
2024-03-05 19:37:50.059,SELL,LIMIT,IOC,700,3467.68,3483.34,FILLED,700,700
2024-03-05 19:38:01.082,SELL,LIMIT,IOC,2000,3466.39,3479.55,FILLED,452,2000
2024-03-05 19:38:03.037,SELL,LIMIT,IOC,1914,3465.39,3477.0,FILLED,1914,1914
2024-03-05 19:38:05.095,SELL,LIMIT,IOC,79,3459.88,3473.79,FILLED,79,79
2024-03-05 19:38:06.122,SELL,LIMIT,IOC,500,3458.82,3470.83,FILLED,186,500
2024-03-05 19:38:07.128,SELL,LIMIT,IOC,10242,3450.81,3476.13,FILLED,1876,10242
2024-03-05 19:38:32.047,SELL,LIMIT,IOC,9795,3450.45,3466.0,FILLED,8737,9795
2024-03-05 19:38:33.073,SELL,LIMIT,IOC,356,3448.94,3464.2,FILLED,356,356
2024-03-05 19:38:34.108,SELL,LIMIT,IOC,7562,3444.58,3460.14,FILLED,605,7562
2024-03-05 19:38:36.058,SELL,LIMIT,IOC,69,3449.72,3466.89,FILLED,69,69
2024-03-05 19:38:40.085,SELL,LIMIT,IOC,3425,3442.27,3458.6,FILLED,129,3425
2024-03-05 19:38:42.040,SELL,LIMIT,IOC,2,3440.69,3458.12,FILLED,2,2
2024-03-05 19:38:43.055,SELL,LIMIT,IOC,395,3439.71,3450.14,FILLED,95,395
2024-03-05 19:38:44.060,SELL,LIMIT,IOC,175,3436.16,3456.83,FILLED,175,175
2024-03-05 19:39:06.080,BUY,LIMIT,IOC,41,3498.64,3496.6,FILLED,41,41
2024-03-05 19:39:07.103,BUY,LIMIT,IOC,349,3502.21,3496.6,FILLED,349,349
2024-03-05 19:39:09.056,BUY,LIMIT,IOC,181,3506.68,3498.23,FILLED,175,181
2024-03-05 19:39:17.025,BUY,LIMIT,IOC,222,3510.01,3496.72,FILLED,222,222
2024-03-05 19:39:39.080,SELL,LIMIT,IOC,133,3460.04,3474.4,FILLED,133,133
2024-03-05 19:39:41.071,SELL,LIMIT,IOC,1,3454.32,3466.29,FILLED,1,1
2024-03-05 19:40:38.083,BUY,LIMIT,IOC,84,3515.09,3499.64,FILLED,20,84
2024-03-05 19:40:42.046,BUY,LIMIT,IOC,12,3517.56,3503.22,FILLED,12,12
2024-03-05 19:40:46.030,BUY,LIMIT,IOC,17,3518.61,3505.13,FILLED,6,17
2024-03-05 19:40:47.057,BUY,LIMIT,IOC,86,3519.7,3503.54,FILLED,86,86
2024-03-05 19:41:04.077,BUY,LIMIT,IOC,10,3524.15,3507.56,FILLED,10,10
2024-03-05 19:41:17.031,BUY,LIMIT,IOC,132,3525.11,3510.16,FILLED,132,132
2024-03-05 19:43:05.087,BUY,LIMIT,IOC,262,3527.48,3513.41,FILLED,136,262
2024-03-05 19:43:24.062,BUY,LIMIT,IOC,10,3530.03,3514.26,FILLED,10,10
2024-03-05 19:45:35.031,SELL,LIMIT,IOC,265,3475.08,3488.0,FILLED,265,265
2024-03-05 19:46:23.086,SELL,LIMIT,IOC,70,3457.35,3475.29,FILLED,70,70
2024-03-05 19:46:43.058,SELL,LIMIT,IOC,31,3447.67,3460.95,FILLED,21,31
2024-03-05 19:52:12.066,SELL,LIMIT,IOC,696,3457.84,3472.47,FILLED,185,696
2024-03-05 19:52:26.100,SELL,LIMIT,IOC,9,3450.57,3467.32,FILLED,9,9
2024-03-05 19:53:03.032,SELL,LIMIT,IOC,27,3429.43,3442.17,FILLED,27,27
2024-03-05 19:53:04.058,SELL,LIMIT,IOC,15844,3422.61,3440.37,FILLED,3655,15844
2024-03-05 19:53:27.030,SELL,LIMIT,IOC,1718,3421.22,3436.03,FILLED,1218,1718
2024-03-05 19:53:29.079,SELL,LIMIT,IOC,3326,3416.97,3432.3,FILLED,2976,3326
2024-03-05 19:53:32.083,SELL,LIMIT,IOC,2506,3415.18,3433.41,FILLED,157,2506
2024-03-05 19:53:34.019,SELL,LIMIT,IOC,40,3412.17,3425.4,FILLED,40,40
2024-03-05 19:53:35.066,SELL,LIMIT,IOC,7,3410.48,3428.97,FILLED,7,7
2024-03-05 19:53:38.028,SELL,LIMIT,IOC,75,3409.45,3425.4,FILLED,75,75
2024-03-05 19:53:40.072,SELL,LIMIT,IOC,891,3406.52,3422.18,FILLED,891,891
2024-03-05 19:53:42.073,SELL,LIMIT,IOC,130,3404.9,3421.75,FILLED,130,130
2024-03-05 19:54:01.073,SELL,LIMIT,IOC,396,3401.64,3414.19,FILLED,319,396
2024-03-05 19:54:02.091,SELL,LIMIT,IOC,232,3400.62,3417.42,FILLED,232,232
2024-03-05 19:54:41.061,SELL,LIMIT,IOC,721,3399.27,3413.88,FILLED,368,721
2024-03-05 19:54:44.031,SELL,LIMIT,IOC,768,3395.65,3411.0,FILLED,768,768
2024-03-05 19:54:45.070,SELL,LIMIT,IOC,1000,3394.21,3408.89,FILLED,903,1000
2024-03-05 19:54:46.076,SELL,LIMIT,IOC,34,3392.83,3406.21,FILLED,34,34
2024-03-05 19:54:47.100,SELL,LIMIT,IOC,280,3389.86,3413.8,FILLED,196,280
2024-03-05 19:54:54.033,SELL,LIMIT,IOC,854,3389.33,3403.81,FILLED,854,854
2024-03-05 19:54:55.084,SELL,LIMIT,IOC,237,3385.87,3401.7,FILLED,237,237
2024-03-05 19:54:56.094,SELL,LIMIT,IOC,68,3385.64,3400.0,FILLED,68,68
2024-03-05 19:55:05.092,SELL,LIMIT,IOC,506,3382.38,3394.1,FILLED,506,506
2024-03-05 19:55:06.104,SELL,LIMIT,IOC,176,3381.05,3394.53,FILLED,176,176
2024-03-05 19:55:08.023,SELL,LIMIT,IOC,70,3379.06,3389.19,FILLED,70,70
2024-03-05 19:55:09.024,SELL,LIMIT,IOC,1474,3372.79,3378.19,FILLED,1474,1474
2024-03-05 19:55:10.071,SELL,LIMIT,IOC,204,3370.04,3378.08,FILLED,204,204
2024-03-05 19:55:11.099,SELL,LIMIT,IOC,18,3367.73,3375.93,FILLED,18,18
2024-03-05 19:55:13.068,SELL,LIMIT,IOC,112,3366.04,3376.6,FILLED,112,112
2024-03-05 19:55:14.083,SELL,LIMIT,IOC,56,3363.01,3375.62,FILLED,56,56
2024-03-05 19:55:18.025,SELL,LIMIT,IOC,53216,3352.81,3366.0,FILLED,52591,53216
2024-03-05 19:55:20.040,SELL,LIMIT,IOC,3218,3359.44,3377.98,FILLED,818,3218
2024-03-05 19:55:23.064,SELL,LIMIT,IOC,3080,3358.22,3367.66,FILLED,758,3080
2024-03-05 19:55:25.041,SELL,LIMIT,IOC,19,3358.11,3365.0,FILLED,19,19
2024-03-05 19:55:30.073,SELL,LIMIT,IOC,507,3356.15,3374.29,FILLED,139,507
2024-03-05 19:55:56.034,SELL,LIMIT,IOC,51,3354.34,3367.91,FILLED,51,51
2024-03-05 19:55:57.053,SELL,LIMIT,IOC,9,3350.75,3360.35,FILLED,9,9
2024-03-05 19:55:58.069,SELL,LIMIT,IOC,22,3348.68,3358.47,FILLED,22,22
2024-03-05 19:55:59.088,SELL,LIMIT,IOC,552,3346.39,3358.81,FILLED,33,552
2024-03-05 19:56:02.024,SELL,LIMIT,IOC,8475,3337.11,3355.02,FILLED,8175,8475
2024-03-05 19:56:04.024,SELL,LIMIT,IOC,100,3334.51,3350.16,FILLED,100,100
2024-03-05 19:56:05.033,SELL,LIMIT,IOC,196,3333.92,3345.0,FILLED,196,196
2024-03-05 19:56:06.052,SELL,LIMIT,IOC,62,3331.16,3341.8,FILLED,62,62
2024-03-05 19:56:07.092,SELL,LIMIT,IOC,386,3324.39,3334.39,FILLED,386,386
2024-03-05 19:56:10.083,SELL,LIMIT,IOC,100,3316.61,3326.81,FILLED,100,100
2024-03-05 19:56:12.020,SELL,LIMIT,IOC,9698,3308.79,3316.12,FILLED,2970,9698
2024-03-05 19:56:13.058,SELL,LIMIT,IOC,85,3306.8,3312.29,FILLED,85,85
2024-03-05 19:56:14.064,SELL,LIMIT,IOC,233,3305.78,3313.6,FILLED,17,233
2024-03-05 19:56:18.018,SELL,LIMIT,IOC,55,3302.92,3302.92,FILLED,55,55
2024-03-05 19:56:19.058,SELL,LIMIT,IOC,1116,3298.21,3299.85,FILLED,216,1116
2024-03-05 19:56:20.043,SELL,LIMIT,IOC,849,3292.0,3300.02,FILLED,36,849
2024-03-05 19:56:21.077,SELL,LIMIT,IOC,7839,3264.6,3295.1,FILLED,134,7839
2024-03-05 19:56:54.016,SELL,LIMIT,IOC,414,3259.15,3268.0,FILLED,414,414
2024-03-05 19:56:56.060,SELL,LIMIT,IOC,75,3256.13,3262.16,FILLED,75,75
2024-03-05 19:56:57.105,SELL,LIMIT,IOC,8922,3253.22,3265.98,FILLED,4704,8922
2024-03-05 19:57:10.067,SELL,LIMIT,IOC,68,3247.88,3247.88,FILLED,68,68
2024-03-05 19:57:11.085,SELL,LIMIT,IOC,1054,3245.86,3245.86,FILLED,1054,1054
2024-03-05 19:57:12.102,SELL,LIMIT,IOC,500,3241.61,3241.61,FILLED,500,500
2024-03-05 19:57:13.094,SELL,LIMIT,IOC,121,3238.35,3238.35,FILLED,121,121
2024-03-05 19:57:14.112,SELL,LIMIT,IOC,400,3234.59,3234.59,FILLED,400,400
2024-03-05 19:58:28.085,BUY,LIMIT,IOC,171,3362.94,3340.6,FILLED,100,171
2024-03-05 19:58:32.116,BUY,LIMIT,IOC,47,3364.07,3349.6,FILLED,47,47
2024-03-05 19:58:42.048,BUY,LIMIT,IOC,35,3382.39,3381.86,FILLED,35,35
2024-03-05 19:59:44.070,BUY,LIMIT,IOC,76,3401.99,3396.55,FILLED,76,76
2024-03-05 20:00:30.047,BUY,LIMIT,IOC,23,3406.78,3399.99,FILLED,23,23
2024-03-05 20:00:44.104,BUY,LIMIT,IOC,1068,3439.25,3412.74,FILLED,81,1068
2024-03-05 20:02:15.092,BUY,LIMIT,IOC,10,3451.94,3443.23,FILLED,10,10
2024-03-05 20:02:49.063,SELL,LIMIT,IOC,300,3428.09,3449.0,FILLED,300,300
2024-03-05 20:03:10.072,SELL,LIMIT,IOC,2498,3425.4,3436.57,FILLED,54,2498
2024-03-05 20:06:43.098,SELL,LIMIT,IOC,529,3423.79,3440.96,FILLED,320,529
2024-03-05 20:07:17.099,SELL,LIMIT,IOC,945,3403.19,3417.52,FILLED,24,945
2024-03-05 20:08:33.052,BUY,LIMIT,IOC,5142,3464.77,3447.99,FILLED,9,5142
2024-03-05 20:08:40.055,BUY,LIMIT,IOC,106,3469.97,3455.8,FILLED,21,106
2024-03-05 20:15:46.088,SELL,LIMIT,IOC,143,3428.86,3435.2,FILLED,21,143
2024-03-05 20:16:02.101,SELL,LIMIT,IOC,570,3417.3,3432.57,FILLED,335,570
2024-03-05 20:17:34.105,SELL,LIMIT,IOC,11,3399.71,3414.92,FILLED,11,11
2024-03-05 20:17:36.094,SELL,LIMIT,IOC,109,3389.29,3407.27,FILLED,109,109
2024-03-05 20:21:05.043,SELL,LIMIT,IOC,2,3388.48,3404.47,FILLED,2,2
2024-03-05 20:21:13.070,SELL,LIMIT,IOC,55,3381.94,3399.68,FILLED,55,55
2024-03-05 20:26:00.054,BUY,LIMIT,IOC,1000,3453.43,3437.03,FILLED,102,1000
2024-03-05 20:26:15.061,BUY,LIMIT,IOC,2493,3456.08,3439.29,FILLED,157,2493
2024-03-05 20:36:47.068,SELL,LIMIT,IOC,3,3386.67,3399.84,FILLED,2,3
2024-03-05 20:37:51.053,SELL,LIMIT,IOC,172,3365.32,3374.05,FILLED,172,172
2024-03-05 20:38:55.103,SELL,LIMIT,IOC,57,3357.35,3370.01,FILLED,57,57
2024-03-05 20:38:58.091,SELL,LIMIT,IOC,6751,3353.76,3367.69,FILLED,825,6751
2024-03-05 20:39:00.044,SELL,LIMIT,IOC,2201,3354.0,3368.46,FILLED,61,2201
2024-03-05 20:39:07.029,SELL,LIMIT,IOC,50,3350.57,3353.07,FILLED,50,50
2024-03-05 20:39:08.031,SELL,LIMIT,IOC,575,3346.15,3346.28,FILLED,575,575
2024-03-05 20:39:09.045,SELL,LIMIT,IOC,517,3337.24,3337.24,FILLED,517,517
2024-03-05 20:40:40.052,SELL,LIMIT,IOC,10,3338.54,3353.46,FILLED,10,10
2024-03-05 20:40:54.095,SELL,LIMIT,IOC,17,3329.11,3344.35,FILLED,17,17
2024-03-05 20:40:58.044,SELL,LIMIT,IOC,650,3324.51,3335.45,FILLED,378,650
2024-03-05 20:40:59.068,SELL,LIMIT,IOC,3,3323.13,3333.94,FILLED,3,3
2024-03-05 20:42:29.058,BUY,LIMIT,IOC,78,3377.65,3361.2,FILLED,78,78
2024-03-05 20:46:03.047,BUY,LIMIT,IOC,135,3415.52,3403.68,FILLED,135,135
2024-03-05 20:47:47.065,BUY,LIMIT,IOC,26,3439.32,3426.85,FILLED,25,26
2024-03-05 20:58:33.050,SELL,LIMIT,IOC,304,3378.87,3393.87,FILLED,304,304
2024-03-05 21:07:34.076,BUY,LIMIT,IOC,20,3457.52,3442.91,FILLED,20,20
2024-03-05 21:08:15.053,BUY,LIMIT,IOC,828,3463.04,3448.17,FILLED,580,828
2024-03-05 21:08:16.074,BUY,LIMIT,IOC,6,3463.34,3449.11,FILLED,5,6
2024-03-05 21:08:22.081,BUY,LIMIT,IOC,1000,3465.07,3449.65,FILLED,108,1000
2024-03-05 21:08:27.054,BUY,LIMIT,IOC,1000,3467.12,3452.1,FILLED,12,1000
2024-03-05 21:15:44.096,BUY,LIMIT,IOC,3,3495.29,3479.98,FILLED,3,3
2024-03-05 21:16:43.065,BUY,LIMIT,IOC,295,3502.44,3486.19,FILLED,295,295
2024-03-05 21:20:02.059,BUY,LIMIT,IOC,49,3517.3,3500.47,FILLED,49,49
2024-03-05 21:25:39.032,BUY,LIMIT,IOC,10,3533.49,3517.22,FILLED,10,10
2024-03-05 21:35:00.084,SELL,LIMIT,IOC,52,3480.83,3499.23,FILLED,52,52
2024-03-05 21:35:07.094,SELL,LIMIT,IOC,10,3480.56,3495.97,FILLED,3,10
2024-03-05 21:40:13.107,BUY,LIMIT,IOC,4,3547.88,3529.52,FILLED,4,4
2024-03-05 21:48:12.035,SELL,LIMIT,IOC,1894,3495.44,3508.32,FILLED,154,1894
2024-03-05 22:15:44.098,SELL,LIMIT,IOC,80,3488.19,3504.48,FILLED,71,80
2024-03-05 22:17:35.079,SELL,LIMIT,IOC,1,3474.69,3490.27,FILLED,1,1
2024-03-05 22:21:58.079,SELL,LIMIT,IOC,33,3462.22,3479.19,FILLED,33,33
2024-03-05 22:24:41.081,SELL,LIMIT,IOC,8963,3441.52,3459.98,FILLED,55,8963
2024-03-05 22:42:36.045,SELL,LIMIT,IOC,39,3435.32,3446.4,FILLED,39,39
2024-03-05 23:10:30.076,BUY,LIMIT,IOC,1490,3538.82,3522.41,FILLED,187,1490
2024-03-05 23:15:18.071,BUY,LIMIT,IOC,1,3540.86,3524.92,FILLED,1,1
2024-03-05 23:16:12.058,BUY,LIMIT,IOC,3076,3542.99,3526.71,FILLED,969,3076
2024-03-05 23:27:14.106,BUY,LIMIT,IOC,730,3555.45,3539.2,FILLED,381,730
2024-03-05 23:27:17.045,BUY,LIMIT,IOC,110,3555.81,3539.01,FILLED,110,110
2024-03-05 23:29:05.045,BUY,LIMIT,IOC,45,3559.04,3541.31,FILLED,45,45
2024-03-05 23:29:16.046,BUY,LIMIT,IOC,368,3560.54,3543.1,FILLED,151,368
2024-03-05 23:29:26.087,BUY,LIMIT,IOC,94,3561.57,3544.2,FILLED,94,94
2024-03-05 23:44:52.100,BUY,LIMIT,IOC,9,3578.99,3563.28,FILLED,8,9
2024-03-05 23:45:40.055,BUY,LIMIT,IOC,90,3582.83,3566.61,FILLED,90,90
2024-03-05 23:45:45.090,BUY,LIMIT,IOC,46,3585.13,3570.41,FILLED,46,46
2024-03-05 23:46:26.041,BUY,LIMIT,IOC,89,3591.52,3575.32,FILLED,89,89
2024-03-05 23:46:30.037,BUY,LIMIT,IOC,970,3591.95,3576.67,FILLED,252,970
2024-03-05 23:49:05.043,BUY,LIMIT,IOC,381,3602.61,3585.03,FILLED,381,381
2024-03-05 23:55:20.040,SELL,LIMIT,IOC,397,3546.99,3564.31,FILLED,230,397
2024-03-06 00:30:16.077,BUY,LIMIT,IOC,967,3609.58,3591.91,FILLED,357,967
2024-03-06 00:57:55.092,SELL,LIMIT,IOC,5,3555.29,3572.07,FILLED,5,5
2024-03-06 01:07:25.081,BUY,LIMIT,IOC,14,3607.96,3590.48,FILLED,14,14
2024-03-06 01:10:35.030,SELL,LIMIT,IOC,34,3553.39,3570.82,FILLED,34,34
2024-03-06 01:13:57.095,SELL,LIMIT,IOC,580,3543.29,3559.18,FILLED,579,580
2024-03-06 01:22:28.049,SELL,LIMIT,IOC,67,3536.01,3553.99,FILLED,67,67
2024-03-06 01:22:36.098,SELL,LIMIT,IOC,1,3535.98,3550.0,FILLED,1,1
2024-03-06 01:22:45.066,SELL,LIMIT,IOC,3,3531.3,3548.81,FILLED,3,3
2024-03-06 01:29:14.071,SELL,LIMIT,IOC,364,3528.54,3544.84,FILLED,1,364
2024-03-06 02:01:16.097,SELL,LIMIT,IOC,12,3504.71,3521.66,FILLED,12,12
2024-03-06 02:01:29.086,SELL,LIMIT,IOC,145,3501.5,3518.77,FILLED,145,145
2024-03-06 02:01:43.042,SELL,LIMIT,IOC,534,3500.48,3516.39,FILLED,533,534
2024-03-06 02:01:44.070,SELL,LIMIT,IOC,46,3498.92,3516.99,FILLED,46,46
2024-03-06 02:18:11.028,SELL,LIMIT,IOC,8,3519.16,3535.54,FILLED,8,8
2024-03-06 02:53:32.050,SELL,LIMIT,IOC,21438,3491.92,3512.06,FILLED,120,21438
2024-03-06 02:53:43.069,SELL,LIMIT,IOC,491,3492.87,3510.0,FILLED,202,491
2024-03-06 02:53:45.037,SELL,LIMIT,IOC,65,3490.79,3507.48,FILLED,65,65
2024-03-06 02:53:55.046,SELL,LIMIT,IOC,46,3489.37,3506.24,FILLED,46,46
2024-03-06 02:53:58.069,SELL,LIMIT,IOC,30,3488.07,3505.21,FILLED,30,30
2024-03-06 03:34:25.066,BUY,LIMIT,IOC,11,3565.72,3550.93,FILLED,11,11
2024-03-06 04:42:42.036,BUY,LIMIT,IOC,150,3595.85,3578.2,FILLED,150,150
2024-03-06 04:44:45.033,BUY,LIMIT,IOC,38,3603.78,3589.01,FILLED,38,38
2024-03-06 04:45:25.022,BUY,LIMIT,IOC,10665,3610.37,3593.05,FILLED,1045,10665
2024-03-06 04:47:26.092,BUY,LIMIT,IOC,1102,3612.81,3597.19,FILLED,862,1102
2024-03-06 04:48:46.050,BUY,LIMIT,IOC,2,3621.04,3605.63,FILLED,2,2
2024-03-06 04:50:36.079,BUY,LIMIT,IOC,296,3625.55,3610.75,FILLED,78,296
2024-03-06 04:52:07.085,BUY,LIMIT,IOC,35,3638.73,3623.48,FILLED,35,35
2024-03-06 04:53:53.062,BUY,LIMIT,IOC,280,3651.86,3635.07,FILLED,279,280
2024-03-06 04:54:38.051,BUY,LIMIT,IOC,12,3656.48,3640.44,FILLED,12,12
2024-03-06 04:56:11.095,BUY,LIMIT,IOC,162,3668.47,3650.38,FILLED,162,162
2024-03-06 04:56:15.103,BUY,LIMIT,IOC,23,3670.03,3652.4,FILLED,23,23
2024-03-06 04:56:17.099,BUY,LIMIT,IOC,1082,3670.44,3652.92,FILLED,388,1082
2024-03-06 04:57:44.061,BUY,LIMIT,IOC,5,3678.47,3660.21,FILLED,5,5
2024-03-06 05:00:54.031,BUY,LIMIT,IOC,350,3687.29,3671.81,FILLED,350,350
2024-03-06 05:06:22.035,BUY,LIMIT,IOC,1,3689.6,3673.89,FILLED,1,1
2024-03-06 05:06:25.064,BUY,LIMIT,IOC,1,3690.93,3673.01,FILLED,1,1
2024-03-06 05:08:58.035,BUY,LIMIT,IOC,5,3703.54,3686.61,FILLED,5,5
2024-03-06 05:09:46.015,BUY,LIMIT,IOC,1586,3706.78,3692.0,FILLED,753,1586
2024-03-06 05:10:29.045,BUY,LIMIT,IOC,219,3709.73,3692.59,FILLED,218,219
2024-03-06 05:10:42.063,BUY,LIMIT,IOC,15,3713.42,3696.01,FILLED,15,15
2024-03-06 05:12:38.032,BUY,LIMIT,IOC,109,3730.5,3712.41,FILLED,109,109
2024-03-06 05:14:57.046,BUY,LIMIT,IOC,18,3740.6,3723.4,FILLED,18,18
2024-03-06 05:22:00.031,BUY,LIMIT,IOC,1088,3750.49,3733.97,FILLED,364,1088
2024-03-06 05:22:04.085,BUY,LIMIT,IOC,16,3754.13,3735.26,FILLED,16,16
2024-03-06 05:25:28.049,SELL,LIMIT,IOC,5,3704.41,3722.8,FILLED,4,5
2024-03-06 05:28:44.045,BUY,LIMIT,IOC,1,3760.95,3744.04,FILLED,1,1
2024-03-06 05:28:48.078,BUY,LIMIT,IOC,499,3765.39,3748.6,FILLED,149,499
2024-03-06 05:28:56.051,BUY,LIMIT,IOC,3,3768.35,3754.33,FILLED,3,3
2024-03-06 05:29:45.093,BUY,LIMIT,IOC,26,3776.78,3761.48,FILLED,26,26
2024-03-06 05:31:51.048,BUY,LIMIT,IOC,21,3780.6,3762.15,FILLED,8,21
2024-03-06 05:32:00.078,BUY,LIMIT,IOC,1266,3783.55,3768.0,FILLED,7,1266
2024-03-06 05:32:44.028,SELL,LIMIT,IOC,75,3726.91,3745.19,FILLED,75,75
2024-03-06 05:34:21.062,SELL,LIMIT,IOC,185,3721.72,3740.58,FILLED,185,185
2024-03-06 05:40:08.050,SELL,LIMIT,IOC,2,3716.12,3733.97,FILLED,2,2
2024-03-06 05:58:15.058,BUY,LIMIT,IOC,104014,3807.16,3772.83,FILLED,1054,104014
2024-03-06 06:01:14.048,BUY,LIMIT,IOC,1246,3796.19,3779.13,FILLED,446,1246
2024-03-06 06:13:37.074,BUY,LIMIT,IOC,1,3812.3,3795.45,FILLED,1,1
2024-03-06 07:04:23.048,SELL,LIMIT,IOC,55850,3719.05,3746.25,FILLED,5846,55850
2024-03-06 07:08:55.023,BUY,LIMIT,IOC,49,3793.12,3775.85,FILLED,49,49
2024-03-06 07:13:21.073,BUY,LIMIT,IOC,801,3799.6,3780.72,FILLED,90,801
2024-03-06 07:27:48.021,SELL,LIMIT,IOC,567,3747.27,3765.99,FILLED,567,567
2024-03-06 08:01:35.045,BUY,LIMIT,IOC,2,3814.42,3797.32,FILLED,2,2
2024-03-06 08:05:40.081,BUY,LIMIT,IOC,30,3816.47,3799.4,FILLED,30,30
2024-03-06 08:07:07.059,BUY,LIMIT,IOC,29,3818.48,3801.6,FILLED,29,29
2024-03-06 08:09:32.027,BUY,LIMIT,IOC,11,3824.48,3807.7,FILLED,11,11
2024-03-06 08:11:48.045,BUY,LIMIT,IOC,2980,3845.62,3837.89,FILLED,135,2980
2024-03-06 08:12:06.045,BUY,LIMIT,IOC,3074,3858.52,3847.88,FILLED,899,3074
2024-03-06 08:16:46.033,BUY,LIMIT,IOC,406,3861.05,3845.75,FILLED,231,406
2024-03-06 08:16:54.054,BUY,LIMIT,IOC,24,3864.15,3847.09,FILLED,24,24
2024-03-06 08:19:06.039,BUY,LIMIT,IOC,250,3871.47,3855.61,FILLED,250,250
2024-03-06 08:19:16.036,BUY,LIMIT,IOC,3,3873.46,3857.04,FILLED,3,3
2024-03-06 08:19:21.041,BUY,LIMIT,IOC,5687,3874.29,3858.24,FILLED,1036,5687
2024-03-06 08:19:44.017,BUY,LIMIT,IOC,1800,3877.16,3861.0,FILLED,828,1800
2024-03-06 08:19:47.055,BUY,LIMIT,IOC,271,3878.37,3862.1,FILLED,271,271
2024-03-06 08:20:13.056,BUY,LIMIT,IOC,5689,3880.14,3861.61,FILLED,864,5689
2024-03-06 08:31:11.066,BUY,LIMIT,IOC,4,3880.16,3861.72,FILLED,4,4
2024-03-06 08:33:53.082,BUY,LIMIT,IOC,23,3887.98,3870.25,FILLED,23,23
2024-03-06 08:38:32.034,SELL,LIMIT,IOC,100,3834.21,3852.09,FILLED,12,100
2024-03-06 08:41:25.046,SELL,LIMIT,IOC,46,3812.08,3830.5,FILLED,46,46
2024-03-06 08:41:27.024,SELL,LIMIT,IOC,43,3810.82,3828.25,FILLED,43,43
2024-03-06 09:32:36.102,SELL,LIMIT,IOC,2,3817.48,3836.33,FILLED,2,2
2024-03-06 09:56:29.055,SELL,LIMIT,IOC,3691,3794.42,3813.79,FILLED,1156,3691
2024-03-06 09:56:51.096,SELL,LIMIT,IOC,13,3788.54,3806.6,FILLED,13,13
2024-03-06 09:58:05.035,SELL,LIMIT,IOC,8,3784.28,3798.42,FILLED,8,8
2024-03-06 09:58:35.031,SELL,LIMIT,IOC,5,3777.32,3795.6,FILLED,5,5
2024-03-06 09:58:36.046,SELL,LIMIT,IOC,775,3775.89,3794.71,FILLED,772,775
2024-03-06 10:43:27.016,BUY,LIMIT,IOC,21,3861.73,3843.59,FILLED,21,21
2024-03-06 10:48:12.054,BUY,LIMIT,IOC,82,3867.1,3848.6,FILLED,82,82
2024-03-06 11:00:24.037,BUY,LIMIT,IOC,1795,3871.76,3854.02,FILLED,186,1795
2024-03-06 11:18:22.037,BUY,LIMIT,IOC,1152,3893.47,3884.29,FILLED,1071,1152
2024-03-06 11:18:30.098,BUY,LIMIT,IOC,4,3898.49,3881.59,FILLED,2,4
2024-03-06 11:18:32.070,BUY,LIMIT,IOC,32,3901.1,3884.01,FILLED,32,32
2024-03-06 11:21:54.096,BUY,LIMIT,IOC,6,3907.06,3889.95,FILLED,6,6
2024-03-06 11:22:00.044,BUY,LIMIT,IOC,69,3908.94,3892.2,FILLED,69,69
2024-03-06 11:25:20.085,BUY,LIMIT,IOC,1,3914.15,3896.56,FILLED,1,1
2024-03-06 12:02:48.072,BUY,LIMIT,IOC,29,3915.68,3899.11,FILLED,29,29
2024-03-06 12:02:51.040,BUY,LIMIT,IOC,1,3916.55,3898.8,FILLED,1,1
2024-03-06 12:07:44.027,BUY,LIMIT,IOC,222,3925.94,3907.63,FILLED,222,222
2024-03-06 12:13:10.060,SELL,LIMIT,IOC,39,3862.44,3881.19,FILLED,39,39
2024-03-06 12:18:26.077,SELL,LIMIT,IOC,89,3848.02,3863.42,FILLED,21,89
2024-03-06 12:18:40.060,SELL,LIMIT,IOC,13,3839.4,3858.43,FILLED,13,13
2024-03-06 12:39:28.060,SELL,LIMIT,IOC,10,3827.19,3844.44,FILLED,10,10
2024-03-06 12:40:07.086,SELL,LIMIT,IOC,437,3820.11,3839.62,FILLED,101,437
2024-03-06 12:40:12.047,SELL,LIMIT,IOC,1,3815.77,3831.86,FILLED,1,1
2024-03-06 12:44:29.092,SELL,LIMIT,IOC,194,3812.24,3829.63,FILLED,126,194
2024-03-06 12:45:00.089,SELL,LIMIT,IOC,15,3807.94,3825.2,FILLED,14,15
2024-03-06 12:45:30.058,SELL,LIMIT,IOC,671,3796.75,3813.63,FILLED,523,671
2024-03-06 12:45:31.086,SELL,LIMIT,IOC,2325,3795.76,3815.41,FILLED,553,2325
2024-03-06 12:45:43.041,SELL,LIMIT,IOC,1639,3792.23,3807.96,FILLED,285,1639
2024-03-06 12:45:45.063,SELL,LIMIT,IOC,45,3788.77,3807.64,FILLED,35,45
2024-03-06 12:46:04.088,SELL,LIMIT,IOC,373,3782.32,3801.79,FILLED,373,373
2024-03-06 12:46:09.199,SELL,LIMIT,IOC,741,3782.53,3800.0,FILLED,741,741
2024-03-06 12:46:12.075,SELL,LIMIT,IOC,1,3779.44,3797.0,FILLED,1,1
2024-03-06 12:46:15.091,SELL,LIMIT,IOC,42,3777.34,3795.0,FILLED,42,42
2024-03-06 12:46:18.054,SELL,LIMIT,IOC,1006,3773.88,3785.02,FILLED,6,1006
2024-03-06 12:46:20.023,SELL,LIMIT,IOC,262,3765.4,3780.03,FILLED,262,262
2024-03-06 12:46:22.028,SELL,LIMIT,IOC,4198,3760.65,3775.89,FILLED,2709,4198
2024-03-06 12:46:23.073,SELL,LIMIT,IOC,24,3757.7,3771.99,FILLED,24,24
2024-03-06 12:46:24.075,SELL,LIMIT,IOC,1,3754.76,3766.47,FILLED,1,1
2024-03-06 12:46:25.048,SELL,LIMIT,IOC,70,3746.91,3762.41,FILLED,70,70
2024-03-06 12:51:42.059,BUY,LIMIT,IOC,99,3847.07,3831.44,FILLED,98,99
2024-03-06 12:54:57.070,SELL,LIMIT,IOC,4,3806.58,3823.89,FILLED,4,4
2024-03-06 12:59:15.024,SELL,LIMIT,IOC,103,3793.39,3810.93,FILLED,103,103
2024-03-06 13:07:43.034,SELL,LIMIT,IOC,757,3778.63,3780.03,FILLED,592,757
2024-03-06 13:08:59.065,SELL,LIMIT,IOC,162,3764.53,3784.59,FILLED,162,162
2024-03-06 13:20:44.089,BUY,LIMIT,IOC,87,3851.76,3834.4,FILLED,87,87
2024-03-06 13:24:10.027,SELL,LIMIT,IOC,1,3788.33,3807.1,FILLED,1,1
2024-03-06 14:10:27.047,BUY,LIMIT,IOC,23,3885.68,3866.4,FILLED,23,23
2024-03-06 14:27:41.040,SELL,LIMIT,IOC,82,3824.82,3843.6,FILLED,82,82
2024-03-06 14:27:45.043,SELL,LIMIT,IOC,1784,3821.65,3839.57,FILLED,68,1784
2024-03-06 14:27:48.078,SELL,LIMIT,IOC,1,3819.67,3836.18,FILLED,1,1
2024-03-06 14:39:20.088,SELL,LIMIT,IOC,780,3804.76,3823.72,FILLED,380,780
2024-03-06 14:43:31.044,SELL,LIMIT,IOC,62,3787.76,3805.47,FILLED,62,62
2024-03-06 14:43:33.068,SELL,LIMIT,IOC,9,3784.68,3803.71,FILLED,9,9
2024-03-06 14:47:57.046,SELL,LIMIT,IOC,158,3763.18,3776.9,FILLED,144,158
2024-03-06 15:03:54.048,SELL,LIMIT,IOC,118,3751.44,3768.4,FILLED,51,118
2024-03-06 15:04:07.024,SELL,LIMIT,IOC,51416,3735.81,3760.14,FILLED,163,51416
2024-03-06 15:06:54.069,SELL,LIMIT,IOC,955,3737.81,3754.45,FILLED,334,955
2024-03-06 15:07:08.073,SELL,LIMIT,IOC,1823,3733.51,3750.78,FILLED,95,1823
2024-03-06 15:07:10.055,SELL,LIMIT,IOC,3715,3729.83,3747.93,FILLED,1116,3715
2024-03-06 15:07:16.029,SELL,LIMIT,IOC,2225,3725.83,3738.88,FILLED,518,2225
2024-03-06 15:07:17.060,SELL,LIMIT,IOC,3202,3725.62,3740.05,FILLED,77,3202
2024-03-06 15:07:18.070,SELL,LIMIT,IOC,227,3724.2,3741.19,FILLED,209,227
2024-03-06 15:07:26.084,SELL,LIMIT,IOC,4654,3718.57,3735.0,FILLED,4654,4654
2024-03-06 15:07:27.104,SELL,LIMIT,IOC,356,3717.72,3735.0,FILLED,189,356
2024-03-06 15:07:32.059,SELL,LIMIT,IOC,306,3716.45,3730.73,FILLED,20,306
2024-03-06 15:16:35.092,BUY,LIMIT,IOC,9,3804.05,3788.84,FILLED,9,9
2024-03-06 15:48:51.031,SELL,LIMIT,IOC,10,3766.6,3784.4,FILLED,10,10
2024-03-06 16:20:26.062,BUY,LIMIT,IOC,1,3820.4,3805.2,FILLED,1,1
2024-03-06 16:20:35.074,BUY,LIMIT,IOC,156,3824.9,3807.6,FILLED,55,156
2024-03-06 16:20:36.097,BUY,LIMIT,IOC,1,3825.52,3808.71,FILLED,1,1
2024-03-06 16:35:01.069,SELL,LIMIT,IOC,4,3768.02,3784.8,FILLED,4,4
2024-03-06 17:33:36.050,BUY,LIMIT,IOC,15,3839.53,3822.61,FILLED,15,15
2024-03-06 17:50:37.018,BUY,LIMIT,IOC,62,3848.43,3831.2,FILLED,62,62
2024-03-06 17:50:51.052,BUY,LIMIT,IOC,28,3852.11,3834.8,FILLED,28,28
2024-03-06 17:56:59.042,BUY,LIMIT,IOC,2,3858.48,3840.21,FILLED,2,2
2024-03-06 17:59:28.048,BUY,LIMIT,IOC,544,3864.82,3846.64,FILLED,544,544
2024-03-06 17:59:58.024,BUY,LIMIT,IOC,3,3871.25,3853.91,FILLED,3,3
2024-03-06 18:02:04.079,BUY,LIMIT,IOC,1,3876.72,3858.65,FILLED,1,1
2024-03-06 18:02:19.093,BUY,LIMIT,IOC,1470,3881.14,3863.98,FILLED,422,1470
2024-03-06 18:04:10.082,BUY,LIMIT,IOC,43,3886.32,3866.07,FILLED,43,43
2024-03-06 18:23:13.041,BUY,LIMIT,IOC,200,3887.63,3868.4,FILLED,200,200
2024-03-06 18:59:38.031,BUY,LIMIT,IOC,60,3887.5,3868.83,FILLED,33,60
2024-03-06 19:04:48.094,SELL,LIMIT,IOC,2,3828.47,3846.21,FILLED,2,2
2024-03-06 19:29:11.025,BUY,LIMIT,IOC,314,3897.56,3880.71,FILLED,136,314
2024-03-06 19:29:13.041,BUY,LIMIT,IOC,1656,3898.54,3882.34,FILLED,424,1656
2024-03-06 19:29:20.092,BUY,LIMIT,IOC,190,3900.61,3883.33,FILLED,8,190
2024-03-06 19:59:37.103,SELL,LIMIT,IOC,66,3839.21,3858.13,FILLED,57,66
2024-03-06 20:00:40.068,SELL,LIMIT,IOC,10,3836.3,3854.01,FILLED,10,10
2024-03-06 20:17:19.090,BUY,LIMIT,IOC,45,3916.97,3898.29,FILLED,45,45
2024-03-06 20:17:59.066,BUY,LIMIT,IOC,1193,3917.88,3899.52,FILLED,6,1193
2024-03-06 20:35:51.109,SELL,LIMIT,IOC,15,3862.21,3879.84,FILLED,15,15
2024-03-06 20:36:36.059,SELL,LIMIT,IOC,2435,3856.8,3874.52,FILLED,82,2435
2024-03-06 21:03:00.067,SELL,LIMIT,IOC,234,3840.57,3859.32,FILLED,234,234
2024-03-06 21:31:38.081,SELL,LIMIT,IOC,1,3825.43,3844.29,FILLED,1,1
2024-03-06 21:31:45.031,SELL,LIMIT,IOC,153,3822.68,3841.14,FILLED,27,153
2024-03-06 22:44:08.032,SELL,LIMIT,IOC,152,3798.01,3816.37,FILLED,125,152
2024-03-06 22:46:08.038,SELL,LIMIT,IOC,692,3797.03,3815.65,FILLED,692,692
2024-03-06 22:46:18.098,SELL,LIMIT,IOC,639,3793.83,3811.24,FILLED,468,639
2024-03-06 22:46:49.022,BUY,LIMIT,IOC,59,3856.59,3832.4,FILLED,59,59
2024-03-06 23:03:10.089,SELL,LIMIT,IOC,2,3784.65,3802.6,FILLED,2,2
2024-03-07 00:21:39.068,SELL,LIMIT,IOC,6,3802.66,3820.54,FILLED,6,6
2024-03-07 00:22:06.051,SELL,LIMIT,IOC,218,3795.93,3814.25,FILLED,218,218
2024-03-07 00:43:16.061,BUY,LIMIT,IOC,3,3872.93,3855.3,FILLED,3,3
2024-03-07 01:03:29.100,SELL,LIMIT,IOC,28422,3804.08,3824.41,FILLED,18,28422
2024-03-07 01:04:42.024,SELL,LIMIT,IOC,81,3792.35,3808.39,FILLED,81,81
2024-03-07 01:06:03.081,SELL,LIMIT,IOC,38,3783.08,3800.12,FILLED,38,38
2024-03-07 01:08:09.023,SELL,LIMIT,IOC,23770,3772.97,3792.46,FILLED,132,23770
2024-03-07 01:08:14.058,SELL,LIMIT,IOC,319,3774.57,3791.39,FILLED,319,319
2024-03-07 01:09:48.086,SELL,LIMIT,IOC,7914,3768.92,3786.59,FILLED,585,7914
2024-03-07 01:10:07.094,SELL,LIMIT,IOC,2,3764.62,3781.4,FILLED,2,2
2024-03-07 01:56:38.086,BUY,LIMIT,IOC,34,3843.72,3826.38,FILLED,34,34
2024-03-07 02:17:43.091,SELL,LIMIT,IOC,153,3790.81,3808.37,FILLED,153,153
2024-03-07 03:38:37.062,SELL,LIMIT,IOC,100,3759.14,3777.19,FILLED,2,100
2024-03-07 03:38:45.044,SELL,LIMIT,IOC,165,3757.04,3776.58,FILLED,165,165
2024-03-07 03:38:48.075,SELL,LIMIT,IOC,16,3755.37,3773.97,FILLED,16,16
2024-03-07 04:03:44.059,SELL,LIMIT,IOC,39,3748.66,3767.17,FILLED,37,39
2024-03-07 04:03:53.029,SELL,LIMIT,IOC,5,3747.78,3766.12,FILLED,5,5
2024-03-07 05:20:03.053,BUY,LIMIT,IOC,196,3824.59,3807.12,FILLED,15,196
2024-03-07 05:45:17.039,SELL,LIMIT,IOC,2873,3741.3,3759.44,FILLED,148,2873
2024-03-07 05:45:18.045,SELL,LIMIT,IOC,7,3741.21,3759.52,FILLED,7,7
2024-03-07 05:45:21.067,SELL,LIMIT,IOC,1,3740.74,3758.96,FILLED,1,1
2024-03-07 05:54:03.091,SELL,LIMIT,IOC,381,3736.67,3754.6,FILLED,157,381
2024-03-07 05:54:05.101,SELL,LIMIT,IOC,482,3735.75,3754.06,FILLED,482,482
2024-03-07 05:54:12.096,SELL,LIMIT,IOC,80,3733.63,3752.16,FILLED,15,80
2024-03-07 05:54:29.038,SELL,LIMIT,IOC,1,3728.58,3746.87,FILLED,1,1
2024-03-07 06:09:20.080,SELL,LIMIT,IOC,61,3723.79,3742.21,FILLED,61,61
2024-03-07 06:10:02.051,SELL,LIMIT,IOC,566,3721.28,3738.01,FILLED,566,566
2024-03-07 09:32:33.078,SELL,LIMIT,IOC,167,3768.05,3786.03,FILLED,167,167
2024-03-07 09:32:49.047,SELL,LIMIT,IOC,11,3763.25,3780.91,FILLED,11,11
2024-03-07 10:37:52.105,SELL,LIMIT,IOC,4,3766.79,3785.4,FILLED,4,4
2024-03-07 10:39:01.097,SELL,LIMIT,IOC,500,3763.46,3782.19,FILLED,204,500
2024-03-07 11:15:37.039,SELL,LIMIT,IOC,16,3779.09,3796.25,FILLED,16,16
2024-03-07 11:17:28.081,SELL,LIMIT,IOC,50,3765.48,3783.95,FILLED,50,50
2024-03-07 11:26:30.074,SELL,LIMIT,IOC,3,3758.6,3777.19,FILLED,3,3
2024-03-07 12:05:51.022,BUY,LIMIT,IOC,445,3825.32,3808.4,FILLED,445,445
2024-03-07 13:12:32.096,SELL,LIMIT,IOC,446,3758.35,3776.23,FILLED,446,446
2024-03-07 13:12:40.095,SELL,LIMIT,IOC,165,3756.89,3775.11,FILLED,38,165
2024-03-07 13:18:41.071,SELL,LIMIT,IOC,13,3753.22,3770.89,FILLED,13,13
2024-03-07 14:02:12.086,BUY,LIMIT,IOC,60,3843.91,3827.05,FILLED,60,60
2024-03-07 14:35:12.034,BUY,LIMIT,IOC,887,3865.6,3847.21,FILLED,133,887
2024-03-07 14:41:44.061,SELL,LIMIT,IOC,11,3822.8,3840.93,FILLED,11,11
2024-03-07 14:43:50.056,SELL,LIMIT,IOC,94,3804.9,3821.61,FILLED,94,94
2024-03-07 14:43:55.046,SELL,LIMIT,IOC,570,3796.26,3814.41,FILLED,210,570
2024-03-07 14:43:58.080,SELL,LIMIT,IOC,180,3787.97,3806.29,FILLED,179,180
2024-03-07 14:46:42.029,SELL,LIMIT,IOC,114,3772.95,3789.91,FILLED,66,114
2024-03-07 14:52:13.072,BUY,LIMIT,IOC,9,3831.67,3814.48,FILLED,9,9
2024-03-07 15:36:38.087,BUY,LIMIT,IOC,280,3865.75,3848.01,FILLED,280,280
2024-03-07 15:52:58.063,BUY,LIMIT,IOC,3186,3874.75,3855.81,FILLED,143,3186
2024-03-07 15:53:37.061,BUY,LIMIT,IOC,302,3875.36,3857.8,FILLED,300,302
2024-03-07 16:37:16.091,SELL,LIMIT,IOC,3,3804.44,3823.25,FILLED,3,3
2024-03-07 17:08:11.062,BUY,LIMIT,IOC,1,3871.54,3853.02,FILLED,1,1
2024-03-07 17:25:21.052,BUY,LIMIT,IOC,3,3887.49,3871.06,FILLED,3,3
2024-03-07 17:35:18.054,BUY,LIMIT,IOC,1,3890.96,3872.18,FILLED,1,1
2024-03-07 17:35:43.088,BUY,LIMIT,IOC,52,3894.4,3876.48,FILLED,52,52
2024-03-07 17:58:15.072,SELL,LIMIT,IOC,428,3839.99,3860.04,FILLED,8,428
2024-03-07 19:17:43.085,SELL,LIMIT,IOC,537,3852.57,3871.76,FILLED,45,537
2024-03-07 20:13:45.056,BUY,LIMIT,IOC,500,3907.94,3888.57,FILLED,102,500
2024-03-07 20:24:52.081,BUY,LIMIT,IOC,17,3917.62,3899.12,FILLED,17,17
2024-03-07 20:25:21.052,BUY,LIMIT,IOC,194,3925.12,3907.56,FILLED,194,194
2024-03-07 20:28:47.070,BUY,LIMIT,IOC,35,3934.28,3915.98,FILLED,35,35
2024-03-07 20:28:50.077,BUY,LIMIT,IOC,160,3934.95,3917.25,FILLED,160,160
2024-03-07 20:29:31.046,BUY,LIMIT,IOC,2,3936.92,3918.63,FILLED,2,2
2024-03-07 20:32:15.087,BUY,LIMIT,IOC,5,3942.18,3923.48,FILLED,3,5
2024-03-07 20:32:51.049,BUY,LIMIT,IOC,16,3945.77,3927.51,FILLED,16,16
2024-03-07 20:32:56.042,BUY,LIMIT,IOC,1016,3946.78,3928.73,FILLED,749,1016
2024-03-07 20:33:15.058,BUY,LIMIT,IOC,22,3947.47,3929.97,FILLED,22,22
2024-03-07 20:33:35.097,BUY,LIMIT,IOC,859,3949.87,3931.46,FILLED,93,859
2024-03-07 20:41:18.056,BUY,LIMIT,IOC,366,3956.45,3937.96,FILLED,76,366
2024-03-07 20:41:25.081,BUY,LIMIT,IOC,15,3957.61,3939.12,FILLED,15,15
2024-03-07 20:47:21.045,BUY,LIMIT,IOC,216,3959.95,3940.22,FILLED,216,216
2024-03-07 20:47:56.025,BUY,LIMIT,IOC,233,3960.24,3940.92,FILLED,233,233
2024-03-07 20:49:55.050,BUY,LIMIT,IOC,287,3962.17,3943.78,FILLED,287,287
2024-03-07 21:07:16.040,SELL,LIMIT,IOC,401,3887.05,3905.18,FILLED,401,401
2024-03-07 21:25:48.033,SELL,LIMIT,IOC,34,3871.32,3890.47,FILLED,25,34
2024-03-07 21:26:27.044,SELL,LIMIT,IOC,36,3869.54,3888.43,FILLED,36,36
2024-03-07 21:32:47.102,SELL,LIMIT,IOC,366,3862.0,3881.05,FILLED,139,366
2024-03-07 21:35:08.090,SELL,LIMIT,IOC,5866,3857.96,3876.67,FILLED,547,5866
2024-03-07 21:50:14.044,SELL,LIMIT,IOC,148,3843.94,3863.0,FILLED,148,148
2024-03-07 22:12:54.094,BUY,LIMIT,IOC,7,3912.41,3895.16,FILLED,7,7
2024-03-07 22:42:43.030,SELL,LIMIT,IOC,689,3839.99,3857.39,FILLED,689,689
2024-03-07 22:42:50.068,SELL,LIMIT,IOC,89,3832.91,3850.31,FILLED,89,89
2024-03-08 00:24:54.033,BUY,LIMIT,IOC,109,3912.01,3892.96,FILLED,109,109
2024-03-08 00:53:38.069,BUY,LIMIT,IOC,64,3925.69,3909.39,FILLED,33,64
2024-03-08 00:54:03.017,BUY,LIMIT,IOC,2,3929.7,3912.01,FILLED,2,2
2024-03-08 01:03:35.034,BUY,LIMIT,IOC,350,3948.3,3932.73,FILLED,350,350
2024-03-08 01:06:40.085,BUY,LIMIT,IOC,91,3957.98,3944.71,FILLED,91,91
2024-03-08 01:08:18.045,BUY,LIMIT,IOC,111,3964.97,3950.39,FILLED,111,111
2024-03-08 01:08:20.189,BUY,LIMIT,IOC,10074,3969.12,3952.84,FILLED,50,10074
2024-03-08 01:08:23.025,BUY,LIMIT,IOC,12,3967.3,3954.15,FILLED,12,12
2024-03-08 01:36:24.057,SELL,LIMIT,IOC,160,3908.91,3928.2,FILLED,160,160
2024-03-08 02:52:20.087,SELL,LIMIT,IOC,214,3889.21,3908.24,FILLED,1,214
2024-03-08 02:52:56.055,SELL,LIMIT,IOC,20,3883.08,3902.19,FILLED,20,20
2024-03-08 04:46:32.102,SELL,LIMIT,IOC,13,3876.08,3894.88,FILLED,13,13
2024-03-08 05:20:50.080,SELL,LIMIT,IOC,2960,3874.2,3893.1,FILLED,94,2960
2024-03-08 06:48:50.108,BUY,LIMIT,IOC,48,3936.25,3918.06,FILLED,48,48
2024-03-08 07:40:43.094,BUY,LIMIT,IOC,28,3971.31,3954.18,FILLED,28,28
2024-03-08 07:40:54.051,BUY,LIMIT,IOC,525,3973.08,3955.2,FILLED,273,525
2024-03-08 07:41:00.073,BUY,LIMIT,IOC,198,3973.47,3956.5,FILLED,198,198
2024-03-08 07:41:08.090,BUY,LIMIT,IOC,27,3975.07,3957.76,FILLED,27,27
2024-03-08 07:41:26.036,BUY,LIMIT,IOC,1151,3975.48,3959.0,FILLED,1151,1151
2024-03-08 08:34:40.062,BUY,LIMIT,IOC,392,3970.11,3951.0,FILLED,392,392
2024-03-08 08:37:33.040,BUY,LIMIT,IOC,1,3978.82,3960.1,FILLED,1,1
2024-03-08 08:37:47.086,BUY,LIMIT,IOC,2568,3980.49,3961.9,FILLED,400,2568
2024-03-08 08:47:07.048,BUY,LIMIT,IOC,60,3981.65,3963.49,FILLED,60,60
2024-03-08 13:06:21.115,BUY,LIMIT,IOC,21,3982.06,3963.32,FILLED,21,21
2024-03-08 13:06:46.070,BUY,LIMIT,IOC,20,3987.27,3971.01,FILLED,20,20
2024-03-08 13:07:12.041,BUY,LIMIT,IOC,15,3991.3,3974.51,FILLED,15,15
2024-03-08 13:31:02.068,BUY,LIMIT,IOC,30,3995.34,3977.26,FILLED,30,30
2024-03-08 13:32:01.083,BUY,LIMIT,IOC,833,4000.65,3981.24,FILLED,833,833
2024-03-08 13:32:13.101,BUY,LIMIT,IOC,208,4003.71,3987.88,FILLED,208,208
2024-03-08 13:37:22.057,BUY,LIMIT,IOC,509,4005.58,3985.81,FILLED,509,509
2024-03-08 13:38:12.038,BUY,LIMIT,IOC,89,4006.32,3987.6,FILLED,89,89
2024-03-08 13:47:34.059,BUY,LIMIT,IOC,3139,4009.8,3991.59,FILLED,3139,3139
2024-03-08 14:13:09.103,SELL,LIMIT,IOC,1077,3943.32,3962.19,FILLED,909,1077
2024-03-08 14:15:27.067,SELL,LIMIT,IOC,455,3936.89,3955.55,FILLED,455,455
2024-03-08 14:51:36.094,BUY,LIMIT,IOC,34,4015.45,3996.78,FILLED,34,34
2024-03-08 14:52:04.012,BUY,LIMIT,IOC,84,4016.86,3998.61,FILLED,84,84
2024-03-08 14:53:07.064,BUY,LIMIT,IOC,40,4017.63,3998.73,FILLED,40,40
2024-03-08 15:05:28.062,SELL,LIMIT,IOC,5,3944.33,3961.96,FILLED,5,5
2024-03-08 15:22:14.056,SELL,LIMIT,IOC,2328,3945.68,3965.05,FILLED,678,2328
2024-03-08 15:22:29.030,SELL,LIMIT,IOC,8,3942.33,3961.21,FILLED,8,8
2024-03-08 15:29:05.073,BUY,LIMIT,IOC,8,4020.46,4001.6,FILLED,7,8
2024-03-08 15:31:42.037,SELL,LIMIT,IOC,555,3965.89,3981.82,FILLED,133,555
2024-03-08 15:31:47.058,SELL,LIMIT,IOC,4907,3956.56,3974.02,FILLED,1557,4907
2024-03-08 15:32:01.061,SELL,LIMIT,IOC,378,3938.56,3955.56,FILLED,378,378
2024-03-08 15:32:05.031,SELL,LIMIT,IOC,912,3925.02,3933.33,FILLED,84,912
2024-03-08 15:32:06.035,SELL,LIMIT,IOC,560,3916.02,3920.0,FILLED,560,560
2024-03-08 15:32:09.028,SELL,LIMIT,IOC,250,3903.19,3923.11,FILLED,248,250
2024-03-08 15:32:35.058,SELL,LIMIT,IOC,269,3904.14,3919.91,FILLED,182,269
2024-03-08 15:32:38.034,SELL,LIMIT,IOC,3849,3898.43,3916.03,FILLED,4,3849
2024-03-08 15:32:39.050,SELL,LIMIT,IOC,625,3895.25,3908.55,FILLED,149,625
2024-03-08 15:32:40.106,SELL,LIMIT,IOC,113,3890.22,3907.49,FILLED,113,113
2024-03-08 15:32:41.105,SELL,LIMIT,IOC,45,3887.28,3911.4,FILLED,26,45
2024-03-08 15:32:43.083,SELL,LIMIT,IOC,8,3882.73,3907.29,FILLED,8,8
2024-03-08 15:33:09.033,BUY,LIMIT,IOC,21,3954.78,3937.24,FILLED,21,21
2024-03-08 15:36:31.042,SELL,LIMIT,IOC,272,3922.41,3941.32,FILLED,272,272
2024-03-08 15:38:42.034,SELL,LIMIT,IOC,272,3896.55,3915.11,FILLED,171,272
2024-03-08 15:38:45.093,SELL,LIMIT,IOC,203,3895.2,3911.99,FILLED,3,203
2024-03-08 15:56:07.088,SELL,LIMIT,IOC,62,3901.9,3920.76,FILLED,62,62
2024-03-08 16:01:38.052,SELL,LIMIT,IOC,56,3885.08,3903.0,FILLED,56,56
2024-03-08 16:01:52.088,SELL,LIMIT,IOC,175,3877.86,3897.29,FILLED,175,175
2024-03-08 16:01:55.039,SELL,LIMIT,IOC,6,3876.46,3896.22,FILLED,6,6
2024-03-08 16:02:04.041,SELL,LIMIT,IOC,59,3871.46,3890.3,FILLED,59,59
2024-03-08 16:02:05.100,SELL,LIMIT,IOC,154,3868.35,3880.44,FILLED,55,154
2024-03-08 16:02:08.015,SELL,LIMIT,IOC,796,3863.12,3882.17,FILLED,82,796
2024-03-08 16:02:40.044,SELL,LIMIT,IOC,2,3854.11,3872.05,FILLED,2,2
2024-03-08 16:02:41.099,SELL,LIMIT,IOC,170,3852.62,3870.91,FILLED,170,170
2024-03-08 16:02:49.064,SELL,LIMIT,IOC,130,3849.65,3862.0,FILLED,30,130
2024-03-08 16:02:50.069,SELL,LIMIT,IOC,11,3847.09,3863.02,FILLED,11,11
2024-03-08 16:02:52.078,SELL,LIMIT,IOC,1968,3842.93,3859.28,FILLED,558,1968
2024-03-08 16:03:38.064,SELL,LIMIT,IOC,99,3838.94,3842.69,FILLED,99,99
2024-03-08 16:03:39.083,SELL,LIMIT,IOC,51,3827.24,3836.2,FILLED,51,51
2024-03-08 16:03:41.066,SELL,LIMIT,IOC,89,3817.28,3843.26,FILLED,42,89
2024-03-08 16:10:33.032,SELL,LIMIT,IOC,402,3844.7,3861.45,FILLED,402,402
2024-03-08 16:11:18.025,SELL,LIMIT,IOC,100,3824.57,3844.05,FILLED,100,100
2024-03-08 16:11:20.050,SELL,LIMIT,IOC,1622,3824.39,3844.08,FILLED,377,1622
2024-03-08 16:14:44.092,SELL,LIMIT,IOC,122,3811.82,3831.02,FILLED,52,122
2024-03-08 16:28:15.030,SELL,LIMIT,IOC,205,3852.87,3872.32,FILLED,205,205
2024-03-08 16:29:37.056,SELL,LIMIT,IOC,5,3843.49,3862.6,FILLED,5,5
2024-03-08 16:40:16.080,BUY,LIMIT,IOC,734,3906.45,3887.51,FILLED,499,734
2024-03-08 16:46:22.052,BUY,LIMIT,IOC,1,3928.5,3910.95,FILLED,1,1
2024-03-08 17:29:28.059,BUY,LIMIT,IOC,3,3957.69,3938.65,FILLED,3,3
2024-03-08 17:33:26.079,BUY,LIMIT,IOC,1,3966.13,3950.22,FILLED,1,1
2024-03-08 17:36:48.041,BUY,LIMIT,IOC,781,3974.66,3957.57,FILLED,711,781
2024-03-08 17:47:37.080,BUY,LIMIT,IOC,1189,3987.67,3970.0,FILLED,518,1189
2024-03-08 17:48:38.035,BUY,LIMIT,IOC,335,3997.33,3980.88,FILLED,311,335
2024-03-08 17:49:03.049,BUY,LIMIT,IOC,98,4003.3,3985.71,FILLED,98,98
2024-03-08 17:57:14.059,SELL,LIMIT,IOC,12,3935.07,3954.87,FILLED,12,12
2024-03-08 17:57:21.057,SELL,LIMIT,IOC,126,3933.58,3952.65,FILLED,126,126
2024-03-08 18:01:01.059,SELL,LIMIT,IOC,3,3927.55,3946.86,FILLED,1,3
2024-03-08 18:03:42.066,SELL,LIMIT,IOC,66,3924.16,3944.0,FILLED,66,66
2024-03-08 19:17:26.040,SELL,LIMIT,IOC,104,3899.88,3919.92,FILLED,104,104
2024-03-08 19:23:25.037,SELL,LIMIT,IOC,118,3894.95,3911.17,FILLED,88,118
2024-03-08 19:23:27.023,SELL,LIMIT,IOC,10,3891.11,3908.27,FILLED,10,10
2024-03-08 19:23:31.044,SELL,LIMIT,IOC,197,3883.89,3902.8,FILLED,168,197
2024-03-08 19:24:29.027,SELL,LIMIT,IOC,700,3881.72,3900.5,FILLED,700,700
2024-03-08 19:24:39.059,SELL,LIMIT,IOC,18,3876.22,3895.24,FILLED,18,18
2024-03-08 20:03:32.096,BUY,LIMIT,IOC,3,3979.25,3960.35,FILLED,3,3
2024-03-08 20:29:43.052,SELL,LIMIT,IOC,4,3917.87,3937.39,FILLED,4,4
2024-03-08 21:23:17.097,SELL,LIMIT,IOC,80,3914.85,3934.67,FILLED,80,80
2024-03-08 21:53:10.025,SELL,LIMIT,IOC,14,3898.93,3918.24,FILLED,14,14
2024-03-08 22:41:17.078,SELL,LIMIT,IOC,53,3883.15,3898.01,FILLED,53,53
2024-03-08 22:58:33.093,SELL,LIMIT,IOC,400,3869.09,3887.52,FILLED,400,400
2024-03-08 23:37:24.088,SELL,LIMIT,IOC,7,3872.46,3891.71,FILLED,7,7
2024-03-08 23:37:39.032,SELL,LIMIT,IOC,1061,3871.71,3890.13,FILLED,390,1061
2024-03-08 23:39:07.073,SELL,LIMIT,IOC,3,3866.92,3885.2,FILLED,3,3
2024-03-09 02:46:17.028,BUY,LIMIT,IOC,8,3952.68,3935.27,FILLED,8,8
2024-03-09 02:51:51.080,BUY,LIMIT,IOC,2,3958.2,3939.12,FILLED,2,2
2024-03-09 08:53:42.044,SELL,LIMIT,IOC,78,3916.87,3936.41,FILLED,78,78
2024-03-09 09:47:55.066,SELL,LIMIT,IOC,80,3904.69,3923.19,FILLED,80,80
2024-03-09 09:51:09.059,SELL,LIMIT,IOC,8,3900.97,3918.69,FILLED,8,8
2024-03-09 10:20:45.061,SELL,LIMIT,IOC,5931,3898.47,3916.28,FILLED,610,5931
2024-03-09 10:21:17.079,SELL,LIMIT,IOC,3,3893.28,3912.51,FILLED,3,3
2024-03-09 10:27:53.050,SELL,LIMIT,IOC,1,3883.02,3901.56,FILLED,1,1
2024-03-09 16:05:15.032,SELL,LIMIT,IOC,1,3900.32,3919.75,FILLED,1,1
2024-03-09 16:30:45.021,SELL,LIMIT,IOC,1,3894.0,3912.74,FILLED,1,1
2024-03-09 16:30:47.041,SELL,LIMIT,IOC,184,3892.93,3911.57,FILLED,184,184
2024-03-09 16:31:00.093,SELL,LIMIT,IOC,17,3891.16,3910.26,FILLED,17,17
2024-03-09 16:31:07.077,SELL,LIMIT,IOC,2694,3888.31,3906.59,FILLED,707,2694
2024-03-09 16:31:46.075,SELL,LIMIT,IOC,211,3886.99,3904.69,FILLED,78,211
2024-03-09 16:32:17.086,SELL,LIMIT,IOC,20,3883.0,3901.19,FILLED,20,20
2024-03-09 16:37:00.031,SELL,LIMIT,IOC,33,3881.96,3897.99,FILLED,33,33
2024-03-09 16:38:27.033,SELL,LIMIT,IOC,2,3878.56,3891.98,FILLED,2,2
2024-03-09 16:38:42.028,SELL,LIMIT,IOC,149,3875.09,3889.98,FILLED,149,149
2024-03-09 16:43:33.096,SELL,LIMIT,IOC,41,3874.52,3892.43,FILLED,41,41
2024-03-09 16:45:46.030,SELL,LIMIT,IOC,3,3872.58,3890.59,FILLED,3,3
2024-03-09 16:46:27.075,SELL,LIMIT,IOC,374,3871.59,3886.47,FILLED,374,374
2024-03-09 16:46:28.081,SELL,LIMIT,IOC,237,3870.47,3886.06,FILLED,236,237
2024-03-09 16:46:30.031,SELL,LIMIT,IOC,15,3868.7,3887.19,FILLED,15,15
2024-03-09 17:13:52.056,SELL,LIMIT,IOC,3552,3865.8,3881.6,FILLED,3552,3552
2024-03-09 17:13:53.096,SELL,LIMIT,IOC,1,3864.68,3880.76,FILLED,1,1
2024-03-10 01:07:20.063,BUY,LIMIT,IOC,2,3953.61,3936.0,FILLED,2,2
2024-03-10 01:08:59.020,BUY,LIMIT,IOC,432,3956.54,3937.4,FILLED,29,432
2024-03-10 03:05:43.078,SELL,LIMIT,IOC,5913,3905.3,3923.95,FILLED,3728,5913
2024-03-10 09:22:27.043,SELL,LIMIT,IOC,11,3922.76,3942.22,FILLED,11,11
2024-03-10 09:22:35.053,SELL,LIMIT,IOC,333,3922.4,3941.89,FILLED,63,333
2024-03-10 09:22:45.059,SELL,LIMIT,IOC,22,3920.74,3940.2,FILLED,22,22
2024-03-10 09:32:11.112,SELL,LIMIT,IOC,14,3919.83,3939.23,FILLED,14,14
2024-03-10 09:32:15.109,SELL,LIMIT,IOC,78,3918.23,3937.26,FILLED,78,78
2024-03-10 09:33:00.037,SELL,LIMIT,IOC,5,3915.94,3935.13,FILLED,5,5
2024-03-10 09:33:40.026,SELL,LIMIT,IOC,69,3914.83,3934.0,FILLED,69,69
2024-03-10 12:38:01.059,SELL,LIMIT,IOC,74,3910.49,3928.0,FILLED,74,74
2024-03-10 12:38:02.081,SELL,LIMIT,IOC,22,3909.86,3927.6,FILLED,22,22
2024-03-10 12:38:04.037,SELL,LIMIT,IOC,1,3907.26,3925.08,FILLED,1,1
2024-03-10 13:50:25.087,SELL,LIMIT,IOC,78,3900.75,3919.8,FILLED,78,78
2024-03-10 13:50:30.090,SELL,LIMIT,IOC,2,3900.28,3918.51,FILLED,2,2
2024-03-10 13:52:30.029,SELL,LIMIT,IOC,922,3894.54,3914.25,FILLED,310,922
2024-03-10 13:54:51.054,SELL,LIMIT,IOC,66,3891.43,3910.61,FILLED,66,66
2024-03-10 13:56:07.020,SELL,LIMIT,IOC,95,3888.92,3905.34,FILLED,95,95
2024-03-10 13:56:08.040,SELL,LIMIT,IOC,387,3888.26,3904.63,FILLED,387,387
2024-03-10 13:56:26.094,SELL,LIMIT,IOC,1,3885.81,3904.48,FILLED,1,1
2024-03-10 13:58:06.075,SELL,LIMIT,IOC,10,3882.91,3901.01,FILLED,10,10
2024-03-10 13:58:07.078,SELL,LIMIT,IOC,4,3881.69,3900.51,FILLED,4,4
2024-03-10 13:58:26.075,SELL,LIMIT,IOC,55,3878.01,3898.19,FILLED,55,55
2024-03-10 14:40:26.026,SELL,LIMIT,IOC,2,3877.25,3896.6,FILLED,2,2
2024-03-10 14:40:33.050,SELL,LIMIT,IOC,202,3877.1,3892.01,FILLED,202,202
2024-03-10 14:40:34.065,SELL,LIMIT,IOC,152,3874.1,3892.01,FILLED,152,152
2024-03-10 14:40:38.081,SELL,LIMIT,IOC,8,3871.53,3890.48,FILLED,8,8
2024-03-10 14:43:22.032,SELL,LIMIT,IOC,750,3866.8,3884.07,FILLED,462,750
2024-03-10 14:43:23.053,SELL,LIMIT,IOC,25,3865.55,3884.07,FILLED,25,25
2024-03-10 14:43:25.062,SELL,LIMIT,IOC,1469,3865.03,3883.73,FILLED,484,1469
2024-03-10 14:43:37.033,SELL,LIMIT,IOC,2,3861.3,3874.23,FILLED,2,2
2024-03-10 14:43:38.059,SELL,LIMIT,IOC,2341,3856.21,3870.66,FILLED,1243,2341
2024-03-10 15:14:24.044,SELL,LIMIT,IOC,39,3872.44,3891.05,FILLED,39,39
2024-03-10 15:15:48.079,SELL,LIMIT,IOC,13,3864.91,3884.33,FILLED,13,13
2024-03-10 16:15:37.056,BUY,LIMIT,IOC,161,3934.14,3916.0,FILLED,161,161
2024-03-10 16:15:52.094,BUY,LIMIT,IOC,39223,3942.0,3920.77,FILLED,1343,39223
2024-03-10 16:16:42.067,BUY,LIMIT,IOC,2,3943.17,3925.48,FILLED,2,2
2024-03-10 16:31:17.049,BUY,LIMIT,IOC,8297,3949.13,3935.63,FILLED,1760,8297
2024-03-10 18:54:12.063,SELL,LIMIT,IOC,34,3887.04,3906.19,FILLED,34,34
2024-03-10 19:03:20.106,SELL,LIMIT,IOC,5518,3882.7,3900.18,FILLED,3856,5518
2024-03-10 21:57:59.048,SELL,LIMIT,IOC,4,3867.81,3885.84,FILLED,4,4
2024-03-10 22:01:06.076,SELL,LIMIT,IOC,16,3864.37,3882.7,FILLED,16,16
2024-03-10 22:01:10.027,SELL,LIMIT,IOC,866,3859.62,3878.3,FILLED,558,866
2024-03-10 22:03:01.062,SELL,LIMIT,IOC,224,3858.18,3876.91,FILLED,57,224
2024-03-10 22:11:54.089,SELL,LIMIT,IOC,770,3855.0,3873.07,FILLED,37,770
2024-03-10 22:12:02.057,SELL,LIMIT,IOC,31,3853.74,3872.62,FILLED,31,31
2024-03-10 22:12:03.085,SELL,LIMIT,IOC,19,3853.35,3872.33,FILLED,19,19
2024-03-10 22:12:56.039,SELL,LIMIT,IOC,1400,3852.67,3871.42,FILLED,426,1400
2024-03-10 22:13:13.043,SELL,LIMIT,IOC,4089,3850.99,3870.76,FILLED,328,4089
2024-03-10 22:13:20.081,SELL,LIMIT,IOC,15,3850.37,3870.35,FILLED,15,15
2024-03-10 22:13:27.016,SELL,LIMIT,IOC,326,3849.34,3868.0,FILLED,326,326
2024-03-10 22:13:28.089,SELL,LIMIT,IOC,7500,3846.76,3865.0,FILLED,7500,7500
2024-03-10 22:16:30.020,SELL,LIMIT,IOC,418,3841.36,3860.0,FILLED,418,418
2024-03-10 22:16:58.057,SELL,LIMIT,IOC,140,3839.15,3858.0,FILLED,140,140
2024-03-10 22:16:59.052,SELL,LIMIT,IOC,8972,3835.18,3855.38,FILLED,3088,8972
2024-03-10 22:17:01.048,SELL,LIMIT,IOC,23,3835.4,3853.58,FILLED,23,23
2024-03-10 22:17:33.082,SELL,LIMIT,IOC,11,3833.87,3852.78,FILLED,11,11
2024-03-10 22:17:47.092,SELL,LIMIT,IOC,36,3833.14,3851.68,FILLED,36,36
2024-03-10 22:18:40.061,SELL,LIMIT,IOC,363,3830.27,3848.76,FILLED,75,363
2024-03-10 22:18:45.035,SELL,LIMIT,IOC,2955,3829.12,3845.82,FILLED,1816,2955
2024-03-10 22:18:46.090,SELL,LIMIT,IOC,204,3827.19,3845.88,FILLED,10,204
2024-03-10 22:18:47.102,SELL,LIMIT,IOC,18,3825.86,3845.62,FILLED,18,18
2024-03-10 22:19:18.032,SELL,LIMIT,IOC,82,3823.93,3842.5,FILLED,82,82
2024-03-10 22:19:39.059,SELL,LIMIT,IOC,199,3822.25,3841.76,FILLED,199,199
2024-03-10 22:42:12.077,SELL,LIMIT,IOC,702,3819.41,3838.38,FILLED,665,702
2024-03-10 22:42:19.070,SELL,LIMIT,IOC,105,3818.52,3837.6,FILLED,105,105
2024-03-10 22:43:22.042,SELL,LIMIT,IOC,3216,3817.85,3836.91,FILLED,3216,3216
2024-03-10 22:43:25.024,SELL,LIMIT,IOC,1128,3817.3,3835.98,FILLED,1128,1128
2024-03-10 22:43:28.078,SELL,LIMIT,IOC,1340,3815.35,3833.97,FILLED,763,1340
2024-03-10 22:55:31.042,SELL,LIMIT,IOC,52,3814.03,3831.36,FILLED,52,52
2024-03-10 22:55:33.021,SELL,LIMIT,IOC,16497,3808.22,3827.14,FILLED,5303,16497
2024-03-10 22:55:41.053,SELL,LIMIT,IOC,15,3808.51,3827.54,FILLED,15,15
2024-03-10 22:55:47.067,SELL,LIMIT,IOC,19,3806.94,3824.01,FILLED,19,19
2024-03-10 22:55:49.058,SELL,LIMIT,IOC,640,3802.05,3819.12,FILLED,640,640
2024-03-10 22:55:50.058,SELL,LIMIT,IOC,5,3801.96,3817.33,FILLED,5,5
2024-03-10 22:55:52.060,SELL,LIMIT,IOC,114,3799.16,3816.53,FILLED,114,114
2024-03-10 22:55:55.043,SELL,LIMIT,IOC,389,3795.87,3812.92,FILLED,18,389
2024-03-10 22:55:56.057,SELL,LIMIT,IOC,52,3795.59,3813.07,FILLED,50,52
2024-03-10 22:56:42.023,SELL,LIMIT,IOC,4478,3793.91,3812.73,FILLED,770,4478
2024-03-10 22:56:44.071,SELL,LIMIT,IOC,28,3793.17,3811.59,FILLED,28,28
2024-03-10 22:56:46.067,SELL,LIMIT,IOC,653,3791.81,3803.31,FILLED,653,653
2024-03-10 22:56:47.098,SELL,LIMIT,IOC,5274,3786.42,3802.68,FILLED,41,5274
2024-03-10 22:56:58.045,SELL,LIMIT,IOC,2056,3783.89,3801.64,FILLED,901,2056
2024-03-10 22:57:42.065,SELL,LIMIT,IOC,655,3782.11,3800.88,FILLED,655,655
2024-03-10 23:47:34.040,BUY,LIMIT,IOC,24,3904.51,3886.91,FILLED,17,24
2024-03-10 23:47:37.050,BUY,LIMIT,IOC,6672,3906.38,3886.97,FILLED,263,6672
2024-03-10 23:54:12.033,BUY,LIMIT,IOC,4,3909.43,3890.2,FILLED,4,4
2024-03-11 00:36:21.068,SELL,LIMIT,IOC,157,3841.68,3861.14,FILLED,157,157
2024-03-11 00:49:49.069,SELL,LIMIT,IOC,100,3818.1,3836.6,FILLED,16,100
2024-03-11 00:50:33.064,SELL,LIMIT,IOC,97,3812.62,3831.25,FILLED,97,97
2024-03-11 00:50:36.021,SELL,LIMIT,IOC,20,3810.69,3829.05,FILLED,20,20
2024-03-11 00:50:40.062,SELL,LIMIT,IOC,40,3808.25,3825.71,FILLED,40,40
2024-03-11 00:51:02.066,SELL,LIMIT,IOC,200,3805.38,3824.39,FILLED,200,200
2024-03-11 00:51:16.085,SELL,LIMIT,IOC,519,3796.78,3813.44,FILLED,416,519
2024-03-11 00:51:21.027,SELL,LIMIT,IOC,192,3790.48,3808.0,FILLED,192,192
2024-03-11 00:51:22.042,SELL,LIMIT,IOC,2535,3789.36,3807.47,FILLED,149,2535
2024-03-11 00:51:28.069,SELL,LIMIT,IOC,6,3787.49,3805.8,FILLED,6,6
2024-03-11 00:52:15.079,SELL,LIMIT,IOC,774,3783.75,3800.0,FILLED,774,774
2024-03-11 00:52:17.077,SELL,LIMIT,IOC,400,3782.17,3799.78,FILLED,30,400
2024-03-11 00:52:20.025,SELL,LIMIT,IOC,869,3776.77,3790.0,FILLED,806,869
2024-03-11 00:52:21.066,SELL,LIMIT,IOC,845,3772.11,3789.35,FILLED,845,845
2024-03-11 00:52:23.033,SELL,LIMIT,IOC,29,3769.65,3786.0,FILLED,29,29
2024-03-11 00:52:24.077,SELL,LIMIT,IOC,184,3765.98,3779.07,FILLED,184,184
2024-03-11 00:52:25.107,SELL,LIMIT,IOC,4,3761.75,3775.65,FILLED,4,4
2024-03-11 00:52:26.066,SELL,LIMIT,IOC,383,3759.22,3776.82,FILLED,383,383
2024-03-11 00:52:28.020,SELL,LIMIT,IOC,357,3754.34,3756.07,FILLED,1,357
2024-03-11 00:52:29.019,SELL,LIMIT,IOC,9597,3743.96,3755.7,FILLED,6319,9597
2024-03-11 00:52:30.069,SELL,LIMIT,IOC,94,3743.32,3758.46,FILLED,94,94
2024-03-11 00:52:31.070,SELL,LIMIT,IOC,20,3740.62,3752.72,FILLED,20,20
2024-03-11 00:52:32.111,SELL,LIMIT,IOC,46,3739.44,3750.97,FILLED,46,46
2024-03-11 00:52:34.042,SELL,LIMIT,IOC,23,3733.52,3747.99,FILLED,23,23
2024-03-11 00:52:36.060,SELL,LIMIT,IOC,757,3728.69,3745.11,FILLED,609,757
2024-03-11 00:58:52.064,BUY,LIMIT,IOC,1175,3851.1,3836.02,FILLED,1175,1175
2024-03-11 01:07:47.083,BUY,LIMIT,IOC,48369,3867.8,3844.06,FILLED,337,48369
2024-03-11 01:07:53.081,BUY,LIMIT,IOC,38245,3867.58,3846.46,FILLED,546,38245
2024-03-11 01:34:00.069,SELL,LIMIT,IOC,631,3780.42,3797.19,FILLED,150,631
2024-03-11 01:40:23.058,SELL,LIMIT,IOC,5,3773.03,3790.9,FILLED,5,5
2024-03-11 04:04:42.047,BUY,LIMIT,IOC,241,3899.12,3879.69,FILLED,92,241
2024-03-11 05:20:36.048,SELL,LIMIT,IOC,21,3842.35,3861.4,FILLED,21,21
2024-03-11 05:55:13.063,SELL,LIMIT,IOC,1,3835.05,3854.08,FILLED,1,1
2024-03-11 05:55:22.107,SELL,LIMIT,IOC,119,3834.76,3852.53,FILLED,119,119
2024-03-11 06:55:24.035,BUY,LIMIT,IOC,8384,3894.86,3875.81,FILLED,3192,8384
2024-03-11 06:59:53.046,BUY,LIMIT,IOC,9380,3908.52,3889.75,FILLED,1103,9380
2024-03-11 07:00:22.054,BUY,LIMIT,IOC,42,3912.88,3894.96,FILLED,42,42
2024-03-11 07:01:24.033,BUY,LIMIT,IOC,49,3925.08,3907.52,FILLED,49,49
2024-03-11 07:02:25.062,BUY,LIMIT,IOC,38814,3938.05,3917.48,FILLED,10020,38814
2024-03-11 07:02:34.050,BUY,LIMIT,IOC,965,3938.59,3926.64,FILLED,26,965
2024-03-11 07:02:44.031,BUY,LIMIT,IOC,1,3946.3,3933.73,FILLED,1,1
2024-03-11 07:13:42.037,BUY,LIMIT,IOC,3,3961.05,3947.56,FILLED,2,3
2024-03-11 07:14:59.037,BUY,LIMIT,IOC,6,3977.96,3967.91,FILLED,6,6
2024-03-11 07:22:18.107,BUY,LIMIT,IOC,2,3982.57,3967.12,FILLED,1,2
2024-03-11 07:22:56.077,BUY,LIMIT,IOC,1,3985.59,3969.61,FILLED,1,1
2024-03-11 07:23:12.110,BUY,LIMIT,IOC,300,3988.02,3973.41,FILLED,285,300
2024-03-11 07:24:34.027,BUY,LIMIT,IOC,51,3990.8,3972.21,FILLED,51,51
2024-03-11 07:26:02.050,BUY,LIMIT,IOC,468,3994.19,3976.43,FILLED,292,468
2024-03-11 07:26:30.075,BUY,LIMIT,IOC,12,3998.09,3981.9,FILLED,12,12
2024-03-11 07:26:40.085,BUY,LIMIT,IOC,4918,4000.0,3983.25,FILLED,1699,4918
2024-03-11 07:26:47.091,BUY,LIMIT,IOC,813,4001.32,3984.58,FILLED,813,813
2024-03-11 07:31:11.101,BUY,LIMIT,IOC,115,4007.56,3992.01,FILLED,115,115
2024-03-11 07:33:15.076,BUY,LIMIT,IOC,79,4017.23,3999.99,FILLED,79,79
2024-03-11 07:34:06.093,BUY,LIMIT,IOC,1,4018.29,4001.11,FILLED,1,1
2024-03-11 07:36:41.037,BUY,LIMIT,IOC,1,4024.44,4009.4,FILLED,1,1
2024-03-11 07:36:48.055,BUY,LIMIT,IOC,251,4026.54,4010.99,FILLED,150,251
2024-03-11 07:37:08.057,BUY,LIMIT,IOC,448,4029.44,4016.0,FILLED,131,448
2024-03-11 07:39:35.053,BUY,LIMIT,IOC,233,4033.1,4015.26,FILLED,233,233
2024-03-11 07:42:46.040,SELL,LIMIT,IOC,39,3969.44,3986.21,FILLED,39,39
2024-03-11 07:42:59.053,SELL,LIMIT,IOC,22164,3955.87,3976.24,FILLED,961,22164
2024-03-11 07:52:59.073,BUY,LIMIT,IOC,34,4041.6,4023.83,FILLED,34,34
2024-03-11 07:53:06.016,BUY,LIMIT,IOC,9,4043.75,4028.36,FILLED,9,9
2024-03-11 07:55:54.075,SELL,LIMIT,IOC,418,3983.21,4000.79,FILLED,5,418
2024-03-11 08:00:36.033,BUY,LIMIT,IOC,63,4051.44,4036.56,FILLED,63,63
2024-03-11 08:04:05.045,SELL,LIMIT,IOC,162,3992.09,4011.77,FILLED,120,162
2024-03-11 08:09:12.046,SELL,LIMIT,IOC,50,3980.88,4000.79,FILLED,50,50
2024-03-11 09:05:31.043,SELL,LIMIT,IOC,17,3983.56,4003.12,FILLED,17,17
2024-03-11 09:16:30.040,SELL,LIMIT,IOC,2,3977.28,3997.08,FILLED,2,2
2024-03-11 09:35:00.081,BUY,LIMIT,IOC,2004,4044.1,4026.21,FILLED,25,2004
2024-03-11 09:56:00.085,BUY,LIMIT,IOC,49,4055.13,4037.43,FILLED,49,49
2024-03-11 09:56:09.018,BUY,LIMIT,IOC,43,4060.7,4045.63,FILLED,43,43
2024-03-11 09:57:04.086,BUY,LIMIT,IOC,22743,4067.42,4048.55,FILLED,717,22743
2024-03-11 09:57:06.051,BUY,LIMIT,IOC,3,4064.0,4051.92,FILLED,3,3
2024-03-11 09:57:09.076,BUY,LIMIT,IOC,539,4067.64,4056.11,FILLED,147,539
2024-03-11 09:57:32.053,BUY,LIMIT,IOC,50,4069.39,4060.25,FILLED,48,50
2024-03-11 09:57:37.066,BUY,LIMIT,IOC,118,4073.75,4059.61,FILLED,118,118
2024-03-11 11:41:42.083,BUY,LIMIT,IOC,47,4077.24,4056.61,FILLED,47,47
2024-03-11 11:44:52.019,BUY,LIMIT,IOC,64,4078.16,4058.61,FILLED,64,64
2024-03-11 11:44:53.072,BUY,LIMIT,IOC,1,4078.8,4059.16,FILLED,1,1
2024-03-11 11:45:09.056,BUY,LIMIT,IOC,29,4080.86,4063.5,FILLED,29,29
2024-03-11 11:55:42.086,SELL,LIMIT,IOC,1185,4012.51,4029.89,FILLED,1185,1185
2024-03-11 12:39:37.040,BUY,LIMIT,IOC,399,4089.47,4070.12,FILLED,399,399
2024-03-11 12:40:05.068,BUY,LIMIT,IOC,3,4091.97,4074.78,FILLED,3,3
2024-03-11 12:49:54.065,SELL,LIMIT,IOC,98,4029.87,4049.36,FILLED,98,98
2024-03-11 13:12:41.092,SELL,LIMIT,IOC,50,4028.83,4049.39,FILLED,50,50
2024-03-11 13:40:34.045,SELL,LIMIT,IOC,1,4028.13,4048.09,FILLED,1,1
2024-03-11 13:48:29.070,SELL,LIMIT,IOC,25,4017.53,4037.45,FILLED,25,25
2024-03-11 13:51:32.020,SELL,LIMIT,IOC,4064,4014.1,4031.11,FILLED,533,4064
2024-03-11 13:51:45.020,SELL,LIMIT,IOC,2388,4007.38,4024.79,FILLED,1983,2388
2024-03-11 13:52:21.096,SELL,LIMIT,IOC,110,4004.73,4021.93,FILLED,110,110
2024-03-11 13:52:22.099,SELL,LIMIT,IOC,6053,4004.22,4020.87,FILLED,2027,6053
2024-03-11 13:52:37.075,SELL,LIMIT,IOC,8,4000.94,4020.03,FILLED,8,8
2024-03-11 15:18:10.071,SELL,LIMIT,IOC,4,4016.05,4034.97,FILLED,4,4
2024-03-11 15:56:00.042,SELL,LIMIT,IOC,1200,4011.32,4030.66,FILLED,286,1200
2024-03-11 15:56:54.098,SELL,LIMIT,IOC,6071,4008.74,4027.58,FILLED,1694,6071
2024-03-11 16:00:00.683,SELL,LIMIT,IOC,8,4002.81,4023.29,FILLED,8,8
2024-03-11 16:02:52.074,SELL,LIMIT,IOC,403,3999.88,4019.4,FILLED,403,403
2024-03-11 16:02:58.080,SELL,LIMIT,IOC,19,3999.84,4018.4,FILLED,19,19
2024-03-11 16:03:18.082,SELL,LIMIT,IOC,696,3993.83,4011.05,FILLED,696,696
2024-03-11 16:03:25.055,SELL,LIMIT,IOC,483,3990.63,4010.43,FILLED,26,483
2024-03-11 16:04:00.082,SELL,LIMIT,IOC,562,3986.87,4005.8,FILLED,55,562
2024-03-11 18:19:41.032,BUY,LIMIT,IOC,136,4084.02,4067.71,FILLED,136,136
2024-03-11 18:19:46.058,BUY,LIMIT,IOC,4,4087.07,4070.82,FILLED,4,4
2024-03-11 18:19:47.063,BUY,LIMIT,IOC,526,4088.55,4072.78,FILLED,335,526
2024-03-11 18:19:58.025,BUY,LIMIT,IOC,4652,4091.9,4079.41,FILLED,3290,4652
2024-03-11 18:19:59.077,BUY,LIMIT,IOC,1,4093.5,4076.84,FILLED,1,1
2024-03-11 18:20:34.056,BUY,LIMIT,IOC,6,4097.83,4083.11,FILLED,6,6
2024-03-11 18:20:36.046,BUY,LIMIT,IOC,7,4098.26,4083.52,FILLED,7,7
2024-03-11 18:21:31.090,BUY,LIMIT,IOC,10,4100.66,4085.06,FILLED,10,10
2024-03-11 18:21:35.088,BUY,LIMIT,IOC,2669,4101.66,4087.47,FILLED,669,2669
2024-03-11 18:21:40.033,BUY,LIMIT,IOC,7321,4107.81,4093.42,FILLED,850,7321
2024-03-11 18:21:51.050,BUY,LIMIT,IOC,7,4109.97,4099.41,FILLED,7,7
2024-03-11 18:21:57.034,BUY,LIMIT,IOC,660,4113.5,4103.06,FILLED,89,660
2024-03-11 19:35:30.063,SELL,LIMIT,IOC,60,4036.27,4056.0,FILLED,17,60
2024-03-11 19:37:33.087,SELL,LIMIT,IOC,467,4025.55,4045.25,FILLED,103,467
2024-03-11 19:37:49.033,SELL,LIMIT,IOC,1,4023.4,4043.31,FILLED,1,1
2024-03-11 19:58:24.054,SELL,LIMIT,IOC,48,4019.13,4039.19,FILLED,48,48
2024-03-11 23:15:49.054,BUY,LIMIT,IOC,94,4106.81,4090.09,FILLED,94,94
2024-03-11 23:15:50.077,BUY,LIMIT,IOC,4113,4108.03,4088.05,FILLED,291,4113
2024-03-12 00:18:18.044,BUY,LIMIT,IOC,75,4119.25,4100.0,FILLED,75,75
2024-03-12 00:18:22.036,BUY,LIMIT,IOC,2,4119.4,4100.0,FILLED,2,2
2024-03-12 00:18:36.079,BUY,LIMIT,IOC,40,4120.47,4100.0,FILLED,40,40
2024-03-12 00:58:39.083,SELL,LIMIT,IOC,70,4050.87,4071.16,FILLED,69,70
2024-03-12 00:58:57.026,SELL,LIMIT,IOC,4,4046.4,4065.23,FILLED,4,4
2024-03-12 00:59:07.053,SELL,LIMIT,IOC,2570,4043.35,4062.67,FILLED,892,2570
2024-03-12 02:35:49.059,SELL,LIMIT,IOC,138,4033.79,4053.8,FILLED,137,138
2024-03-12 03:22:52.112,SELL,LIMIT,IOC,8,4023.9,4042.98,FILLED,8,8
2024-03-12 03:23:29.078,SELL,LIMIT,IOC,1025,4022.04,4040.24,FILLED,911,1025
2024-03-12 03:23:45.046,SELL,LIMIT,IOC,41,4020.94,4040.2,FILLED,41,41
2024-03-12 03:23:46.059,SELL,LIMIT,IOC,23,4020.49,4040.01,FILLED,23,23
2024-03-12 03:23:50.053,SELL,LIMIT,IOC,2,4020.36,4040.01,FILLED,2,2
2024-03-12 03:55:22.051,SELL,LIMIT,IOC,1,4010.71,4027.61,FILLED,1,1
2024-03-12 03:55:25.058,SELL,LIMIT,IOC,55,4008.2,4025.02,FILLED,55,55
2024-03-12 05:50:37.236,BUY,LIMIT,IOC,80760,4073.57,4041.24,FILLED,5472,80760
2024-03-12 06:10:04.043,SELL,LIMIT,IOC,1839,4003.81,4022.77,FILLED,20,1839
2024-03-12 06:26:50.092,SELL,LIMIT,IOC,600,3992.99,4010.38,FILLED,238,600
2024-03-12 06:29:48.032,SELL,LIMIT,IOC,46,3989.79,4009.05,FILLED,46,46
2024-03-12 06:29:58.045,SELL,LIMIT,IOC,24,3988.94,4005.84,FILLED,24,24
2024-03-12 06:30:01.086,SELL,LIMIT,IOC,13,3988.19,4006.61,FILLED,13,13
2024-03-12 06:30:17.045,SELL,LIMIT,IOC,8131,3984.65,4002.99,FILLED,498,8131
2024-03-12 06:30:20.032,SELL,LIMIT,IOC,9,3983.41,4002.0,FILLED,9,9
2024-03-12 08:13:19.079,SELL,LIMIT,IOC,1100,3980.5,3998.81,FILLED,250,1100
2024-03-12 08:13:21.086,SELL,LIMIT,IOC,4782,3977.9,3996.05,FILLED,2469,4782
2024-03-12 08:13:25.085,SELL,LIMIT,IOC,571,3974.22,3994.03,FILLED,39,571
2024-03-12 08:14:53.091,SELL,LIMIT,IOC,18,3979.2,3990.33,FILLED,18,18
2024-03-12 08:14:57.070,SELL,LIMIT,IOC,21,3967.79,3987.35,FILLED,21,21
2024-03-12 08:23:41.064,SELL,LIMIT,IOC,26,3962.64,3980.02,FILLED,26,26
2024-03-12 08:23:43.059,SELL,LIMIT,IOC,5,3960.98,3977.8,FILLED,5,5
2024-03-12 08:23:45.080,SELL,LIMIT,IOC,21,3957.62,3976.35,FILLED,21,21
2024-03-12 08:28:40.018,SELL,LIMIT,IOC,106,3954.41,3972.42,FILLED,106,106
2024-03-12 08:28:43.070,SELL,LIMIT,IOC,1689,3953.71,3971.41,FILLED,300,1689
2024-03-12 11:10:39.094,BUY,LIMIT,IOC,29,4051.76,4032.13,FILLED,29,29
2024-03-12 11:22:18.100,BUY,LIMIT,IOC,100,4065.3,4051.24,FILLED,100,100
2024-03-12 11:24:09.079,BUY,LIMIT,IOC,3,4076.48,4063.1,FILLED,3,3
2024-03-12 11:46:49.102,SELL,LIMIT,IOC,3,4010.01,4030.0,FILLED,3,3
2024-03-12 12:06:39.069,SELL,LIMIT,IOC,40,4003.43,4021.86,FILLED,14,40
2024-03-12 12:06:52.020,SELL,LIMIT,IOC,2,3999.12,4018.8,FILLED,2,2
2024-03-12 12:10:38.021,SELL,LIMIT,IOC,40,3990.16,4008.54,FILLED,40,40
2024-03-12 12:24:38.055,SELL,LIMIT,IOC,10,3974.82,3994.19,FILLED,10,10
2024-03-12 12:24:40.054,SELL,LIMIT,IOC,400,3973.06,3991.07,FILLED,400,400
2024-03-12 12:30:15.090,SELL,LIMIT,IOC,1770,3966.84,3985.98,FILLED,249,1770
2024-03-12 12:30:56.032,BUY,LIMIT,IOC,2,4036.76,4019.4,FILLED,2,2
2024-03-12 13:45:52.058,SELL,LIMIT,IOC,40,3986.65,4006.4,FILLED,40,40
2024-03-12 14:07:00.106,BUY,LIMIT,IOC,1,4071.38,4054.11,FILLED,1,1
2024-03-12 14:09:10.049,SELL,LIMIT,IOC,213,4009.82,4026.21,FILLED,213,213
2024-03-12 14:09:18.065,SELL,LIMIT,IOC,30,4001.62,4019.62,FILLED,30,30
2024-03-12 14:13:20.043,SELL,LIMIT,IOC,1,3986.8,4006.77,FILLED,1,1
2024-03-12 14:13:30.124,SELL,LIMIT,IOC,172,3980.86,4000.21,FILLED,172,172
2024-03-12 14:47:15.047,SELL,LIMIT,IOC,1,3977.43,3996.8,FILLED,1,1
2024-03-12 14:50:29.053,SELL,LIMIT,IOC,1791,3975.74,3995.56,FILLED,326,1791
2024-03-12 14:59:09.129,SELL,LIMIT,IOC,1,3968.88,3988.68,FILLED,1,1
2024-03-12 14:59:37.067,SELL,LIMIT,IOC,5,3968.09,3986.97,FILLED,5,5
2024-03-12 14:59:49.036,SELL,LIMIT,IOC,206,3965.71,3985.0,FILLED,20,206
2024-03-12 15:00:33.111,SELL,LIMIT,IOC,78,3957.99,3976.11,FILLED,77,78
2024-03-12 15:00:37.027,SELL,LIMIT,IOC,1,3953.96,3972.03,FILLED,1,1
2024-03-12 15:00:39.032,SELL,LIMIT,IOC,34125,3946.18,3963.48,FILLED,849,34125
2024-03-12 15:00:40.056,SELL,LIMIT,IOC,6039,3948.85,3962.39,FILLED,307,6039
2024-03-12 15:00:41.064,SELL,LIMIT,IOC,53,3943.26,3958.16,FILLED,53,53
2024-03-12 15:00:43.039,SELL,LIMIT,IOC,167,3936.64,3953.64,FILLED,105,167
2024-03-12 15:03:30.041,BUY,LIMIT,IOC,55,4009.1,3991.42,FILLED,26,55
2024-03-12 15:09:57.086,BUY,LIMIT,IOC,112,4018.37,4001.03,FILLED,112,112
2024-03-12 16:11:57.052,SELL,LIMIT,IOC,15,3951.12,3969.38,FILLED,15,15
2024-03-12 16:16:11.096,SELL,LIMIT,IOC,8,3945.27,3964.79,FILLED,8,8
2024-03-12 16:20:27.027,SELL,LIMIT,IOC,58,3934.6,3949.64,FILLED,58,58
2024-03-12 16:20:28.043,SELL,LIMIT,IOC,39,3932.86,3949.27,FILLED,39,39
2024-03-12 16:20:31.099,SELL,LIMIT,IOC,11914,3925.31,3948.97,FILLED,941,11914
2024-03-12 16:20:42.018,SELL,LIMIT,IOC,2708,3927.49,3946.75,FILLED,281,2708
2024-03-12 16:20:43.031,SELL,LIMIT,IOC,552,3927.13,3946.0,FILLED,112,552
2024-03-12 16:20:45.064,SELL,LIMIT,IOC,121,3924.67,3944.99,FILLED,121,121
2024-03-12 16:22:06.035,SELL,LIMIT,IOC,830,3921.63,3939.0,FILLED,830,830
2024-03-12 16:25:07.082,SELL,LIMIT,IOC,555,3916.92,3936.28,FILLED,555,555
2024-03-12 16:25:12.036,SELL,LIMIT,IOC,66,3912.41,3930.03,FILLED,66,66
2024-03-12 16:25:13.066,SELL,LIMIT,IOC,3301,3910.61,3928.01,FILLED,437,3301
2024-03-12 16:25:15.070,SELL,LIMIT,IOC,8023,3905.99,3921.96,FILLED,1923,8023
2024-03-12 16:25:16.048,SELL,LIMIT,IOC,65,3902.56,3920.81,FILLED,65,65
2024-03-12 16:26:06.030,SELL,LIMIT,IOC,2095,3895.17,3911.3,FILLED,2,2095
2024-03-12 16:26:07.121,SELL,LIMIT,IOC,355,3892.21,3909.39,FILLED,355,355
2024-03-12 16:26:09.080,SELL,LIMIT,IOC,606,3889.16,3908.51,FILLED,606,606
2024-03-12 16:26:11.091,SELL,LIMIT,IOC,4,3887.63,3906.0,FILLED,4,4
2024-03-12 16:27:04.035,BUY,LIMIT,IOC,27,3947.79,3927.94,FILLED,27,27
2024-03-12 16:30:52.025,SELL,LIMIT,IOC,2,3895.11,3913.34,FILLED,2,2
2024-03-12 17:02:45.075,SELL,LIMIT,IOC,104,3893.94,3912.0,FILLED,98,104
2024-03-12 17:02:46.098,SELL,LIMIT,IOC,12,3892.88,3911.84,FILLED,12,12
2024-03-12 17:02:59.105,SELL,LIMIT,IOC,1,3891.3,3909.86,FILLED,1,1
2024-03-12 17:05:50.062,SELL,LIMIT,IOC,1387,3886.85,3903.86,FILLED,350,1387
2024-03-12 17:05:52.048,SELL,LIMIT,IOC,1357,3883.68,3901.24,FILLED,573,1357
2024-03-12 17:06:12.071,SELL,LIMIT,IOC,160,3878.69,3895.67,FILLED,9,160
2024-03-12 17:06:13.085,SELL,LIMIT,IOC,34,3877.05,3895.74,FILLED,34,34
2024-03-12 17:06:15.050,SELL,LIMIT,IOC,107,3875.89,3889.33,FILLED,37,107
2024-03-12 17:06:28.065,SELL,LIMIT,IOC,62,3868.56,3885.04,FILLED,62,62
2024-03-12 17:06:29.081,SELL,LIMIT,IOC,139,3867.09,3885.6,FILLED,139,139
2024-03-12 17:06:31.093,SELL,LIMIT,IOC,80000,3852.55,3880.32,FILLED,56455,80000
2024-03-12 17:06:33.048,SELL,LIMIT,IOC,15,3860.96,3880.0,FILLED,15,15
2024-03-12 17:06:34.079,SELL,LIMIT,IOC,20,3860.83,3882.6,FILLED,20,20
2024-03-12 17:09:51.104,SELL,LIMIT,IOC,3,3863.68,3880.14,FILLED,3,3
2024-03-12 17:17:52.019,SELL,LIMIT,IOC,30,3868.24,3886.38,FILLED,30,30
2024-03-12 17:18:04.030,SELL,LIMIT,IOC,107,3859.8,3878.37,FILLED,107,107
2024-03-12 17:18:06.067,SELL,LIMIT,IOC,169,3858.18,3876.0,FILLED,169,169
2024-03-12 17:18:07.070,SELL,LIMIT,IOC,531,3857.82,3875.08,FILLED,531,531
2024-03-12 17:18:08.105,SELL,LIMIT,IOC,10137,3853.72,3873.75,FILLED,4795,10137
2024-03-12 17:18:10.098,SELL,LIMIT,IOC,7,3855.42,3879.35,FILLED,7,7
2024-03-12 17:20:33.049,SELL,LIMIT,IOC,59,3854.42,3868.51,FILLED,59,59
2024-03-12 17:20:34.030,SELL,LIMIT,IOC,20,3850.51,3866.17,FILLED,20,20
2024-03-12 17:20:35.090,SELL,LIMIT,IOC,7031,3847.84,3866.12,FILLED,1268,7031
2024-03-12 17:20:49.040,SELL,LIMIT,IOC,42,3846.65,3863.43,FILLED,42,42
2024-03-12 17:20:50.047,SELL,LIMIT,IOC,2540,3844.9,3860.02,FILLED,2540,2540
2024-03-12 17:20:52.060,SELL,LIMIT,IOC,11,3842.83,3860.1,FILLED,11,11
2024-03-12 17:20:53.083,SELL,LIMIT,IOC,8,3841.52,3860.55,FILLED,8,8
2024-03-12 17:20:59.048,SELL,LIMIT,IOC,5,3841.84,3860.76,FILLED,5,5
2024-03-12 17:21:21.083,SELL,LIMIT,IOC,5833,3838.64,3856.55,FILLED,455,5833
2024-03-12 17:22:20.064,SELL,LIMIT,IOC,441,3835.48,3853.41,FILLED,441,441
2024-03-12 17:22:28.033,SELL,LIMIT,IOC,16000,3829.29,3851.0,FILLED,1206,16000
2024-03-12 17:22:30.110,SELL,LIMIT,IOC,112,3831.6,3850.26,FILLED,9,112
2024-03-12 17:22:37.095,SELL,LIMIT,IOC,6,3830.23,3849.32,FILLED,6,6
2024-03-12 17:22:39.053,SELL,LIMIT,IOC,57431,3819.38,3846.44,FILLED,9051,57431
2024-03-12 17:22:40.057,SELL,LIMIT,IOC,9009,3825.8,3846.85,FILLED,91,9009
2024-03-12 17:22:45.046,SELL,LIMIT,IOC,1243,3821.43,3842.56,FILLED,105,1243
2024-03-12 17:22:48.035,SELL,LIMIT,IOC,1408,3821.25,3838.82,FILLED,78,1408
2024-03-12 17:22:50.064,SELL,LIMIT,IOC,33,3818.1,3836.81,FILLED,33,33
2024-03-12 17:22:51.072,SELL,LIMIT,IOC,16003,3813.32,3835.86,FILLED,1444,16003
2024-03-12 17:23:47.054,BUY,LIMIT,IOC,72,3893.39,3888.48,FILLED,72,72
2024-03-12 17:33:48.063,BUY,LIMIT,IOC,84,3918.51,3902.12,FILLED,84,84
2024-03-12 17:38:33.081,BUY,LIMIT,IOC,70,3953.76,3935.61,FILLED,70,70
2024-03-12 17:39:36.026,BUY,LIMIT,IOC,500,3958.03,3939.2,FILLED,20,500
2024-03-12 18:31:38.064,BUY,LIMIT,IOC,162,3987.64,3967.81,FILLED,54,162
2024-03-12 18:31:49.123,BUY,LIMIT,IOC,1272,3989.01,3969.39,FILLED,104,1272
2024-03-12 19:14:35.121,BUY,LIMIT,IOC,1036,4002.35,3983.34,FILLED,279,1036
2024-03-12 20:27:43.087,SELL,LIMIT,IOC,6,3946.91,3966.27,FILLED,6,6
2024-03-12 20:28:14.055,SELL,LIMIT,IOC,1,3942.1,3954.83,FILLED,1,1
2024-03-12 20:33:38.035,SELL,LIMIT,IOC,2540,3923.8,3943.24,FILLED,1678,2540
2024-03-12 20:33:42.074,SELL,LIMIT,IOC,44,3923.43,3942.36,FILLED,44,44
2024-03-12 20:33:45.112,SELL,LIMIT,IOC,67,3919.58,3938.02,FILLED,66,67
2024-03-12 23:34:30.053,BUY,LIMIT,IOC,2,3999.19,3979.93,FILLED,2,2
2024-03-13 01:30:15.048,BUY,LIMIT,IOC,5,4031.93,4015.15,FILLED,5,5
2024-03-13 01:40:45.108,BUY,LIMIT,IOC,85,4053.25,4036.0,FILLED,85,85
2024-03-13 01:40:47.083,BUY,LIMIT,IOC,81,4055.32,4036.67,FILLED,81,81
2024-03-13 03:08:20.043,BUY,LIMIT,IOC,199,4064.26,4045.91,FILLED,55,199
2024-03-13 03:20:45.035,BUY,LIMIT,IOC,556,4066.29,4047.21,FILLED,145,556
2024-03-13 06:31:29.064,BUY,LIMIT,IOC,199,4072.88,4053.66,FILLED,47,199
2024-03-13 07:10:02.074,BUY,LIMIT,IOC,23,4084.64,4066.2,FILLED,23,23
2024-03-13 07:12:41.041,BUY,LIMIT,IOC,2739,4089.09,4070.79,FILLED,462,2739
2024-03-13 07:16:19.033,BUY,LIMIT,IOC,665,4096.17,4077.7,FILLED,665,665
2024-03-13 07:16:37.090,BUY,LIMIT,IOC,575,4098.34,4081.17,FILLED,52,575
2024-03-13 07:16:42.096,BUY,LIMIT,IOC,35,4099.07,4084.73,FILLED,35,35
2024-03-13 07:18:44.023,BUY,LIMIT,IOC,28,4102.77,4084.06,FILLED,28,28
2024-03-13 07:42:29.103,SELL,LIMIT,IOC,606,4026.17,4046.4,FILLED,272,606
2024-03-13 08:29:31.058,BUY,LIMIT,IOC,5,4110.55,4091.77,FILLED,5,5
2024-03-13 12:25:40.013,SELL,LIMIT,IOC,5621,4029.48,4046.47,FILLED,2639,5621
2024-03-13 12:27:18.080,SELL,LIMIT,IOC,14,4024.27,4043.28,FILLED,14,14
2024-03-13 12:27:45.087,SELL,LIMIT,IOC,1732,4022.55,4042.42,FILLED,1732,1732
2024-03-13 12:29:04.044,SELL,LIMIT,IOC,2,4020.45,4039.35,FILLED,2,2
2024-03-13 12:29:39.101,SELL,LIMIT,IOC,113,4015.36,4035.77,FILLED,113,113
2024-03-13 12:34:31.087,SELL,LIMIT,IOC,7,4014.42,4032.22,FILLED,7,7
2024-03-13 12:34:38.043,SELL,LIMIT,IOC,200,4010.11,4027.28,FILLED,119,200
2024-03-13 12:35:05.072,SELL,LIMIT,IOC,893,4006.97,4018.56,FILLED,893,893
2024-03-13 12:35:50.017,SELL,LIMIT,IOC,33,3996.67,4015.18,FILLED,33,33
2024-03-13 12:35:51.025,SELL,LIMIT,IOC,304,3995.12,4015.73,FILLED,213,304
2024-03-13 12:40:49.041,SELL,LIMIT,IOC,60,3991.36,4012.07,FILLED,60,60
2024-03-13 12:40:52.025,SELL,LIMIT,IOC,9,3991.05,4010.99,FILLED,9,9
2024-03-13 13:01:13.046,SELL,LIMIT,IOC,1,3983.88,4000.77,FILLED,1,1
2024-03-13 13:01:20.058,SELL,LIMIT,IOC,1417,3980.02,3992.73,FILLED,161,1417
2024-03-13 13:01:26.077,SELL,LIMIT,IOC,135,3977.44,3990.35,FILLED,111,135
2024-03-13 13:31:42.074,SELL,LIMIT,IOC,2113,3969.1,3987.59,FILLED,1669,2113
2024-03-13 13:32:09.029,SELL,LIMIT,IOC,31,3964.76,3982.32,FILLED,31,31
2024-03-13 13:37:43.032,SELL,LIMIT,IOC,54,3961.34,3980.0,FILLED,54,54
2024-03-13 13:37:44.052,SELL,LIMIT,IOC,1,3960.5,3977.19,FILLED,1,1
2024-03-13 13:37:59.046,SELL,LIMIT,IOC,16,3955.01,3973.0,FILLED,16,16
2024-03-13 13:47:12.044,SELL,LIMIT,IOC,237,3947.27,3965.92,FILLED,92,237
2024-03-13 13:49:12.053,SELL,LIMIT,IOC,25,3944.7,3962.67,FILLED,25,25
2024-03-13 13:49:15.081,SELL,LIMIT,IOC,447,3944.1,3961.98,FILLED,45,447
2024-03-13 13:49:32.074,SELL,LIMIT,IOC,69,3940.21,3959.19,FILLED,28,69
2024-03-13 13:52:02.106,SELL,LIMIT,IOC,10,3938.71,3958.0,FILLED,10,10
2024-03-13 13:52:04.052,SELL,LIMIT,IOC,954,3938.5,3958.0,FILLED,698,954
2024-03-13 13:52:06.082,SELL,LIMIT,IOC,2,3938.0,3955.04,FILLED,2,2
2024-03-13 13:52:18.081,SELL,LIMIT,IOC,1698,3935.4,3954.15,FILLED,22,1698
2024-03-13 13:52:23.028,SELL,LIMIT,IOC,8207,3931.88,3951.73,FILLED,197,8207
2024-03-13 13:55:07.057,SELL,LIMIT,IOC,1,3931.78,3950.6,FILLED,1,1
2024-03-13 13:55:12.027,SELL,LIMIT,IOC,818,3931.25,3950.0,FILLED,818,818
2024-03-13 13:55:14.065,SELL,LIMIT,IOC,18,3929.8,3948.94,FILLED,16,18
2024-03-13 13:57:11.064,SELL,LIMIT,IOC,19,3927.96,3946.25,FILLED,19,19
2024-03-13 13:57:18.082,SELL,LIMIT,IOC,277,3925.17,3942.78,FILLED,127,277
2024-03-13 13:57:42.110,SELL,LIMIT,IOC,8,3917.31,3936.59,FILLED,8,8
2024-03-13 13:57:44.038,SELL,LIMIT,IOC,2,3916.96,3936.3,FILLED,2,2
2024-03-13 13:59:15.063,BUY,LIMIT,IOC,51,3986.15,3969.37,FILLED,45,51
2024-03-13 14:01:08.067,BUY,LIMIT,IOC,1,4007.43,3987.99,FILLED,1,1
2024-03-13 14:31:20.057,SELL,LIMIT,IOC,62,3956.97,3974.93,FILLED,56,62
2024-03-13 14:31:23.034,SELL,LIMIT,IOC,30,3954.04,3971.56,FILLED,30,30
2024-03-13 14:31:26.065,SELL,LIMIT,IOC,1,3951.9,3968.18,FILLED,1,1
2024-03-13 14:31:27.089,SELL,LIMIT,IOC,5849,3950.61,3967.62,FILLED,3350,5849
2024-03-13 14:31:29.057,SELL,LIMIT,IOC,57,3950.08,3965.0,FILLED,57,57
2024-03-13 14:31:31.047,SELL,LIMIT,IOC,18817,3941.35,3963.56,FILLED,723,18817
2024-03-13 15:09:17.115,SELL,LIMIT,IOC,82,3935.8,3955.0,FILLED,6,82
2024-03-13 15:16:07.104,BUY,LIMIT,IOC,19,4013.48,3995.03,FILLED,14,19
2024-03-13 15:16:11.052,BUY,LIMIT,IOC,5,4015.1,3996.4,FILLED,5,5
2024-03-13 15:25:56.031,SELL,LIMIT,IOC,32,3955.19,3973.46,FILLED,32,32
2024-03-13 15:45:14.096,SELL,LIMIT,IOC,25,3949.38,3968.8,FILLED,25,25
2024-03-13 16:22:03.076,BUY,LIMIT,IOC,1685,4006.3,3986.0,FILLED,1685,1685
2024-03-13 18:28:45.092,BUY,LIMIT,IOC,559,4019.14,3999.92,FILLED,32,559
2024-03-13 18:36:07.083,BUY,LIMIT,IOC,51,4027.34,4009.78,FILLED,51,51
2024-03-13 18:38:08.046,BUY,LIMIT,IOC,24,4035.29,4016.1,FILLED,24,24
2024-03-13 20:03:24.040,SELL,LIMIT,IOC,707,3972.24,3992.04,FILLED,4,707
2024-03-13 20:14:29.077,BUY,LIMIT,IOC,2400,4040.43,4022.92,FILLED,2157,2400
2024-03-13 20:14:44.033,BUY,LIMIT,IOC,17,4041.73,4023.05,FILLED,13,17
2024-03-14 00:57:37.112,SELL,LIMIT,IOC,2,3961.57,3980.12,FILLED,2,2
2024-03-14 01:00:08.087,SELL,LIMIT,IOC,1150,3957.27,3975.4,FILLED,1150,1150
2024-03-14 01:00:10.035,SELL,LIMIT,IOC,3,3954.65,3974.06,FILLED,3,3
2024-03-14 01:00:19.086,SELL,LIMIT,IOC,123,3951.84,3971.0,FILLED,116,123
2024-03-14 01:01:19.063,SELL,LIMIT,IOC,38,3943.26,3960.61,FILLED,14,38
2024-03-14 02:52:16.049,SELL,LIMIT,IOC,2,3967.6,3986.98,FILLED,2,2
2024-03-14 04:31:19.096,SELL,LIMIT,IOC,211,3964.62,3983.7,FILLED,80,211
2024-03-14 04:36:03.090,SELL,LIMIT,IOC,118,3956.69,3976.02,FILLED,48,118
2024-03-14 04:41:32.118,SELL,LIMIT,IOC,34,3952.66,3972.45,FILLED,34,34
2024-03-14 04:49:41.062,SELL,LIMIT,IOC,19,3946.84,3966.29,FILLED,19,19
2024-03-14 04:52:32.091,SELL,LIMIT,IOC,650,3938.51,3955.1,FILLED,512,650
2024-03-14 04:52:35.074,SELL,LIMIT,IOC,5962,3931.03,3950.74,FILLED,147,5962
2024-03-14 04:52:37.074,SELL,LIMIT,IOC,165,3930.4,3950.01,FILLED,165,165
2024-03-14 04:52:58.085,SELL,LIMIT,IOC,753,3928.69,3946.48,FILLED,159,753
2024-03-14 06:08:36.099,BUY,LIMIT,IOC,65,4002.32,3983.98,FILLED,65,65
2024-03-14 09:32:22.118,BUY,LIMIT,IOC,130,4023.35,4004.56,FILLED,130,130
2024-03-14 10:15:36.048,SELL,LIMIT,IOC,8,3957.47,3976.29,FILLED,8,8
2024-03-14 11:05:34.068,SELL,LIMIT,IOC,30,3946.61,3965.43,FILLED,24,30
2024-03-14 11:07:23.028,SELL,LIMIT,IOC,13,3940.7,3960.3,FILLED,6,13
2024-03-14 11:08:01.061,SELL,LIMIT,IOC,311,3939.2,3958.46,FILLED,311,311
2024-03-14 11:12:42.096,SELL,LIMIT,IOC,11,3935.91,3955.08,FILLED,11,11
2024-03-14 12:08:22.099,BUY,LIMIT,IOC,95,3989.31,3971.42,FILLED,70,95
2024-03-14 12:23:20.055,SELL,LIMIT,IOC,107,3924.5,3941.61,FILLED,107,107
2024-03-14 12:23:25.035,SELL,LIMIT,IOC,2278,3917.68,3930.14,FILLED,35,2278
2024-03-14 12:23:26.029,SELL,LIMIT,IOC,5955,3931.52,3931.52,FILLED,5955,5955
2024-03-14 12:23:27.090,SELL,LIMIT,IOC,127,3904.58,3923.21,FILLED,127,127
2024-03-14 13:12:49.076,SELL,LIMIT,IOC,7,3911.68,3930.91,FILLED,5,7
2024-03-14 13:22:29.020,SELL,LIMIT,IOC,5226,3907.39,3926.04,FILLED,202,5226
2024-03-14 13:22:35.044,SELL,LIMIT,IOC,177,3903.86,3922.99,FILLED,177,177
2024-03-14 13:32:58.019,SELL,LIMIT,IOC,1347,3902.23,3920.69,FILLED,1347,1347
2024-03-14 13:33:01.046,SELL,LIMIT,IOC,42,3901.42,3918.84,FILLED,41,42
2024-03-14 13:33:07.059,SELL,LIMIT,IOC,84,3897.75,3915.6,FILLED,83,84
2024-03-14 13:33:10.048,SELL,LIMIT,IOC,1,3895.01,3913.0,FILLED,1,1
2024-03-14 13:33:53.057,SELL,LIMIT,IOC,28,3890.15,3909.36,FILLED,28,28
2024-03-14 13:34:30.062,SELL,LIMIT,IOC,72,3888.15,3906.17,FILLED,4,72
2024-03-14 13:35:30.044,SELL,LIMIT,IOC,53520,3877.57,3905.4,FILLED,71,53520
2024-03-14 13:35:46.042,SELL,LIMIT,IOC,2354,3883.64,3904.26,FILLED,2354,2354
2024-03-14 13:35:54.033,SELL,LIMIT,IOC,5994,3883.36,3902.52,FILLED,3474,5994
2024-03-14 13:36:07.046,SELL,LIMIT,IOC,8,3881.54,3901.0,FILLED,8,8
2024-03-14 13:36:10.067,SELL,LIMIT,IOC,324,3880.57,3897.04,FILLED,235,324
2024-03-14 13:36:12.064,SELL,LIMIT,IOC,15846,3873.71,3898.07,FILLED,690,15846
2024-03-14 13:36:29.023,SELL,LIMIT,IOC,25,3875.5,3894.92,FILLED,25,25
2024-03-14 13:36:30.042,SELL,LIMIT,IOC,88,3875.19,3894.45,FILLED,88,88
2024-03-14 13:39:27.074,SELL,LIMIT,IOC,4069,3872.43,3890.0,FILLED,1370,4069
2024-03-14 13:40:18.107,SELL,LIMIT,IOC,19,3870.52,3888.34,FILLED,19,19
2024-03-14 13:40:20.057,SELL,LIMIT,IOC,24,3868.78,3887.4,FILLED,24,24
2024-03-14 13:40:22.045,SELL,LIMIT,IOC,20,3867.65,3886.63,FILLED,20,20
2024-03-14 13:40:47.027,SELL,LIMIT,IOC,217,3864.89,3883.05,FILLED,217,217
2024-03-14 13:40:48.036,SELL,LIMIT,IOC,588,3863.04,3883.05,FILLED,569,588
2024-03-14 13:46:06.040,SELL,LIMIT,IOC,2128,3860.34,3881.06,FILLED,298,2128
2024-03-14 13:46:08.045,SELL,LIMIT,IOC,26,3859.55,3879.2,FILLED,26,26
2024-03-14 13:46:12.089,SELL,LIMIT,IOC,11,3858.23,3877.29,FILLED,11,11
2024-03-14 13:47:56.020,SELL,LIMIT,IOC,18411,3852.15,3874.99,FILLED,609,18411
2024-03-14 13:47:57.043,SELL,LIMIT,IOC,4,3855.76,3874.65,FILLED,4,4
2024-03-14 13:48:15.102,SELL,LIMIT,IOC,8,3854.79,3872.51,FILLED,8,8
2024-03-14 13:49:44.071,SELL,LIMIT,IOC,30000,3847.44,3870.74,FILLED,5743,30000
2024-03-14 13:49:48.028,SELL,LIMIT,IOC,3267,3850.55,3869.38,FILLED,182,3267
2024-03-14 13:50:56.048,SELL,LIMIT,IOC,49,3848.7,3867.5,FILLED,26,49
2024-03-14 13:52:06.081,SELL,LIMIT,IOC,174,3846.47,3865.05,FILLED,174,174
2024-03-14 13:52:14.026,SELL,LIMIT,IOC,2846,3842.83,3862.5,FILLED,1855,2846
2024-03-14 13:52:17.039,SELL,LIMIT,IOC,38,3842.74,3861.46,FILLED,38,38
2024-03-14 13:52:23.052,SELL,LIMIT,IOC,2859,3841.37,3860.74,FILLED,76,2859
2024-03-14 13:52:33.041,SELL,LIMIT,IOC,13120,3837.87,3860.19,FILLED,13120,13120
2024-03-14 13:52:34.047,SELL,LIMIT,IOC,6,3840.93,3860.01,FILLED,6,6
2024-03-14 13:52:36.102,SELL,LIMIT,IOC,101,3839.82,3858.02,FILLED,101,101
2024-03-14 13:56:11.065,SELL,LIMIT,IOC,15,3836.16,3855.14,FILLED,14,15
2024-03-14 13:56:13.073,SELL,LIMIT,IOC,15000,3831.51,3853.56,FILLED,780,15000
2024-03-14 13:56:15.079,SELL,LIMIT,IOC,4,3833.68,3852.8,FILLED,4,4
2024-03-14 14:30:53.060,SELL,LIMIT,IOC,91,3885.65,3904.17,FILLED,91,91
2024-03-14 14:34:18.076,SELL,LIMIT,IOC,708,3868.74,3888.4,FILLED,708,708
2024-03-14 15:20:58.083,SELL,LIMIT,IOC,1167,3861.38,3880.2,FILLED,638,1167
2024-03-14 15:25:18.064,SELL,LIMIT,IOC,17,3847.18,3865.14,FILLED,17,17
2024-03-14 15:25:32.065,SELL,LIMIT,IOC,1869,3839.74,3859.19,FILLED,734,1869
2024-03-14 15:25:36.092,SELL,LIMIT,IOC,39,3837.13,3856.88,FILLED,33,39
2024-03-14 15:27:36.072,SELL,LIMIT,IOC,30,3835.76,3853.5,FILLED,30,30
2024-03-14 15:28:08.062,SELL,LIMIT,IOC,77,3833.71,3853.1,FILLED,77,77
2024-03-14 15:28:12.070,SELL,LIMIT,IOC,208,3832.23,3850.0,FILLED,68,208
2024-03-14 15:28:14.083,SELL,LIMIT,IOC,20,3829.73,3847.23,FILLED,20,20
2024-03-14 15:28:16.030,SELL,LIMIT,IOC,67,3826.35,3845.01,FILLED,67,67
2024-03-14 15:28:17.043,SELL,LIMIT,IOC,59,3823.83,3845.01,FILLED,59,59
2024-03-14 15:28:42.050,SELL,LIMIT,IOC,800,3823.41,3842.96,FILLED,155,800
2024-03-14 15:28:51.040,SELL,LIMIT,IOC,1038,3821.65,3840.0,FILLED,517,1038
2024-03-14 15:30:45.045,SELL,LIMIT,IOC,17,3819.84,3837.16,FILLED,17,17
2024-03-14 15:30:47.098,SELL,LIMIT,IOC,56,3818.39,3837.0,FILLED,56,56
2024-03-14 15:31:05.095,SELL,LIMIT,IOC,5848,3814.14,3832.13,FILLED,1522,5848
2024-03-14 15:39:52.027,SELL,LIMIT,IOC,3,3812.64,3828.0,FILLED,3,3
2024-03-14 15:39:54.109,SELL,LIMIT,IOC,20,3809.98,3826.78,FILLED,20,20
2024-03-14 15:39:57.041,SELL,LIMIT,IOC,50,3806.87,3825.07,FILLED,50,50
2024-03-14 15:39:58.033,SELL,LIMIT,IOC,20,3806.3,3823.84,FILLED,11,20
2024-03-14 15:39:59.058,SELL,LIMIT,IOC,1555,3804.7,3822.14,FILLED,313,1555
2024-03-14 15:54:20.029,SELL,LIMIT,IOC,924,3827.82,3846.59,FILLED,924,924
2024-03-14 16:14:35.120,SELL,LIMIT,IOC,228,3817.03,3837.58,FILLED,228,228
2024-03-14 16:16:31.054,BUY,LIMIT,IOC,195,3869.11,3851.63,FILLED,195,195
2024-03-14 16:30:39.094,SELL,LIMIT,IOC,114,3820.15,3838.81,FILLED,101,114
2024-03-14 16:36:12.038,BUY,LIMIT,IOC,24,3894.38,3875.22,FILLED,24,24
2024-03-14 16:36:21.060,BUY,LIMIT,IOC,83,3894.8,3875.01,FILLED,83,83
2024-03-14 16:46:48.054,BUY,LIMIT,IOC,1123,3912.85,3894.0,FILLED,56,1123
2024-03-14 16:46:59.067,BUY,LIMIT,IOC,11,3914.75,3895.33,FILLED,11,11
2024-03-14 17:08:30.119,SELL,LIMIT,IOC,13,3859.23,3878.09,FILLED,13,13
2024-03-14 17:22:44.086,SELL,LIMIT,IOC,1,3856.17,3875.06,FILLED,1,1
2024-03-14 17:48:39.088,SELL,LIMIT,IOC,116,3842.93,3859.6,FILLED,77,116
2024-03-14 18:16:32.081,SELL,LIMIT,IOC,1999,3838.61,3858.09,FILLED,1999,1999
2024-03-14 18:16:46.113,SELL,LIMIT,IOC,155,3837.87,3856.56,FILLED,155,155
2024-03-14 18:18:48.120,SELL,LIMIT,IOC,204,3828.94,3847.17,FILLED,204,204
2024-03-14 18:20:34.038,SELL,LIMIT,IOC,3,3824.29,3843.38,FILLED,3,3
2024-03-14 18:44:03.052,SELL,LIMIT,IOC,61,3814.31,3832.34,FILLED,61,61
2024-03-14 18:44:04.072,SELL,LIMIT,IOC,86,3814.29,3832.93,FILLED,86,86
2024-03-14 18:45:59.080,SELL,LIMIT,IOC,42,3810.34,3828.97,FILLED,42,42
2024-03-14 18:46:31.091,SELL,LIMIT,IOC,53,3808.18,3827.19,FILLED,53,53
2024-03-14 18:46:34.022,SELL,LIMIT,IOC,60,3803.6,3820.01,FILLED,60,60
2024-03-14 18:46:36.090,SELL,LIMIT,IOC,664,3802.09,3820.99,FILLED,39,664
2024-03-14 18:46:40.090,SELL,LIMIT,IOC,96,3801.93,3820.43,FILLED,96,96
2024-03-14 18:46:44.049,SELL,LIMIT,IOC,21,3800.21,3817.4,FILLED,21,21
2024-03-14 18:46:45.059,SELL,LIMIT,IOC,137,3798.09,3815.99,FILLED,137,137
2024-03-14 18:46:46.089,SELL,LIMIT,IOC,14,3795.98,3812.33,FILLED,14,14
2024-03-14 18:46:47.104,SELL,LIMIT,IOC,150,3792.85,3811.0,FILLED,150,150
2024-03-14 18:46:50.050,SELL,LIMIT,IOC,550,3790.88,3811.19,FILLED,249,550
2024-03-14 18:50:30.052,SELL,LIMIT,IOC,9,3784.63,3802.02,FILLED,9,9
2024-03-14 18:50:32.035,SELL,LIMIT,IOC,107,3783.31,3801.23,FILLED,107,107
2024-03-14 18:50:33.066,SELL,LIMIT,IOC,149,3781.97,3800.66,FILLED,5,149
2024-03-14 18:50:37.039,SELL,LIMIT,IOC,302,3779.72,3797.88,FILLED,302,302
2024-03-14 18:50:38.082,SELL,LIMIT,IOC,7,3777.62,3795.87,FILLED,5,7
2024-03-14 18:50:40.041,SELL,LIMIT,IOC,4264,3776.0,3793.01,FILLED,836,4264
2024-03-14 18:50:41.046,SELL,LIMIT,IOC,2363,3774.29,3793.37,FILLED,1063,2363
2024-03-14 18:51:31.037,SELL,LIMIT,IOC,494,3771.79,3787.8,FILLED,494,494
2024-03-14 18:51:32.052,SELL,LIMIT,IOC,78,3769.16,3787.8,FILLED,78,78
2024-03-14 18:51:33.082,SELL,LIMIT,IOC,43,3767.16,3784.39,FILLED,43,43
2024-03-14 18:51:42.080,SELL,LIMIT,IOC,349,3766.45,3784.14,FILLED,91,349
2024-03-14 18:51:44.037,SELL,LIMIT,IOC,95,3764.54,3780.2,FILLED,95,95
2024-03-14 18:51:47.032,SELL,LIMIT,IOC,26,3761.16,3779.01,FILLED,26,26
2024-03-14 18:52:05.056,SELL,LIMIT,IOC,134,3759.26,3778.0,FILLED,134,134
2024-03-14 18:52:10.043,SELL,LIMIT,IOC,545,3758.96,3777.96,FILLED,498,545
2024-03-14 18:52:12.047,SELL,LIMIT,IOC,18,3756.77,3774.93,FILLED,18,18
2024-03-14 18:52:13.104,SELL,LIMIT,IOC,1356,3754.82,3772.35,FILLED,50,1356
2024-03-14 18:52:47.043,SELL,LIMIT,IOC,8458,3751.7,3769.06,FILLED,507,8458
2024-03-14 18:52:48.059,SELL,LIMIT,IOC,6,3750.63,3768.0,FILLED,6,6
2024-03-14 18:52:49.067,SELL,LIMIT,IOC,34,3750.09,3765.35,FILLED,34,34
2024-03-14 18:52:50.105,SELL,LIMIT,IOC,10800,3744.86,3763.73,FILLED,480,10800
2024-03-14 18:52:52.047,SELL,LIMIT,IOC,79,3746.14,3763.49,FILLED,79,79
2024-03-14 18:56:43.061,BUY,LIMIT,IOC,24,3832.21,3813.02,FILLED,24,24
2024-03-14 19:07:34.064,BUY,LIMIT,IOC,1,3842.87,3825.4,FILLED,1,1
2024-03-14 19:21:44.063,SELL,LIMIT,IOC,3830,3773.46,3788.36,FILLED,205,3830
2024-03-14 19:22:45.047,BUY,LIMIT,IOC,1,3825.84,3808.89,FILLED,1,1
2024-03-14 19:31:03.037,SELL,LIMIT,IOC,401,3744.84,3754.31,FILLED,401,401
2024-03-14 19:31:05.049,SELL,LIMIT,IOC,15007,3731.83,3750.23,FILLED,7859,15007
2024-03-14 19:31:06.038,SELL,LIMIT,IOC,1259,3735.17,3753.85,FILLED,59,1259
2024-03-14 19:31:08.035,SELL,LIMIT,IOC,4498,3733.51,3755.27,FILLED,253,4498
2024-03-14 19:31:17.032,SELL,LIMIT,IOC,1,3732.6,3750.0,FILLED,1,1
2024-03-14 19:31:18.054,SELL,LIMIT,IOC,4288,3731.03,3749.28,FILLED,1188,4288
2024-03-14 19:31:20.032,SELL,LIMIT,IOC,60,3727.65,3744.35,FILLED,60,60
2024-03-14 19:31:21.075,SELL,LIMIT,IOC,4,3725.56,3744.6,FILLED,4,4
2024-03-14 19:33:33.087,SELL,LIMIT,IOC,4308,3724.28,3744.06,FILLED,22,4308
2024-03-14 19:35:29.075,SELL,LIMIT,IOC,2439,3723.26,3741.6,FILLED,2439,2439
2024-03-14 19:35:30.099,SELL,LIMIT,IOC,5,3722.36,3739.59,FILLED,5,5
2024-03-14 19:35:32.035,SELL,LIMIT,IOC,3183,3719.79,3735.01,FILLED,3183,3183
2024-03-14 19:35:33.056,SELL,LIMIT,IOC,982,3717.88,3735.0,FILLED,557,982
2024-03-14 19:35:54.037,SELL,LIMIT,IOC,102,3715.97,3732.36,FILLED,102,102
2024-03-14 19:35:55.068,SELL,LIMIT,IOC,294,3715.03,3730.68,FILLED,294,294
2024-03-14 19:35:59.077,SELL,LIMIT,IOC,19,3710.63,3727.0,FILLED,19,19
2024-03-14 19:36:00.119,SELL,LIMIT,IOC,5225,3707.98,3725.04,FILLED,1611,5225
2024-03-14 19:43:45.093,SELL,LIMIT,IOC,96,3713.12,3731.66,FILLED,26,96
2024-03-14 19:44:14.065,BUY,LIMIT,IOC,1,3766.36,3753.25,FILLED,1,1
2024-03-14 19:44:22.048,BUY,LIMIT,IOC,5,3776.06,3759.14,FILLED,5,5
2024-03-14 19:52:29.103,BUY,LIMIT,IOC,584,3816.67,3804.6,FILLED,263,584
2024-03-14 19:58:29.095,SELL,LIMIT,IOC,29,3766.34,3784.93,FILLED,29,29
2024-03-14 20:03:00.095,BUY,LIMIT,IOC,7,3836.1,3817.56,FILLED,7,7
2024-03-14 20:40:02.064,BUY,LIMIT,IOC,1368,3882.26,3864.49,FILLED,130,1368
2024-03-14 20:58:23.093,SELL,LIMIT,IOC,53,3822.76,3841.7,FILLED,53,53
2024-03-14 20:58:24.099,SELL,LIMIT,IOC,3,3821.7,3839.82,FILLED,3,3
2024-03-14 21:07:55.058,SELL,LIMIT,IOC,1,3809.75,3828.6,FILLED,1,1
2024-03-14 21:13:48.043,BUY,LIMIT,IOC,59,3872.73,3854.27,FILLED,59,59
2024-03-14 21:14:57.025,BUY,LIMIT,IOC,683,3883.11,3864.77,FILLED,356,683
2024-03-14 22:06:43.110,BUY,LIMIT,IOC,4,3900.13,3882.96,FILLED,4,4
2024-03-15 00:23:27.062,BUY,LIMIT,IOC,79,3925.02,3907.84,FILLED,79,79
2024-03-15 00:25:58.087,BUY,LIMIT,IOC,1,3932.73,3915.39,FILLED,1,1
2024-03-15 00:29:05.053,BUY,LIMIT,IOC,54,3936.85,3920.87,FILLED,54,54
2024-03-15 01:45:54.025,SELL,LIMIT,IOC,369,3876.53,3895.31,FILLED,52,369
2024-03-15 02:14:30.109,SELL,LIMIT,IOC,14,3853.58,3872.7,FILLED,14,14
2024-03-15 02:15:06.059,SELL,LIMIT,IOC,1,3850.87,3870.0,FILLED,1,1
2024-03-15 02:21:22.032,SELL,LIMIT,IOC,50,3847.42,3866.36,FILLED,45,50
2024-03-15 02:22:36.085,SELL,LIMIT,IOC,79,3844.11,3863.0,FILLED,79,79
2024-03-15 02:22:47.065,SELL,LIMIT,IOC,164,3838.4,3858.98,FILLED,164,164
2024-03-15 02:23:28.039,SELL,LIMIT,IOC,9,3835.04,3854.21,FILLED,9,9
2024-03-15 02:23:41.069,SELL,LIMIT,IOC,1813,3832.98,3851.6,FILLED,791,1813
2024-03-15 02:23:56.071,SELL,LIMIT,IOC,672,3829.35,3848.44,FILLED,672,672
2024-03-15 02:25:37.123,SELL,LIMIT,IOC,210,3821.77,3840.0,FILLED,61,210
2024-03-15 02:25:40.024,SELL,LIMIT,IOC,82,3820.13,3838.02,FILLED,81,82
2024-03-15 02:25:41.112,SELL,LIMIT,IOC,20,3819.38,3837.56,FILLED,20,20
2024-03-15 02:26:18.043,SELL,LIMIT,IOC,4339,3813.92,3832.76,FILLED,3472,4339
2024-03-15 02:28:06.068,SELL,LIMIT,IOC,1981,3810.72,3827.61,FILLED,96,1981
2024-03-15 02:30:23.117,SELL,LIMIT,IOC,97,3805.63,3824.2,FILLED,97,97
2024-03-15 02:30:25.082,SELL,LIMIT,IOC,243,3804.52,3823.0,FILLED,243,243
2024-03-15 02:30:28.062,SELL,LIMIT,IOC,38,3802.29,3820.17,FILLED,38,38
2024-03-15 02:30:33.049,SELL,LIMIT,IOC,38546,3793.62,3815.62,FILLED,561,38546
2024-03-15 02:32:24.076,SELL,LIMIT,IOC,5,3788.9,3804.16,FILLED,5,5
2024-03-15 02:32:25.113,SELL,LIMIT,IOC,5,3786.55,3802.74,FILLED,5,5
2024-03-15 02:32:31.113,SELL,LIMIT,IOC,50,3781.88,3800.0,FILLED,50,50
2024-03-15 02:37:41.096,SELL,LIMIT,IOC,4,3778.6,3795.6,FILLED,4,4
2024-03-15 02:38:01.090,SELL,LIMIT,IOC,237,3773.11,3790.25,FILLED,7,237
2024-03-15 02:39:30.087,SELL,LIMIT,IOC,10673,3768.65,3789.1,FILLED,784,10673
2024-03-15 02:39:33.090,SELL,LIMIT,IOC,20,3769.63,3786.38,FILLED,20,20
2024-03-15 02:39:57.034,SELL,LIMIT,IOC,22,3764.22,3781.6,FILLED,22,22
2024-03-15 02:41:46.082,SELL,LIMIT,IOC,1,3760.81,3778.02,FILLED,1,1
2024-03-15 02:41:48.066,SELL,LIMIT,IOC,7,3759.95,3777.29,FILLED,7,7
2024-03-15 02:41:54.089,SELL,LIMIT,IOC,3875,3758.87,3775.63,FILLED,263,3875
2024-03-15 02:41:56.061,SELL,LIMIT,IOC,152,3756.59,3771.6,FILLED,152,152
2024-03-15 02:42:04.090,SELL,LIMIT,IOC,2844,3753.82,3770.64,FILLED,2425,2844
2024-03-15 02:42:06.059,SELL,LIMIT,IOC,30,3751.67,3771.56,FILLED,30,30
2024-03-15 02:42:08.033,SELL,LIMIT,IOC,3082,3751.28,3768.0,FILLED,408,3082
2024-03-15 02:42:10.053,SELL,LIMIT,IOC,23,3748.1,3765.9,FILLED,23,23
2024-03-15 02:45:27.062,SELL,LIMIT,IOC,1,3745.61,3759.4,FILLED,1,1
2024-03-15 02:45:29.051,SELL,LIMIT,IOC,1005,3739.85,3758.71,FILLED,5,1005
2024-03-15 02:45:33.024,SELL,LIMIT,IOC,20890,3734.69,3752.91,FILLED,6863,20890
2024-03-15 02:45:34.028,SELL,LIMIT,IOC,820,3738.45,3752.0,FILLED,820,820
2024-03-15 02:47:06.041,SELL,LIMIT,IOC,12,3728.66,3748.59,FILLED,12,12
2024-03-15 02:47:08.045,SELL,LIMIT,IOC,37,3728.11,3745.0,FILLED,37,37
2024-03-15 02:47:09.043,SELL,LIMIT,IOC,54,3727.07,3742.67,FILLED,54,54
2024-03-15 02:47:14.097,SELL,LIMIT,IOC,144,3723.67,3740.81,FILLED,15,144
2024-03-15 02:52:33.025,SELL,LIMIT,IOC,101,3715.82,3734.19,FILLED,101,101
2024-03-15 02:52:34.103,SELL,LIMIT,IOC,2381,3715.45,3732.02,FILLED,393,2381
2024-03-15 02:52:36.023,SELL,LIMIT,IOC,261,3713.78,3730.42,FILLED,33,261
2024-03-15 02:52:39.044,SELL,LIMIT,IOC,78,3709.73,3725.27,FILLED,78,78
2024-03-15 02:53:01.052,SELL,LIMIT,IOC,562,3708.19,3721.78,FILLED,562,562
2024-03-15 02:53:02.060,SELL,LIMIT,IOC,24,3706.59,3718.0,FILLED,24,24
2024-03-15 02:53:03.069,SELL,LIMIT,IOC,10,3700.26,3708.52,FILLED,10,10
2024-03-15 02:53:04.068,SELL,LIMIT,IOC,11,3697.94,3711.0,FILLED,11,11
2024-03-15 02:53:05.040,SELL,LIMIT,IOC,293,3695.95,3713.6,FILLED,293,293
2024-03-15 02:53:07.040,SELL,LIMIT,IOC,18,3693.84,3710.36,FILLED,17,18
2024-03-15 02:53:09.017,SELL,LIMIT,IOC,330,3692.0,3705.04,FILLED,330,330
2024-03-15 02:53:10.071,SELL,LIMIT,IOC,2,3690.5,3706.99,FILLED,2,2
2024-03-15 02:53:12.057,SELL,LIMIT,IOC,34,3686.62,3703.21,FILLED,34,34
2024-03-15 02:53:34.054,BUY,LIMIT,IOC,351,3748.3,3730.54,FILLED,83,351
2024-03-15 03:06:21.064,SELL,LIMIT,IOC,1117,3730.86,3746.38,FILLED,276,1117
2024-03-15 03:06:29.103,SELL,LIMIT,IOC,190,3725.21,3743.46,FILLED,190,190
2024-03-15 03:22:04.090,SELL,LIMIT,IOC,35,3698.09,3717.02,FILLED,35,35
2024-03-15 03:22:27.103,SELL,LIMIT,IOC,2,3691.72,3707.21,FILLED,2,2
2024-03-15 03:23:48.033,SELL,LIMIT,IOC,945,3685.49,3704.4,FILLED,945,945
2024-03-15 03:23:52.092,SELL,LIMIT,IOC,17,3684.58,3702.75,FILLED,17,17
2024-03-15 03:23:54.043,SELL,LIMIT,IOC,65,3680.74,3691.17,FILLED,65,65
2024-03-15 03:23:55.051,SELL,LIMIT,IOC,500,3676.79,3694.4,FILLED,500,500
2024-03-15 03:23:56.057,SELL,LIMIT,IOC,49,3670.11,3684.9,FILLED,49,49
2024-03-15 03:23:57.066,SELL,LIMIT,IOC,43882,3662.24,3675.8,FILLED,8830,43882
2024-03-15 03:23:58.032,SELL,LIMIT,IOC,2834,3663.8,3682.14,FILLED,32,2834
2024-03-15 03:24:19.050,SELL,LIMIT,IOC,57,3659.92,3669.01,FILLED,57,57
2024-03-15 03:24:20.071,SELL,LIMIT,IOC,775,3657.76,3666.79,FILLED,373,775
2024-03-15 03:24:21.050,SELL,LIMIT,IOC,836,3656.65,3669.62,FILLED,116,836
2024-03-15 03:25:34.040,SELL,LIMIT,IOC,3548,3654.11,3660.22,FILLED,2491,3548
2024-03-15 03:25:36.054,SELL,LIMIT,IOC,255,3648.09,3660.21,FILLED,254,255
2024-03-15 03:25:37.068,SELL,LIMIT,IOC,147,3643.18,3655.49,FILLED,3,147
2024-03-15 03:25:38.086,SELL,LIMIT,IOC,1518,3641.38,3653.06,FILLED,1518,1518
2024-03-15 03:25:39.109,SELL,LIMIT,IOC,5670,3637.78,3653.0,FILLED,5670,5670
2024-03-15 03:25:40.089,SELL,LIMIT,IOC,65,3635.89,3651.23,FILLED,65,65
2024-03-15 03:25:41.099,SELL,LIMIT,IOC,358,3634.44,3650.92,FILLED,358,358
2024-03-15 03:27:24.079,SELL,LIMIT,IOC,1255,3632.56,3650.0,FILLED,1255,1255
2024-03-15 03:27:25.117,SELL,LIMIT,IOC,214,3631.34,3648.24,FILLED,214,214
2024-03-15 03:27:27.031,SELL,LIMIT,IOC,80000,3617.31,3640.14,FILLED,48984,80000
2024-03-15 03:27:28.039,SELL,LIMIT,IOC,4052,3625.34,3634.02,FILLED,225,4052
2024-03-15 03:27:29.038,SELL,LIMIT,IOC,30,3621.31,3633.0,FILLED,30,30
2024-03-15 03:27:30.066,SELL,LIMIT,IOC,108,3620.01,3634.29,FILLED,108,108
2024-03-15 03:27:31.038,SELL,LIMIT,IOC,66,3617.89,3638.15,FILLED,66,66
2024-03-15 03:28:27.032,SELL,LIMIT,IOC,5,3614.94,3630.6,FILLED,5,5
2024-03-15 03:28:28.056,SELL,LIMIT,IOC,90,3614.52,3631.95,FILLED,90,90
2024-03-15 03:28:31.044,SELL,LIMIT,IOC,348,3613.56,3629.41,FILLED,348,348
2024-03-15 03:28:33.052,SELL,LIMIT,IOC,75,3612.13,3627.52,FILLED,75,75
2024-03-15 03:28:36.051,SELL,LIMIT,IOC,397,3608.7,3622.01,FILLED,333,397
2024-03-15 03:28:37.053,SELL,LIMIT,IOC,2202,3606.28,3624.14,FILLED,116,2202
2024-03-15 03:40:51.089,BUY,LIMIT,IOC,1500,3757.82,3741.42,FILLED,197,1500
2024-03-15 03:53:26.043,SELL,LIMIT,IOC,58,3711.67,3729.33,FILLED,58,58
2024-03-15 03:55:34.064,SELL,LIMIT,IOC,5022,3705.97,3724.33,FILLED,681,5022
2024-03-15 03:58:50.097,SELL,LIMIT,IOC,1977,3690.78,3707.48,FILLED,1085,1977
2024-03-15 04:05:43.111,SELL,LIMIT,IOC,144,3677.46,3693.25,FILLED,144,144
2024-03-15 04:06:17.065,SELL,LIMIT,IOC,38,3672.6,3685.93,FILLED,38,38
2024-03-15 04:06:19.053,SELL,LIMIT,IOC,3,3670.01,3685.0,FILLED,3,3
2024-03-15 04:08:39.044,BUY,LIMIT,IOC,25,3731.35,3713.84,FILLED,25,25
2024-03-15 04:13:19.060,BUY,LIMIT,IOC,51,3745.32,3729.21,FILLED,36,51
2024-03-15 04:32:08.083,SELL,LIMIT,IOC,1,3676.53,3694.54,FILLED,1,1
2024-03-15 04:32:25.038,SELL,LIMIT,IOC,63,3674.48,3692.91,FILLED,63,63
2024-03-15 04:33:20.058,SELL,LIMIT,IOC,140,3672.78,3687.19,FILLED,140,140
2024-03-15 04:37:28.080,SELL,LIMIT,IOC,36874,3657.87,3680.24,FILLED,3879,36874
2024-03-15 04:38:30.049,SELL,LIMIT,IOC,50,3661.85,3680.12,FILLED,50,50
2024-03-15 04:38:33.036,SELL,LIMIT,IOC,1,3658.85,3670.23,FILLED,1,1
2024-03-15 04:38:42.049,SELL,LIMIT,IOC,1839,3650.93,3667.25,FILLED,97,1839
2024-03-15 04:38:45.069,SELL,LIMIT,IOC,454,3646.83,3665.06,FILLED,103,454
2024-03-15 04:41:37.114,SELL,LIMIT,IOC,1062,3646.66,3662.2,FILLED,934,1062
2024-03-15 04:41:50.064,SELL,LIMIT,IOC,300,3640.08,3658.02,FILLED,221,300
2024-03-15 05:01:07.050,BUY,LIMIT,IOC,48,3707.79,3691.21,FILLED,48,48
2024-03-15 05:01:25.056,BUY,LIMIT,IOC,6,3711.08,3693.27,FILLED,6,6
2024-03-15 05:20:22.058,SELL,LIMIT,IOC,1944,3678.94,3695.95,FILLED,161,1944
2024-03-15 05:43:49.047,SELL,LIMIT,IOC,100,3648.83,3668.35,FILLED,100,100
2024-03-15 06:29:05.066,BUY,LIMIT,IOC,4,3757.24,3744.25,FILLED,4,4
2024-03-15 07:44:39.073,BUY,LIMIT,IOC,1,3784.56,3770.8,FILLED,1,1
2024-03-15 07:44:40.088,SELL,LIMIT,IOC,369,3750.8,3770.19,FILLED,369,369
2024-03-15 08:09:39.072,SELL,LIMIT,IOC,12,3732.54,3750.56,FILLED,9,12
2024-03-15 08:23:15.118,SELL,LIMIT,IOC,20,3714.34,3732.79,FILLED,20,20
2024-03-15 08:26:18.066,SELL,LIMIT,IOC,150,3700.27,3717.2,FILLED,150,150
2024-03-15 08:29:43.046,SELL,LIMIT,IOC,232,3683.94,3703.36,FILLED,232,232
2024-03-15 08:30:44.058,SELL,LIMIT,IOC,843,3682.21,3700.0,FILLED,843,843
2024-03-15 08:36:46.065,SELL,LIMIT,IOC,500,3679.79,3698.13,FILLED,98,500
2024-03-15 08:45:53.021,SELL,LIMIT,IOC,10,3665.45,3682.28,FILLED,8,10
2024-03-15 08:48:37.048,SELL,LIMIT,IOC,175,3656.55,3673.4,FILLED,175,175
2024-03-15 08:49:21.086,SELL,LIMIT,IOC,74,3650.99,3668.4,FILLED,74,74
2024-03-15 08:51:40.045,SELL,LIMIT,IOC,134,3649.5,3667.31,FILLED,26,134
2024-03-15 08:52:05.076,SELL,LIMIT,IOC,1,3646.31,3664.39,FILLED,1,1
2024-03-15 08:52:07.099,SELL,LIMIT,IOC,750,3644.93,3661.89,FILLED,376,750
2024-03-15 08:52:10.092,SELL,LIMIT,IOC,298,3642.15,3661.15,FILLED,24,298
2024-03-15 09:06:06.038,SELL,LIMIT,IOC,262,3640.25,3657.36,FILLED,29,262
2024-03-15 09:06:07.075,SELL,LIMIT,IOC,7,3638.87,3657.35,FILLED,7,7
2024-03-15 09:06:09.028,SELL,LIMIT,IOC,14,3637.0,3654.44,FILLED,14,14
2024-03-15 09:06:53.089,SELL,LIMIT,IOC,20,3635.92,3653.19,FILLED,20,20
2024-03-15 09:06:57.066,SELL,LIMIT,IOC,91515,3617.15,3638.44,FILLED,41543,91515
2024-03-15 09:06:59.037,SELL,LIMIT,IOC,93622,3609.62,3637.68,FILLED,12446,93622
2024-03-15 09:07:14.078,SELL,LIMIT,IOC,685,3620.41,3638.0,FILLED,685,685
2024-03-15 09:07:48.103,SELL,LIMIT,IOC,135,3614.24,3632.84,FILLED,135,135
2024-03-15 09:09:32.026,SELL,LIMIT,IOC,773,3612.63,3618.07,FILLED,589,773
2024-03-15 09:09:33.070,SELL,LIMIT,IOC,756,3611.45,3615.42,FILLED,552,756
2024-03-15 09:09:42.112,SELL,LIMIT,IOC,2,3609.45,3615.11,FILLED,2,2
2024-03-15 09:09:50.030,SELL,LIMIT,IOC,6980,3606.01,3610.22,FILLED,3255,6980
2024-03-15 09:10:12.044,SELL,LIMIT,IOC,161,3603.84,3606.62,FILLED,161,161
2024-03-15 09:11:31.093,SELL,LIMIT,IOC,15,3602.61,3602.61,FILLED,15,15
2024-03-15 09:11:38.049,SELL,LIMIT,IOC,8,3600.66,3605.0,FILLED,8,8
2024-03-15 09:11:39.067,SELL,LIMIT,IOC,964,3596.17,3603.53,FILLED,394,964
2024-03-15 09:11:41.038,SELL,LIMIT,IOC,5,3591.4,3603.39,FILLED,3,5
2024-03-15 09:11:42.053,SELL,LIMIT,IOC,236,3585.31,3601.23,FILLED,133,236
2024-03-15 09:11:43.046,SELL,LIMIT,IOC,223,3582.32,3600.5,FILLED,223,223
2024-03-15 09:13:07.069,SELL,LIMIT,IOC,650,3581.88,3600.37,FILLED,19,650
2024-03-15 09:13:11.096,SELL,LIMIT,IOC,226,3581.04,3596.31,FILLED,79,226
2024-03-15 09:13:12.100,SELL,LIMIT,IOC,289,3579.11,3594.2,FILLED,289,289
2024-03-15 09:13:18.092,SELL,LIMIT,IOC,948,3577.61,3592.6,FILLED,948,948
2024-03-15 09:13:20.023,SELL,LIMIT,IOC,184,3573.59,3588.63,FILLED,184,184
2024-03-15 09:13:21.041,SELL,LIMIT,IOC,6,3572.49,3585.41,FILLED,6,6
2024-03-15 09:13:30.101,SELL,LIMIT,IOC,24029,3564.27,3586.54,FILLED,1511,24029
2024-03-15 09:13:38.067,SELL,LIMIT,IOC,2757,3567.44,3586.12,FILLED,114,2757
2024-03-15 09:13:40.057,SELL,LIMIT,IOC,30,3566.6,3581.56,FILLED,11,30
2024-03-15 09:13:41.058,SELL,LIMIT,IOC,15406,3559.43,3580.2,FILLED,3509,15406
2024-03-15 09:13:43.040,SELL,LIMIT,IOC,7091,3560.21,3578.27,FILLED,125,7091
2024-03-15 09:13:44.070,SELL,LIMIT,IOC,2110,3560.48,3577.55,FILLED,760,2110
2024-03-15 09:14:04.059,SELL,LIMIT,IOC,1366,3559.44,3574.99,FILLED,6,1366
2024-03-15 09:14:05.061,SELL,LIMIT,IOC,180,3558.62,3575.74,FILLED,84,180
2024-03-15 09:14:08.025,SELL,LIMIT,IOC,389,3555.87,3568.4,FILLED,389,389
2024-03-15 09:14:09.038,SELL,LIMIT,IOC,1,3553.34,3569.41,FILLED,1,1
2024-03-15 09:14:10.061,SELL,LIMIT,IOC,12,3553.02,3568.37,FILLED,12,12
2024-03-15 09:25:32.039,BUY,LIMIT,IOC,119,3676.44,3663.7,FILLED,96,119
2024-03-15 09:30:45.045,BUY,LIMIT,IOC,3854,3680.34,3662.59,FILLED,174,3854
2024-03-15 09:33:09.033,SELL,LIMIT,IOC,1,3619.22,3637.22,FILLED,1,1
2024-03-15 09:36:20.076,BUY,LIMIT,IOC,11,3679.93,3663.08,FILLED,11,11
2024-03-15 09:38:30.070,BUY,LIMIT,IOC,8,3691.88,3685.02,FILLED,8,8
2024-03-15 10:10:39.040,SELL,LIMIT,IOC,150,3638.67,3658.73,FILLED,150,150
2024-03-15 10:36:24.116,SELL,LIMIT,IOC,50,3661.92,3680.02,FILLED,50,50
2024-03-15 11:05:38.104,SELL,LIMIT,IOC,5,3640.13,3656.53,FILLED,5,5
2024-03-15 11:05:53.028,SELL,LIMIT,IOC,182,3632.98,3651.13,FILLED,182,182
2024-03-15 11:07:54.023,SELL,LIMIT,IOC,72,3624.56,3642.68,FILLED,72,72
2024-03-15 11:08:38.091,SELL,LIMIT,IOC,44,3620.4,3637.6,FILLED,19,44
2024-03-15 11:23:08.042,SELL,LIMIT,IOC,7829,3613.65,3632.18,FILLED,1123,7829
2024-03-15 13:03:30.091,BUY,LIMIT,IOC,573,3727.99,3710.8,FILLED,374,573
2024-03-15 13:06:15.086,BUY,LIMIT,IOC,91,3735.86,3719.0,FILLED,91,91
2024-03-15 13:22:55.055,SELL,LIMIT,IOC,950,3669.55,3686.78,FILLED,636,950
2024-03-15 13:36:39.062,BUY,LIMIT,IOC,44,3725.15,3708.33,FILLED,28,44
2024-03-15 13:37:15.072,BUY,LIMIT,IOC,1,3729.67,3713.75,FILLED,1,1
2024-03-15 13:51:50.096,BUY,LIMIT,IOC,4,3755.68,3739.32,FILLED,4,4
2024-03-15 13:51:52.037,BUY,LIMIT,IOC,6,3757.57,3742.6,FILLED,6,6
2024-03-15 14:05:30.061,SELL,LIMIT,IOC,40,3687.33,3704.39,FILLED,40,40
2024-03-15 14:07:58.037,SELL,LIMIT,IOC,3,3679.25,3696.65,FILLED,3,3
2024-03-15 14:32:27.025,SELL,LIMIT,IOC,3736,3681.97,3699.88,FILLED,573,3736
2024-03-15 14:32:45.092,SELL,LIMIT,IOC,9,3677.84,3695.0,FILLED,7,9
2024-03-15 15:35:20.077,SELL,LIMIT,IOC,3,3674.82,3692.78,FILLED,3,3
2024-03-15 16:03:53.059,SELL,LIMIT,IOC,59,3668.52,3684.33,FILLED,59,59
2024-03-15 16:05:12.050,SELL,LIMIT,IOC,350,3663.56,3680.14,FILLED,158,350
2024-03-15 16:05:13.058,SELL,LIMIT,IOC,9,3663.26,3677.53,FILLED,2,9
2024-03-15 16:06:05.040,SELL,LIMIT,IOC,1145,3657.47,3674.4,FILLED,339,1145
2024-03-15 16:06:07.044,SELL,LIMIT,IOC,11225,3652.66,3671.23,FILLED,1781,11225
2024-03-15 16:06:37.025,SELL,LIMIT,IOC,2,3649.32,3667.86,FILLED,2,2
2024-03-15 16:09:33.087,SELL,LIMIT,IOC,327,3647.38,3662.63,FILLED,119,327
2024-03-15 16:27:50.055,BUY,LIMIT,IOC,5,3708.87,3692.93,FILLED,5,5
2024-03-15 16:41:28.089,BUY,LIMIT,IOC,332,3719.72,3704.76,FILLED,201,332
2024-03-15 16:51:20.047,SELL,LIMIT,IOC,2,3679.57,3694.66,FILLED,2,2
2024-03-15 16:51:21.077,SELL,LIMIT,IOC,109,3676.78,3693.79,FILLED,109,109
2024-03-15 16:51:30.102,SELL,LIMIT,IOC,90,3672.14,3689.66,FILLED,90,90
2024-03-15 18:41:41.040,BUY,LIMIT,IOC,3,3741.28,3722.92,FILLED,3,3
2024-03-15 18:48:28.076,BUY,LIMIT,IOC,26,3768.66,3750.07,FILLED,26,26
2024-03-15 18:52:37.040,BUY,LIMIT,IOC,11,3785.94,3768.83,FILLED,11,11
2024-03-15 19:00:58.087,BUY,LIMIT,IOC,150,3818.22,3800.0,FILLED,150,150
2024-03-15 19:11:23.052,BUY,LIMIT,IOC,5,3825.47,3808.17,FILLED,5,5
2024-03-15 19:11:25.068,BUY,LIMIT,IOC,3,3825.68,3809.24,FILLED,3,3
2024-03-15 19:18:11.028,SELL,LIMIT,IOC,113,3766.48,3786.67,FILLED,81,113
2024-03-15 19:22:43.086,SELL,LIMIT,IOC,191,3748.33,3767.0,FILLED,191,191
2024-03-15 19:39:54.072,SELL,LIMIT,IOC,9,3727.68,3744.0,FILLED,1,9
2024-03-15 19:39:58.056,SELL,LIMIT,IOC,4898,3725.19,3743.41,FILLED,353,4898
2024-03-15 19:46:34.018,SELL,LIMIT,IOC,9,3717.62,3736.39,FILLED,9,9
2024-03-15 19:47:08.111,SELL,LIMIT,IOC,250,3714.58,3729.11,FILLED,250,250
2024-03-15 19:49:29.084,SELL,LIMIT,IOC,1,3696.38,3714.2,FILLED,1,1
2024-03-15 19:49:31.056,SELL,LIMIT,IOC,2239,3695.33,3712.91,FILLED,129,2239
2024-03-15 19:50:27.096,SELL,LIMIT,IOC,39,3690.58,3706.23,FILLED,2,39
2024-03-15 19:50:49.054,SELL,LIMIT,IOC,3587,3683.1,3698.79,FILLED,251,3587
2024-03-15 19:50:51.034,SELL,LIMIT,IOC,139,3678.11,3695.55,FILLED,8,139
2024-03-15 19:50:54.046,SELL,LIMIT,IOC,1538,3675.18,3690.69,FILLED,939,1538
2024-03-15 19:50:59.062,SELL,LIMIT,IOC,8149,3666.89,3683.43,FILLED,2574,8149
2024-03-15 19:51:00.090,SELL,LIMIT,IOC,4,3668.64,3683.61,FILLED,4,4
2024-03-15 20:02:19.069,SELL,LIMIT,IOC,1992,3654.83,3670.01,FILLED,1239,1992
2024-03-15 20:02:20.080,SELL,LIMIT,IOC,149,3652.16,3669.88,FILLED,149,149
2024-03-15 20:07:07.060,SELL,LIMIT,IOC,2700,3650.92,3666.61,FILLED,135,2700
2024-03-15 20:07:14.093,SELL,LIMIT,IOC,1,3644.83,3660.91,FILLED,1,1
2024-03-15 20:07:23.020,SELL,LIMIT,IOC,487,3640.33,3656.99,FILLED,468,487
2024-03-15 20:08:12.030,SELL,LIMIT,IOC,3225,3631.87,3650.08,FILLED,181,3225
2024-03-15 20:08:20.074,SELL,LIMIT,IOC,132,3629.6,3646.99,FILLED,132,132
2024-03-15 20:09:00.056,SELL,LIMIT,IOC,6,3629.29,3646.5,FILLED,6,6
2024-03-15 20:09:05.057,SELL,LIMIT,IOC,13682,3623.45,3643.14,FILLED,52,13682
2024-03-15 20:09:18.050,SELL,LIMIT,IOC,3793,3622.86,3637.76,FILLED,437,3793
2024-03-15 20:09:28.074,SELL,LIMIT,IOC,9,3617.48,3633.19,FILLED,9,9
2024-03-15 20:09:33.101,SELL,LIMIT,IOC,3,3616.09,3634.4,FILLED,3,3
2024-03-15 20:09:37.044,SELL,LIMIT,IOC,28,3614.33,3631.0,FILLED,28,28
2024-03-15 20:33:28.083,SELL,LIMIT,IOC,3,3628.6,3645.87,FILLED,3,3
2024-03-15 20:39:37.082,SELL,LIMIT,IOC,29,3621.38,3636.72,FILLED,29,29
2024-03-15 20:39:39.075,SELL,LIMIT,IOC,3,3619.98,3635.66,FILLED,3,3
2024-03-15 20:43:41.071,SELL,LIMIT,IOC,101,3608.49,3624.65,FILLED,101,101
2024-03-15 20:43:43.026,SELL,LIMIT,IOC,67,3605.31,3621.67,FILLED,67,67
2024-03-15 20:43:46.070,SELL,LIMIT,IOC,31,3603.53,3619.01,FILLED,31,31
2024-03-15 20:44:33.026,SELL,LIMIT,IOC,43,3601.43,3618.72,FILLED,41,43
2024-03-15 20:49:13.026,SELL,LIMIT,IOC,72,3595.41,3610.68,FILLED,46,72
2024-03-15 20:49:14.058,SELL,LIMIT,IOC,212,3593.57,3612.42,FILLED,3,212
2024-03-15 21:04:12.044,BUY,LIMIT,IOC,97,3666.27,3651.28,FILLED,97,97
2024-03-15 21:53:56.080,BUY,LIMIT,IOC,135,3678.62,3660.89,FILLED,135,135
2024-03-15 22:40:41.065,BUY,LIMIT,IOC,3,3718.3,3701.74,FILLED,3,3
2024-03-15 22:40:49.025,BUY,LIMIT,IOC,529,3722.45,3706.21,FILLED,363,529
2024-03-15 22:49:19.066,BUY,LIMIT,IOC,160,3729.85,3713.05,FILLED,15,160
2024-03-15 22:49:33.084,BUY,LIMIT,IOC,6,3733.62,3717.81,FILLED,6,6
2024-03-16 00:57:39.044,SELL,LIMIT,IOC,44,3738.22,3757.5,FILLED,44,44
2024-03-16 02:14:30.067,SELL,LIMIT,IOC,234,3716.05,3734.18,FILLED,24,234
2024-03-16 02:34:01.066,SELL,LIMIT,IOC,6720,3709.14,3728.28,FILLED,465,6720
2024-03-16 03:02:51.041,SELL,LIMIT,IOC,25,3708.01,3726.16,FILLED,25,25
2024-03-16 03:13:04.023,BUY,LIMIT,IOC,48,3766.29,3748.21,FILLED,46,48
2024-03-16 04:34:13.057,SELL,LIMIT,IOC,1338,3703.71,3722.12,FILLED,236,1338
2024-03-16 04:35:38.081,SELL,LIMIT,IOC,37,3701.97,3720.21,FILLED,37,37
2024-03-16 04:39:26.034,SELL,LIMIT,IOC,936,3699.7,3717.21,FILLED,136,936
2024-03-16 05:06:11.039,SELL,LIMIT,IOC,224,3696.82,3715.0,FILLED,224,224
2024-03-16 05:20:05.102,SELL,LIMIT,IOC,185,3675.59,3694.51,FILLED,185,185
2024-03-16 07:35:54.073,BUY,LIMIT,IOC,3390,3754.0,3737.57,FILLED,209,3390
2024-03-16 08:57:10.075,SELL,LIMIT,IOC,275,3700.15,3718.6,FILLED,275,275
2024-03-16 09:47:22.026,SELL,LIMIT,IOC,43,3696.57,3715.0,FILLED,43,43
2024-03-16 10:10:08.071,SELL,LIMIT,IOC,411,3695.46,3713.16,FILLED,296,411
2024-03-16 10:10:17.031,SELL,LIMIT,IOC,15,3694.51,3712.81,FILLED,14,15
2024-03-16 10:10:21.033,SELL,LIMIT,IOC,30297,3688.74,3711.4,FILLED,9581,30297
2024-03-16 10:20:12.093,SELL,LIMIT,IOC,37,3689.34,3707.46,FILLED,35,37
2024-03-16 10:20:26.035,SELL,LIMIT,IOC,85,3684.51,3702.28,FILLED,84,85
2024-03-16 11:09:57.033,SELL,LIMIT,IOC,17,3682.66,3701.2,FILLED,17,17
2024-03-16 11:13:07.100,SELL,LIMIT,IOC,1,3678.81,3699.0,FILLED,1,1
2024-03-16 11:15:25.078,SELL,LIMIT,IOC,29,3671.27,3688.19,FILLED,29,29
2024-03-16 11:15:29.074,SELL,LIMIT,IOC,19109,3665.06,3686.32,FILLED,1009,19109
2024-03-16 11:24:07.023,SELL,LIMIT,IOC,679,3665.53,3683.33,FILLED,679,679
2024-03-16 11:24:25.061,SELL,LIMIT,IOC,43,3664.1,3681.91,FILLED,43,43
2024-03-16 11:24:28.093,SELL,LIMIT,IOC,902,3662.56,3680.02,FILLED,23,902
2024-03-16 11:24:36.043,SELL,LIMIT,IOC,59,3660.71,3679.0,FILLED,59,59
2024-03-16 11:25:35.084,SELL,LIMIT,IOC,217,3657.28,3675.5,FILLED,217,217
2024-03-16 11:30:13.043,SELL,LIMIT,IOC,518,3653.37,3670.39,FILLED,42,518
2024-03-16 12:20:30.040,BUY,LIMIT,IOC,455,3724.94,3707.36,FILLED,336,455
2024-03-16 12:21:14.067,BUY,LIMIT,IOC,25,3727.12,3711.67,FILLED,18,25
2024-03-16 12:35:53.035,SELL,LIMIT,IOC,102,3672.5,3690.67,FILLED,102,102
2024-03-16 12:51:11.037,SELL,LIMIT,IOC,159,3658.04,3675.79,FILLED,159,159
2024-03-16 12:51:14.096,SELL,LIMIT,IOC,18407,3652.38,3673.59,FILLED,3542,18407
2024-03-16 13:00:08.088,SELL,LIMIT,IOC,1834,3649.19,3666.02,FILLED,893,1834
2024-03-16 13:46:57.057,SELL,LIMIT,IOC,68,3644.66,3661.56,FILLED,3,68
2024-03-16 13:46:59.022,SELL,LIMIT,IOC,539,3643.24,3660.45,FILLED,105,539
2024-03-16 13:47:00.073,SELL,LIMIT,IOC,42,3642.54,3660.18,FILLED,42,42
2024-03-16 13:47:03.081,SELL,LIMIT,IOC,306,3639.93,3657.32,FILLED,301,306
2024-03-16 13:47:14.091,SELL,LIMIT,IOC,175,3637.53,3654.42,FILLED,175,175
2024-03-16 13:47:16.056,SELL,LIMIT,IOC,539,3635.94,3653.06,FILLED,77,539
2024-03-16 13:47:17.085,SELL,LIMIT,IOC,79,3635.1,3653.0,FILLED,79,79
2024-03-16 14:00:02.047,SELL,LIMIT,IOC,174,3631.46,3649.59,FILLED,174,174
2024-03-16 14:00:50.023,SELL,LIMIT,IOC,16,3628.24,3646.21,FILLED,16,16
2024-03-16 14:00:55.085,SELL,LIMIT,IOC,5,3626.86,3644.0,FILLED,5,5
2024-03-16 15:32:45.017,BUY,LIMIT,IOC,300,3692.81,3675.01,FILLED,16,300
2024-03-16 16:35:34.077,SELL,LIMIT,IOC,39,3646.41,3664.61,FILLED,39,39
2024-03-16 17:43:18.018,SELL,LIMIT,IOC,50,3629.33,3646.85,FILLED,33,50
2024-03-16 17:44:56.034,SELL,LIMIT,IOC,10,3627.28,3645.26,FILLED,10,10
2024-03-16 17:46:20.039,SELL,LIMIT,IOC,5,3623.49,3641.97,FILLED,5,5
2024-03-16 17:46:41.059,SELL,LIMIT,IOC,6830,3619.82,3637.11,FILLED,4696,6830
2024-03-16 17:46:43.028,SELL,LIMIT,IOC,117,3617.86,3635.39,FILLED,83,117
2024-03-16 17:55:47.078,SELL,LIMIT,IOC,310,3615.59,3633.9,FILLED,252,310
2024-03-16 17:59:48.063,SELL,LIMIT,IOC,53,3612.98,3630.33,FILLED,48,53
2024-03-16 18:02:19.047,SELL,LIMIT,IOC,111,3609.57,3626.19,FILLED,111,111
2024-03-16 18:02:41.036,SELL,LIMIT,IOC,530,3607.62,3625.09,FILLED,65,530
2024-03-16 18:05:34.056,SELL,LIMIT,IOC,150,3605.1,3622.79,FILLED,150,150
2024-03-16 18:05:46.046,SELL,LIMIT,IOC,3609,3601.72,3617.4,FILLED,96,3609
2024-03-16 18:08:02.048,SELL,LIMIT,IOC,630,3598.92,3614.06,FILLED,630,630
2024-03-16 18:08:03.087,SELL,LIMIT,IOC,198,3596.07,3614.06,FILLED,198,198
2024-03-16 18:08:44.062,SELL,LIMIT,IOC,65,3594.36,3612.66,FILLED,25,65
2024-03-16 18:08:46.020,SELL,LIMIT,IOC,3923,3593.44,3611.03,FILLED,269,3923
2024-03-16 18:11:05.047,SELL,LIMIT,IOC,59,3590.28,3608.0,FILLED,59,59
2024-03-16 18:11:10.055,SELL,LIMIT,IOC,28700,3584.19,3605.46,FILLED,2679,28700
2024-03-16 18:11:33.058,SELL,LIMIT,IOC,65,3585.46,3603.21,FILLED,65,65
2024-03-16 18:11:44.074,SELL,LIMIT,IOC,79,3584.45,3602.35,FILLED,79,79
2024-03-16 18:12:24.044,SELL,LIMIT,IOC,49,3581.44,3595.04,FILLED,49,49
2024-03-16 18:12:50.053,SELL,LIMIT,IOC,8,3576.75,3594.13,FILLED,8,8
2024-03-16 18:12:52.041,SELL,LIMIT,IOC,53,3576.24,3593.09,FILLED,51,53
2024-03-16 18:13:14.087,SELL,LIMIT,IOC,78,3574.14,3591.55,FILLED,14,78
2024-03-16 18:14:04.083,SELL,LIMIT,IOC,11,3572.6,3590.03,FILLED,11,11
2024-03-16 18:14:06.050,SELL,LIMIT,IOC,86,3571.92,3589.04,FILLED,8,86
2024-03-16 18:14:40.053,BUY,LIMIT,IOC,2964,3632.84,3615.4,FILLED,2964,2964
2024-03-16 18:26:11.081,SELL,LIMIT,IOC,59,3577.67,3595.69,FILLED,59,59
2024-03-16 18:26:22.082,SELL,LIMIT,IOC,5,3575.71,3591.2,FILLED,2,5
2024-03-16 18:26:24.082,SELL,LIMIT,IOC,2,3573.1,3590.2,FILLED,2,2
2024-03-16 18:26:34.043,SELL,LIMIT,IOC,303,3570.43,3587.11,FILLED,303,303
2024-03-16 18:35:25.015,SELL,LIMIT,IOC,1054,3576.34,3594.67,FILLED,1054,1054
2024-03-16 18:35:32.050,SELL,LIMIT,IOC,1,3575.38,3593.09,FILLED,1,1
2024-03-16 18:48:20.049,SELL,LIMIT,IOC,89,3566.75,3584.71,FILLED,89,89
2024-03-16 18:52:54.022,SELL,LIMIT,IOC,1020,3566.39,3583.02,FILLED,1020,1020
2024-03-16 18:53:00.084,SELL,LIMIT,IOC,224,3565.21,3583.74,FILLED,224,224
2024-03-16 18:53:39.049,SELL,LIMIT,IOC,1116,3564.0,3581.6,FILLED,1116,1116
2024-03-16 18:53:42.080,SELL,LIMIT,IOC,2823,3563.04,3580.53,FILLED,534,2823
2024-03-16 18:54:53.055,SELL,LIMIT,IOC,87,3562.11,3579.4,FILLED,87,87
2024-03-16 18:55:12.071,SELL,LIMIT,IOC,4,3560.7,3577.4,FILLED,4,4
2024-03-16 18:55:13.090,SELL,LIMIT,IOC,126,3560.09,3577.09,FILLED,126,126
2024-03-16 18:55:17.043,SELL,LIMIT,IOC,560,3557.4,3574.85,FILLED,92,560
2024-03-16 18:55:19.047,SELL,LIMIT,IOC,219,3556.65,3574.58,FILLED,219,219
2024-03-16 18:55:34.031,SELL,LIMIT,IOC,184,3555.73,3573.21,FILLED,43,184
2024-03-16 18:55:35.042,SELL,LIMIT,IOC,32,3555.37,3573.0,FILLED,32,32
2024-03-16 18:55:36.104,SELL,LIMIT,IOC,7,3554.77,3572.05,FILLED,7,7
2024-03-16 19:01:11.083,BUY,LIMIT,IOC,200,3631.15,3616.38,FILLED,32,200
2024-03-16 19:24:41.096,BUY,LIMIT,IOC,95,3651.12,3633.6,FILLED,95,95
2024-03-16 19:32:05.059,BUY,LIMIT,IOC,8,3653.34,3637.72,FILLED,8,8
2024-03-16 19:53:28.053,SELL,LIMIT,IOC,4029,3587.14,3604.82,FILLED,1491,4029
2024-03-16 19:53:32.027,SELL,LIMIT,IOC,2,3584.61,3600.87,FILLED,1,2
2024-03-16 19:53:44.042,SELL,LIMIT,IOC,6,3580.01,3596.2,FILLED,6,6
2024-03-16 20:06:05.082,SELL,LIMIT,IOC,154,3571.03,3587.85,FILLED,6,154
2024-03-16 20:06:06.101,SELL,LIMIT,IOC,1453,3570.56,3588.01,FILLED,425,1453
2024-03-16 20:22:29.026,SELL,LIMIT,IOC,2,3563.6,3581.11,FILLED,1,2
2024-03-16 20:28:00.063,BUY,LIMIT,IOC,3,3625.55,3609.21,FILLED,3,3
2024-03-16 20:28:36.031,BUY,LIMIT,IOC,36,3632.47,3615.61,FILLED,9,36
2024-03-16 20:46:49.017,BUY,LIMIT,IOC,31,3652.39,3634.71,FILLED,31,31
2024-03-16 21:06:25.037,SELL,LIMIT,IOC,958,3587.05,3602.63,FILLED,259,958
2024-03-16 21:18:25.077,SELL,LIMIT,IOC,769,3571.44,3585.73,FILLED,769,769
2024-03-16 21:20:41.091,SELL,LIMIT,IOC,97,3560.51,3573.64,FILLED,97,97
2024-03-16 21:20:44.066,SELL,LIMIT,IOC,284,3553.74,3565.11,FILLED,284,284
2024-03-16 21:20:45.077,SELL,LIMIT,IOC,45,3548.91,3561.87,FILLED,45,45
2024-03-16 21:20:52.035,SELL,LIMIT,IOC,2,3546.17,3563.61,FILLED,2,2
2024-03-16 21:20:53.056,SELL,LIMIT,IOC,27,3545.21,3561.56,FILLED,27,27
2024-03-16 21:20:54.059,SELL,LIMIT,IOC,702,3544.09,3560.23,FILLED,9,702
2024-03-16 21:20:55.062,SELL,LIMIT,IOC,269,3543.6,3559.95,FILLED,269,269
2024-03-16 21:21:01.041,SELL,LIMIT,IOC,85,3542.8,3560.6,FILLED,85,85
2024-03-16 21:21:26.021,SELL,LIMIT,IOC,3489,3541.52,3555.03,FILLED,593,3489
2024-03-16 21:21:27.043,SELL,LIMIT,IOC,9,3540.54,3556.74,FILLED,6,9
2024-03-16 21:21:29.039,SELL,LIMIT,IOC,22,3539.97,3558.43,FILLED,22,22
2024-03-16 21:21:56.081,SELL,LIMIT,IOC,11,3539.28,3555.58,FILLED,11,11
2024-03-16 21:21:59.059,SELL,LIMIT,IOC,16741,3535.33,3555.0,FILLED,4368,16741
2024-03-16 21:22:00.056,SELL,LIMIT,IOC,1354,3538.22,3556.28,FILLED,154,1354
2024-03-16 21:22:15.076,SELL,LIMIT,IOC,370,3537.39,3553.75,FILLED,367,370
2024-03-16 21:22:16.099,SELL,LIMIT,IOC,323,3537.13,3555.44,FILLED,323,323
2024-03-16 21:22:20.027,SELL,LIMIT,IOC,61,3536.16,3553.39,FILLED,61,61
2024-03-16 21:22:21.036,SELL,LIMIT,IOC,2600,3535.32,3551.39,FILLED,1819,2600
2024-03-16 21:22:22.085,SELL,LIMIT,IOC,847,3534.94,3551.98,FILLED,115,847
2024-03-16 21:22:24.062,SELL,LIMIT,IOC,34,3534.15,3551.22,FILLED,34,34
2024-03-16 21:23:07.039,SELL,LIMIT,IOC,1700,3533.68,3550.66,FILLED,1173,1700
2024-03-16 21:23:09.059,SELL,LIMIT,IOC,48,3532.46,3550.02,FILLED,48,48
2024-03-16 21:26:45.026,SELL,LIMIT,IOC,695,3530.62,3545.59,FILLED,490,695
2024-03-16 21:26:46.073,SELL,LIMIT,IOC,513,3528.49,3545.39,FILLED,40,513
2024-03-16 21:26:48.072,SELL,LIMIT,IOC,44,3527.64,3546.79,FILLED,44,44
2024-03-16 21:31:21.022,SELL,LIMIT,IOC,4,3527.11,3542.63,FILLED,4,4
2024-03-16 21:31:22.046,SELL,LIMIT,IOC,1,3526.17,3541.06,FILLED,1,1
2024-03-16 21:31:24.105,SELL,LIMIT,IOC,195,3524.33,3541.39,FILLED,114,195
2024-03-16 21:40:13.075,BUY,LIMIT,IOC,541,3583.07,3573.6,FILLED,541,541
2024-03-16 22:02:28.038,SELL,LIMIT,IOC,315,3523.47,3540.58,FILLED,307,315
2024-03-16 22:02:30.086,SELL,LIMIT,IOC,332,3522.02,3539.0,FILLED,332,332
2024-03-16 22:02:32.034,SELL,LIMIT,IOC,800,3520.66,3536.87,FILLED,391,800
2024-03-16 22:02:33.082,BUY,LIMIT,IOC,15430,3558.14,3535.99,FILLED,4469,15430
2024-03-16 22:07:24.030,SELL,LIMIT,IOC,1501,3516.64,3533.0,FILLED,1233,1501
2024-03-16 22:07:25.104,SELL,LIMIT,IOC,83,3515.66,3531.96,FILLED,83,83
2024-03-16 22:07:28.023,SELL,LIMIT,IOC,1,3514.12,3530.34,FILLED,1,1
2024-03-16 22:07:29.030,SELL,LIMIT,IOC,76,3512.51,3529.35,FILLED,76,76
2024-03-16 22:08:26.078,SELL,LIMIT,IOC,13,3510.26,3526.52,FILLED,13,13
2024-03-16 22:08:29.040,SELL,LIMIT,IOC,1,3507.28,3526.39,FILLED,1,1
2024-03-16 23:05:21.052,SELL,LIMIT,IOC,178,3527.02,3544.39,FILLED,178,178
2024-03-16 23:06:23.088,SELL,LIMIT,IOC,2,3526.69,3544.0,FILLED,2,2
2024-03-16 23:10:29.043,SELL,LIMIT,IOC,3098,3505.68,3520.99,FILLED,138,3098
2024-03-16 23:10:30.063,SELL,LIMIT,IOC,4,3504.51,3520.84,FILLED,4,4
2024-03-16 23:10:32.097,SELL,LIMIT,IOC,2751,3502.84,3518.54,FILLED,171,2751
2024-03-16 23:10:34.085,SELL,LIMIT,IOC,16,3499.35,3515.5,FILLED,16,16
2024-03-16 23:10:36.039,SELL,LIMIT,IOC,26,3496.86,3511.47,FILLED,4,26
2024-03-16 23:10:41.030,SELL,LIMIT,IOC,7100,3492.5,3511.46,FILLED,2354,7100
2024-03-16 23:10:43.016,SELL,LIMIT,IOC,196,3492.91,3510.45,FILLED,196,196
2024-03-16 23:10:45.017,SELL,LIMIT,IOC,90189,3476.9,3505.18,FILLED,573,90189
2024-03-16 23:10:47.036,SELL,LIMIT,IOC,5,3490.15,3507.0,FILLED,5,5
2024-03-16 23:10:56.971,SELL,LIMIT,IOC,54,3490.73,3504.83,FILLED,54,54
2024-03-16 23:10:58.032,SELL,LIMIT,IOC,400,3488.17,3504.23,FILLED,20,400
2024-03-16 23:11:47.015,SELL,LIMIT,IOC,1578,3486.59,3504.02,FILLED,48,1578
2024-03-16 23:11:50.021,SELL,LIMIT,IOC,22,3484.99,3501.73,FILLED,22,22
2024-03-16 23:12:02.068,SELL,LIMIT,IOC,126,3483.38,3500.73,FILLED,41,126
2024-03-16 23:12:05.034,SELL,LIMIT,IOC,7,3482.34,3499.59,FILLED,3,7
2024-03-16 23:12:07.088,SELL,LIMIT,IOC,6324,3480.43,3498.18,FILLED,302,6324
2024-03-16 23:12:16.038,SELL,LIMIT,IOC,222,3481.08,3497.16,FILLED,185,222
2024-03-16 23:13:30.033,SELL,LIMIT,IOC,19,3479.27,3495.19,FILLED,19,19
2024-03-16 23:13:31.077,SELL,LIMIT,IOC,2,3478.22,3493.59,FILLED,2,2
2024-03-16 23:14:19.028,SELL,LIMIT,IOC,69,3473.85,3489.01,FILLED,69,69
2024-03-16 23:14:20.046,SELL,LIMIT,IOC,1,3470.99,3488.36,FILLED,1,1
2024-03-16 23:16:44.040,SELL,LIMIT,IOC,71,3469.9,3486.33,FILLED,71,71
2024-03-16 23:16:45.079,SELL,LIMIT,IOC,553,3468.33,3484.61,FILLED,553,553
2024-03-16 23:16:46.081,SELL,LIMIT,IOC,32,3468.0,3484.21,FILLED,32,32
2024-03-16 23:17:06.061,SELL,LIMIT,IOC,14,3466.04,3482.6,FILLED,14,14
2024-03-16 23:17:27.034,SELL,LIMIT,IOC,1236,3463.96,3481.39,FILLED,1236,1236
2024-03-16 23:17:28.081,SELL,LIMIT,IOC,26,3463.25,3480.79,FILLED,26,26
2024-03-16 23:17:42.045,SELL,LIMIT,IOC,55,3461.63,3478.05,FILLED,55,55
2024-03-16 23:17:43.069,SELL,LIMIT,IOC,20,3460.92,3477.8,FILLED,20,20
2024-03-16 23:17:44.109,SELL,LIMIT,IOC,222,3460.76,3477.79,FILLED,222,222
2024-03-16 23:18:02.044,SELL,LIMIT,IOC,5269,3459.04,3476.0,FILLED,2298,5269
2024-03-16 23:18:06.072,SELL,LIMIT,IOC,1870,3456.92,3473.15,FILLED,431,1870
2024-03-16 23:18:07.072,SELL,LIMIT,IOC,1143,3456.2,3471.98,FILLED,78,1143
2024-03-16 23:18:12.063,SELL,LIMIT,IOC,2,3454.53,3471.39,FILLED,2,2
2024-03-16 23:28:36.086,SELL,LIMIT,IOC,50,3486.15,3502.46,FILLED,50,50
2024-03-16 23:44:22.096,BUY,LIMIT,IOC,3540,3554.18,3537.39,FILLED,2152,3540
2024-03-16 23:46:38.105,SELL,LIMIT,IOC,166,3500.11,3517.48,FILLED,166,166
2024-03-17 00:03:58.085,BUY,LIMIT,IOC,6,3566.96,3554.55,FILLED,5,6
2024-03-17 00:06:39.092,BUY,LIMIT,IOC,18,3576.49,3560.23,FILLED,18,18
2024-03-17 00:52:33.041,SELL,LIMIT,IOC,37,3507.36,3524.98,FILLED,37,37
2024-03-17 00:54:51.087,SELL,LIMIT,IOC,408,3503.7,3520.92,FILLED,408,408
2024-03-17 00:58:10.036,SELL,LIMIT,IOC,790,3496.01,3513.24,FILLED,790,790
2024-03-17 00:58:56.070,SELL,LIMIT,IOC,3,3491.09,3508.33,FILLED,3,3
2024-03-17 05:38:01.023,SELL,LIMIT,IOC,4,3529.62,3545.7,FILLED,4,4
2024-03-17 05:38:14.057,SELL,LIMIT,IOC,209,3527.65,3544.75,FILLED,199,209
2024-03-17 05:38:16.046,SELL,LIMIT,IOC,88,3525.95,3543.59,FILLED,88,88
2024-03-17 05:39:03.056,SELL,LIMIT,IOC,154,3522.91,3540.19,FILLED,154,154
2024-03-17 06:11:41.091,SELL,LIMIT,IOC,289,3513.85,3530.59,FILLED,289,289
2024-03-17 06:14:36.044,SELL,LIMIT,IOC,50,3508.65,3526.01,FILLED,34,50
2024-03-17 06:32:50.074,SELL,LIMIT,IOC,25,3499.22,3516.48,FILLED,25,25
2024-03-17 06:32:52.070,SELL,LIMIT,IOC,25,3497.65,3515.0,FILLED,16,25
2024-03-17 06:33:53.043,SELL,LIMIT,IOC,350,3496.05,3513.4,FILLED,350,350
2024-03-17 06:35:48.042,SELL,LIMIT,IOC,500,3491.27,3508.0,FILLED,500,500
2024-03-17 06:35:52.086,SELL,LIMIT,IOC,3051,3488.75,3505.9,FILLED,18,3051
2024-03-17 06:39:13.055,SELL,LIMIT,IOC,1273,3481.93,3497.33,FILLED,901,1273
2024-03-17 06:39:33.039,SELL,LIMIT,IOC,120,3476.57,3493.0,FILLED,120,120
2024-03-17 06:39:34.088,SELL,LIMIT,IOC,43,3475.87,3492.21,FILLED,43,43
2024-03-17 06:39:45.014,SELL,LIMIT,IOC,772,3470.21,3486.94,FILLED,772,772
2024-03-17 06:39:46.071,SELL,LIMIT,IOC,254,3469.35,3486.86,FILLED,146,254
2024-03-17 06:42:38.081,SELL,LIMIT,IOC,110,3463.3,3479.6,FILLED,110,110
2024-03-17 06:42:47.062,SELL,LIMIT,IOC,388,3460.69,3476.48,FILLED,388,388
2024-03-17 06:42:48.108,SELL,LIMIT,IOC,235,3459.3,3477.59,FILLED,235,235
2024-03-17 06:55:41.063,SELL,LIMIT,IOC,143,3458.24,3474.79,FILLED,141,143
2024-03-17 06:56:23.028,SELL,LIMIT,IOC,219,3455.87,3473.08,FILLED,219,219
2024-03-17 06:57:03.041,SELL,LIMIT,IOC,1183,3453.16,3467.22,FILLED,367,1183
2024-03-17 06:57:36.028,SELL,LIMIT,IOC,46,3449.96,3465.0,FILLED,46,46
2024-03-17 06:57:37.078,SELL,LIMIT,IOC,472,3448.03,3465.0,FILLED,472,472
2024-03-17 06:57:38.076,SELL,LIMIT,IOC,1600,3447.5,3462.18,FILLED,1288,1600
2024-03-17 06:57:40.063,SELL,LIMIT,IOC,32,3443.84,3460.66,FILLED,32,32
2024-03-17 06:57:41.088,SELL,LIMIT,IOC,17,3443.32,3460.63,FILLED,17,17
2024-03-17 06:57:59.039,SELL,LIMIT,IOC,9,3442.53,3458.0,FILLED,9,9
2024-03-17 06:58:00.045,SELL,LIMIT,IOC,2,3441.86,3456.0,FILLED,2,2
2024-03-17 06:58:01.093,SELL,LIMIT,IOC,47,3439.02,3456.0,FILLED,2,47
2024-03-17 06:59:38.065,SELL,LIMIT,IOC,14,3436.49,3453.15,FILLED,9,14
2024-03-17 06:59:51.035,SELL,LIMIT,IOC,16040,3430.41,3450.24,FILLED,10249,16040
2024-03-17 06:59:55.034,SELL,LIMIT,IOC,59,3428.82,3442.73,FILLED,59,59
2024-03-17 07:00:01.034,SELL,LIMIT,IOC,103,3426.92,3441.43,FILLED,103,103
2024-03-17 07:00:02.085,SELL,LIMIT,IOC,101,3425.65,3442.39,FILLED,101,101
2024-03-17 07:00:28.042,SELL,LIMIT,IOC,700,3423.96,3439.79,FILLED,241,700
2024-03-17 07:00:29.053,SELL,LIMIT,IOC,100,3422.44,3438.69,FILLED,100,100
2024-03-17 07:00:30.061,SELL,LIMIT,IOC,25,3420.36,3436.76,FILLED,25,25
2024-03-17 07:13:01.075,SELL,LIMIT,IOC,71,3424.52,3441.14,FILLED,61,71
2024-03-17 07:13:28.096,SELL,LIMIT,IOC,876,3420.3,3437.07,FILLED,56,876
2024-03-17 07:13:35.065,SELL,LIMIT,IOC,204,3418.21,3433.74,FILLED,204,204
2024-03-17 07:13:37.034,SELL,LIMIT,IOC,303,3416.31,3432.96,FILLED,32,303
2024-03-17 07:13:38.047,SELL,LIMIT,IOC,7,3416.09,3431.99,FILLED,7,7
2024-03-17 07:13:39.052,SELL,LIMIT,IOC,17,3415.15,3431.8,FILLED,17,17
2024-03-17 07:13:40.075,SELL,LIMIT,IOC,85,3415.06,3431.39,FILLED,85,85
2024-03-17 07:18:40.058,SELL,LIMIT,IOC,3722,3411.3,3427.5,FILLED,1654,3722
2024-03-17 07:19:02.050,SELL,LIMIT,IOC,77,3410.33,3427.66,FILLED,77,77
2024-03-17 07:19:07.061,SELL,LIMIT,IOC,2594,3409.8,3426.99,FILLED,270,2594
2024-03-17 07:19:10.035,SELL,LIMIT,IOC,2,3409.13,3426.0,FILLED,2,2
2024-03-17 07:19:11.038,SELL,LIMIT,IOC,144,3408.83,3423.4,FILLED,144,144
2024-03-17 07:22:05.077,SELL,LIMIT,IOC,10,3406.79,3423.79,FILLED,8,10
2024-03-17 07:22:06.094,SELL,LIMIT,IOC,2,3405.32,3422.59,FILLED,2,2
2024-03-17 07:22:09.024,SELL,LIMIT,IOC,870,3404.16,3420.42,FILLED,32,870
2024-03-17 07:22:10.045,SELL,LIMIT,IOC,45,3403.76,3420.42,FILLED,12,45
2024-03-17 07:22:20.046,SELL,LIMIT,IOC,22,3403.1,3420.19,FILLED,22,22
2024-03-17 07:22:22.077,SELL,LIMIT,IOC,1166,3402.48,3419.41,FILLED,1166,1166
2024-03-17 07:22:24.073,SELL,LIMIT,IOC,2821,3401.85,3418.08,FILLED,12,2821
2024-03-17 07:22:36.085,SELL,LIMIT,IOC,1018,3401.0,3417.49,FILLED,47,1018
2024-03-17 07:22:38.031,SELL,LIMIT,IOC,95,3398.14,3414.07,FILLED,95,95
2024-03-17 07:22:39.082,SELL,LIMIT,IOC,161,3397.45,3413.99,FILLED,161,161
2024-03-17 07:22:52.046,SELL,LIMIT,IOC,528,3396.17,3415.67,FILLED,528,528
2024-03-17 07:36:30.056,SELL,LIMIT,IOC,2423,3418.91,3435.0,FILLED,324,2423
2024-03-17 07:49:16.083,BUY,LIMIT,IOC,577,3485.37,3470.09,FILLED,151,577
2024-03-17 07:50:12.092,BUY,LIMIT,IOC,244,3496.81,3479.99,FILLED,244,244
2024-03-17 08:28:23.077,BUY,LIMIT,IOC,13994,3524.94,3506.39,FILLED,26,13994
2024-03-17 08:28:37.066,BUY,LIMIT,IOC,379,3523.19,3508.88,FILLED,279,379
2024-03-17 08:28:38.069,BUY,LIMIT,IOC,71,3523.96,3509.07,FILLED,70,71
2024-03-17 08:28:39.092,BUY,LIMIT,IOC,519,3524.57,3508.77,FILLED,394,519
2024-03-17 08:35:17.058,BUY,LIMIT,IOC,31,3540.22,3526.66,FILLED,31,31
2024-03-17 08:35:31.023,BUY,LIMIT,IOC,189,3544.74,3528.55,FILLED,189,189
2024-03-17 08:39:42.026,BUY,LIMIT,IOC,119,3554.28,3538.48,FILLED,119,119
2024-03-17 08:51:29.055,BUY,LIMIT,IOC,1,3561.08,3545.48,FILLED,1,1
2024-03-17 08:55:02.069,BUY,LIMIT,IOC,355,3568.76,3558.21,FILLED,111,355
2024-03-17 08:56:13.031,BUY,LIMIT,IOC,1000,3579.51,3564.37,FILLED,207,1000
2024-03-17 10:22:16.086,BUY,LIMIT,IOC,6,3607.43,3591.3,FILLED,6,6
2024-03-17 10:27:35.104,BUY,LIMIT,IOC,1336,3609.04,3592.48,FILLED,565,1336
2024-03-17 12:21:35.021,SELL,LIMIT,IOC,78,3555.05,3569.82,FILLED,78,78
2024-03-17 12:31:23.100,SELL,LIMIT,IOC,14,3542.49,3559.7,FILLED,14,14
2024-03-17 12:53:31.076,SELL,LIMIT,IOC,191,3522.02,3539.55,FILLED,191,191
2024-03-17 12:53:47.055,SELL,LIMIT,IOC,120,3519.51,3536.38,FILLED,72,120
2024-03-17 12:53:49.037,SELL,LIMIT,IOC,458,3517.14,3534.49,FILLED,458,458
2024-03-17 12:53:56.070,SELL,LIMIT,IOC,11792,3512.42,3531.48,FILLED,1716,11792
2024-03-17 13:02:03.061,BUY,LIMIT,IOC,13,3578.62,3561.39,FILLED,13,13
2024-03-17 13:02:54.067,BUY,LIMIT,IOC,3541,3585.13,3570.52,FILLED,975,3541
2024-03-17 13:17:28.051,BUY,LIMIT,IOC,520,3600.31,3583.27,FILLED,313,520
2024-03-17 15:12:10.031,SELL,LIMIT,IOC,18,3564.74,3582.34,FILLED,18,18
2024-03-17 15:33:49.034,BUY,LIMIT,IOC,100,3629.5,3617.74,FILLED,100,100
2024-03-17 15:33:51.023,BUY,LIMIT,IOC,111,3635.73,3619.68,FILLED,111,111
2024-03-17 15:54:44.090,BUY,LIMIT,IOC,108,3660.32,3642.81,FILLED,108,108
2024-03-17 15:54:50.034,BUY,LIMIT,IOC,34,3662.82,3645.86,FILLED,34,34
2024-03-17 16:46:13.087,SELL,LIMIT,IOC,1252,3594.75,3611.85,FILLED,84,1252
2024-03-17 19:49:14.082,BUY,LIMIT,IOC,63,3674.38,3656.45,FILLED,63,63
2024-03-17 22:52:09.033,SELL,LIMIT,IOC,589,3641.67,3658.61,FILLED,580,589
2024-03-17 22:52:12.090,SELL,LIMIT,IOC,1669,3639.99,3656.88,FILLED,711,1669
2024-03-17 22:57:15.095,SELL,LIMIT,IOC,300,3636.76,3654.4,FILLED,300,300
2024-03-17 22:58:08.066,SELL,LIMIT,IOC,99,3631.76,3649.99,FILLED,89,99
2024-03-17 23:24:27.056,SELL,LIMIT,IOC,936,3615.24,3631.96,FILLED,168,936
2024-03-18 00:01:18.103,SELL,LIMIT,IOC,25,3620.53,3640.0,FILLED,25,25
2024-03-18 00:07:13.066,SELL,LIMIT,IOC,1000,3612.19,3630.43,FILLED,520,1000
2024-03-18 00:07:19.056,SELL,LIMIT,IOC,50,3611.44,3629.23,FILLED,32,50
2024-03-18 00:08:09.045,SELL,LIMIT,IOC,59,3607.09,3621.93,FILLED,59,59
2024-03-18 00:08:12.035,SELL,LIMIT,IOC,5,3603.31,3615.57,FILLED,5,5
2024-03-18 00:09:10.045,SELL,LIMIT,IOC,230,3598.73,3616.99,FILLED,230,230
2024-03-18 00:36:02.073,SELL,LIMIT,IOC,919,3584.08,3600.0,FILLED,919,919
2024-03-18 00:36:48.071,SELL,LIMIT,IOC,43,3581.26,3596.56,FILLED,43,43
2024-03-18 00:39:08.033,SELL,LIMIT,IOC,2,3570.77,3587.05,FILLED,2,2
2024-03-18 00:40:20.085,SELL,LIMIT,IOC,293,3565.47,3583.0,FILLED,236,293
2024-03-18 01:01:40.054,SELL,LIMIT,IOC,36,3558.48,3576.25,FILLED,36,36
2024-03-18 01:02:25.051,SELL,LIMIT,IOC,255,3557.23,3575.0,FILLED,255,255
2024-03-18 01:02:37.085,SELL,LIMIT,IOC,369,3555.65,3573.25,FILLED,300,369
2024-03-18 01:03:12.059,SELL,LIMIT,IOC,290,3551.43,3569.03,FILLED,290,290
2024-03-18 01:03:16.041,SELL,LIMIT,IOC,180,3548.79,3566.09,FILLED,180,180
2024-03-18 02:33:22.077,SELL,LIMIT,IOC,18,3568.21,3586.19,FILLED,18,18
2024-03-18 02:48:24.049,BUY,LIMIT,IOC,22,3629.09,3612.0,FILLED,21,22
2024-03-18 04:05:35.074,SELL,LIMIT,IOC,283,3567.5,3585.19,FILLED,95,283
2024-03-18 07:21:03.081,SELL,LIMIT,IOC,1,3602.01,3619.59,FILLED,1,1
2024-03-18 08:05:56.069,SELL,LIMIT,IOC,52,3597.91,3615.62,FILLED,52,52
2024-03-18 08:12:33.049,SELL,LIMIT,IOC,5,3590.29,3607.95,FILLED,5,5
2024-03-18 08:14:22.059,SELL,LIMIT,IOC,2722,3588.14,3605.99,FILLED,45,2722
2024-03-18 08:22:05.081,SELL,LIMIT,IOC,5,3582.49,3598.75,FILLED,5,5
2024-03-18 08:22:07.032,SELL,LIMIT,IOC,581,3580.76,3597.69,FILLED,49,581
2024-03-18 08:24:33.096,SELL,LIMIT,IOC,193,3568.54,3585.77,FILLED,193,193
2024-03-18 08:25:41.092,SELL,LIMIT,IOC,79,3560.86,3578.5,FILLED,64,79
2024-03-18 08:26:36.057,SELL,LIMIT,IOC,88,3553.17,3571.12,FILLED,77,88
2024-03-18 08:26:47.120,SELL,LIMIT,IOC,38,3550.4,3566.96,FILLED,38,38
2024-03-18 08:27:09.081,SELL,LIMIT,IOC,3793,3548.12,3565.39,FILLED,135,3793
2024-03-18 08:51:17.098,BUY,LIMIT,IOC,18,3614.26,3598.48,FILLED,18,18
2024-03-18 09:03:40.066,SELL,LIMIT,IOC,2,3566.01,3583.6,FILLED,2,2
2024-03-18 09:10:24.100,SELL,LIMIT,IOC,29,3554.8,3572.51,FILLED,28,29
2024-03-18 09:41:16.059,SELL,LIMIT,IOC,179,3558.3,3575.0,FILLED,65,179
2024-03-18 09:54:51.085,SELL,LIMIT,IOC,42,3543.72,3560.66,FILLED,42,42
2024-03-18 09:55:03.039,SELL,LIMIT,IOC,1090,3542.81,3560.4,FILLED,158,1090
2024-03-18 10:13:19.058,SELL,LIMIT,IOC,163,3535.48,3552.28,FILLED,1,163
2024-03-18 10:13:56.031,SELL,LIMIT,IOC,13,3533.62,3551.0,FILLED,13,13
2024-03-18 11:19:16.076,BUY,LIMIT,IOC,213,3615.75,3598.6,FILLED,213,213
2024-03-18 12:19:25.098,SELL,LIMIT,IOC,13,3566.81,3584.61,FILLED,13,13
2024-03-18 13:20:34.072,SELL,LIMIT,IOC,430,3547.48,3564.38,FILLED,185,430
2024-03-18 13:25:24.034,SELL,LIMIT,IOC,93,3540.72,3558.03,FILLED,93,93
2024-03-18 13:42:10.031,SELL,LIMIT,IOC,300,3549.51,3566.66,FILLED,169,300
2024-03-18 13:43:18.040,SELL,LIMIT,IOC,2531,3533.99,3550.96,FILLED,276,2531
2024-03-18 13:43:41.052,SELL,LIMIT,IOC,1263,3529.43,3544.5,FILLED,1263,1263
2024-03-18 13:43:56.053,SELL,LIMIT,IOC,12,3526.97,3543.84,FILLED,12,12
2024-03-18 13:46:41.090,SELL,LIMIT,IOC,338,3525.4,3541.52,FILLED,338,338
2024-03-18 13:47:35.106,SELL,LIMIT,IOC,53,3520.06,3536.56,FILLED,53,53
2024-03-18 13:48:12.068,SELL,LIMIT,IOC,5377,3517.93,3534.67,FILLED,377,5377
2024-03-18 13:48:13.079,SELL,LIMIT,IOC,238,3517.54,3535.19,FILLED,238,238
2024-03-18 13:48:28.081,SELL,LIMIT,IOC,933,3517.09,3534.55,FILLED,445,933
2024-03-18 14:13:01.043,BUY,LIMIT,IOC,39,3577.99,3562.29,FILLED,39,39
2024-03-18 14:19:48.042,SELL,LIMIT,IOC,92,3527.37,3544.49,FILLED,92,92
2024-03-18 14:31:12.099,SELL,LIMIT,IOC,16,3511.88,3527.58,FILLED,16,16
2024-03-18 14:31:19.027,SELL,LIMIT,IOC,1902,3508.58,3522.58,FILLED,850,1902
2024-03-18 14:31:20.064,SELL,LIMIT,IOC,14,3505.88,3522.65,FILLED,14,14
2024-03-18 14:31:22.073,SELL,LIMIT,IOC,6600,3502.59,3519.47,FILLED,6538,6600
2024-03-18 14:31:33.055,SELL,LIMIT,IOC,1907,3502.68,3521.29,FILLED,527,1907
2024-03-18 14:33:39.040,SELL,LIMIT,IOC,136,3499.59,3516.29,FILLED,54,136
2024-03-18 14:35:34.060,SELL,LIMIT,IOC,500,3490.89,3507.35,FILLED,500,500
2024-03-18 14:45:17.071,SELL,LIMIT,IOC,2,3484.31,3501.39,FILLED,2,2
2024-03-18 14:50:37.038,SELL,LIMIT,IOC,5,3483.44,3500.15,FILLED,5,5
2024-03-18 14:50:43.064,SELL,LIMIT,IOC,1817,3477.3,3494.05,FILLED,44,1817
2024-03-18 14:52:34.097,SELL,LIMIT,IOC,66,3475.95,3492.65,FILLED,66,66
2024-03-18 14:53:18.033,SELL,LIMIT,IOC,2,3474.35,3491.59,FILLED,2,2
2024-03-18 15:05:44.046,SELL,LIMIT,IOC,3,3481.54,3497.81,FILLED,3,3
2024-03-18 15:19:35.096,SELL,LIMIT,IOC,120,3472.72,3489.16,FILLED,120,120
2024-03-18 16:17:02.054,BUY,LIMIT,IOC,29,3565.44,3548.81,FILLED,29,29
2024-03-18 16:18:18.072,BUY,LIMIT,IOC,174,3568.6,3551.76,FILLED,174,174
2024-03-18 16:55:56.106,SELL,LIMIT,IOC,8,3482.1,3498.23,FILLED,7,8
2024-03-18 17:04:29.091,SELL,LIMIT,IOC,51,3465.86,3479.98,FILLED,50,51
2024-03-18 17:05:28.045,SELL,LIMIT,IOC,54,3461.05,3476.67,FILLED,54,54
2024-03-18 17:06:29.086,SELL,LIMIT,IOC,455,3457.28,3474.19,FILLED,455,455
2024-03-18 17:06:38.075,SELL,LIMIT,IOC,1,3456.03,3473.4,FILLED,1,1
2024-03-18 17:06:41.054,SELL,LIMIT,IOC,4366,3455.96,3472.87,FILLED,735,4366
2024-03-18 17:08:12.031,SELL,LIMIT,IOC,14,3453.61,3468.08,FILLED,14,14
2024-03-18 17:08:13.090,SELL,LIMIT,IOC,44,3452.4,3466.59,FILLED,44,44
2024-03-18 17:08:43.031,SELL,LIMIT,IOC,97,3444.47,3458.85,FILLED,97,97
2024-03-18 17:08:47.108,SELL,LIMIT,IOC,114,3442.38,3459.79,FILLED,114,114
2024-03-18 17:08:51.052,SELL,LIMIT,IOC,46,3441.91,3459.34,FILLED,46,46
2024-03-18 17:09:06.073,SELL,LIMIT,IOC,1,3440.06,3455.9,FILLED,1,1
2024-03-18 17:23:37.069,SELL,LIMIT,IOC,96,3467.26,3484.35,FILLED,96,96
2024-03-18 17:25:14.046,SELL,LIMIT,IOC,15,3457.99,3474.25,FILLED,12,15
2024-03-18 18:06:10.044,SELL,LIMIT,IOC,51,3479.76,3496.91,FILLED,51,51
2024-03-18 18:35:39.075,SELL,LIMIT,IOC,80,3472.38,3490.19,FILLED,80,80
2024-03-18 18:51:03.066,BUY,LIMIT,IOC,547,3518.4,3501.77,FILLED,85,547
2024-03-18 19:04:15.070,SELL,LIMIT,IOC,3,3455.8,3471.04,FILLED,3,3
2024-03-18 19:04:16.112,SELL,LIMIT,IOC,407,3454.56,3471.04,FILLED,329,407
2024-03-19 00:39:27.040,SELL,LIMIT,IOC,420,3484.91,3499.01,FILLED,253,420
2024-03-19 00:42:25.109,SELL,LIMIT,IOC,297,3471.2,3485.46,FILLED,297,297
2024-03-19 00:50:35.082,SELL,LIMIT,IOC,4000,3458.45,3473.37,FILLED,1348,4000
2024-03-19 00:52:47.044,SELL,LIMIT,IOC,768,3454.14,3470.48,FILLED,768,768
2024-03-19 00:52:59.075,SELL,LIMIT,IOC,8798,3450.37,3467.81,FILLED,981,8798
2024-03-19 00:53:00.091,SELL,LIMIT,IOC,16,3451.02,3467.78,FILLED,16,16
2024-03-19 00:55:37.085,SELL,LIMIT,IOC,120,3441.37,3458.19,FILLED,120,120
2024-03-19 00:55:46.066,SELL,LIMIT,IOC,110,3439.48,3455.99,FILLED,70,110
2024-03-19 00:56:02.073,SELL,LIMIT,IOC,427,3438.76,3453.0,FILLED,427,427
2024-03-19 00:56:03.088,SELL,LIMIT,IOC,126,3437.59,3453.0,FILLED,101,126
2024-03-19 00:56:10.089,SELL,LIMIT,IOC,35,3436.08,3452.79,FILLED,21,35
2024-03-19 01:04:25.068,SELL,LIMIT,IOC,964,3434.44,3450.32,FILLED,263,964
2024-03-19 01:04:34.086,SELL,LIMIT,IOC,19,3433.9,3450.35,FILLED,19,19
2024-03-19 01:04:38.100,SELL,LIMIT,IOC,1137,3432.94,3447.59,FILLED,39,1137
2024-03-19 01:04:40.091,SELL,LIMIT,IOC,15,3429.87,3447.99,FILLED,15,15
2024-03-19 01:04:46.054,SELL,LIMIT,IOC,46,3429.04,3445.66,FILLED,46,46
2024-03-19 01:05:10.039,SELL,LIMIT,IOC,23,3427.49,3442.74,FILLED,15,23
2024-03-19 01:05:15.042,SELL,LIMIT,IOC,198,3426.64,3443.79,FILLED,198,198
2024-03-19 01:05:21.038,SELL,LIMIT,IOC,1200,3425.32,3440.07,FILLED,881,1200
2024-03-19 01:05:34.098,SELL,LIMIT,IOC,73,3423.42,3439.64,FILLED,72,73
2024-03-19 01:05:59.036,SELL,LIMIT,IOC,22,3421.47,3437.09,FILLED,22,22
2024-03-19 01:06:00.093,SELL,LIMIT,IOC,13,3420.64,3438.02,FILLED,13,13
2024-03-19 01:06:18.050,SELL,LIMIT,IOC,12,3419.48,3436.79,FILLED,12,12
2024-03-19 01:10:46.095,SELL,LIMIT,IOC,13,3416.43,3432.0,FILLED,13,13
2024-03-19 01:10:48.083,SELL,LIMIT,IOC,3,3414.69,3432.0,FILLED,3,3
2024-03-19 01:11:01.060,SELL,LIMIT,IOC,5258,3412.97,3428.21,FILLED,237,5258
2024-03-19 01:19:25.035,SELL,LIMIT,IOC,216,3409.98,3425.2,FILLED,216,216
2024-03-19 01:20:13.069,SELL,LIMIT,IOC,5,3406.02,3422.45,FILLED,5,5
2024-03-19 01:20:16.046,SELL,LIMIT,IOC,44,3404.29,3420.93,FILLED,44,44
2024-03-19 01:20:23.066,SELL,LIMIT,IOC,338,3403.54,3420.54,FILLED,338,338
2024-03-19 01:20:24.079,SELL,LIMIT,IOC,61,3403.43,3420.99,FILLED,61,61
2024-03-19 01:20:30.020,SELL,LIMIT,IOC,274,3402.33,3418.83,FILLED,28,274
2024-03-19 01:20:31.038,SELL,LIMIT,IOC,148,3402.11,3419.66,FILLED,148,148
2024-03-19 01:21:37.049,SELL,LIMIT,IOC,627,3400.59,3416.79,FILLED,212,627
2024-03-19 01:21:47.101,SELL,LIMIT,IOC,261,3399.06,3415.39,FILLED,261,261
2024-03-19 01:22:10.038,SELL,LIMIT,IOC,78,3396.39,3412.55,FILLED,78,78
2024-03-19 01:22:11.106,SELL,LIMIT,IOC,19,3395.89,3410.42,FILLED,19,19
2024-03-19 01:22:12.108,SELL,LIMIT,IOC,5311,3393.88,3410.01,FILLED,5311,5311
2024-03-19 01:22:43.030,SELL,LIMIT,IOC,1009,3392.32,3408.72,FILLED,124,1009
2024-03-19 01:28:31.054,SELL,LIMIT,IOC,31188,3386.75,3406.38,FILLED,385,31188
2024-03-19 01:28:32.080,SELL,LIMIT,IOC,1,3389.5,3406.92,FILLED,1,1
2024-03-19 01:28:45.075,SELL,LIMIT,IOC,876,3389.47,3406.2,FILLED,516,876
2024-03-19 01:29:14.052,SELL,LIMIT,IOC,11,3388.75,3405.39,FILLED,11,11
2024-03-19 01:29:16.088,SELL,LIMIT,IOC,1361,3388.1,3405.01,FILLED,1361,1361
2024-03-19 01:29:27.050,SELL,LIMIT,IOC,580,3386.84,3403.28,FILLED,149,580
2024-03-19 01:29:28.096,SELL,LIMIT,IOC,1024,3386.47,3401.0,FILLED,1024,1024
2024-03-19 01:29:30.037,SELL,LIMIT,IOC,33,3384.59,3401.39,FILLED,33,33
2024-03-19 01:32:18.093,SELL,LIMIT,IOC,54,3383.58,3400.47,FILLED,54,54
2024-03-19 01:32:23.064,SELL,LIMIT,IOC,179,3383.23,3401.01,FILLED,179,179
2024-03-19 01:32:30.107,SELL,LIMIT,IOC,293,3383.08,3400.99,FILLED,293,293
2024-03-19 01:33:10.122,SELL,LIMIT,IOC,53,3382.88,3398.23,FILLED,33,53
2024-03-19 01:33:12.083,SELL,LIMIT,IOC,101,3381.08,3396.1,FILLED,35,101
2024-03-19 01:33:13.095,SELL,LIMIT,IOC,15,3379.44,3396.09,FILLED,15,15
2024-03-19 01:33:23.092,SELL,LIMIT,IOC,194,3378.73,3397.19,FILLED,194,194
2024-03-19 01:33:24.101,SELL,LIMIT,IOC,124,3378.65,3396.2,FILLED,124,124
2024-03-19 01:34:46.037,SELL,LIMIT,IOC,2,3378.08,3394.0,FILLED,2,2
2024-03-19 01:34:47.058,SELL,LIMIT,IOC,1564,3377.51,3394.33,FILLED,102,1564
2024-03-19 01:34:50.039,SELL,LIMIT,IOC,334,3376.91,3394.39,FILLED,334,334
2024-03-19 01:34:56.035,SELL,LIMIT,IOC,460,3376.29,3392.64,FILLED,460,460
2024-03-19 01:34:57.043,SELL,LIMIT,IOC,20,3374.97,3389.2,FILLED,20,20
2024-03-19 01:35:14.038,SELL,LIMIT,IOC,1,3371.54,3387.4,FILLED,1,1
2024-03-19 01:35:15.091,SELL,LIMIT,IOC,2167,3371.11,3387.2,FILLED,18,2167
2024-03-19 01:35:17.096,SELL,LIMIT,IOC,96,3369.8,3385.48,FILLED,10,96
2024-03-19 01:35:22.081,SELL,LIMIT,IOC,19,3368.37,3384.81,FILLED,19,19
2024-03-19 01:35:24.041,SELL,LIMIT,IOC,38,3367.8,3386.13,FILLED,38,38
2024-03-19 02:47:17.091,SELL,LIMIT,IOC,2200,3396.89,3413.19,FILLED,2200,2200
2024-03-19 03:34:26.032,SELL,LIMIT,IOC,900,3383.45,3399.2,FILLED,49,900
2024-03-19 03:35:00.093,SELL,LIMIT,IOC,395,3377.55,3394.79,FILLED,395,395
2024-03-19 03:39:44.101,SELL,LIMIT,IOC,187,3371.61,3388.0,FILLED,186,187
2024-03-19 03:40:00.037,SELL,LIMIT,IOC,198,3369.75,3386.22,FILLED,198,198
2024-03-19 03:40:02.068,SELL,LIMIT,IOC,641,3366.57,3382.01,FILLED,581,641
2024-03-19 03:40:03.088,SELL,LIMIT,IOC,66,3365.81,3382.99,FILLED,66,66
2024-03-19 03:40:24.065,SELL,LIMIT,IOC,19,3365.06,3381.79,FILLED,19,19
2024-03-19 03:40:30.097,SELL,LIMIT,IOC,522,3364.63,3380.62,FILLED,462,522
2024-03-19 03:40:31.090,SELL,LIMIT,IOC,171,3364.17,3379.82,FILLED,151,171
2024-03-19 03:40:32.105,SELL,LIMIT,IOC,1711,3363.52,3378.39,FILLED,485,1711
2024-03-19 03:40:33.104,SELL,LIMIT,IOC,70,3361.2,3377.94,FILLED,70,70
2024-03-19 03:40:36.028,SELL,LIMIT,IOC,4,3359.12,3374.26,FILLED,4,4
2024-03-19 03:40:37.034,SELL,LIMIT,IOC,100,3357.76,3370.28,FILLED,100,100
2024-03-19 03:40:38.048,SELL,LIMIT,IOC,4997,3356.15,3372.35,FILLED,27,4997
2024-03-19 03:41:11.068,SELL,LIMIT,IOC,16,3352.48,3368.0,FILLED,16,16
2024-03-19 03:41:14.049,SELL,LIMIT,IOC,49,3351.19,3366.0,FILLED,49,49
2024-03-19 03:41:15.054,SELL,LIMIT,IOC,31,3349.65,3368.21,FILLED,1,31
2024-03-19 03:51:44.079,BUY,LIMIT,IOC,18,3436.64,3423.4,FILLED,3,18
2024-03-19 04:16:02.113,SELL,LIMIT,IOC,21,3391.14,3407.2,FILLED,21,21
2024-03-19 04:16:12.056,SELL,LIMIT,IOC,80,3389.1,3404.82,FILLED,80,80
2024-03-19 04:38:37.056,SELL,LIMIT,IOC,20,3387.4,3403.8,FILLED,20,20
2024-03-19 04:39:53.078,SELL,LIMIT,IOC,266,3378.66,3394.6,FILLED,20,266
2024-03-19 04:41:49.037,SELL,LIMIT,IOC,5,3373.22,3389.99,FILLED,5,5
2024-03-19 04:47:45.098,SELL,LIMIT,IOC,10338,3361.45,3380.79,FILLED,5254,10338
2024-03-19 04:47:54.042,SELL,LIMIT,IOC,1,3363.09,3379.95,FILLED,1,1
2024-03-19 05:30:02.094,SELL,LIMIT,IOC,68,3350.96,3367.79,FILLED,68,68
2024-03-19 05:38:10.065,SELL,LIMIT,IOC,177,3357.11,3372.64,FILLED,117,177
2024-03-19 05:44:21.030,SELL,LIMIT,IOC,72,3349.94,3367.0,FILLED,72,72
2024-03-19 05:44:43.083,SELL,LIMIT,IOC,2258,3348.86,3364.14,FILLED,70,2258
2024-03-19 05:44:47.088,SELL,LIMIT,IOC,24,3346.51,3364.39,FILLED,24,24
2024-03-19 05:46:42.076,SELL,LIMIT,IOC,70188,3334.82,3359.2,FILLED,1774,70188
2024-03-19 05:46:43.093,SELL,LIMIT,IOC,64,3345.2,3359.67,FILLED,64,64
2024-03-19 05:46:45.092,SELL,LIMIT,IOC,6182,3341.95,3359.78,FILLED,691,6182
2024-03-19 05:46:48.027,SELL,LIMIT,IOC,7,3342.39,3358.64,FILLED,7,7
2024-03-19 05:47:15.033,SELL,LIMIT,IOC,15,3341.37,3357.79,FILLED,15,15
2024-03-19 05:47:17.060,SELL,LIMIT,IOC,5,3340.79,3357.4,FILLED,5,5
2024-03-19 05:47:53.028,SELL,LIMIT,IOC,750,3340.03,3356.51,FILLED,388,750
2024-03-19 05:48:22.064,SELL,LIMIT,IOC,4,3339.67,3355.53,FILLED,4,4
2024-03-19 05:48:25.065,SELL,LIMIT,IOC,12,3338.84,3355.35,FILLED,12,12
2024-03-19 06:36:51.070,SELL,LIMIT,IOC,507,3348.84,3365.87,FILLED,507,507
2024-03-19 06:43:22.060,SELL,LIMIT,IOC,84,3337.04,3353.2,FILLED,59,84
2024-03-19 06:44:10.051,SELL,LIMIT,IOC,3422,3336.33,3352.99,FILLED,203,3422
2024-03-19 06:48:32.081,SELL,LIMIT,IOC,3,3335.68,3351.84,FILLED,3,3
2024-03-19 06:48:33.117,SELL,LIMIT,IOC,1,3335.32,3352.4,FILLED,1,1
2024-03-19 06:51:26.049,SELL,LIMIT,IOC,2231,3334.99,3351.82,FILLED,728,2231
2024-03-19 06:51:43.073,SELL,LIMIT,IOC,250,3334.54,3351.14,FILLED,250,250
2024-03-19 06:52:18.087,SELL,LIMIT,IOC,3200,3333.98,3350.14,FILLED,549,3200
2024-03-19 07:03:44.036,SELL,LIMIT,IOC,5059,3334.72,3348.88,FILLED,219,5059
2024-03-19 07:03:45.078,SELL,LIMIT,IOC,9807,3330.23,3349.55,FILLED,27,9807
2024-03-19 07:03:59.099,SELL,LIMIT,IOC,323,3331.93,3348.56,FILLED,323,323
2024-03-19 07:13:35.041,SELL,LIMIT,IOC,19,3329.83,3345.4,FILLED,19,19
2024-03-19 07:13:36.051,SELL,LIMIT,IOC,3,3328.99,3345.2,FILLED,3,3
2024-03-19 07:13:37.068,SELL,LIMIT,IOC,120,3328.5,3345.0,FILLED,120,120
2024-03-19 07:14:08.473,SELL,LIMIT,IOC,121,3327.86,3343.0,FILLED,121,121
2024-03-19 07:14:10.033,SELL,LIMIT,IOC,49,3325.74,3341.01,FILLED,49,49
2024-03-19 07:14:11.040,SELL,LIMIT,IOC,1,3324.56,3341.99,FILLED,1,1
2024-03-19 07:14:34.015,SELL,LIMIT,IOC,44,3324.12,3340.14,FILLED,10,44
2024-03-19 07:14:35.030,SELL,LIMIT,IOC,300,3323.69,3340.07,FILLED,300,300
2024-03-19 07:14:38.015,SELL,LIMIT,IOC,336,3319.57,3335.83,FILLED,108,336
2024-03-19 07:14:39.072,SELL,LIMIT,IOC,320,3318.4,3334.98,FILLED,320,320
2024-03-19 07:14:52.039,SELL,LIMIT,IOC,213,3317.71,3334.2,FILLED,213,213
2024-03-19 07:14:54.057,SELL,LIMIT,IOC,334,3317.32,3333.68,FILLED,334,334
2024-03-19 07:16:51.013,SELL,LIMIT,IOC,387,3314.58,3330.0,FILLED,387,387
2024-03-19 07:16:52.014,SELL,LIMIT,IOC,900,3313.84,3328.0,FILLED,75,900
2024-03-19 07:16:53.022,SELL,LIMIT,IOC,159,3310.66,3326.87,FILLED,159,159
2024-03-19 07:16:55.026,SELL,LIMIT,IOC,469,3310.08,3325.44,FILLED,2,469
2024-03-19 07:16:57.016,SELL,LIMIT,IOC,90,3307.56,3324.18,FILLED,90,90
2024-03-19 07:16:58.040,SELL,LIMIT,IOC,22,3306.63,3322.81,FILLED,11,22
2024-03-19 07:16:59.046,SELL,LIMIT,IOC,360,3306.11,3320.15,FILLED,360,360
2024-03-19 07:17:00.046,SELL,LIMIT,IOC,61,3304.1,3319.41,FILLED,43,61
2024-03-19 07:17:01.069,SELL,LIMIT,IOC,307,3303.48,3319.41,FILLED,158,307
2024-03-19 07:17:02.067,SELL,LIMIT,IOC,3164,3302.57,3320.6,FILLED,1046,3164
2024-03-19 07:17:07.039,SELL,LIMIT,IOC,117,3302.39,3318.25,FILLED,117,117
2024-03-19 07:17:08.071,SELL,LIMIT,IOC,18,3301.76,3319.09,FILLED,18,18
2024-03-19 07:17:18.029,SELL,LIMIT,IOC,1702,3301.59,3315.9,FILLED,68,1702
2024-03-19 07:17:19.027,SELL,LIMIT,IOC,2772,3299.65,3314.67,FILLED,402,2772
2024-03-19 07:17:20.053,SELL,LIMIT,IOC,4,3298.17,3314.1,FILLED,4,4
2024-03-19 07:17:21.068,SELL,LIMIT,IOC,23,3297.42,3312.52,FILLED,11,23
2024-03-19 07:17:22.096,SELL,LIMIT,IOC,31,3297.04,3312.54,FILLED,19,31
2024-03-19 07:17:23.104,SELL,LIMIT,IOC,166,3295.49,3312.34,FILLED,166,166
2024-03-19 07:17:26.040,SELL,LIMIT,IOC,36,3294.75,3311.87,FILLED,36,36
2024-03-19 07:17:44.052,SELL,LIMIT,IOC,1823,3293.72,3310.07,FILLED,650,1823
2024-03-19 07:17:46.071,SELL,LIMIT,IOC,5924,3292.66,3307.64,FILLED,218,5924
2024-03-19 07:17:47.103,SELL,LIMIT,IOC,304,3292.54,3308.86,FILLED,304,304
2024-03-19 08:18:43.059,SELL,LIMIT,IOC,119,3297.5,3312.41,FILLED,119,119
2024-03-19 08:19:27.112,SELL,LIMIT,IOC,509,3294.87,3311.15,FILLED,509,509
2024-03-19 08:19:36.061,SELL,LIMIT,IOC,24,3292.94,3309.49,FILLED,24,24
2024-03-19 08:20:02.058,SELL,LIMIT,IOC,664,3292.52,3309.19,FILLED,577,664
2024-03-19 08:21:39.036,SELL,LIMIT,IOC,13,3291.68,3307.52,FILLED,13,13
2024-03-19 08:21:42.074,SELL,LIMIT,IOC,12,3290.91,3307.0,FILLED,12,12
2024-03-19 08:21:47.077,SELL,LIMIT,IOC,19,3289.98,3305.0,FILLED,19,19
2024-03-19 08:21:49.051,SELL,LIMIT,IOC,2170,3288.83,3305.01,FILLED,36,2170
2024-03-19 08:23:08.025,SELL,LIMIT,IOC,6,3288.03,3304.11,FILLED,6,6
2024-03-19 08:27:36.017,SELL,LIMIT,IOC,2017,3283.62,3299.0,FILLED,607,2017
2024-03-19 08:27:38.042,SELL,LIMIT,IOC,311,3283.51,3298.92,FILLED,311,311
2024-03-19 08:27:39.046,SELL,LIMIT,IOC,779,3281.79,3298.1,FILLED,770,779
2024-03-19 08:27:41.085,SELL,LIMIT,IOC,6,3281.38,3297.61,FILLED,6,6
2024-03-19 08:27:47.069,SELL,LIMIT,IOC,45,3280.61,3296.89,FILLED,45,45
2024-03-19 08:27:58.029,SELL,LIMIT,IOC,16,3279.63,3294.8,FILLED,16,16
2024-03-19 08:27:59.049,SELL,LIMIT,IOC,4296,3278.51,3293.29,FILLED,1010,4296
2024-03-19 08:28:02.024,SELL,LIMIT,IOC,1189,3276.86,3292.3,FILLED,656,1189
2024-03-19 08:28:09.095,SELL,LIMIT,IOC,331,3275.49,3291.54,FILLED,156,331
2024-03-19 08:28:20.029,SELL,LIMIT,IOC,23,3274.51,3290.4,FILLED,23,23
2024-03-19 08:28:21.047,SELL,LIMIT,IOC,1034,3274.22,3290.0,FILLED,1034,1034
2024-03-19 08:29:15.056,SELL,LIMIT,IOC,10,3272.89,3288.88,FILLED,10,10
2024-03-19 08:29:20.052,SELL,LIMIT,IOC,3236,3271.95,3286.86,FILLED,64,3236
2024-03-19 08:29:21.084,SELL,LIMIT,IOC,42,3270.84,3286.79,FILLED,41,42
2024-03-19 08:29:22.109,SELL,LIMIT,IOC,2397,3270.57,3286.96,FILLED,106,2397
2024-03-19 08:30:10.100,SELL,LIMIT,IOC,2,3269.11,3284.0,FILLED,2,2
2024-03-19 08:30:16.075,SELL,LIMIT,IOC,7,3267.38,3283.6,FILLED,7,7
2024-03-19 08:30:18.054,SELL,LIMIT,IOC,168,3266.76,3282.2,FILLED,168,168
2024-03-19 08:30:19.094,SELL,LIMIT,IOC,1256,3266.17,3282.17,FILLED,95,1256
2024-03-19 08:30:21.068,SELL,LIMIT,IOC,878,3265.57,3280.86,FILLED,716,878
2024-03-19 08:30:22.094,SELL,LIMIT,IOC,4256,3265.03,3280.69,FILLED,395,4256
2024-03-19 08:30:53.098,SELL,LIMIT,IOC,3522,3264.52,3280.5,FILLED,2568,3522
2024-03-19 08:30:57.059,SELL,LIMIT,IOC,70,3264.33,3280.23,FILLED,70,70
2024-03-19 08:31:06.046,SELL,LIMIT,IOC,5,3263.7,3280.0,FILLED,5,5
2024-03-19 08:31:12.065,SELL,LIMIT,IOC,203,3262.68,3278.0,FILLED,203,203
2024-03-19 08:40:45.059,SELL,LIMIT,IOC,1674,3273.12,3288.18,FILLED,434,1674
2024-03-19 08:43:06.071,SELL,LIMIT,IOC,270,3262.16,3278.59,FILLED,70,270
2024-03-19 08:43:08.052,SELL,LIMIT,IOC,803,3261.15,3275.99,FILLED,803,803
2024-03-19 08:43:14.037,SELL,LIMIT,IOC,37,3259.79,3273.99,FILLED,37,37
2024-03-19 08:43:15.046,SELL,LIMIT,IOC,7,3258.03,3273.67,FILLED,7,7
2024-03-19 08:43:18.063,SELL,LIMIT,IOC,2500,3257.98,3274.39,FILLED,59,2500
2024-03-19 08:45:25.032,SELL,LIMIT,IOC,11,3256.77,3272.0,FILLED,11,11
2024-03-19 08:45:26.049,SELL,LIMIT,IOC,110,3253.63,3266.98,FILLED,110,110
2024-03-19 08:45:27.091,SELL,LIMIT,IOC,2127,3252.09,3267.12,FILLED,820,2127
2024-03-19 08:45:29.025,SELL,LIMIT,IOC,5,3250.34,3266.95,FILLED,5,5
2024-03-19 08:45:32.084,SELL,LIMIT,IOC,406,3248.68,3263.59,FILLED,396,406
2024-03-19 08:45:33.105,SELL,LIMIT,IOC,1718,3247.84,3263.24,FILLED,6,1718
2024-03-19 08:46:13.069,SELL,LIMIT,IOC,1160,3246.75,3262.81,FILLED,11,1160
2024-03-19 08:46:14.090,SELL,LIMIT,IOC,38,3246.54,3261.59,FILLED,38,38
2024-03-19 08:46:20.025,SELL,LIMIT,IOC,226,3245.14,3259.5,FILLED,226,226
2024-03-19 08:46:21.082,SELL,LIMIT,IOC,43837,3237.55,3257.93,FILLED,9042,43837
2024-03-19 08:47:18.041,SELL,LIMIT,IOC,29,3242.81,3259.79,FILLED,29,29
2024-03-19 08:47:32.071,SELL,LIMIT,IOC,3164,3241.36,3256.68,FILLED,74,3164
2024-03-19 08:47:34.063,SELL,LIMIT,IOC,5764,3240.55,3255.18,FILLED,635,5764
2024-03-19 08:47:35.088,SELL,LIMIT,IOC,10,3240.73,3256.2,FILLED,10,10
2024-03-19 08:48:41.095,SELL,LIMIT,IOC,3979,3239.97,3253.67,FILLED,479,3979
2024-03-19 08:48:42.095,SELL,LIMIT,IOC,82,3239.34,3252.8,FILLED,82,82
2024-03-19 08:48:46.024,SELL,LIMIT,IOC,30,3237.19,3252.62,FILLED,30,30
2024-03-19 08:48:58.097,SELL,LIMIT,IOC,57,3236.87,3253.19,FILLED,57,57
2024-03-19 08:49:01.051,SELL,LIMIT,IOC,7,3236.75,3253.19,FILLED,7,7
2024-03-19 08:49:04.084,SELL,LIMIT,IOC,169,3236.27,3252.85,FILLED,169,169
2024-03-19 08:50:16.037,SELL,LIMIT,IOC,666,3235.6,3251.83,FILLED,454,666
2024-03-19 08:50:20.049,SELL,LIMIT,IOC,50259,3226.8,3250.97,FILLED,741,50259
2024-03-19 08:50:21.089,SELL,LIMIT,IOC,1582,3234.41,3251.39,FILLED,845,1582
2024-03-19 08:52:59.033,SELL,LIMIT,IOC,182,3235.85,3251.19,FILLED,182,182
2024-03-19 08:54:15.022,SELL,LIMIT,IOC,155,3233.84,3250.0,FILLED,155,155
2024-03-19 08:54:21.039,SELL,LIMIT,IOC,674,3233.25,3250.0,FILLED,674,674
2024-03-19 08:54:23.062,SELL,LIMIT,IOC,5934,3232.27,3250.0,FILLED,1550,5934
2024-03-19 08:54:31.079,SELL,LIMIT,IOC,314,3232.13,3246.34,FILLED,58,314
2024-03-19 08:54:33.029,SELL,LIMIT,IOC,930,3228.79,3241.94,FILLED,930,930
2024-03-19 08:54:34.055,SELL,LIMIT,IOC,3,3227.7,3241.79,FILLED,3,3
2024-03-19 08:54:36.082,SELL,LIMIT,IOC,315,3225.85,3241.81,FILLED,315,315
2024-03-19 08:54:37.089,SELL,LIMIT,IOC,11,3225.63,3240.01,FILLED,10,11
2024-03-19 08:54:39.065,SELL,LIMIT,IOC,229,3224.77,3240.0,FILLED,229,229
2024-03-19 08:54:50.016,SELL,LIMIT,IOC,389,3224.04,3239.0,FILLED,389,389
2024-03-19 08:54:51.072,SELL,LIMIT,IOC,19,3223.5,3239.8,FILLED,19,19
2024-03-19 08:54:53.029,SELL,LIMIT,IOC,65,3222.44,3237.07,FILLED,65,65
2024-03-19 08:54:54.060,SELL,LIMIT,IOC,215,3221.67,3235.96,FILLED,215,215
2024-03-19 08:55:02.039,SELL,LIMIT,IOC,96,3220.5,3234.67,FILLED,80,96
2024-03-19 08:55:03.063,SELL,LIMIT,IOC,1830,3219.21,3234.99,FILLED,273,1830
2024-03-19 08:55:04.069,SELL,LIMIT,IOC,40,3219.03,3233.83,FILLED,40,40
2024-03-19 08:55:05.095,SELL,LIMIT,IOC,382,3218.55,3233.81,FILLED,382,382
2024-03-19 08:55:06.095,SELL,LIMIT,IOC,2,3217.98,3234.59,FILLED,2,2
2024-03-19 08:55:58.082,SELL,LIMIT,IOC,5946,3215.28,3231.25,FILLED,23,5946
2024-03-19 08:57:06.091,SELL,LIMIT,IOC,1914,3213.9,3230.0,FILLED,84,1914
2024-03-19 08:57:08.040,SELL,LIMIT,IOC,35,3213.42,3230.59,FILLED,35,35
2024-03-19 09:07:55.035,SELL,LIMIT,IOC,81140,3200.34,3225.23,FILLED,11720,81140
2024-03-19 09:07:56.041,SELL,LIMIT,IOC,1172,3209.84,3223.94,FILLED,279,1172
2024-03-19 09:07:58.041,SELL,LIMIT,IOC,23,3208.42,3223.66,FILLED,23,23
2024-03-19 09:07:59.064,SELL,LIMIT,IOC,8,3208.21,3222.61,FILLED,8,8
2024-03-19 09:08:02.041,SELL,LIMIT,IOC,12,3207.34,3222.22,FILLED,12,12
2024-03-19 09:08:03.083,SELL,LIMIT,IOC,178,3206.78,3221.17,FILLED,178,178
2024-03-19 09:08:04.068,SELL,LIMIT,IOC,23,3206.61,3220.83,FILLED,23,23
2024-03-19 09:08:06.051,SELL,LIMIT,IOC,96,3205.61,3220.4,FILLED,96,96
2024-03-19 09:11:06.047,SELL,LIMIT,IOC,131,3204.2,3216.63,FILLED,41,131
2024-03-19 09:11:08.074,SELL,LIMIT,IOC,497,3203.25,3216.0,FILLED,465,497
2024-03-19 09:11:47.040,SELL,LIMIT,IOC,35796,3195.3,3212.52,FILLED,6142,35796
2024-03-19 09:11:49.038,SELL,LIMIT,IOC,34,3199.98,3211.8,FILLED,34,34
2024-03-19 09:11:51.102,SELL,LIMIT,IOC,202,3199.09,3210.6,FILLED,202,202
2024-03-19 09:12:04.040,SELL,LIMIT,IOC,1,3198.59,3210.19,FILLED,1,1
2024-03-19 09:14:38.039,BUY,LIMIT,IOC,53,3277.15,3263.33,FILLED,53,53
2024-03-19 09:19:30.085,SELL,LIMIT,IOC,17,3242.01,3258.8,FILLED,17,17
2024-03-19 09:33:54.101,BUY,LIMIT,IOC,4,3302.85,3287.81,FILLED,4,4
2024-03-19 09:37:50.025,SELL,LIMIT,IOC,2,3252.68,3268.92,FILLED,2,2
2024-03-19 09:40:36.077,SELL,LIMIT,IOC,1,3238.73,3255.18,FILLED,1,1
2024-03-19 09:54:11.052,BUY,LIMIT,IOC,40,3310.8,3296.32,FILLED,40,40
2024-03-19 10:16:28.104,SELL,LIMIT,IOC,1,3237.05,3242.61,FILLED,1,1
2024-03-19 10:16:33.054,SELL,LIMIT,IOC,340,3225.9,3241.67,FILLED,340,340
2024-03-19 10:16:48.084,SELL,LIMIT,IOC,19,3222.49,3236.8,FILLED,19,19
2024-03-19 10:17:36.026,SELL,LIMIT,IOC,219,3214.36,3230.48,FILLED,219,219
2024-03-19 10:18:04.084,SELL,LIMIT,IOC,3,3211.61,3225.05,FILLED,3,3
2024-03-19 10:18:07.057,SELL,LIMIT,IOC,130,3209.08,3221.79,FILLED,130,130
2024-03-19 10:20:13.018,SELL,LIMIT,IOC,919,3204.59,3221.0,FILLED,919,919
2024-03-19 10:47:49.105,SELL,LIMIT,IOC,500,3201.49,3217.39,FILLED,99,500
2024-03-19 10:48:18.037,SELL,LIMIT,IOC,153,3197.56,3212.8,FILLED,153,153
2024-03-19 10:55:54.018,SELL,LIMIT,IOC,99,3215.72,3231.0,FILLED,99,99
2024-03-19 11:04:11.082,SELL,LIMIT,IOC,335,3208.18,3223.28,FILLED,335,335
2024-03-19 11:10:29.102,SELL,LIMIT,IOC,267,3194.46,3208.41,FILLED,267,267
2024-03-19 11:10:31.024,SELL,LIMIT,IOC,2,3192.64,3207.08,FILLED,1,2
2024-03-19 11:10:49.026,SELL,LIMIT,IOC,932,3192.14,3207.15,FILLED,380,932
2024-03-19 11:10:50.093,SELL,LIMIT,IOC,79,3192.0,3207.1,FILLED,44,79
2024-03-19 11:30:53.033,BUY,LIMIT,IOC,1,3240.52,3225.3,FILLED,1,1
2024-03-19 11:34:34.064,BUY,LIMIT,IOC,155,3261.91,3247.4,FILLED,155,155
2024-03-19 11:35:40.075,BUY,LIMIT,IOC,3147,3263.64,3248.01,FILLED,72,3147
2024-03-19 11:39:05.041,BUY,LIMIT,IOC,298,3265.08,3250.77,FILLED,229,298
2024-03-19 11:39:10.046,BUY,LIMIT,IOC,413,3267.04,3252.79,FILLED,413,413
2024-03-19 11:49:01.057,BUY,LIMIT,IOC,4875,3286.05,3270.06,FILLED,829,4875
2024-03-19 11:49:21.038,BUY,LIMIT,IOC,308,3287.57,3272.21,FILLED,308,308
2024-03-19 11:49:51.047,BUY,LIMIT,IOC,5,3293.51,3277.53,FILLED,5,5
2024-03-19 12:01:47.037,BUY,LIMIT,IOC,172,3301.5,3286.66,FILLED,172,172
2024-03-19 12:04:15.023,SELL,LIMIT,IOC,1234,3258.86,3274.84,FILLED,834,1234
2024-03-19 12:11:55.079,BUY,LIMIT,IOC,7,3310.93,3295.0,FILLED,7,7
2024-03-19 12:17:39.085,SELL,LIMIT,IOC,2,3251.9,3263.62,FILLED,2,2
2024-03-19 12:18:03.078,SELL,LIMIT,IOC,493,3242.4,3258.57,FILLED,193,493
2024-03-19 12:53:15.078,BUY,LIMIT,IOC,266,3324.14,3309.52,FILLED,65,266
2024-03-19 12:53:19.072,BUY,LIMIT,IOC,713,3325.15,3310.39,FILLED,413,713
2024-03-19 12:53:21.052,BUY,LIMIT,IOC,60,3327.52,3314.61,FILLED,60,60
2024-03-19 13:02:52.102,SELL,LIMIT,IOC,166,3274.09,3290.2,FILLED,166,166
2024-03-19 13:03:09.087,SELL,LIMIT,IOC,16,3272.12,3288.99,FILLED,16,16
2024-03-19 13:16:10.102,SELL,LIMIT,IOC,34,3256.39,3272.9,FILLED,34,34
2024-03-19 13:24:15.056,BUY,LIMIT,IOC,6,3314.52,3298.79,FILLED,4,6
2024-03-19 13:41:19.029,SELL,LIMIT,IOC,1,3266.19,3282.17,FILLED,1,1
2024-03-19 14:02:00.041,SELL,LIMIT,IOC,2,3256.5,3272.0,FILLED,1,2
2024-03-19 14:02:19.036,SELL,LIMIT,IOC,2,3248.9,3263.79,FILLED,2,2
2024-03-19 14:08:30.076,SELL,LIMIT,IOC,966,3239.95,3255.62,FILLED,882,966
2024-03-19 14:09:54.041,SELL,LIMIT,IOC,29,3226.59,3241.59,FILLED,29,29
2024-03-19 14:09:56.053,SELL,LIMIT,IOC,2050,3223.97,3240.66,FILLED,531,2050
2024-03-19 14:10:22.036,SELL,LIMIT,IOC,12,3220.97,3235.56,FILLED,5,12
2024-03-19 14:23:19.094,SELL,LIMIT,IOC,82,3212.54,3227.84,FILLED,75,82
2024-03-19 14:23:47.048,SELL,LIMIT,IOC,4,3211.11,3226.32,FILLED,4,4
2024-03-19 14:24:05.069,SELL,LIMIT,IOC,29031,3204.35,3222.63,FILLED,214,29031
2024-03-19 14:44:16.069,BUY,LIMIT,IOC,266,3274.52,3258.76,FILLED,77,266
2024-03-19 14:44:20.042,BUY,LIMIT,IOC,28,3275.32,3260.2,FILLED,28,28
2024-03-19 14:44:26.088,BUY,LIMIT,IOC,1255,3277.04,3261.59,FILLED,675,1255
2024-03-19 15:01:22.035,SELL,LIMIT,IOC,7,3223.53,3237.68,FILLED,7,7
2024-03-19 15:01:23.118,SELL,LIMIT,IOC,2638,3221.9,3238.92,FILLED,1140,2638
2024-03-19 15:15:06.046,SELL,LIMIT,IOC,208,3215.49,3230.86,FILLED,199,208
2024-03-19 15:33:51.027,BUY,LIMIT,IOC,2826,3288.33,3273.82,FILLED,121,2826
2024-03-19 15:36:24.065,BUY,LIMIT,IOC,17,3301.57,3286.49,FILLED,17,17
2024-03-19 15:54:20.045,SELL,LIMIT,IOC,17,3284.29,3300.99,FILLED,17,17
2024-03-19 16:39:16.027,BUY,LIMIT,IOC,19,3330.8,3314.87,FILLED,19,19
2024-03-19 16:43:14.096,BUY,LIMIT,IOC,556,3339.24,3323.5,FILLED,141,556
2024-03-19 16:52:20.042,BUY,LIMIT,IOC,50,3348.08,3340.48,FILLED,50,50
2024-03-19 16:52:40.099,BUY,LIMIT,IOC,60,3360.04,3346.41,FILLED,60,60
2024-03-19 17:05:19.064,BUY,LIMIT,IOC,1,3362.72,3347.71,FILLED,1,1
2024-03-19 17:05:21.022,BUY,LIMIT,IOC,333,3363.37,3348.21,FILLED,333,333
2024-03-19 17:36:12.078,SELL,LIMIT,IOC,1,3311.68,3327.99,FILLED,1,1
2024-03-19 17:38:03.021,SELL,LIMIT,IOC,9,3309.03,3325.06,FILLED,9,9
2024-03-19 17:39:52.082,SELL,LIMIT,IOC,15,3306.7,3321.93,FILLED,15,15
2024-03-19 18:07:27.046,SELL,LIMIT,IOC,21,3283.05,3299.42,FILLED,21,21
2024-03-19 18:08:23.040,SELL,LIMIT,IOC,293,3281.09,3297.52,FILLED,293,293
2024-03-19 18:48:29.065,SELL,LIMIT,IOC,23,3293.37,3308.79,FILLED,23,23
2024-03-19 19:25:30.108,BUY,LIMIT,IOC,89,3377.37,3360.21,FILLED,89,89
2024-03-19 19:58:26.048,BUY,LIMIT,IOC,90,3361.12,3345.39,FILLED,90,90
2024-03-19 20:19:47.027,SELL,LIMIT,IOC,2,3273.27,3289.2,FILLED,2,2
2024-03-19 20:20:35.074,SELL,LIMIT,IOC,581,3270.8,3287.79,FILLED,131,581
2024-03-19 20:23:25.041,SELL,LIMIT,IOC,1,3259.14,3274.99,FILLED,1,1
2024-03-19 20:23:44.187,SELL,LIMIT,IOC,40,3256.69,3272.25,FILLED,40,40
2024-03-19 20:44:29.070,SELL,LIMIT,IOC,89,3261.28,3277.07,FILLED,83,89
2024-03-19 21:22:55.099,SELL,LIMIT,IOC,2024,3240.36,3255.0,FILLED,650,2024
2024-03-19 21:22:57.029,SELL,LIMIT,IOC,3,3238.29,3253.41,FILLED,3,3
2024-03-19 22:15:43.075,SELL,LIMIT,IOC,106,3237.06,3252.36,FILLED,104,106
2024-03-19 22:16:19.051,SELL,LIMIT,IOC,67,3233.75,3249.89,FILLED,67,67
2024-03-19 22:16:33.067,SELL,LIMIT,IOC,306,3231.68,3247.08,FILLED,233,306
2024-03-19 22:16:36.042,SELL,LIMIT,IOC,16,3231.09,3246.59,FILLED,16,16
2024-03-19 22:19:34.092,SELL,LIMIT,IOC,1,3227.33,3242.5,FILLED,1,1
2024-03-19 22:23:03.075,SELL,LIMIT,IOC,236,3220.0,3236.19,FILLED,236,236
2024-03-19 22:28:46.041,SELL,LIMIT,IOC,10,3213.25,3226.77,FILLED,10,10
2024-03-19 22:29:13.087,SELL,LIMIT,IOC,678,3209.93,3225.79,FILLED,407,678
2024-03-19 22:31:12.020,SELL,LIMIT,IOC,4,3205.28,3220.59,FILLED,4,4
2024-03-19 22:31:57.072,BUY,LIMIT,IOC,20,3253.33,3239.47,FILLED,20,20
2024-03-19 22:43:13.061,SELL,LIMIT,IOC,478,3200.51,3213.16,FILLED,478,478
2024-03-19 22:43:14.075,SELL,LIMIT,IOC,27,3199.33,3211.34,FILLED,27,27
2024-03-19 22:43:15.093,SELL,LIMIT,IOC,141,3195.95,3212.01,FILLED,141,141
2024-03-19 22:53:00.050,SELL,LIMIT,IOC,40,3190.74,3205.0,FILLED,40,40
2024-03-19 22:53:01.070,SELL,LIMIT,IOC,351,3188.71,3201.16,FILLED,351,351
2024-03-19 22:53:02.071,SELL,LIMIT,IOC,3,3186.4,3202.47,FILLED,3,3
2024-03-19 22:53:04.040,SELL,LIMIT,IOC,85,3183.85,3193.02,FILLED,85,85
2024-03-19 22:56:12.019,SELL,LIMIT,IOC,2852,3178.24,3192.21,FILLED,2852,2852
2024-03-19 22:56:13.032,SELL,LIMIT,IOC,65,3177.25,3194.03,FILLED,65,65
2024-03-19 23:03:38.034,SELL,LIMIT,IOC,198,3176.87,3190.55,FILLED,1,198
2024-03-19 23:03:39.053,SELL,LIMIT,IOC,30,3174.66,3188.88,FILLED,30,30
2024-03-19 23:03:40.056,SELL,LIMIT,IOC,654,3173.86,3188.88,FILLED,654,654
2024-03-19 23:03:44.037,SELL,LIMIT,IOC,74,3173.27,3188.2,FILLED,74,74
2024-03-19 23:03:46.031,SELL,LIMIT,IOC,46927,3164.18,3184.11,FILLED,2812,46927
2024-03-19 23:03:47.056,SELL,LIMIT,IOC,159,3169.53,3184.51,FILLED,159,159
2024-03-19 23:03:49.072,SELL,LIMIT,IOC,25,3167.0,3181.01,FILLED,25,25
2024-03-19 23:04:14.101,SELL,LIMIT,IOC,999,3164.86,3179.71,FILLED,193,999
2024-03-19 23:04:19.083,SELL,LIMIT,IOC,16,3163.81,3180.01,FILLED,16,16
2024-03-19 23:05:34.035,SELL,LIMIT,IOC,136,3163.45,3178.01,FILLED,20,136
2024-03-19 23:05:38.037,SELL,LIMIT,IOC,6,3161.72,3177.5,FILLED,6,6
2024-03-19 23:06:15.055,SELL,LIMIT,IOC,4,3161.42,3176.6,FILLED,4,4
2024-03-19 23:06:17.093,SELL,LIMIT,IOC,80,3160.1,3175.77,FILLED,22,80
2024-03-19 23:06:19.022,SELL,LIMIT,IOC,81,3159.89,3176.79,FILLED,81,81
2024-03-19 23:06:25.064,SELL,LIMIT,IOC,3913,3159.29,3176.25,FILLED,2411,3913
2024-03-19 23:06:55.053,SELL,LIMIT,IOC,751,3157.25,3172.69,FILLED,28,751
2024-03-19 23:06:58.046,SELL,LIMIT,IOC,3046,3155.57,3171.24,FILLED,318,3046
2024-03-19 23:07:09.077,SELL,LIMIT,IOC,1237,3154.71,3170.07,FILLED,1060,1237
2024-03-19 23:07:12.032,SELL,LIMIT,IOC,11,3154.0,3169.05,FILLED,11,11
2024-03-19 23:07:31.055,SELL,LIMIT,IOC,1550,3153.28,3168.16,FILLED,414,1550
2024-03-19 23:07:54.058,SELL,LIMIT,IOC,1,3152.16,3167.39,FILLED,1,1
2024-03-19 23:14:41.025,SELL,LIMIT,IOC,120,3151.49,3166.81,FILLED,120,120
2024-03-19 23:15:41.032,SELL,LIMIT,IOC,9,3150.85,3165.55,FILLED,9,9
2024-03-19 23:15:44.063,SELL,LIMIT,IOC,36,3149.4,3164.9,FILLED,36,36
2024-03-19 23:15:45.073,SELL,LIMIT,IOC,26,3149.24,3164.9,FILLED,26,26
2024-03-19 23:22:28.039,SELL,LIMIT,IOC,17,3147.76,3161.5,FILLED,17,17
2024-03-19 23:22:29.087,SELL,LIMIT,IOC,8,3145.46,3161.24,FILLED,8,8
2024-03-19 23:22:33.029,SELL,LIMIT,IOC,19430,3140.61,3159.85,FILLED,270,19430
2024-03-19 23:22:36.097,SELL,LIMIT,IOC,100,3142.76,3157.45,FILLED,100,100
2024-03-19 23:22:39.048,SELL,LIMIT,IOC,147,3140.87,3156.5,FILLED,147,147
2024-03-19 23:22:42.071,SELL,LIMIT,IOC,4,3140.73,3156.39,FILLED,4,4
2024-03-19 23:22:47.026,SELL,LIMIT,IOC,745,3140.26,3156.2,FILLED,23,745
2024-03-19 23:22:48.088,SELL,LIMIT,IOC,44,3140.12,3156.2,FILLED,44,44
2024-03-19 23:22:52.063,SELL,LIMIT,IOC,2636,3139.78,3155.34,FILLED,318,2636
2024-03-19 23:22:57.040,SELL,LIMIT,IOC,50,3138.68,3153.67,FILLED,4,50
2024-03-19 23:22:58.081,SELL,LIMIT,IOC,158,3137.71,3152.16,FILLED,158,158
2024-03-19 23:23:35.046,SELL,LIMIT,IOC,29,3136.51,3152.16,FILLED,29,29
2024-03-19 23:23:54.064,SELL,LIMIT,IOC,21000,3131.99,3151.69,FILLED,2874,21000
2024-03-19 23:39:14.101,SELL,LIMIT,IOC,1432,3146.4,3161.0,FILLED,432,1432
2024-03-19 23:55:11.041,SELL,LIMIT,IOC,50,3145.68,3161.15,FILLED,48,50
2024-03-20 00:04:46.063,SELL,LIMIT,IOC,169,3142.13,3156.99,FILLED,169,169
2024-03-20 00:18:19.045,BUY,LIMIT,IOC,8,3196.41,3181.59,FILLED,8,8
2024-03-20 00:37:28.064,BUY,LIMIT,IOC,9,3238.46,3224.29,FILLED,9,9
2024-03-20 00:58:59.039,BUY,LIMIT,IOC,50,3255.02,3239.08,FILLED,50,50
2024-03-20 01:22:01.029,SELL,LIMIT,IOC,1068,3162.31,3175.43,FILLED,1068,1068
2024-03-20 01:22:02.043,SELL,LIMIT,IOC,150,3160.95,3175.6,FILLED,150,150
2024-03-20 03:24:37.118,BUY,LIMIT,IOC,10,3270.84,3256.9,FILLED,10,10
2024-03-20 03:48:30.064,SELL,LIMIT,IOC,12,3194.68,3211.26,FILLED,12,12
2024-03-20 03:52:10.037,SELL,LIMIT,IOC,4579,3188.31,3202.75,FILLED,3105,4579
2024-03-20 03:57:19.053,SELL,LIMIT,IOC,790,3151.21,3165.19,FILLED,441,790
2024-03-20 03:57:26.108,SELL,LIMIT,IOC,1,3145.56,3162.79,FILLED,1,1
2024-03-20 03:57:31.084,SELL,LIMIT,IOC,20,3144.93,3159.89,FILLED,20,20
2024-03-20 03:57:45.070,SELL,LIMIT,IOC,15959,3139.76,3158.15,FILLED,503,15959
2024-03-20 03:57:48.113,SELL,LIMIT,IOC,10,3141.03,3155.6,FILLED,10,10
2024-03-20 04:24:47.073,SELL,LIMIT,IOC,103,3144.23,3157.51,FILLED,103,103
2024-03-20 04:30:41.033,SELL,LIMIT,IOC,44,3133.3,3144.83,FILLED,44,44
2024-03-20 04:30:42.115,SELL,LIMIT,IOC,865,3130.86,3145.07,FILLED,718,865
2024-03-20 04:30:44.032,SELL,LIMIT,IOC,6705,3125.22,3137.56,FILLED,167,6705
2024-03-20 04:30:45.051,SELL,LIMIT,IOC,1,3124.82,3137.94,FILLED,1,1
2024-03-20 04:30:54.081,SELL,LIMIT,IOC,38,3122.28,3134.74,FILLED,38,38
2024-03-20 04:30:55.076,SELL,LIMIT,IOC,86,3120.38,3132.06,FILLED,86,86
2024-03-20 04:30:57.088,SELL,LIMIT,IOC,153,3116.29,3131.39,FILLED,153,153
2024-03-20 04:33:59.027,SELL,LIMIT,IOC,6,3113.47,3129.36,FILLED,6,6
2024-03-20 04:34:03.065,SELL,LIMIT,IOC,139,3112.99,3126.24,FILLED,41,139
2024-03-20 04:34:04.096,SELL,LIMIT,IOC,126,3110.99,3124.99,FILLED,126,126
2024-03-20 04:34:18.023,SELL,LIMIT,IOC,453,3110.17,3124.99,FILLED,301,453
2024-03-20 04:34:29.054,SELL,LIMIT,IOC,107,3106.93,3120.0,FILLED,107,107
2024-03-20 04:34:30.062,SELL,LIMIT,IOC,6,3106.42,3119.67,FILLED,6,6
2024-03-20 04:34:33.038,SELL,LIMIT,IOC,325,3105.55,3116.25,FILLED,325,325
2024-03-20 04:34:34.042,SELL,LIMIT,IOC,36,3103.76,3115.12,FILLED,36,36
2024-03-20 04:34:35.074,SELL,LIMIT,IOC,99,3102.25,3115.2,FILLED,99,99
2024-03-20 04:36:40.017,SELL,LIMIT,IOC,214,3102.05,3116.18,FILLED,214,214
2024-03-20 04:36:41.050,SELL,LIMIT,IOC,388,3101.3,3115.0,FILLED,388,388
2024-03-20 04:36:45.038,SELL,LIMIT,IOC,5,3099.06,3110.23,FILLED,5,5
2024-03-20 04:36:46.055,SELL,LIMIT,IOC,232,3096.68,3110.57,FILLED,232,232
2024-03-20 04:36:47.071,SELL,LIMIT,IOC,100,3095.58,3110.54,FILLED,100,100
2024-03-20 04:38:33.057,SELL,LIMIT,IOC,541,3094.89,3109.58,FILLED,541,541
2024-03-20 04:38:34.081,SELL,LIMIT,IOC,798,3093.59,3109.21,FILLED,798,798
2024-03-20 05:11:38.034,SELL,LIMIT,IOC,25,3094.09,3108.75,FILLED,24,25
2024-03-20 05:11:47.021,SELL,LIMIT,IOC,33,3091.82,3106.93,FILLED,33,33
2024-03-20 05:11:48.045,SELL,LIMIT,IOC,138,3091.31,3105.6,FILLED,63,138
2024-03-20 05:12:16.067,SELL,LIMIT,IOC,69,3089.21,3102.39,FILLED,69,69
2024-03-20 05:12:18.035,SELL,LIMIT,IOC,22,3085.46,3100.89,FILLED,22,22
2024-03-20 05:12:48.035,SELL,LIMIT,IOC,20,3080.61,3091.61,FILLED,18,20
2024-03-20 05:12:49.033,SELL,LIMIT,IOC,334,3079.04,3091.8,FILLED,146,334
2024-03-20 05:12:58.058,SELL,LIMIT,IOC,1347,3075.82,3090.59,FILLED,294,1347
2024-03-20 05:13:09.056,SELL,LIMIT,IOC,90,3075.13,3089.33,FILLED,90,90
2024-03-20 05:13:11.075,SELL,LIMIT,IOC,73,3074.41,3089.69,FILLED,64,73
2024-03-20 05:13:12.104,SELL,LIMIT,IOC,8,3074.24,3089.42,FILLED,8,8
2024-03-20 05:16:50.105,SELL,LIMIT,IOC,2850,3074.19,3089.43,FILLED,111,2850
2024-03-20 05:23:08.056,SELL,LIMIT,IOC,136,3075.71,3090.4,FILLED,136,136
2024-03-20 05:23:20.046,SELL,LIMIT,IOC,160,3072.22,3086.06,FILLED,160,160
2024-03-20 05:23:24.041,SELL,LIMIT,IOC,322,3071.8,3086.63,FILLED,264,322
2024-03-20 05:23:28.091,SELL,LIMIT,IOC,2916,3071.35,3086.6,FILLED,2080,2916
2024-03-20 05:23:29.119,SELL,LIMIT,IOC,5,3070.5,3084.25,FILLED,5,5
2024-03-20 05:23:30.151,SELL,LIMIT,IOC,82,3068.21,3081.79,FILLED,82,82
2024-03-20 05:23:36.041,SELL,LIMIT,IOC,125,3064.0,3079.2,FILLED,125,125
2024-03-20 05:23:38.031,BUY,LIMIT,IOC,3677,3094.27,3078.59,FILLED,31,3677
2024-03-20 05:23:41.074,SELL,LIMIT,IOC,878,3063.17,3078.99,FILLED,478,878
2024-03-20 05:23:43.080,SELL,LIMIT,IOC,25050,3059.06,3077.42,FILLED,1923,25050
2024-03-20 05:23:47.038,SELL,LIMIT,IOC,4,3062.12,3075.75,FILLED,4,4
2024-03-20 05:23:48.047,SELL,LIMIT,IOC,120,3060.16,3074.2,FILLED,120,120
2024-03-20 05:23:49.066,SELL,LIMIT,IOC,14,3058.41,3070.92,FILLED,14,14
2024-03-20 05:23:50.085,SELL,LIMIT,IOC,11,3055.17,3068.07,FILLED,11,11
2024-03-20 05:23:52.031,SELL,LIMIT,IOC,547,3051.35,3065.83,FILLED,60,547
2024-03-20 05:23:53.038,SELL,LIMIT,IOC,4029,3050.64,3065.38,FILLED,240,4029
2024-03-20 05:23:54.032,SELL,LIMIT,IOC,599,3050.1,3063.8,FILLED,99,599
2024-03-20 05:23:55.049,SELL,LIMIT,IOC,149,3048.71,3063.59,FILLED,139,149
2024-03-20 05:23:57.024,SELL,LIMIT,IOC,45,3046.64,3060.61,FILLED,45,45
2024-03-20 05:23:58.029,SELL,LIMIT,IOC,16,3045.3,3059.45,FILLED,16,16
2024-03-20 05:56:56.121,BUY,LIMIT,IOC,3559,3125.09,3118.61,FILLED,55,3559
2024-03-20 06:24:10.043,SELL,LIMIT,IOC,270,3123.89,3141.06,FILLED,270,270
2024-03-20 07:05:53.054,BUY,LIMIT,IOC,59,3173.29,3159.8,FILLED,59,59
2024-03-20 07:25:47.096,BUY,LIMIT,IOC,46,3194.96,3180.61,FILLED,46,46
2024-03-20 07:27:11.024,BUY,LIMIT,IOC,53,3200.16,3185.41,FILLED,53,53
2024-03-20 07:41:35.089,BUY,LIMIT,IOC,3,3209.55,3195.1,FILLED,3,3
2024-03-20 07:43:23.069,BUY,LIMIT,IOC,512,3221.62,3205.81,FILLED,451,512
2024-03-20 07:43:30.048,BUY,LIMIT,IOC,207,3222.26,3209.36,FILLED,207,207
2024-03-20 07:44:20.045,BUY,LIMIT,IOC,2,3227.87,3212.21,FILLED,2,2
2024-03-20 07:53:21.091,BUY,LIMIT,IOC,384,3231.54,3217.0,FILLED,384,384
2024-03-20 08:11:47.022,BUY,LIMIT,IOC,300,3248.13,3232.38,FILLED,150,300
2024-03-20 08:53:20.083,SELL,LIMIT,IOC,2,3200.76,3216.23,FILLED,2,2
2024-03-20 09:35:49.052,BUY,LIMIT,IOC,1,3254.6,3240.37,FILLED,1,1
2024-03-20 09:48:42.049,SELL,LIMIT,IOC,288,3212.54,3228.59,FILLED,76,288
2024-03-20 10:32:49.031,BUY,LIMIT,IOC,203,3267.47,3254.2,FILLED,203,203
2024-03-20 11:26:50.114,BUY,LIMIT,IOC,252,3284.92,3269.6,FILLED,252,252
2024-03-20 11:27:38.022,BUY,LIMIT,IOC,113,3290.77,3275.21,FILLED,113,113
2024-03-20 11:27:54.040,BUY,LIMIT,IOC,10,3295.39,3280.8,FILLED,10,10
2024-03-20 11:28:05.092,BUY,LIMIT,IOC,218,3297.21,3284.6,FILLED,218,218
2024-03-20 11:28:15.054,BUY,LIMIT,IOC,125,3301.18,3285.4,FILLED,125,125
2024-03-20 11:29:07.041,BUY,LIMIT,IOC,712,3305.3,3292.82,FILLED,311,712
2024-03-20 11:29:08.087,BUY,LIMIT,IOC,1660,3307.75,3294.2,FILLED,304,1660
2024-03-20 11:41:03.028,SELL,LIMIT,IOC,17,3263.08,3279.01,FILLED,17,17
2024-03-20 11:46:43.066,SELL,LIMIT,IOC,16,3253.53,3268.79,FILLED,16,16
2024-03-20 11:57:27.079,BUY,LIMIT,IOC,250,3306.4,3293.53,FILLED,27,250
2024-03-20 12:06:41.056,BUY,LIMIT,IOC,24,3315.43,3300.52,FILLED,23,24
2024-03-20 12:07:00.068,BUY,LIMIT,IOC,189,3321.74,3306.9,FILLED,189,189
2024-03-20 12:07:03.103,BUY,LIMIT,IOC,316,3324.6,3308.01,FILLED,32,316
2024-03-20 12:07:22.041,BUY,LIMIT,IOC,3,3328.37,3312.81,FILLED,3,3
2024-03-20 12:07:32.058,BUY,LIMIT,IOC,1,3328.57,3313.7,FILLED,1,1
2024-03-20 12:07:34.090,BUY,LIMIT,IOC,11,3330.12,3316.47,FILLED,11,11
2024-03-20 12:07:54.062,BUY,LIMIT,IOC,5,3336.38,3322.21,FILLED,4,5
2024-03-20 12:18:35.020,BUY,LIMIT,IOC,2,3350.5,3337.01,FILLED,2,2
2024-03-20 12:18:37.060,BUY,LIMIT,IOC,6,3352.28,3339.61,FILLED,6,6
2024-03-20 12:18:49.030,BUY,LIMIT,IOC,24,3355.24,3341.89,FILLED,24,24
2024-03-20 12:24:19.117,BUY,LIMIT,IOC,1,3360.91,3345.01,FILLED,1,1
2024-03-20 12:35:05.040,BUY,LIMIT,IOC,9,3371.06,3354.6,FILLED,7,9
2024-03-20 13:32:26.056,SELL,LIMIT,IOC,7,3316.42,3331.75,FILLED,7,7
2024-03-20 13:41:39.032,BUY,LIMIT,IOC,31,3383.23,3366.41,FILLED,31,31
2024-03-20 13:41:45.081,BUY,LIMIT,IOC,3082,3387.0,3372.28,FILLED,204,3082
2024-03-20 14:11:48.056,SELL,LIMIT,IOC,213,3319.96,3335.9,FILLED,213,213
2024-03-20 14:11:49.069,SELL,LIMIT,IOC,6,3319.68,3336.13,FILLED,6,6
2024-03-20 14:27:37.029,BUY,LIMIT,IOC,7,3378.35,3362.81,FILLED,7,7
2024-03-20 14:48:33.054,BUY,LIMIT,IOC,156,3390.35,3376.8,FILLED,156,156
2024-03-20 14:48:49.063,BUY,LIMIT,IOC,64,3394.11,3378.55,FILLED,64,64
2024-03-20 14:57:10.033,BUY,LIMIT,IOC,30,3404.39,3387.77,FILLED,30,30
2024-03-20 15:01:08.080,BUY,LIMIT,IOC,3351,3406.38,3389.6,FILLED,1129,3351
2024-03-20 15:15:56.069,SELL,LIMIT,IOC,193,3350.8,3364.23,FILLED,193,193
2024-03-20 15:16:07.021,SELL,LIMIT,IOC,169,3338.43,3349.78,FILLED,169,169
2024-03-20 15:16:11.096,SELL,LIMIT,IOC,404,3334.36,3345.34,FILLED,404,404
2024-03-20 15:16:17.036,SELL,LIMIT,IOC,872,3324.72,3339.79,FILLED,472,872
2024-03-20 15:17:30.057,SELL,LIMIT,IOC,33,3309.62,3322.02,FILLED,33,33
2024-03-20 15:32:36.049,SELL,LIMIT,IOC,25,3307.33,3323.99,FILLED,25,25
2024-03-20 15:44:24.083,SELL,LIMIT,IOC,22597,3288.5,3308.2,FILLED,9792,22597
2024-03-20 15:44:36.044,SELL,LIMIT,IOC,32,3289.92,3305.79,FILLED,32,32
2024-03-20 15:44:38.030,SELL,LIMIT,IOC,296,3288.61,3304.6,FILLED,296,296
2024-03-20 15:44:54.025,SELL,LIMIT,IOC,30,3283.99,3296.27,FILLED,27,30
2024-03-20 15:46:10.062,SELL,LIMIT,IOC,66,3278.13,3294.19,FILLED,66,66
2024-03-20 15:46:12.073,SELL,LIMIT,IOC,33,3276.97,3292.99,FILLED,33,33
2024-03-20 15:51:36.045,BUY,LIMIT,IOC,211,3331.34,3316.8,FILLED,211,211
2024-03-20 15:54:47.045,SELL,LIMIT,IOC,2622,3282.65,3298.14,FILLED,1557,2622
2024-03-20 16:01:09.037,SELL,LIMIT,IOC,66,3266.48,3282.27,FILLED,66,66
2024-03-20 16:01:10.091,SELL,LIMIT,IOC,27,3265.63,3281.07,FILLED,12,27
2024-03-20 16:01:12.051,SELL,LIMIT,IOC,1,3261.2,3275.4,FILLED,1,1
2024-03-20 16:01:27.020,SELL,LIMIT,IOC,45,3259.52,3275.59,FILLED,45,45
2024-03-20 16:01:29.095,SELL,LIMIT,IOC,31,3258.88,3275.0,FILLED,31,31
2024-03-20 16:18:10.057,SELL,LIMIT,IOC,130,3273.19,3288.85,FILLED,130,130
2024-03-20 16:18:25.068,SELL,LIMIT,IOC,16,3272.56,3288.6,FILLED,16,16
2024-03-20 16:23:08.094,SELL,LIMIT,IOC,107,3255.09,3268.6,FILLED,107,107
2024-03-20 16:23:16.070,SELL,LIMIT,IOC,168,3248.79,3263.02,FILLED,159,168
2024-03-20 16:23:21.037,SELL,LIMIT,IOC,5013,3245.94,3255.42,FILLED,1944,5013
2024-03-20 16:23:22.092,SELL,LIMIT,IOC,342,3239.75,3258.33,FILLED,8,342
2024-03-20 16:23:39.057,SELL,LIMIT,IOC,5378,3238.38,3252.0,FILLED,2933,5378
2024-03-20 16:24:05.080,SELL,LIMIT,IOC,13,3235.43,3247.6,FILLED,13,13
2024-03-20 16:25:32.048,SELL,LIMIT,IOC,34,3225.62,3238.47,FILLED,1,34
2024-03-20 16:26:17.052,SELL,LIMIT,IOC,17,3218.03,3230.98,FILLED,17,17
2024-03-20 16:27:19.092,SELL,LIMIT,IOC,121,3210.32,3226.91,FILLED,121,121
2024-03-20 16:27:29.085,SELL,LIMIT,IOC,26,3208.36,3221.89,FILLED,26,26
2024-03-20 16:27:57.081,SELL,LIMIT,IOC,72,3199.02,3211.42,FILLED,72,72
2024-03-20 16:28:19.033,SELL,LIMIT,IOC,820,3189.15,3203.2,FILLED,238,820
2024-03-20 16:28:25.063,SELL,LIMIT,IOC,33,3186.51,3194.8,FILLED,33,33
2024-03-20 16:28:26.068,SELL,LIMIT,IOC,497,3181.0,3196.79,FILLED,497,497
2024-03-20 16:28:52.046,SELL,LIMIT,IOC,123,3178.3,3187.8,FILLED,123,123
2024-03-20 16:28:55.033,SELL,LIMIT,IOC,2,3169.97,3181.93,FILLED,2,2
2024-03-20 16:28:57.102,SELL,LIMIT,IOC,121,3168.32,3182.16,FILLED,81,121
2024-03-20 16:30:23.093,SELL,LIMIT,IOC,15,3171.71,3185.15,FILLED,15,15
2024-03-20 16:30:30.070,SELL,LIMIT,IOC,21,3164.14,3177.4,FILLED,21,21
2024-03-20 16:30:53.097,SELL,LIMIT,IOC,193,3158.78,3172.59,FILLED,193,193
2024-03-20 16:31:21.086,SELL,LIMIT,IOC,2,3155.94,3169.9,FILLED,2,2
2024-03-20 16:31:45.047,SELL,LIMIT,IOC,99,3152.17,3160.0,FILLED,99,99
2024-03-20 16:31:47.054,SELL,LIMIT,IOC,48,3145.73,3158.41,FILLED,35,48
2024-03-20 16:31:58.029,SELL,LIMIT,IOC,3221,3143.08,3155.07,FILLED,958,3221
2024-03-20 16:33:21.031,SELL,LIMIT,IOC,37,3138.89,3153.71,FILLED,37,37
2024-03-20 16:33:22.086,SELL,LIMIT,IOC,1027,3138.04,3152.8,FILLED,67,1027
2024-03-20 16:33:24.092,SELL,LIMIT,IOC,10,3136.8,3152.03,FILLED,10,10
2024-03-20 16:33:26.101,SELL,LIMIT,IOC,20,3135.44,3146.69,FILLED,20,20
2024-03-20 16:33:28.033,SELL,LIMIT,IOC,306,3130.4,3145.47,FILLED,67,306
2024-03-20 17:15:08.097,BUY,LIMIT,IOC,123,3311.87,3308.06,FILLED,11,123
2024-03-20 17:15:26.067,BUY,LIMIT,IOC,1094,3327.5,3313.89,FILLED,156,1094
2024-03-20 17:21:50.034,SELL,LIMIT,IOC,968,3292.64,3307.39,FILLED,5,968
2024-03-20 17:34:20.031,BUY,LIMIT,IOC,24,3342.0,3326.89,FILLED,24,24
2024-03-20 17:36:01.027,SELL,LIMIT,IOC,16,3293.37,3310.11,FILLED,16,16
2024-03-20 17:36:04.048,SELL,LIMIT,IOC,1019,3291.53,3306.83,FILLED,760,1019
2024-03-20 17:45:52.037,SELL,LIMIT,IOC,2,3279.42,3294.59,FILLED,2,2
2024-03-20 18:32:11.056,SELL,LIMIT,IOC,8,3291.56,3305.11,FILLED,8,8
2024-03-20 18:34:31.082,SELL,LIMIT,IOC,2,3285.14,3300.19,FILLED,2,2
2024-03-20 18:53:31.046,BUY,LIMIT,IOC,167,3383.48,3371.26,FILLED,167,167
2024-03-20 18:53:35.101,BUY,LIMIT,IOC,82,3387.42,3373.26,FILLED,81,82
2024-03-20 18:54:31.022,BUY,LIMIT,IOC,6088,3394.1,3377.12,FILLED,735,6088
2024-03-20 18:55:19.064,BUY,LIMIT,IOC,32,3405.78,3391.01,FILLED,32,32
2024-03-20 18:56:03.026,BUY,LIMIT,IOC,479,3418.28,3404.61,FILLED,333,479
2024-03-20 18:56:48.046,BUY,LIMIT,IOC,55,3422.53,3406.83,FILLED,55,55
2024-03-20 19:02:04.085,SELL,LIMIT,IOC,114,3367.62,3383.59,FILLED,114,114
2024-03-20 20:05:54.072,BUY,LIMIT,IOC,4,3414.66,3402.74,FILLED,4,4
2024-03-20 20:06:13.075,BUY,LIMIT,IOC,9,3419.82,3406.31,FILLED,9,9
2024-03-20 20:06:19.014,BUY,LIMIT,IOC,90,3425.07,3408.4,FILLED,90,90
2024-03-20 20:06:25.028,BUY,LIMIT,IOC,93,3425.82,3410.88,FILLED,49,93
2024-03-20 20:06:35.061,BUY,LIMIT,IOC,1,3426.76,3410.24,FILLED,1,1
2024-03-20 20:06:41.062,BUY,LIMIT,IOC,3,3427.99,3411.4,FILLED,3,3
2024-03-20 20:07:24.098,BUY,LIMIT,IOC,767,3429.47,3414.67,FILLED,367,767
2024-03-20 20:11:27.100,BUY,LIMIT,IOC,1963,3434.3,3418.4,FILLED,1172,1963
2024-03-20 20:21:41.069,BUY,LIMIT,IOC,150,3443.16,3430.21,FILLED,150,150
2024-03-20 20:21:51.112,BUY,LIMIT,IOC,900,3453.54,3436.86,FILLED,783,900
2024-03-20 20:23:36.101,BUY,LIMIT,IOC,2,3456.33,3440.2,FILLED,2,2
2024-03-20 20:23:45.048,BUY,LIMIT,IOC,13,3457.9,3444.01,FILLED,13,13
2024-03-20 20:23:46.071,BUY,LIMIT,IOC,341,3458.41,3444.32,FILLED,202,341
2024-03-20 20:24:51.052,BUY,LIMIT,IOC,658,3465.37,3448.8,FILLED,358,658
2024-03-20 20:25:07.014,BUY,LIMIT,IOC,38,3465.94,3449.0,FILLED,38,38
2024-03-20 20:28:04.023,BUY,LIMIT,IOC,373,3477.6,3463.21,FILLED,373,373
2024-03-20 20:28:50.117,BUY,LIMIT,IOC,649,3479.45,3464.0,FILLED,649,649
2024-03-20 20:32:05.087,BUY,LIMIT,IOC,55,3485.4,3470.4,FILLED,55,55
2024-03-20 20:32:07.047,BUY,LIMIT,IOC,100,3487.53,3471.56,FILLED,100,100
2024-03-20 20:37:08.036,BUY,LIMIT,IOC,12,3497.2,3482.13,FILLED,11,12
2024-03-20 20:37:09.029,BUY,LIMIT,IOC,4,3497.58,3483.7,FILLED,4,4
2024-03-20 20:37:12.067,BUY,LIMIT,IOC,519,3499.78,3482.39,FILLED,163,519
2024-03-20 20:38:06.086,BUY,LIMIT,IOC,2,3502.69,3485.3,FILLED,2,2
2024-03-20 20:39:25.093,BUY,LIMIT,IOC,18064,3510.57,3489.37,FILLED,1958,18064
2024-03-20 20:56:27.044,BUY,LIMIT,IOC,16549,3511.48,3492.8,FILLED,1709,16549
2024-03-20 21:16:20.057,BUY,LIMIT,IOC,467,3513.21,3497.37,FILLED,172,467
2024-03-20 21:25:36.079,BUY,LIMIT,IOC,44,3518.39,3502.21,FILLED,44,44
2024-03-20 21:25:58.072,BUY,LIMIT,IOC,50,3521.13,3505.4,FILLED,38,50
2024-03-20 21:26:06.074,BUY,LIMIT,IOC,100,3522.41,3507.8,FILLED,100,100
2024-03-20 21:26:18.037,BUY,LIMIT,IOC,58,3527.16,3512.1,FILLED,58,58
2024-03-20 21:36:41.034,SELL,LIMIT,IOC,31,3470.59,3484.13,FILLED,31,31
2024-03-20 23:03:09.041,SELL,LIMIT,IOC,7,3491.12,3508.33,FILLED,7,7
2024-03-20 23:08:59.086,BUY,LIMIT,IOC,1,3544.82,3527.72,FILLED,1,1
2024-03-20 23:15:48.058,BUY,LIMIT,IOC,986,3547.67,3530.4,FILLED,49,986
2024-03-20 23:18:43.066,BUY,LIMIT,IOC,128,3550.26,3535.12,FILLED,128,128
2024-03-20 23:18:46.055,BUY,LIMIT,IOC,240,3551.24,3535.2,FILLED,240,240
2024-03-20 23:41:32.058,BUY,LIMIT,IOC,1,3552.62,3535.81,FILLED,1,1
2024-03-21 00:03:09.066,SELL,LIMIT,IOC,2,3489.33,3506.26,FILLED,2,2
2024-03-21 00:40:19.038,BUY,LIMIT,IOC,5,3547.35,3532.45,FILLED,5,5
2024-03-21 00:42:28.082,BUY,LIMIT,IOC,384,3561.04,3544.95,FILLED,130,384
2024-03-21 00:52:55.068,SELL,LIMIT,IOC,165,3515.11,3532.19,FILLED,165,165
2024-03-21 00:53:36.061,SELL,LIMIT,IOC,7,3510.35,3525.0,FILLED,5,7
2024-03-21 01:37:14.041,SELL,LIMIT,IOC,405,3498.16,3515.37,FILLED,405,405
2024-03-21 02:19:39.041,BUY,LIMIT,IOC,5,3570.61,3555.0,FILLED,5,5
2024-03-21 02:19:41.022,BUY,LIMIT,IOC,11,3571.22,3556.9,FILLED,11,11
2024-03-21 02:19:42.054,BUY,LIMIT,IOC,3,3576.04,3561.16,FILLED,3,3
2024-03-21 03:15:02.067,SELL,LIMIT,IOC,9,3521.63,3537.5,FILLED,9,9
2024-03-21 03:44:40.077,SELL,LIMIT,IOC,1087,3512.42,3529.79,FILLED,393,1087
2024-03-21 03:45:10.109,SELL,LIMIT,IOC,121,3510.43,3527.93,FILLED,114,121
2024-03-21 03:46:13.033,SELL,LIMIT,IOC,91,3498.61,3514.11,FILLED,29,91
2024-03-21 04:36:47.048,SELL,LIMIT,IOC,5279,3484.02,3500.09,FILLED,13,5279
2024-03-21 04:37:04.070,SELL,LIMIT,IOC,840,3477.78,3494.04,FILLED,840,840
2024-03-21 04:37:09.088,SELL,LIMIT,IOC,1264,3476.23,3493.37,FILLED,410,1264
2024-03-21 04:39:56.016,SELL,LIMIT,IOC,60,3474.4,3492.0,FILLED,60,60
2024-03-21 04:40:00.042,SELL,LIMIT,IOC,318,3471.9,3488.99,FILLED,239,318
2024-03-21 05:10:40.082,SELL,LIMIT,IOC,395,3462.6,3480.0,FILLED,395,395
2024-03-21 05:11:56.089,SELL,LIMIT,IOC,564,3459.99,3477.04,FILLED,162,564
2024-03-21 05:12:40.048,SELL,LIMIT,IOC,75,3456.14,3471.92,FILLED,75,75
2024-03-21 05:18:23.072,SELL,LIMIT,IOC,28,3444.39,3461.5,FILLED,28,28
2024-03-21 05:22:23.083,SELL,LIMIT,IOC,65,3435.59,3451.67,FILLED,65,65
2024-03-21 05:40:07.037,SELL,LIMIT,IOC,23,3448.88,3465.15,FILLED,22,23
2024-03-21 06:01:23.069,BUY,LIMIT,IOC,35,3538.13,3522.74,FILLED,35,35
2024-03-21 06:01:34.039,BUY,LIMIT,IOC,527,3543.31,3525.69,FILLED,527,527
2024-03-21 07:19:05.059,BUY,LIMIT,IOC,1,3546.97,3530.02,FILLED,1,1
2024-03-21 07:27:38.031,BUY,LIMIT,IOC,106,3553.92,3537.69,FILLED,106,106
2024-03-21 08:08:23.047,BUY,LIMIT,IOC,10,3557.72,3544.56,FILLED,10,10
2024-03-21 08:46:46.107,BUY,LIMIT,IOC,349,3579.5,3563.81,FILLED,349,349
2024-03-21 08:46:50.109,BUY,LIMIT,IOC,444,3581.11,3565.5,FILLED,400,444
2024-03-21 08:46:54.036,BUY,LIMIT,IOC,14,3588.35,3578.46,FILLED,14,14
2024-03-21 08:46:56.052,BUY,LIMIT,IOC,3,3595.23,3581.61,FILLED,3,3
2024-03-21 08:46:58.042,BUY,LIMIT,IOC,23,3598.3,3581.26,FILLED,23,23
2024-03-21 09:08:16.097,BUY,LIMIT,IOC,138,3606.23,3590.2,FILLED,87,138
2024-03-21 09:27:11.086,SELL,LIMIT,IOC,140,3544.39,3561.62,FILLED,140,140
2024-03-21 09:40:35.075,SELL,LIMIT,IOC,1428,3530.42,3546.63,FILLED,55,1428
2024-03-21 09:40:37.068,SELL,LIMIT,IOC,7,3527.98,3545.47,FILLED,7,7
2024-03-21 09:40:40.075,SELL,LIMIT,IOC,321,3526.28,3544.39,FILLED,321,321
2024-03-21 09:40:54.087,SELL,LIMIT,IOC,31,3521.62,3539.59,FILLED,31,31
2024-03-21 11:20:34.069,SELL,LIMIT,IOC,3941,3517.71,3534.49,FILLED,311,3941
2024-03-21 11:27:54.030,SELL,LIMIT,IOC,6,3505.49,3522.72,FILLED,6,6
2024-03-21 12:30:50.090,BUY,LIMIT,IOC,115,3582.19,3567.68,FILLED,115,115
2024-03-21 13:32:47.092,BUY,LIMIT,IOC,3262,3591.93,3576.89,FILLED,496,3262
2024-03-21 13:45:21.074,SELL,LIMIT,IOC,1,3520.96,3534.31,FILLED,1,1
2024-03-21 13:55:49.102,SELL,LIMIT,IOC,17,3502.82,3518.66,FILLED,15,17
2024-03-21 14:45:58.031,SELL,LIMIT,IOC,1063,3512.63,3529.96,FILLED,5,1063
2024-03-21 15:11:39.065,SELL,LIMIT,IOC,1050,3490.32,3507.2,FILLED,276,1050
2024-03-21 15:11:40.108,SELL,LIMIT,IOC,629,3489.77,3507.99,FILLED,467,629
2024-03-21 15:11:42.081,SELL,LIMIT,IOC,2,3488.68,3505.55,FILLED,2,2
2024-03-21 15:12:49.054,SELL,LIMIT,IOC,4,3485.75,3503.99,FILLED,4,4
2024-03-21 15:12:58.064,SELL,LIMIT,IOC,278,3485.47,3503.15,FILLED,278,278
2024-03-21 15:13:14.074,SELL,LIMIT,IOC,3,3484.58,3497.14,FILLED,3,3
2024-03-21 15:15:17.064,SELL,LIMIT,IOC,1,3478.02,3495.1,FILLED,1,1
2024-03-21 15:15:20.078,SELL,LIMIT,IOC,5,3476.8,3493.11,FILLED,5,5
2024-03-21 15:15:31.088,SELL,LIMIT,IOC,52,3475.35,3490.27,FILLED,32,52
2024-03-21 15:15:32.092,SELL,LIMIT,IOC,269,3472.32,3490.66,FILLED,154,269
2024-03-21 15:33:37.080,SELL,LIMIT,IOC,72,3467.07,3483.87,FILLED,72,72
2024-03-21 16:22:50.041,BUY,LIMIT,IOC,654,3530.75,3514.34,FILLED,74,654
2024-03-21 16:58:26.099,BUY,LIMIT,IOC,90,3548.73,3532.12,FILLED,90,90
2024-03-21 17:05:50.079,BUY,LIMIT,IOC,106,3550.32,3535.0,FILLED,100,106
2024-03-21 17:11:14.054,SELL,LIMIT,IOC,532,3511.98,3526.8,FILLED,198,532
2024-03-21 17:11:17.078,SELL,LIMIT,IOC,98,3507.48,3523.48,FILLED,92,98
2024-03-21 17:27:51.075,SELL,LIMIT,IOC,291,3477.78,3493.23,FILLED,247,291
2024-03-21 17:30:07.112,SELL,LIMIT,IOC,1125,3472.64,3489.65,FILLED,611,1125
2024-03-21 17:45:06.057,SELL,LIMIT,IOC,6,3462.04,3477.4,FILLED,6,6
2024-03-21 17:48:55.080,SELL,LIMIT,IOC,2,3455.66,3472.32,FILLED,2,2
2024-03-21 17:49:20.071,SELL,LIMIT,IOC,782,3454.66,3471.42,FILLED,325,782
2024-03-21 17:49:23.044,SELL,LIMIT,IOC,707,3453.62,3469.38,FILLED,175,707
2024-03-21 17:49:25.069,SELL,LIMIT,IOC,273,3452.17,3467.4,FILLED,264,273
2024-03-21 18:03:43.036,SELL,LIMIT,IOC,104,3444.87,3462.19,FILLED,104,104
2024-03-21 18:04:00.022,SELL,LIMIT,IOC,550,3442.22,3459.59,FILLED,129,550
2024-03-21 18:11:36.060,SELL,LIMIT,IOC,3206,3432.07,3447.75,FILLED,336,3206
2024-03-21 18:11:38.091,SELL,LIMIT,IOC,4,3427.63,3443.21,FILLED,4,4
2024-03-21 18:13:10.082,SELL,LIMIT,IOC,10,3423.14,3437.0,FILLED,10,10
2024-03-21 18:16:02.067,SELL,LIMIT,IOC,4,3417.28,3435.38,FILLED,4,4
2024-03-21 18:16:09.030,SELL,LIMIT,IOC,254,3416.8,3432.4,FILLED,251,254
2024-03-21 18:16:17.092,SELL,LIMIT,IOC,541,3414.38,3431.0,FILLED,368,541
2024-03-21 18:35:26.030,SELL,LIMIT,IOC,1,3409.7,3427.19,FILLED,1,1
2024-03-21 18:35:40.028,SELL,LIMIT,IOC,42,3409.01,3426.19,FILLED,42,42
2024-03-21 18:36:32.100,SELL,LIMIT,IOC,4154,3406.15,3422.57,FILLED,253,4154
2024-03-21 19:31:09.040,BUY,LIMIT,IOC,2,3455.45,3439.3,FILLED,1,2
2024-03-21 19:31:57.040,BUY,LIMIT,IOC,9,3459.75,3443.0,FILLED,9,9
2024-03-21 20:02:58.076,SELL,LIMIT,IOC,300,3412.91,3427.97,FILLED,300,300
2024-03-21 20:17:30.100,BUY,LIMIT,IOC,433,3503.28,3486.99,FILLED,432,433
2024-03-21 20:18:20.090,BUY,LIMIT,IOC,8429,3519.86,3500.91,FILLED,708,8429
2024-03-21 21:29:29.071,SELL,LIMIT,IOC,2,3458.11,3474.35,FILLED,1,2
2024-03-21 21:36:19.020,SELL,LIMIT,IOC,1,3472.66,3489.76,FILLED,1,1
2024-03-21 22:05:30.105,BUY,LIMIT,IOC,610,3535.38,3518.4,FILLED,208,610
2024-03-21 22:07:44.030,BUY,LIMIT,IOC,21,3540.63,3523.83,FILLED,21,21
2024-03-21 22:55:38.068,SELL,LIMIT,IOC,15,3468.53,3486.59,FILLED,15,15
2024-03-22 00:19:47.046,BUY,LIMIT,IOC,162,3536.21,3518.88,FILLED,16,162
2024-03-22 00:36:27.019,SELL,LIMIT,IOC,3,3460.79,3477.5,FILLED,3,3
2024-03-22 01:57:42.102,SELL,LIMIT,IOC,2,3452.63,3469.6,FILLED,2,2
2024-03-22 01:57:57.071,SELL,LIMIT,IOC,64,3450.91,3464.02,FILLED,64,64
2024-03-22 02:09:45.069,SELL,LIMIT,IOC,71,3443.38,3460.13,FILLED,70,71
2024-03-22 03:55:26.055,BUY,LIMIT,IOC,15,3541.63,3529.9,FILLED,15,15
2024-03-22 05:59:46.098,BUY,LIMIT,IOC,456,3551.52,3534.81,FILLED,15,456
2024-03-22 06:06:07.124,BUY,LIMIT,IOC,614,3555.59,3541.21,FILLED,614,614
2024-03-22 06:06:09.072,BUY,LIMIT,IOC,400,3556.03,3541.21,FILLED,372,400
2024-03-22 08:43:04.101,SELL,LIMIT,IOC,1067,3475.99,3492.85,FILLED,49,1067
2024-03-22 08:43:23.097,SELL,LIMIT,IOC,76,3474.05,3492.19,FILLED,76,76
2024-03-22 08:53:05.067,SELL,LIMIT,IOC,515,3471.18,3488.24,FILLED,2,515
2024-03-22 09:35:45.027,SELL,LIMIT,IOC,10,3456.09,3473.09,FILLED,10,10
2024-03-22 09:35:46.040,SELL,LIMIT,IOC,5,3455.33,3473.28,FILLED,5,5
2024-03-22 09:37:32.030,SELL,LIMIT,IOC,8,3453.37,3470.65,FILLED,8,8
2024-03-22 09:41:12.017,SELL,LIMIT,IOC,1217,3447.48,3464.42,FILLED,720,1217
2024-03-22 10:07:54.032,SELL,LIMIT,IOC,488,3432.81,3447.92,FILLED,88,488
2024-03-22 10:25:41.046,SELL,LIMIT,IOC,2,3426.55,3442.99,FILLED,2,2
2024-03-22 10:26:11.107,SELL,LIMIT,IOC,8,3423.12,3440.01,FILLED,8,8
2024-03-22 10:26:24.049,SELL,LIMIT,IOC,351,3421.97,3437.0,FILLED,351,351
2024-03-22 10:28:28.069,SELL,LIMIT,IOC,18,3416.91,3433.41,FILLED,16,18
2024-03-22 10:34:09.042,SELL,LIMIT,IOC,18,3415.23,3431.79,FILLED,18,18
2024-03-22 11:26:25.100,SELL,LIMIT,IOC,1293,3411.58,3428.59,FILLED,127,1293
2024-03-22 11:48:35.043,SELL,LIMIT,IOC,837,3409.99,3426.12,FILLED,288,837
2024-03-22 11:50:17.047,SELL,LIMIT,IOC,2,3405.78,3422.52,FILLED,2,2
2024-03-22 11:50:46.054,SELL,LIMIT,IOC,104,3402.28,3418.89,FILLED,104,104
2024-03-22 11:51:00.023,SELL,LIMIT,IOC,86,3401.51,3416.93,FILLED,86,86
2024-03-22 11:51:01.072,SELL,LIMIT,IOC,360,3400.81,3417.6,FILLED,360,360
2024-03-22 11:55:41.050,SELL,LIMIT,IOC,378,3396.04,3413.08,FILLED,52,378
2024-03-22 11:55:53.042,SELL,LIMIT,IOC,1,3392.07,3407.35,FILLED,1,1
2024-03-22 11:55:54.049,SELL,LIMIT,IOC,80,3388.59,3400.82,FILLED,80,80
2024-03-22 12:02:54.069,SELL,LIMIT,IOC,273,3381.98,3397.67,FILLED,273,273
2024-03-22 12:03:50.102,SELL,LIMIT,IOC,119,3374.28,3390.39,FILLED,102,119
2024-03-22 12:03:52.031,SELL,LIMIT,IOC,368,3373.46,3390.1,FILLED,368,368
2024-03-22 12:03:54.026,SELL,LIMIT,IOC,197,3373.12,3388.55,FILLED,197,197
2024-03-22 12:04:01.094,SELL,LIMIT,IOC,5128,3371.07,3386.95,FILLED,3486,5128
2024-03-22 12:04:06.040,SELL,LIMIT,IOC,18501,3364.81,3384.55,FILLED,176,18501
2024-03-22 13:11:46.045,SELL,LIMIT,IOC,400,3388.94,3407.0,FILLED,400,400
2024-03-22 13:22:09.077,SELL,LIMIT,IOC,200,3379.38,3398.38,FILLED,200,200
2024-03-22 13:22:26.020,SELL,LIMIT,IOC,24,3378.66,3394.0,FILLED,24,24
2024-03-22 13:22:28.035,SELL,LIMIT,IOC,50,3372.9,3389.02,FILLED,50,50
2024-03-22 13:36:34.081,SELL,LIMIT,IOC,18,3368.01,3384.12,FILLED,18,18
2024-03-22 13:36:39.070,SELL,LIMIT,IOC,176,3367.01,3382.57,FILLED,44,176
2024-03-22 13:36:40.074,SELL,LIMIT,IOC,1,3363.76,3380.6,FILLED,1,1
2024-03-22 13:36:42.038,SELL,LIMIT,IOC,150,3357.28,3373.1,FILLED,150,150
2024-03-22 13:36:45.023,SELL,LIMIT,IOC,16,3356.19,3372.28,FILLED,16,16
2024-03-22 13:36:46.063,SELL,LIMIT,IOC,12,3355.23,3371.3,FILLED,12,12
2024-03-22 13:41:25.108,BUY,LIMIT,IOC,100,3408.07,3392.69,FILLED,98,100
2024-03-22 13:45:36.087,SELL,LIMIT,IOC,1000,3352.7,3368.6,FILLED,1000,1000
2024-03-22 13:46:32.056,SELL,LIMIT,IOC,60,3346.65,3361.95,FILLED,60,60
2024-03-22 13:46:33.067,SELL,LIMIT,IOC,12,3344.41,3360.99,FILLED,12,12
2024-03-22 13:46:34.100,SELL,LIMIT,IOC,1000,3341.85,3357.49,FILLED,40,1000
2024-03-22 13:46:45.091,SELL,LIMIT,IOC,69,3338.4,3354.4,FILLED,27,69
2024-03-22 13:46:47.034,SELL,LIMIT,IOC,5,3335.79,3351.81,FILLED,5,5
2024-03-22 13:52:10.086,SELL,LIMIT,IOC,1524,3332.91,3346.74,FILLED,462,1524
2024-03-22 13:52:11.119,SELL,LIMIT,IOC,599,3330.06,3345.0,FILLED,555,599
2024-03-22 13:52:41.091,SELL,LIMIT,IOC,18,3327.43,3344.0,FILLED,8,18
2024-03-22 13:52:46.076,SELL,LIMIT,IOC,4571,3325.46,3341.79,FILLED,694,4571
2024-03-22 13:58:45.076,SELL,LIMIT,IOC,4,3324.28,3337.0,FILLED,4,4
2024-03-22 13:58:48.043,SELL,LIMIT,IOC,2691,3318.49,3334.45,FILLED,1546,2691
2024-03-22 13:59:18.020,SELL,LIMIT,IOC,350,3317.6,3333.37,FILLED,141,350
2024-03-22 13:59:34.099,SELL,LIMIT,IOC,23,3317.01,3333.0,FILLED,23,23
2024-03-22 14:10:48.077,SELL,LIMIT,IOC,370,3323.08,3339.98,FILLED,35,370
2024-03-22 14:15:32.022,SELL,LIMIT,IOC,40,3312.44,3328.0,FILLED,40,40
2024-03-22 14:22:41.101,SELL,LIMIT,IOC,39,3303.41,3316.08,FILLED,27,39
2024-03-22 14:22:48.056,SELL,LIMIT,IOC,95090,3280.83,3310.87,FILLED,4891,95090
2024-03-22 14:23:00.049,SELL,LIMIT,IOC,4803,3293.56,3307.2,FILLED,4803,4803
2024-03-22 14:23:20.038,SELL,LIMIT,IOC,50,3290.05,3305.8,FILLED,50,50
2024-03-22 14:23:22.048,SELL,LIMIT,IOC,100,3287.98,3302.57,FILLED,36,100
2024-03-22 14:27:02.092,SELL,LIMIT,IOC,13,3285.12,3302.34,FILLED,13,13
2024-03-22 14:27:11.095,SELL,LIMIT,IOC,10,3280.19,3295.82,FILLED,10,10
2024-03-22 14:40:49.030,SELL,LIMIT,IOC,256,3286.76,3302.52,FILLED,254,256
2024-03-22 14:41:03.024,SELL,LIMIT,IOC,91,3282.47,3298.65,FILLED,91,91
2024-03-22 14:41:05.097,SELL,LIMIT,IOC,10,3280.05,3295.62,FILLED,10,10
2024-03-22 14:41:17.033,SELL,LIMIT,IOC,2669,3277.54,3293.35,FILLED,251,2669
2024-03-22 14:41:19.049,SELL,LIMIT,IOC,62,3275.27,3291.62,FILLED,57,62
2024-03-22 14:54:10.071,SELL,LIMIT,IOC,1,3275.03,3290.76,FILLED,1,1
2024-03-22 14:54:13.052,SELL,LIMIT,IOC,39488,3263.34,3283.8,FILLED,6092,39488
2024-03-22 14:54:14.096,SELL,LIMIT,IOC,18,3267.72,3284.79,FILLED,18,18
2024-03-22 15:00:15.094,SELL,LIMIT,IOC,4,3269.04,3285.62,FILLED,4,4
2024-03-22 15:28:16.107,BUY,LIMIT,IOC,28412,3369.86,3349.62,FILLED,6794,28412
2024-03-22 15:29:51.035,BUY,LIMIT,IOC,454,3378.89,3366.18,FILLED,454,454
2024-03-22 15:31:41.074,BUY,LIMIT,IOC,1169,3388.24,3373.65,FILLED,1169,1169
2024-03-22 16:03:55.075,SELL,LIMIT,IOC,112,3317.37,3332.45,FILLED,112,112
2024-03-22 16:06:18.048,SELL,LIMIT,IOC,18,3307.11,3323.4,FILLED,18,18
2024-03-22 16:07:11.113,SELL,LIMIT,IOC,500,3303.65,3319.15,FILLED,209,500
2024-03-22 16:20:44.093,SELL,LIMIT,IOC,111,3308.51,3317.19,FILLED,111,111
2024-03-22 16:20:46.042,SELL,LIMIT,IOC,1,3300.87,3315.93,FILLED,1,1
2024-03-22 16:24:06.067,SELL,LIMIT,IOC,100,3298.21,3314.09,FILLED,100,100
2024-03-22 16:33:53.055,SELL,LIMIT,IOC,51,3294.42,3306.94,FILLED,12,51
2024-03-22 16:33:54.068,SELL,LIMIT,IOC,81,3292.05,3306.68,FILLED,81,81
2024-03-22 16:34:26.091,SELL,LIMIT,IOC,753,3287.7,3303.15,FILLED,542,753
2024-03-22 16:34:42.090,SELL,LIMIT,IOC,3236,3285.48,3301.18,FILLED,908,3236
2024-03-22 16:34:45.060,SELL,LIMIT,IOC,29,3284.41,3299.11,FILLED,29,29
2024-03-22 16:48:20.080,SELL,LIMIT,IOC,903,3283.19,3299.05,FILLED,77,903
2024-03-22 16:54:31.071,BUY,LIMIT,IOC,32,3331.21,3317.39,FILLED,32,32
2024-03-22 17:06:19.038,BUY,LIMIT,IOC,88,3352.08,3337.72,FILLED,88,88
2024-03-22 18:04:55.045,BUY,LIMIT,IOC,22339,3372.8,3355.05,FILLED,1811,22339
2024-03-22 19:12:05.100,SELL,LIMIT,IOC,15,3318.49,3332.67,FILLED,6,15
2024-03-22 19:49:17.024,BUY,LIMIT,IOC,1100,3367.56,3353.49,FILLED,20,1100
2024-03-22 19:49:48.036,BUY,LIMIT,IOC,12,3371.48,3354.85,FILLED,12,12
2024-03-22 20:07:51.091,SELL,LIMIT,IOC,9,3313.42,3329.12,FILLED,9,9
2024-03-22 20:08:37.029,SELL,LIMIT,IOC,93,3307.14,3322.0,FILLED,93,93
2024-03-22 20:08:39.071,SELL,LIMIT,IOC,1018,3304.81,3320.59,FILLED,303,1018
2024-03-22 20:49:31.041,SELL,LIMIT,IOC,28,3296.75,3312.48,FILLED,28,28
2024-03-22 20:49:33.095,SELL,LIMIT,IOC,479,3294.43,3309.67,FILLED,236,479
2024-03-22 21:09:16.079,SELL,LIMIT,IOC,21,3290.32,3302.37,FILLED,21,21
2024-03-22 21:09:39.089,SELL,LIMIT,IOC,459,3283.91,3297.84,FILLED,311,459
2024-03-22 21:20:55.032,SELL,LIMIT,IOC,7110,3270.35,3277.24,FILLED,5763,7110
2024-03-22 21:20:58.020,SELL,LIMIT,IOC,60,3261.48,3272.2,FILLED,60,60
2024-03-22 21:20:59.023,SELL,LIMIT,IOC,279,3260.17,3269.24,FILLED,279,279
2024-03-22 21:31:42.036,SELL,LIMIT,IOC,66,3262.5,3277.94,FILLED,6,66
2024-03-22 21:36:11.036,SELL,LIMIT,IOC,643,3254.16,3270.31,FILLED,524,643
2024-03-22 21:36:15.023,SELL,LIMIT,IOC,592,3250.7,3263.12,FILLED,592,592
2024-03-22 21:36:16.040,SELL,LIMIT,IOC,2068,3247.97,3261.07,FILLED,161,2068
2024-03-22 21:36:17.066,SELL,LIMIT,IOC,113,3245.33,3260.38,FILLED,113,113
2024-03-22 21:36:19.043,SELL,LIMIT,IOC,3141,3244.48,3260.0,FILLED,209,3141
2024-03-22 21:36:54.025,SELL,LIMIT,IOC,332,3238.75,3252.21,FILLED,332,332
2024-03-22 22:33:59.042,BUY,LIMIT,IOC,374,3312.43,3296.46,FILLED,374,374
2024-03-22 23:58:26.092,BUY,LIMIT,IOC,23,3346.25,3331.8,FILLED,23,23
2024-03-22 23:58:42.046,BUY,LIMIT,IOC,564,3349.31,3336.8,FILLED,84,564
2024-03-22 23:58:43.099,BUY,LIMIT,IOC,13,3349.87,3336.8,FILLED,13,13
2024-03-23 01:25:29.035,BUY,LIMIT,IOC,2,3357.9,3341.7,FILLED,2,2
2024-03-23 02:27:56.062,SELL,LIMIT,IOC,362,3321.66,3337.16,FILLED,361,362
2024-03-23 02:52:13.123,SELL,LIMIT,IOC,250,3315.69,3332.19,FILLED,121,250
2024-03-23 03:16:24.033,SELL,LIMIT,IOC,3,3311.09,3327.52,FILLED,3,3
2024-03-23 03:16:49.109,SELL,LIMIT,IOC,30,3309.57,3325.6,FILLED,27,30
2024-03-23 03:19:02.078,SELL,LIMIT,IOC,3,3303.24,3318.73,FILLED,3,3
2024-03-23 03:24:44.102,SELL,LIMIT,IOC,52,3288.2,3305.31,FILLED,52,52
2024-03-23 03:25:32.045,SELL,LIMIT,IOC,2,3286.63,3302.82,FILLED,1,2
2024-03-23 03:25:38.100,SELL,LIMIT,IOC,44,3285.72,3300.13,FILLED,44,44
2024-03-23 03:30:48.067,SELL,LIMIT,IOC,4974,3282.09,3298.01,FILLED,2575,4974
2024-03-23 03:32:28.033,SELL,LIMIT,IOC,200,3276.64,3292.11,FILLED,189,200
2024-03-23 03:32:31.042,SELL,LIMIT,IOC,10,3271.51,3287.44,FILLED,10,10
2024-03-23 03:36:22.091,SELL,LIMIT,IOC,797,3265.26,3281.2,FILLED,39,797
2024-03-23 03:36:33.050,SELL,LIMIT,IOC,482,3260.9,3277.04,FILLED,482,482
2024-03-23 03:36:41.030,SELL,LIMIT,IOC,106,3259.1,3274.19,FILLED,106,106
2024-03-23 03:36:59.056,SELL,LIMIT,IOC,1,3257.22,3273.09,FILLED,1,1
2024-03-23 07:09:11.086,BUY,LIMIT,IOC,915,3376.19,3360.19,FILLED,909,915
2024-03-23 07:13:18.117,BUY,LIMIT,IOC,66,3387.8,3372.26,FILLED,66,66
2024-03-23 07:19:33.094,BUY,LIMIT,IOC,5,3393.37,3382.99,FILLED,5,5
2024-03-23 07:21:03.035,BUY,LIMIT,IOC,1465,3402.25,3386.63,FILLED,58,1465
2024-03-23 08:29:39.071,SELL,LIMIT,IOC,423,3338.24,3354.5,FILLED,421,423
2024-03-23 09:45:27.060,BUY,LIMIT,IOC,340,3366.23,3350.21,FILLED,340,340
2024-03-23 10:00:22.038,BUY,LIMIT,IOC,39,3376.63,3361.08,FILLED,39,39
2024-03-23 10:53:05.092,SELL,LIMIT,IOC,219,3336.46,3351.61,FILLED,26,219
2024-03-23 10:53:19.076,SELL,LIMIT,IOC,2,3333.56,3349.23,FILLED,2,2
2024-03-23 10:53:35.078,SELL,LIMIT,IOC,19,3329.38,3343.74,FILLED,19,19
2024-03-23 13:03:23.084,SELL,LIMIT,IOC,17,3346.1,3362.42,FILLED,17,17
2024-03-23 14:30:44.036,BUY,LIMIT,IOC,575,3405.53,3394.08,FILLED,575,575
2024-03-23 14:30:50.100,BUY,LIMIT,IOC,105,3413.77,3399.24,FILLED,105,105
2024-03-23 14:32:38.058,BUY,LIMIT,IOC,301,3425.24,3410.31,FILLED,301,301
2024-03-23 14:33:03.035,BUY,LIMIT,IOC,2178,3429.03,3413.89,FILLED,994,2178
2024-03-23 14:36:05.119,BUY,LIMIT,IOC,1,3432.44,3416.87,FILLED,1,1
2024-03-23 14:55:13.097,BUY,LIMIT,IOC,50,3439.29,3423.12,FILLED,50,50
2024-03-23 14:55:17.103,BUY,LIMIT,IOC,400,3439.89,3423.68,FILLED,294,400
2024-03-23 15:19:31.054,SELL,LIMIT,IOC,59,3380.83,3395.46,FILLED,58,59
2024-03-23 15:19:42.041,SELL,LIMIT,IOC,182,3378.53,3394.81,FILLED,182,182
2024-03-23 19:32:56.042,SELL,LIMIT,IOC,376,3378.61,3395.56,FILLED,376,376
2024-03-23 19:38:43.059,SELL,LIMIT,IOC,1,3376.07,3389.2,FILLED,1,1
2024-03-23 20:10:23.033,SELL,LIMIT,IOC,1,3367.21,3383.02,FILLED,1,1
2024-03-23 21:05:02.088,SELL,LIMIT,IOC,829,3363.21,3377.27,FILLED,14,829
2024-03-23 23:03:33.057,SELL,LIMIT,IOC,1,3355.45,3371.48,FILLED,1,1
2024-03-23 23:11:28.059,SELL,LIMIT,IOC,2192,3346.29,3359.72,FILLED,48,2192
2024-03-23 23:31:50.106,SELL,LIMIT,IOC,5582,3342.33,3358.75,FILLED,4569,5582
2024-03-23 23:53:05.047,SELL,LIMIT,IOC,93,3337.48,3354.12,FILLED,72,93
2024-03-23 23:53:31.048,SELL,LIMIT,IOC,2,3335.3,3351.99,FILLED,2,2
2024-03-23 23:53:49.074,SELL,LIMIT,IOC,5,3332.99,3347.93,FILLED,5,5
2024-03-23 23:55:27.063,SELL,LIMIT,IOC,258,3329.21,3345.01,FILLED,169,258
2024-03-23 23:55:33.072,SELL,LIMIT,IOC,150,3327.02,3341.47,FILLED,17,150
2024-03-23 23:56:09.037,SELL,LIMIT,IOC,13,3318.14,3333.88,FILLED,13,13
2024-03-24 02:22:57.090,SELL,LIMIT,IOC,137,3326.63,3342.38,FILLED,135,137
2024-03-24 03:05:17.102,SELL,LIMIT,IOC,20,3311.16,3325.58,FILLED,20,20
2024-03-24 03:09:55.061,SELL,LIMIT,IOC,23,3306.67,3314.88,FILLED,23,23
2024-03-24 03:09:56.064,SELL,LIMIT,IOC,30,3300.87,3315.56,FILLED,30,30
2024-03-24 03:11:41.094,SELL,LIMIT,IOC,71,3298.68,3313.2,FILLED,71,71
2024-03-24 03:11:43.073,SELL,LIMIT,IOC,4,3297.93,3312.4,FILLED,4,4
2024-03-24 04:25:22.090,SELL,LIMIT,IOC,5036,3289.68,3305.59,FILLED,488,5036
2024-03-24 04:25:38.102,SELL,LIMIT,IOC,125,3288.62,3303.41,FILLED,16,125
2024-03-24 04:26:11.044,SELL,LIMIT,IOC,47,3286.92,3302.26,FILLED,47,47
2024-03-24 06:46:00.092,SELL,LIMIT,IOC,18,3301.53,3317.59,FILLED,18,18
2024-03-24 08:54:37.058,BUY,LIMIT,IOC,10,3387.91,3372.01,FILLED,10,10
2024-03-24 10:27:19.123,BUY,LIMIT,IOC,43,3399.65,3387.35,FILLED,43,43
2024-03-24 10:27:24.055,BUY,LIMIT,IOC,76,3404.44,3388.62,FILLED,76,76
2024-03-24 11:56:16.073,BUY,LIMIT,IOC,277,3407.15,3390.59,FILLED,125,277
2024-03-24 13:01:09.080,BUY,LIMIT,IOC,10,3424.64,3409.45,FILLED,8,10
2024-03-24 13:01:23.089,BUY,LIMIT,IOC,115,3426.66,3411.13,FILLED,115,115
2024-03-24 13:01:25.034,BUY,LIMIT,IOC,1000,3427.36,3414.82,FILLED,712,1000
2024-03-24 14:23:49.109,BUY,LIMIT,IOC,24,3433.12,3417.33,FILLED,24,24
2024-03-24 16:48:27.075,SELL,LIMIT,IOC,1,3361.31,3375.18,FILLED,1,1
2024-03-24 17:03:02.067,SELL,LIMIT,IOC,2,3348.95,3362.89,FILLED,2,2
2024-03-24 17:03:51.047,SELL,LIMIT,IOC,1435,3343.42,3359.2,FILLED,1400,1435
2024-03-24 17:03:52.056,SELL,LIMIT,IOC,453,3342.66,3359.39,FILLED,453,453
2024-03-24 17:04:07.035,SELL,LIMIT,IOC,260,3342.29,3353.57,FILLED,260,260
2024-03-24 17:04:08.059,SELL,LIMIT,IOC,1719,3339.36,3353.63,FILLED,1551,1719
2024-03-24 17:04:32.062,SELL,LIMIT,IOC,5,3334.9,3346.21,FILLED,5,5
2024-03-24 17:04:34.042,SELL,LIMIT,IOC,67,3330.27,3347.46,FILLED,67,67
2024-03-24 17:07:17.058,SELL,LIMIT,IOC,290,3319.5,3336.32,FILLED,290,290
2024-03-24 17:47:31.082,BUY,LIMIT,IOC,21,3395.35,3381.55,FILLED,21,21
2024-03-24 21:25:36.040,SELL,LIMIT,IOC,4,3395.03,3411.46,FILLED,4,4
2024-03-24 22:01:55.041,BUY,LIMIT,IOC,160,3448.94,3431.2,FILLED,160,160
2024-03-24 22:07:02.036,BUY,LIMIT,IOC,158,3456.2,3439.2,FILLED,158,158
2024-03-24 22:09:05.069,BUY,LIMIT,IOC,1185,3457.59,3444.41,FILLED,1185,1185
2024-03-24 22:10:01.033,BUY,LIMIT,IOC,12,3464.58,3449.6,FILLED,12,12
2024-03-24 23:04:23.067,BUY,LIMIT,IOC,40,3471.67,3455.9,FILLED,40,40
2024-03-24 23:12:43.081,SELL,LIMIT,IOC,3,3445.49,3464.23,FILLED,3,3
2024-03-24 23:15:18.063,BUY,LIMIT,IOC,3383,3487.86,3471.86,FILLED,130,3383
2024-03-25 04:09:15.094,BUY,LIMIT,IOC,10,3478.59,3463.78,FILLED,10,10
2024-03-25 04:43:15.070,BUY,LIMIT,IOC,2,3485.78,3469.45,FILLED,2,2
2024-03-25 04:51:27.044,BUY,LIMIT,IOC,186,3499.06,3483.79,FILLED,168,186
2024-03-25 04:56:19.098,BUY,LIMIT,IOC,1328,3506.66,3490.93,FILLED,933,1328
2024-03-25 04:57:59.032,BUY,LIMIT,IOC,2305,3508.78,3492.61,FILLED,251,2305
2024-03-25 05:03:42.107,BUY,LIMIT,IOC,3,3509.78,3492.84,FILLED,3,3
2024-03-25 05:32:34.044,BUY,LIMIT,IOC,26,3522.34,3507.75,FILLED,26,26
2024-03-25 06:07:08.048,SELL,LIMIT,IOC,58,3463.6,3480.6,FILLED,40,58
2024-03-25 07:48:01.052,SELL,LIMIT,IOC,216,3439.34,3456.05,FILLED,182,216
2024-03-25 07:56:10.048,SELL,LIMIT,IOC,3323,3427.34,3444.01,FILLED,1093,3323
2024-03-25 08:54:13.043,SELL,LIMIT,IOC,4,3425.65,3441.95,FILLED,4,4
2024-03-25 09:32:17.046,SELL,LIMIT,IOC,95,3423.71,3439.0,FILLED,95,95
2024-03-25 11:19:58.039,SELL,LIMIT,IOC,15,3421.76,3438.2,FILLED,15,15
2024-03-25 13:52:29.036,BUY,LIMIT,IOC,25,3478.85,3462.67,FILLED,23,25
2024-03-25 14:00:05.029,BUY,LIMIT,IOC,154,3506.61,3489.53,FILLED,154,154
2024-03-25 14:05:42.087,SELL,LIMIT,IOC,285,3457.46,3474.73,FILLED,285,285
2024-03-25 14:08:06.031,BUY,LIMIT,IOC,71,3517.18,3500.29,FILLED,71,71
2024-03-25 14:08:44.083,BUY,LIMIT,IOC,16,3521.61,3504.37,FILLED,16,16
2024-03-25 14:09:54.090,BUY,LIMIT,IOC,67,3528.38,3513.62,FILLED,67,67
2024-03-25 14:11:24.080,BUY,LIMIT,IOC,983,3537.65,3522.0,FILLED,983,983
2024-03-25 14:13:00.070,BUY,LIMIT,IOC,613,3542.54,3527.01,FILLED,15,613
2024-03-25 14:15:40.031,BUY,LIMIT,IOC,95,3546.19,3529.8,FILLED,95,95
2024-03-25 14:20:37.061,BUY,LIMIT,IOC,3,3554.95,3538.41,FILLED,3,3
2024-03-25 14:20:59.039,BUY,LIMIT,IOC,368,3557.43,3541.61,FILLED,34,368
2024-03-25 14:22:26.039,BUY,LIMIT,IOC,10,3567.52,3550.61,FILLED,10,10
2024-03-25 14:27:08.093,BUY,LIMIT,IOC,4,3574.6,3557.51,FILLED,4,4
2024-03-25 14:31:45.070,SELL,LIMIT,IOC,672,3518.34,3535.54,FILLED,562,672
2024-03-25 14:50:16.033,BUY,LIMIT,IOC,2654,3577.9,3560.14,FILLED,216,2654
2024-03-25 14:50:27.059,BUY,LIMIT,IOC,1,3579.29,3564.08,FILLED,1,1
2024-03-25 14:50:28.084,BUY,LIMIT,IOC,1,3579.6,3564.08,FILLED,1,1
2024-03-25 14:50:36.024,BUY,LIMIT,IOC,15,3582.38,3566.3,FILLED,15,15
2024-03-25 15:00:13.023,BUY,LIMIT,IOC,328,3589.26,3573.83,FILLED,291,328
2024-03-25 15:00:15.072,BUY,LIMIT,IOC,157,3592.45,3576.37,FILLED,118,157
2024-03-25 15:00:19.023,BUY,LIMIT,IOC,1,3594.39,3579.19,FILLED,1,1
2024-03-25 15:03:05.091,BUY,LIMIT,IOC,1,3599.45,3583.31,FILLED,1,1
2024-03-25 15:38:02.022,BUY,LIMIT,IOC,5347,3600.07,3583.47,FILLED,299,5347
2024-03-25 16:10:13.078,SELL,LIMIT,IOC,6,3554.29,3572.0,FILLED,6,6
2024-03-25 16:13:52.071,BUY,LIMIT,IOC,3,3611.33,3595.41,FILLED,3,3
2024-03-25 16:14:20.100,BUY,LIMIT,IOC,200,3615.13,3598.99,FILLED,200,200
2024-03-25 16:36:24.081,BUY,LIMIT,IOC,137,3616.46,3599.27,FILLED,54,137
2024-03-25 16:37:22.058,BUY,LIMIT,IOC,20,3618.8,3606.41,FILLED,20,20
2024-03-25 16:38:59.053,BUY,LIMIT,IOC,1034,3634.01,3617.52,FILLED,5,1034
2024-03-25 17:00:50.075,BUY,LIMIT,IOC,42,3634.47,3620.14,FILLED,42,42
2024-03-25 17:07:00.121,BUY,LIMIT,IOC,40,3650.62,3639.2,FILLED,40,40
2024-03-25 17:07:46.097,BUY,LIMIT,IOC,21292,3661.42,3640.77,FILLED,3952,21292
2024-03-25 17:10:46.063,BUY,LIMIT,IOC,432,3657.59,3639.78,FILLED,170,432
2024-03-25 17:28:03.064,BUY,LIMIT,IOC,64,3666.59,3649.38,FILLED,56,64
2024-03-25 17:32:32.090,BUY,LIMIT,IOC,1,3674.71,3657.82,FILLED,1,1
2024-03-25 17:32:34.058,BUY,LIMIT,IOC,1641,3677.19,3663.61,FILLED,54,1641
2024-03-25 17:36:40.045,SELL,LIMIT,IOC,75,3616.49,3633.99,FILLED,75,75
2024-03-25 21:13:18.079,SELL,LIMIT,IOC,877,3604.53,3622.93,FILLED,377,877
2024-03-25 21:15:44.047,SELL,LIMIT,IOC,3,3594.67,3612.55,FILLED,3,3
2024-03-25 21:15:49.025,SELL,LIMIT,IOC,3,3592.22,3607.72,FILLED,3,3
2024-03-25 21:16:15.048,SELL,LIMIT,IOC,2,3588.86,3606.66,FILLED,2,2
2024-03-25 21:17:19.076,SELL,LIMIT,IOC,20,3584.06,3601.09,FILLED,20,20
2024-03-25 21:18:42.070,SELL,LIMIT,IOC,1378,3575.33,3593.19,FILLED,402,1378
2024-03-25 21:26:58.031,SELL,LIMIT,IOC,2,3571.15,3589.0,FILLED,2,2
2024-03-25 21:27:04.082,SELL,LIMIT,IOC,2059,3565.51,3579.55,FILLED,135,2059
2024-03-25 21:28:43.090,SELL,LIMIT,IOC,181,3556.72,3573.86,FILLED,181,181
2024-03-25 21:28:56.054,SELL,LIMIT,IOC,5385,3555.16,3570.87,FILLED,152,5385
2024-03-25 21:28:57.084,SELL,LIMIT,IOC,1,3553.32,3571.45,FILLED,1,1
2024-03-25 23:40:26.026,SELL,LIMIT,IOC,5418,3573.38,3591.09,FILLED,231,5418
2024-03-25 23:45:51.079,SELL,LIMIT,IOC,1907,3565.1,3582.8,FILLED,283,1907
2024-03-26 00:56:42.068,SELL,LIMIT,IOC,5425,3582.04,3599.8,FILLED,104,5425
2024-03-26 01:17:58.060,BUY,LIMIT,IOC,1,3643.97,3627.57,FILLED,1,1
2024-03-26 06:58:34.057,BUY,LIMIT,IOC,9,3668.79,3652.8,FILLED,9,9
2024-03-26 07:02:23.052,BUY,LIMIT,IOC,187,3677.04,3660.81,FILLED,99,187
2024-03-26 07:23:11.124,BUY,LIMIT,IOC,53,3685.26,3667.41,FILLED,53,53
2024-03-26 07:23:14.081,BUY,LIMIT,IOC,779,3685.5,3667.8,FILLED,701,779
2024-03-26 07:23:49.046,BUY,LIMIT,IOC,1,3686.63,3671.94,FILLED,1,1
2024-03-26 07:23:53.058,BUY,LIMIT,IOC,1065,3688.88,3672.01,FILLED,829,1065
2024-03-26 07:54:18.094,SELL,LIMIT,IOC,22,3626.31,3642.73,FILLED,22,22
2024-03-26 07:54:29.030,SELL,LIMIT,IOC,7,3622.26,3640.08,FILLED,7,7
2024-03-26 07:54:39.078,SELL,LIMIT,IOC,58,3620.52,3638.22,FILLED,13,58
2024-03-26 08:10:42.077,BUY,LIMIT,IOC,2,3679.98,3663.02,FILLED,2,2
2024-03-26 10:23:30.102,SELL,LIMIT,IOC,3443,3636.17,3653.75,FILLED,2016,3443
2024-03-26 10:28:55.041,SELL,LIMIT,IOC,2750,3632.31,3650.2,FILLED,22,2750
2024-03-26 10:38:13.072,SELL,LIMIT,IOC,17,3627.7,3645.59,FILLED,17,17
2024-03-26 11:09:00.102,SELL,LIMIT,IOC,6,3626.5,3644.09,FILLED,6,6
2024-03-26 12:00:29.076,SELL,LIMIT,IOC,1134,3614.93,3632.67,FILLED,515,1134
2024-03-26 13:36:17.073,SELL,LIMIT,IOC,39,3604.64,3619.98,FILLED,39,39
2024-03-26 13:36:24.047,SELL,LIMIT,IOC,5,3597.67,3615.31,FILLED,1,5
2024-03-26 13:36:27.017,SELL,LIMIT,IOC,4,3590.47,3609.86,FILLED,4,4
2024-03-26 13:40:12.037,SELL,LIMIT,IOC,74,3586.24,3603.55,FILLED,74,74
2024-03-26 14:03:19.028,SELL,LIMIT,IOC,549,3587.07,3604.54,FILLED,549,549
2024-03-26 14:17:46.074,SELL,LIMIT,IOC,78,3579.73,3595.4,FILLED,74,78
2024-03-26 14:17:49.094,SELL,LIMIT,IOC,1008,3574.5,3591.96,FILLED,108,1008
2024-03-26 14:21:55.112,SELL,LIMIT,IOC,18,3573.5,3589.8,FILLED,18,18
2024-03-26 14:22:26.068,SELL,LIMIT,IOC,100,3567.62,3583.96,FILLED,100,100
2024-03-26 14:24:04.034,SELL,LIMIT,IOC,5733,3565.84,3584.3,FILLED,300,5733
2024-03-26 14:27:43.081,SELL,LIMIT,IOC,90,3557.52,3575.22,FILLED,90,90
2024-03-26 14:29:25.046,SELL,LIMIT,IOC,104,3556.72,3573.79,FILLED,104,104
2024-03-26 14:29:33.072,SELL,LIMIT,IOC,450,3553.17,3570.53,FILLED,450,450
2024-03-26 14:29:58.055,SELL,LIMIT,IOC,10,3551.58,3565.61,FILLED,10,10
2024-03-26 14:31:57.049,SELL,LIMIT,IOC,2,3546.21,3563.39,FILLED,2,2
2024-03-26 14:32:05.040,SELL,LIMIT,IOC,149,3542.82,3560.21,FILLED,149,149
2024-03-26 14:32:08.038,SELL,LIMIT,IOC,30,3542.16,3560.59,FILLED,30,30
2024-03-26 14:32:39.064,SELL,LIMIT,IOC,373,3538.56,3556.28,FILLED,373,373
2024-03-26 14:32:44.047,SELL,LIMIT,IOC,358,3535.83,3551.91,FILLED,357,358
2024-03-26 14:32:46.030,SELL,LIMIT,IOC,1,3535.19,3552.12,FILLED,1,1
2024-03-26 14:54:08.032,BUY,LIMIT,IOC,19,3612.62,3597.0,FILLED,19,19
2024-03-26 15:17:20.077,SELL,LIMIT,IOC,2276,3548.28,3565.16,FILLED,1076,2276
2024-03-26 16:22:57.056,SELL,LIMIT,IOC,3,3540.99,3558.57,FILLED,3,3
2024-03-26 16:42:37.052,SELL,LIMIT,IOC,1255,3534.39,3551.99,FILLED,355,1255
2024-03-26 18:59:56.034,SELL,LIMIT,IOC,505,3559.05,3576.57,FILLED,505,505
2024-03-26 19:05:39.092,SELL,LIMIT,IOC,1142,3553.65,3570.64,FILLED,275,1142
2024-03-26 22:16:24.043,SELL,LIMIT,IOC,271,3563.56,3581.08,FILLED,271,271
2024-03-26 22:23:44.047,SELL,LIMIT,IOC,3,3557.01,3572.97,FILLED,3,3
2024-03-26 22:55:16.084,BUY,LIMIT,IOC,331,3618.97,3601.99,FILLED,38,331
2024-03-26 22:58:44.049,BUY,LIMIT,IOC,11741,3627.72,3609.06,FILLED,1869,11741
2024-03-27 00:10:25.031,SELL,LIMIT,IOC,11,3566.08,3583.2,FILLED,11,11
2024-03-27 01:12:02.070,BUY,LIMIT,IOC,57,3646.89,3630.03,FILLED,57,57
2024-03-27 01:53:17.031,SELL,LIMIT,IOC,116,3586.53,3604.0,FILLED,116,116
2024-03-27 04:11:08.103,SELL,LIMIT,IOC,10,3586.35,3604.03,FILLED,10,10
2024-03-27 04:49:43.058,SELL,LIMIT,IOC,19,3577.73,3595.23,FILLED,19,19
2024-03-27 04:51:05.026,SELL,LIMIT,IOC,124,3569.7,3588.64,FILLED,15,124
2024-03-27 04:52:27.100,SELL,LIMIT,IOC,1999,3567.82,3585.46,FILLED,1054,1999
2024-03-27 07:12:48.114,SELL,LIMIT,IOC,3,3578.58,3596.19,FILLED,3,3
2024-03-27 07:19:57.039,SELL,LIMIT,IOC,5,3566.49,3582.59,FILLED,5,5
2024-03-27 07:35:33.058,SELL,LIMIT,IOC,2,3555.75,3573.08,FILLED,2,2
2024-03-27 07:35:36.101,SELL,LIMIT,IOC,10,3553.69,3570.73,FILLED,10,10
2024-03-27 08:52:04.046,SELL,LIMIT,IOC,47,3545.57,3560.55,FILLED,47,47
2024-03-27 08:53:12.043,SELL,LIMIT,IOC,5649,3539.76,3557.38,FILLED,2225,5649
2024-03-27 08:57:52.086,SELL,LIMIT,IOC,18,3532.84,3550.42,FILLED,18,18
2024-03-27 09:04:50.073,SELL,LIMIT,IOC,234,3527.65,3544.46,FILLED,234,234
2024-03-27 09:04:51.094,SELL,LIMIT,IOC,187,3527.37,3544.99,FILLED,187,187
2024-03-27 09:05:39.055,SELL,LIMIT,IOC,368,3523.29,3539.52,FILLED,368,368
2024-03-27 09:05:41.078,SELL,LIMIT,IOC,432,3522.11,3538.2,FILLED,432,432
2024-03-27 09:05:42.083,SELL,LIMIT,IOC,653,3521.69,3536.79,FILLED,33,653
2024-03-27 09:05:43.088,SELL,LIMIT,IOC,726,3520.35,3535.43,FILLED,726,726
2024-03-27 09:05:44.090,SELL,LIMIT,IOC,416,3518.72,3538.38,FILLED,416,416
2024-03-27 12:39:07.115,SELL,LIMIT,IOC,2189,3558.77,3576.57,FILLED,282,2189
2024-03-27 13:04:18.088,BUY,LIMIT,IOC,635,3626.98,3610.61,FILLED,635,635
2024-03-27 13:06:10.111,BUY,LIMIT,IOC,118,3644.07,3628.39,FILLED,117,118
2024-03-27 13:10:24.119,BUY,LIMIT,IOC,1509,3659.77,3642.79,FILLED,174,1509
2024-03-27 13:16:21.090,BUY,LIMIT,IOC,58,3680.97,3663.39,FILLED,29,58
2024-03-27 13:35:12.090,SELL,LIMIT,IOC,40,3623.86,3642.01,FILLED,40,40
2024-03-27 13:39:48.095,SELL,LIMIT,IOC,97,3598.66,3614.98,FILLED,97,97
2024-03-27 13:39:57.063,SELL,LIMIT,IOC,22,3593.1,3609.46,FILLED,15,22
2024-03-27 13:40:26.073,SELL,LIMIT,IOC,100,3587.66,3604.01,FILLED,100,100
2024-03-27 13:40:43.041,SELL,LIMIT,IOC,28,3579.14,3594.86,FILLED,28,28
2024-03-27 13:45:42.071,SELL,LIMIT,IOC,266,3560.4,3576.39,FILLED,266,266
2024-03-27 13:45:57.112,SELL,LIMIT,IOC,5,3554.78,3571.71,FILLED,5,5
2024-03-27 13:45:59.037,SELL,LIMIT,IOC,377,3552.57,3564.36,FILLED,36,377
2024-03-27 13:46:01.067,SELL,LIMIT,IOC,559,3546.34,3559.23,FILLED,559,559
2024-03-27 13:46:17.041,SELL,LIMIT,IOC,11807,3540.13,3558.28,FILLED,135,11807
2024-03-27 13:50:18.031,BUY,LIMIT,IOC,124,3605.0,3589.38,FILLED,29,124
2024-03-27 13:59:26.277,SELL,LIMIT,IOC,669,3547.21,3564.99,FILLED,263,669
2024-03-27 14:02:20.127,SELL,LIMIT,IOC,117,3536.81,3554.37,FILLED,117,117
2024-03-27 14:02:44.087,SELL,LIMIT,IOC,1,3532.66,3550.02,FILLED,1,1
2024-03-27 14:03:32.102,SELL,LIMIT,IOC,16,3519.9,3535.79,FILLED,16,16
2024-03-27 14:03:36.041,SELL,LIMIT,IOC,4114,3518.82,3535.5,FILLED,77,4114
2024-03-27 14:03:38.118,SELL,LIMIT,IOC,339,3517.67,3538.39,FILLED,54,339
2024-03-27 14:08:56.065,SELL,LIMIT,IOC,1234,3515.5,3528.47,FILLED,212,1234
2024-03-27 14:09:13.069,SELL,LIMIT,IOC,3,3506.69,3521.71,FILLED,3,3
2024-03-27 14:09:16.038,SELL,LIMIT,IOC,40,3502.22,3519.99,FILLED,40,40
2024-03-27 14:11:43.034,SELL,LIMIT,IOC,120,3496.48,3512.44,FILLED,120,120
2024-03-27 14:11:44.094,SELL,LIMIT,IOC,150,3495.53,3512.6,FILLED,150,150
2024-03-27 14:12:12.046,SELL,LIMIT,IOC,19,3493.64,3509.39,FILLED,19,19
2024-03-27 14:12:13.083,SELL,LIMIT,IOC,8,3492.79,3506.0,FILLED,8,8
2024-03-27 14:12:14.102,SELL,LIMIT,IOC,24,3490.61,3507.61,FILLED,24,24
2024-03-27 14:12:35.070,SELL,LIMIT,IOC,2149,3485.53,3499.77,FILLED,390,2149
2024-03-27 14:12:36.112,SELL,LIMIT,IOC,44,3483.88,3500.39,FILLED,44,44
2024-03-27 14:12:41.046,SELL,LIMIT,IOC,2,3482.11,3500.69,FILLED,2,2
2024-03-27 14:47:52.062,SELL,LIMIT,IOC,9,3528.03,3544.53,FILLED,9,9
2024-03-27 15:12:32.062,SELL,LIMIT,IOC,132,3517.29,3531.71,FILLED,132,132
2024-03-27 15:12:39.095,SELL,LIMIT,IOC,5340,3509.96,3524.6,FILLED,1138,5340
2024-03-27 15:12:48.023,SELL,LIMIT,IOC,507,3505.33,3524.28,FILLED,34,507
2024-03-27 15:15:39.089,SELL,LIMIT,IOC,37802,3492.15,3514.19,FILLED,4328,37802
2024-03-27 16:10:24.038,SELL,LIMIT,IOC,30,3493.77,3508.29,FILLED,30,30
2024-03-27 16:10:26.040,SELL,LIMIT,IOC,121,3492.35,3509.2,FILLED,121,121
2024-03-27 16:10:31.040,SELL,LIMIT,IOC,191,3489.99,3507.0,FILLED,74,191
2024-03-27 16:12:09.071,SELL,LIMIT,IOC,51,3484.6,3502.0,FILLED,51,51
2024-03-27 16:13:05.044,SELL,LIMIT,IOC,19,3482.6,3499.11,FILLED,19,19
2024-03-27 16:13:08.052,SELL,LIMIT,IOC,80,3481.3,3498.6,FILLED,80,80
2024-03-27 16:13:10.041,SELL,LIMIT,IOC,2,3480.81,3495.0,FILLED,2,2
2024-03-27 16:13:11.058,SELL,LIMIT,IOC,13,3478.33,3492.97,FILLED,13,13
2024-03-27 16:13:12.080,SELL,LIMIT,IOC,286,3476.89,3493.03,FILLED,139,286
2024-03-27 16:13:24.051,SELL,LIMIT,IOC,40,3474.12,3489.74,FILLED,40,40
2024-03-27 16:13:25.093,SELL,LIMIT,IOC,55,3473.89,3487.86,FILLED,55,55
2024-03-27 16:13:26.117,SELL,LIMIT,IOC,492,3472.0,3486.8,FILLED,492,492
2024-03-27 17:58:03.089,SELL,LIMIT,IOC,225,3483.86,3498.99,FILLED,225,225
2024-03-27 17:58:05.098,SELL,LIMIT,IOC,5,3482.15,3499.8,FILLED,5,5
2024-03-27 18:10:51.081,SELL,LIMIT,IOC,1303,3469.54,3485.99,FILLED,443,1303
2024-03-27 18:12:37.040,SELL,LIMIT,IOC,33,3467.61,3484.6,FILLED,33,33
2024-03-27 18:14:19.030,SELL,LIMIT,IOC,23,3464.99,3481.79,FILLED,23,23
2024-03-27 18:20:22.097,SELL,LIMIT,IOC,50,3462.98,3480.08,FILLED,50,50
2024-03-27 18:20:48.036,SELL,LIMIT,IOC,68,3458.43,3475.0,FILLED,68,68
2024-03-27 18:55:33.071,SELL,LIMIT,IOC,5239,3455.7,3468.54,FILLED,1149,5239
2024-03-27 18:55:34.084,SELL,LIMIT,IOC,2,3451.41,3468.62,FILLED,2,2
2024-03-27 18:55:48.058,SELL,LIMIT,IOC,2614,3450.31,3467.3,FILLED,252,2614
2024-03-27 18:57:02.036,SELL,LIMIT,IOC,104,3449.39,3465.56,FILLED,104,104
2024-03-27 18:57:03.050,SELL,LIMIT,IOC,3061,3447.89,3463.72,FILLED,417,3061
2024-03-27 18:57:05.057,SELL,LIMIT,IOC,14497,3441.75,3461.71,FILLED,2342,14497
2024-03-27 23:32:09.054,SELL,LIMIT,IOC,1959,3481.43,3498.11,FILLED,188,1959
2024-03-27 23:32:10.095,SELL,LIMIT,IOC,150,3481.07,3498.59,FILLED,150,150
2024-03-27 23:32:23.062,SELL,LIMIT,IOC,13,3479.89,3497.19,FILLED,13,13
2024-03-27 23:32:30.034,SELL,LIMIT,IOC,1,3478.71,3496.19,FILLED,1,1
2024-03-28 00:19:40.050,BUY,LIMIT,IOC,768,3537.66,3529.05,FILLED,221,768
2024-03-28 00:34:01.073,SELL,LIMIT,IOC,5,3497.28,3514.6,FILLED,5,5
2024-03-28 01:30:50.126,SELL,LIMIT,IOC,134,3477.75,3495.0,FILLED,134,134
2024-03-28 01:36:45.091,BUY,LIMIT,IOC,83,3530.26,3512.67,FILLED,24,83
2024-03-28 02:32:07.071,SELL,LIMIT,IOC,2,3473.31,3490.29,FILLED,2,2
2024-03-28 02:32:19.103,SELL,LIMIT,IOC,20,3472.43,3487.98,FILLED,20,20
2024-03-28 02:32:22.025,SELL,LIMIT,IOC,1754,3467.2,3483.65,FILLED,532,1754
2024-03-28 02:32:54.043,SELL,LIMIT,IOC,43,3463.5,3478.27,FILLED,43,43
2024-03-28 02:33:16.047,SELL,LIMIT,IOC,23,3458.98,3474.99,FILLED,23,23
2024-03-28 02:33:18.045,SELL,LIMIT,IOC,9183,3455.01,3475.05,FILLED,843,9183
2024-03-28 02:34:22.083,SELL,LIMIT,IOC,7,3456.19,3470.8,FILLED,7,7
2024-03-28 02:40:33.093,SELL,LIMIT,IOC,1,3452.91,3470.19,FILLED,1,1
2024-03-28 06:16:01.080,BUY,LIMIT,IOC,114,3558.81,3542.4,FILLED,107,114
2024-03-28 06:17:19.084,BUY,LIMIT,IOC,2,3565.11,3548.8,FILLED,2,2
2024-03-28 06:20:12.126,BUY,LIMIT,IOC,241,3568.59,3551.36,FILLED,212,241
2024-03-28 06:33:33.076,BUY,LIMIT,IOC,20,3578.47,3560.96,FILLED,20,20
2024-03-28 06:58:49.102,BUY,LIMIT,IOC,182,3592.32,3576.01,FILLED,182,182
2024-03-28 08:46:30.079,BUY,LIMIT,IOC,980,3605.08,3588.6,FILLED,20,980
2024-03-28 08:50:44.083,BUY,LIMIT,IOC,439,3610.22,3592.99,FILLED,439,439
2024-03-28 10:26:40.108,SELL,LIMIT,IOC,3,3557.22,3575.4,FILLED,3,3
2024-03-28 11:42:21.079,SELL,LIMIT,IOC,4646,3560.24,3578.13,FILLED,24,4646
2024-03-28 12:11:36.061,SELL,LIMIT,IOC,57,3558.02,3575.8,FILLED,57,57
2024-03-28 12:35:17.015,SELL,LIMIT,IOC,114,3547.72,3565.32,FILLED,114,114
2024-03-28 12:52:17.105,SELL,LIMIT,IOC,718,3543.53,3560.8,FILLED,718,718
2024-03-28 12:52:34.041,SELL,LIMIT,IOC,12,3540.34,3559.59,FILLED,12,12
2024-03-28 13:28:35.072,BUY,LIMIT,IOC,61,3604.01,3586.4,FILLED,61,61
2024-03-28 13:35:14.056,BUY,LIMIT,IOC,4023,3620.15,3603.41,FILLED,756,4023
2024-03-28 14:11:13.066,SELL,LIMIT,IOC,893,3561.03,3579.14,FILLED,309,893
2024-03-28 14:33:35.066,BUY,LIMIT,IOC,2,3621.34,3604.34,FILLED,2,2
2024-03-28 14:50:57.083,BUY,LIMIT,IOC,3,3629.6,3611.48,FILLED,3,3
2024-03-28 14:51:02.063,BUY,LIMIT,IOC,8316,3632.23,3614.72,FILLED,2744,8316
2024-03-28 15:10:12.052,SELL,LIMIT,IOC,280,3571.22,3588.8,FILLED,186,280
2024-03-28 15:17:21.037,SELL,LIMIT,IOC,21,3567.61,3585.22,FILLED,21,21
2024-03-28 15:27:54.052,SELL,LIMIT,IOC,396,3560.28,3577.39,FILLED,33,396
2024-03-28 16:05:25.074,SELL,LIMIT,IOC,12,3555.53,3573.4,FILLED,12,12
2024-03-28 16:19:17.022,SELL,LIMIT,IOC,1,3545.58,3563.0,FILLED,1,1
2024-03-28 16:55:50.065,SELL,LIMIT,IOC,20,3542.77,3560.4,FILLED,20,20
2024-03-28 17:23:20.062,SELL,LIMIT,IOC,1,3534.75,3543.99,FILLED,1,1
2024-03-28 17:23:22.019,SELL,LIMIT,IOC,11,3528.33,3545.39,FILLED,11,11
2024-03-28 19:03:07.105,BUY,LIMIT,IOC,29,3588.24,3571.15,FILLED,29,29
2024-03-28 19:26:58.064,BUY,LIMIT,IOC,19,3592.4,3575.01,FILLED,19,19
2024-03-28 22:10:43.038,SELL,LIMIT,IOC,469,3534.56,3552.04,FILLED,469,469
2024-03-28 22:11:47.032,SELL,LIMIT,IOC,2,3531.02,3548.37,FILLED,2,2
2024-03-29 07:34:32.055,SELL,LIMIT,IOC,1,3538.93,3556.57,FILLED,1,1
2024-03-29 07:39:22.061,SELL,LIMIT,IOC,92,3532.07,3548.55,FILLED,31,92
2024-03-29 07:39:27.055,SELL,LIMIT,IOC,17,3530.41,3547.61,FILLED,17,17
2024-03-29 07:39:30.047,SELL,LIMIT,IOC,141,3529.79,3547.0,FILLED,141,141
2024-03-29 07:40:17.087,SELL,LIMIT,IOC,39,3523.35,3540.6,FILLED,39,39
2024-03-29 07:40:19.036,SELL,LIMIT,IOC,391,3522.35,3537.4,FILLED,391,391
2024-03-29 07:40:20.082,SELL,LIMIT,IOC,224,3520.03,3537.05,FILLED,224,224
2024-03-29 07:42:24.052,SELL,LIMIT,IOC,1,3516.01,3533.4,FILLED,1,1
2024-03-29 07:47:06.078,SELL,LIMIT,IOC,118,3515.06,3531.8,FILLED,118,118
2024-03-29 07:47:09.025,SELL,LIMIT,IOC,500,3513.46,3530.61,FILLED,124,500
2024-03-29 07:52:46.072,SELL,LIMIT,IOC,13,3501.43,3518.59,FILLED,13,13
2024-03-29 07:53:13.083,SELL,LIMIT,IOC,112,3499.83,3516.99,FILLED,9,112
2024-03-29 12:10:14.079,SELL,LIMIT,IOC,888,3525.41,3542.88,FILLED,888,888
2024-03-29 13:13:02.032,SELL,LIMIT,IOC,2,3515.79,3533.11,FILLED,2,2
2024-03-29 13:13:05.049,SELL,LIMIT,IOC,26842,3510.06,3531.04,FILLED,1352,26842
2024-03-29 13:37:08.055,BUY,LIMIT,IOC,4409,3571.1,3554.25,FILLED,150,4409
2024-03-29 15:25:47.045,SELL,LIMIT,IOC,139,3511.59,3528.66,FILLED,139,139
2024-03-29 15:28:20.061,SELL,LIMIT,IOC,374,3506.05,3522.27,FILLED,374,374
2024-03-29 15:28:29.017,SELL,LIMIT,IOC,751,3503.15,3520.63,FILLED,29,751
2024-03-29 15:29:08.044,SELL,LIMIT,IOC,3713,3502.56,3518.81,FILLED,275,3713
2024-03-29 15:38:18.063,SELL,LIMIT,IOC,3,3500.23,3517.8,FILLED,3,3
2024-03-29 15:38:20.079,SELL,LIMIT,IOC,136,3499.71,3516.82,FILLED,99,136
2024-03-29 15:38:22.026,SELL,LIMIT,IOC,78,3498.43,3513.5,FILLED,78,78
2024-03-29 15:38:23.062,SELL,LIMIT,IOC,8531,3493.5,3511.69,FILLED,2915,8531
2024-03-29 15:38:40.077,SELL,LIMIT,IOC,22,3492.02,3508.62,FILLED,22,22
2024-03-29 15:39:03.051,SELL,LIMIT,IOC,20,3489.88,3505.7,FILLED,20,20
2024-03-29 15:39:15.091,SELL,LIMIT,IOC,174,3487.75,3500.99,FILLED,174,174
2024-03-29 15:39:19.059,SELL,LIMIT,IOC,231,3481.76,3495.95,FILLED,51,231
2024-03-29 15:39:23.041,SELL,LIMIT,IOC,17,3477.6,3491.72,FILLED,17,17
2024-03-29 15:39:24.047,SELL,LIMIT,IOC,217,3476.45,3489.0,FILLED,185,217
2024-03-29 15:39:25.048,SELL,LIMIT,IOC,9322,3470.61,3488.12,FILLED,688,9322
2024-03-29 15:40:46.104,SELL,LIMIT,IOC,1208,3470.04,3484.23,FILLED,508,1208
2024-03-29 16:58:17.038,SELL,LIMIT,IOC,6,3469.21,3486.0,FILLED,6,6
2024-03-29 16:58:23.021,SELL,LIMIT,IOC,34,3468.16,3485.0,FILLED,26,34
2024-03-29 16:58:25.049,SELL,LIMIT,IOC,391,3466.38,3482.01,FILLED,331,391
2024-03-29 16:59:08.048,SELL,LIMIT,IOC,690,3462.53,3479.0,FILLED,690,690
2024-03-29 16:59:16.075,SELL,LIMIT,IOC,16644,3456.88,3477.32,FILLED,746,16644
2024-03-29 17:52:40.077,SELL,LIMIT,IOC,26,3459.75,3477.44,FILLED,26,26
2024-03-29 21:33:31.098,SELL,LIMIT,IOC,364,3464.75,3482.0,FILLED,364,364
2024-03-29 21:33:46.058,SELL,LIMIT,IOC,53,3463.41,3480.22,FILLED,23,53
2024-03-29 22:10:35.042,BUY,LIMIT,IOC,1,3517.37,3500.59,FILLED,1,1
2024-03-29 22:32:35.028,BUY,LIMIT,IOC,107,3534.39,3517.29,FILLED,69,107
2024-03-30 03:18:12.027,SELL,LIMIT,IOC,1,3487.7,3504.21,FILLED,1,1
2024-03-30 03:21:12.040,SELL,LIMIT,IOC,17,3479.5,3496.79,FILLED,17,17
2024-03-30 03:45:11.102,SELL,LIMIT,IOC,48,3475.58,3492.19,FILLED,48,48
2024-03-30 05:03:12.031,BUY,LIMIT,IOC,1,3539.92,3522.8,FILLED,1,1
2024-03-30 05:06:00.082,BUY,LIMIT,IOC,1,3546.94,3531.1,FILLED,1,1
2024-03-30 05:06:05.049,BUY,LIMIT,IOC,35,3548.45,3535.41,FILLED,35,35
2024-03-30 05:29:18.032,SELL,LIMIT,IOC,177,3496.78,3512.25,FILLED,177,177
2024-03-30 06:07:45.088,SELL,LIMIT,IOC,107,3481.92,3499.25,FILLED,76,107
2024-03-30 11:32:23.099,BUY,LIMIT,IOC,4481,3569.83,3552.21,FILLED,4481,4481
2024-03-30 11:35:51.055,BUY,LIMIT,IOC,1187,3571.47,3554.58,FILLED,302,1187
2024-03-30 11:37:34.050,BUY,LIMIT,IOC,1,3576.66,3559.2,FILLED,1,1
2024-03-30 11:38:38.074,BUY,LIMIT,IOC,61,3579.41,3562.86,FILLED,61,61
2024-03-30 11:38:59.037,BUY,LIMIT,IOC,8817,3583.72,3565.47,FILLED,1290,8817
2024-03-30 11:58:18.049,BUY,LIMIT,IOC,15,3586.11,3569.79,FILLED,15,15
2024-03-30 13:14:17.068,SELL,LIMIT,IOC,2738,3528.49,3546.02,FILLED,88,2738
2024-03-30 13:31:14.040,SELL,LIMIT,IOC,1,3525.36,3542.95,FILLED,1,1
2024-03-30 14:42:52.047,SELL,LIMIT,IOC,3,3520.95,3537.7,FILLED,3,3
2024-03-30 16:15:27.079,SELL,LIMIT,IOC,8,3517.92,3534.68,FILLED,8,8
2024-03-30 16:50:35.057,BUY,LIMIT,IOC,123,3568.66,3551.99,FILLED,123,123
2024-03-30 17:19:46.097,SELL,LIMIT,IOC,3,3515.95,3533.5,FILLED,3,3
2024-03-30 18:10:30.091,SELL,LIMIT,IOC,35,3509.02,3525.55,FILLED,35,35
2024-03-30 19:01:45.062,SELL,LIMIT,IOC,342,3505.33,3522.17,FILLED,139,342
2024-03-30 19:04:55.052,SELL,LIMIT,IOC,451,3498.88,3515.52,FILLED,451,451
2024-03-30 19:04:58.075,SELL,LIMIT,IOC,30,3497.41,3514.28,FILLED,29,30
2024-03-30 19:10:38.076,SELL,LIMIT,IOC,19567,3482.52,3503.07,FILLED,887,19567
2024-03-30 19:10:40.063,SELL,LIMIT,IOC,97,3485.88,3503.27,FILLED,97,97
2024-03-30 19:16:05.055,SELL,LIMIT,IOC,652,3480.35,3497.61,FILLED,6,652
2024-03-30 19:16:37.033,SELL,LIMIT,IOC,13,3478.97,3496.01,FILLED,13,13
2024-03-31 01:05:20.093,BUY,LIMIT,IOC,9,3543.27,3528.01,FILLED,9,9
2024-03-31 05:13:45.035,BUY,LIMIT,IOC,20879,3584.84,3566.04,FILLED,609,20879
2024-03-31 05:14:30.059,BUY,LIMIT,IOC,836,3583.57,3570.12,FILLED,836,836
2024-03-31 05:22:31.073,BUY,LIMIT,IOC,18,3603.39,3587.79,FILLED,18,18
2024-03-31 05:23:11.095,BUY,LIMIT,IOC,11,3606.26,3591.13,FILLED,11,11
2024-03-31 05:23:30.071,BUY,LIMIT,IOC,91,3607.46,3591.85,FILLED,91,91
2024-03-31 05:25:40.057,BUY,LIMIT,IOC,427,3613.61,3597.19,FILLED,336,427
2024-03-31 05:56:52.040,BUY,LIMIT,IOC,500,3628.03,3611.61,FILLED,175,500
2024-03-31 06:00:36.067,BUY,LIMIT,IOC,521,3630.8,3613.86,FILLED,521,521
2024-03-31 06:04:36.032,BUY,LIMIT,IOC,10,3633.78,3617.48,FILLED,10,10
2024-03-31 06:04:37.094,BUY,LIMIT,IOC,1155,3635.62,3622.17,FILLED,1088,1155
2024-03-31 06:38:35.065,BUY,LIMIT,IOC,2,3648.51,3632.82,FILLED,2,2
2024-03-31 06:38:42.097,BUY,LIMIT,IOC,52,3649.92,3634.2,FILLED,52,52
2024-03-31 09:09:34.028,SELL,LIMIT,IOC,2,3597.59,3615.19,FILLED,2,2
2024-03-31 14:26:29.075,BUY,LIMIT,IOC,139,3651.67,3634.49,FILLED,139,139
2024-03-31 14:28:08.047,BUY,LIMIT,IOC,83,3654.73,3637.2,FILLED,83,83
2024-03-31 14:29:13.083,BUY,LIMIT,IOC,5,3656.83,3642.0,FILLED,5,5
2024-03-31 18:40:01.064,BUY,LIMIT,IOC,114,3669.33,3654.08,FILLED,114,114
2024-03-31 18:40:43.094,BUY,LIMIT,IOC,30,3672.22,3654.83,FILLED,30,30
2024-03-31 18:50:57.078,BUY,LIMIT,IOC,2612,3676.72,3659.0,FILLED,194,2612
