time,side,order_type,time_in_force,original_quantity,price,average_price,order_status,last_fill_quantity,accumulated_fill_quantity
2024-01-01 01:46:51.855,BUY,LIMIT,IOC,97,107.398,104.779,FILLED,55,97
2024-01-01 12:55:38.581,BUY,LIMIT,IOC,749,108.884,106.203,FILLED,72,749
2024-01-01 16:06:11.383,BUY,LIMIT,IOC,66,109.409,106.781,FILLED,1,66
2024-01-01 16:08:13.202,BUY,LIMIT,IOC,26,109.686,106.978,FILLED,9,26
2024-01-01 16:09:38.167,BUY,LIMIT,IOC,460,109.838,107.191,FILLED,3,460
2024-01-01 16:09:44.727,BUY,LIMIT,IOC,109,110.01,107.434,FILLED,23,109
2024-01-01 16:09:56.269,BUY,LIMIT,IOC,1,110.122,107.694,FILLED,1,1
2024-01-01 16:09:58.518,BUY,LIMIT,IOC,1,110.561,107.855,FILLED,1,1
2024-01-01 16:10:02.768,BUY,LIMIT,IOC,103,110.687,108.071,FILLED,6,103
2024-01-01 16:10:08.768,BUY,LIMIT,IOC,1,111.099,108.329,FILLED,1,1
2024-01-01 18:28:13.955,BUY,LIMIT,IOC,8,111.312,108.571,FILLED,8,8
2024-01-01 19:23:53.501,BUY,LIMIT,IOC,3,111.331,108.598,FILLED,2,3
2024-01-01 19:25:11.369,BUY,LIMIT,IOC,110,111.765,108.993,FILLED,13,110
2024-01-01 20:04:12.441,BUY,LIMIT,IOC,2,112.182,109.427,FILLED,2,2
2024-01-01 20:04:52.364,BUY,LIMIT,IOC,10,112.267,109.515,FILLED,4,10
2024-01-02 00:00:03.673,BUY,LIMIT,IOC,77,112.882,110.08,FILLED,30,77
2024-01-02 00:59:36.681,BUY,LIMIT,IOC,17,113.578,110.942,FILLED,17,17
2024-01-02 00:59:44.388,BUY,LIMIT,IOC,340,113.69,110.994,FILLED,49,340
2024-01-02 01:00:28.212,BUY,LIMIT,IOC,17,113.993,111.25,FILLED,17,17
2024-01-02 01:01:46.276,BUY,LIMIT,IOC,109,114.108,111.466,FILLED,81,109
2024-01-02 01:03:08.719,BUY,LIMIT,IOC,2,114.461,111.719,FILLED,1,2
2024-01-02 01:04:44.459,BUY,LIMIT,IOC,6009,114.812,111.977,FILLED,62,6009
2024-01-02 01:05:11.747,BUY,LIMIT,IOC,10,114.905,112.048,FILLED,4,10
2024-01-02 01:07:22.287,BUY,LIMIT,IOC,4937,115.311,112.627,FILLED,25,4937
2024-01-02 01:07:27.676,BUY,LIMIT,IOC,2,115.421,112.536,FILLED,2,2
2024-01-02 07:03:37.235,BUY,LIMIT,IOC,1422,116.711,113.993,FILLED,1194,1422
2024-01-02 07:27:48.395,BUY,LIMIT,IOC,2,117.199,114.279,FILLED,2,2
2024-01-02 07:29:39.542,BUY,LIMIT,IOC,554,117.448,114.52,FILLED,230,554
2024-01-02 08:21:42.106,BUY,LIMIT,IOC,78,117.924,115.006,FILLED,66,78
2024-01-02 08:38:34.182,BUY,LIMIT,IOC,20,118.144,115.254,FILLED,12,20
2024-01-02 09:27:21.131,BUY,LIMIT,IOC,4550,119.128,116.352,FILLED,79,4550
2024-01-02 09:27:27.621,BUY,LIMIT,IOC,707,119.401,116.626,FILLED,55,707
2024-01-02 09:29:20.199,BUY,LIMIT,IOC,44,119.561,116.591,FILLED,16,44
2024-01-02 09:32:17.718,BUY,LIMIT,IOC,14,119.949,116.999,FILLED,14,14
2024-01-02 09:32:45.817,BUY,LIMIT,IOC,14,120.052,117.073,FILLED,14,14
2024-01-02 11:44:52.079,SELL,LIMIT,IOC,23,111.324,114.112,FILLED,23,23
2024-01-02 11:45:27.900,SELL,LIMIT,IOC,6,111.26,113.89,FILLED,6,6
2024-01-02 11:50:38.900,SELL,LIMIT,IOC,11,110.747,113.282,FILLED,2,11
2024-01-02 14:25:23.811,SELL,LIMIT,IOC,11,110.114,112.8,FILLED,6,11
2024-01-02 14:25:27.963,SELL,LIMIT,IOC,5,109.978,112.682,FILLED,5,5
2024-01-02 14:26:30.434,SELL,LIMIT,IOC,1,109.565,112.276,FILLED,1,1
2024-01-02 14:26:45.573,SELL,LIMIT,IOC,3,109.42,112.165,FILLED,3,3
2024-01-02 14:31:43.819,SELL,LIMIT,IOC,251,109.232,111.886,FILLED,38,251
2024-01-02 14:31:45.606,SELL,LIMIT,IOC,9,109.115,111.794,FILLED,9,9
2024-01-02 14:32:05.048,SELL,LIMIT,IOC,4,109.07,111.767,FILLED,3,4
2024-01-02 14:33:25.674,SELL,LIMIT,IOC,1,108.941,111.67,FILLED,1,1
2024-01-02 14:33:49.473,SELL,LIMIT,IOC,4,108.915,111.675,FILLED,2,4
2024-01-02 14:38:00.725,SELL,LIMIT,IOC,151,108.605,111.285,FILLED,45,151
2024-01-02 14:48:39.572,SELL,LIMIT,IOC,179,108.283,110.927,FILLED,87,179
2024-01-02 14:48:40.717,SELL,LIMIT,IOC,4,108.231,110.917,FILLED,4,4
2024-01-02 14:48:48.787,SELL,LIMIT,IOC,4,108.141,110.723,FILLED,4,4
2024-01-02 14:49:58.413,SELL,LIMIT,IOC,8,107.7,110.085,FILLED,8,8
2024-01-02 14:50:15.845,SELL,LIMIT,IOC,15,107.099,109.701,FILLED,15,15
2024-01-02 15:14:06.055,SELL,LIMIT,IOC,2,106.545,109.234,FILLED,2,2
2024-01-02 15:14:11.229,SELL,LIMIT,IOC,226,106.484,109.017,FILLED,31,226
2024-01-02 15:14:12.700,SELL,LIMIT,IOC,467,106.406,108.974,FILLED,34,467
2024-01-02 15:14:26.142,SELL,LIMIT,IOC,843,106.32,108.922,FILLED,5,843
2024-01-02 15:14:28.788,SELL,LIMIT,IOC,7,106.273,108.935,FILLED,7,7
2024-01-02 15:14:35.776,SELL,LIMIT,IOC,34,106.238,108.946,FILLED,34,34
2024-01-02 15:15:20.428,SELL,LIMIT,IOC,34,106.211,108.867,FILLED,22,34
2024-01-02 15:18:33.228,SELL,LIMIT,IOC,1,106.016,108.603,FILLED,1,1
2024-01-02 15:19:07.444,SELL,LIMIT,IOC,77,105.866,108.444,FILLED,9,77
2024-01-02 15:19:08.562,SELL,LIMIT,IOC,126,105.83,108.253,FILLED,73,126
2024-01-02 15:19:09.857,SELL,LIMIT,IOC,1,105.789,108.346,FILLED,1,1
2024-01-02 15:19:16.302,SELL,LIMIT,IOC,1476,105.507,108.022,FILLED,223,1476
2024-01-02 15:19:28.073,SELL,LIMIT,IOC,7,105.435,108.002,FILLED,7,7
2024-01-02 15:19:29.411,SELL,LIMIT,IOC,159,105.425,107.935,FILLED,75,159
2024-01-02 15:57:29.722,SELL,LIMIT,IOC,241,106.959,109.581,FILLED,15,241
2024-01-02 17:38:47.656,SELL,LIMIT,IOC,17128,105.391,107.847,FILLED,51,17128
2024-01-02 17:40:11.351,SELL,LIMIT,IOC,26,105.06,107.403,FILLED,26,26
2024-01-02 17:41:41.397,SELL,LIMIT,IOC,5,104.653,107.247,FILLED,5,5
2024-01-02 17:41:44.183,SELL,LIMIT,IOC,7,104.604,107.204,FILLED,7,7
2024-01-02 17:41:51.354,SELL,LIMIT,IOC,346,104.387,106.818,FILLED,14,346
2024-01-02 23:47:41.653,SELL,LIMIT,IOC,35,104.178,106.77,FILLED,6,35
2024-01-02 23:47:53.695,SELL,LIMIT,IOC,52,103.856,106.503,FILLED,34,52
2024-01-02 23:49:59.170,SELL,LIMIT,IOC,157,103.695,106.205,FILLED,89,157
2024-01-03 10:46:38.234,SELL,LIMIT,IOC,550,104.006,106.504,FILLED,81,550
2024-01-03 11:11:06.197,SELL,LIMIT,IOC,34,103.736,106.215,FILLED,4,34
2024-01-03 11:11:10.671,SELL,LIMIT,IOC,21,103.565,106.144,FILLED,4,21
2024-01-03 11:11:30.184,SELL,LIMIT,IOC,2168,103.368,105.488,FILLED,12,2168
2024-01-03 11:11:31.600,SELL,LIMIT,IOC,6,103.273,105.622,FILLED,1,6
2024-01-03 11:11:33.027,SELL,LIMIT,IOC,1,103.071,105.767,FILLED,1,1
2024-01-03 11:14:19.079,SELL,LIMIT,IOC,26,103.019,105.583,FILLED,4,26
2024-01-03 11:14:21.316,SELL,LIMIT,IOC,2,102.966,105.509,FILLED,2,2
2024-01-03 11:14:23.124,SELL,LIMIT,IOC,9,102.929,105.38,FILLED,4,9
2024-01-03 11:14:24.490,SELL,LIMIT,IOC,9,102.901,105.134,FILLED,9,9
2024-01-03 11:14:25.566,SELL,LIMIT,IOC,92,102.765,105.09,FILLED,17,92
2024-01-03 11:14:49.470,SELL,LIMIT,IOC,20,102.6,105.169,FILLED,15,20
2024-01-03 11:14:53.607,SELL,LIMIT,IOC,2,102.575,105.238,FILLED,1,2
2024-01-03 11:24:02.470,SELL,LIMIT,IOC,3,102.528,105.09,FILLED,3,3
2024-01-03 11:24:05.554,SELL,LIMIT,IOC,10,102.348,104.692,FILLED,8,10
2024-01-03 11:24:06.627,SELL,LIMIT,IOC,10,102.3,104.704,FILLED,10,10
2024-01-03 11:24:08.552,SELL,LIMIT,IOC,119,102.169,104.643,FILLED,94,119
2024-01-03 11:24:28.610,SELL,LIMIT,IOC,939,101.923,104.404,FILLED,3,939
2024-01-03 11:31:38.560,SELL,LIMIT,IOC,10313,101.818,104.221,FILLED,576,10313
2024-01-03 11:31:40.048,SELL,LIMIT,IOC,601,101.804,104.215,FILLED,246,601
2024-01-03 11:51:59.128,SELL,LIMIT,IOC,1,101.619,104.094,FILLED,1,1
2024-01-03 11:54:51.425,SELL,LIMIT,IOC,773,101.358,103.762,FILLED,257,773
2024-01-03 11:54:53.648,SELL,LIMIT,IOC,188,101.261,103.86,FILLED,87,188
2024-01-03 11:55:16.981,SELL,LIMIT,IOC,1,101.271,103.597,FILLED,1,1
2024-01-03 11:55:18.166,SELL,LIMIT,IOC,26,101.187,103.651,FILLED,26,26
2024-01-03 11:55:53.117,SELL,LIMIT,IOC,129,101.045,103.324,FILLED,126,129
2024-01-03 11:55:55.480,SELL,LIMIT,IOC,66,100.913,103.197,FILLED,18,66
2024-01-03 11:55:57.785,SELL,LIMIT,IOC,126,100.795,102.918,FILLED,77,126
2024-01-03 11:55:59.041,SELL,LIMIT,IOC,3142,100.64,102.892,FILLED,1162,3142
2024-01-03 11:56:00.078,SELL,LIMIT,IOC,45,100.6,102.906,FILLED,2,45
2024-01-03 11:56:01.136,SELL,LIMIT,IOC,84,100.511,102.79,FILLED,9,84
2024-01-03 11:56:03.187,SELL,LIMIT,IOC,338,100.479,102.606,FILLED,169,338
2024-01-03 11:56:06.082,SELL,LIMIT,IOC,32,100.41,102.579,FILLED,32,32
2024-01-03 11:56:07.239,SELL,LIMIT,IOC,3,100.354,102.593,FILLED,3,3
2024-01-03 11:56:13.729,SELL,LIMIT,IOC,663,100.225,102.414,FILLED,183,663
2024-01-03 11:56:14.818,SELL,LIMIT,IOC,2109,100.206,102.21,FILLED,130,2109
2024-01-03 11:56:17.198,SELL,LIMIT,IOC,5,100.139,102.795,FILLED,5,5
2024-01-03 12:01:06.615,SELL,LIMIT,IOC,119,100.045,102.405,FILLED,30,119
2024-01-03 12:01:09.057,SELL,LIMIT,IOC,184,99.964,102.163,FILLED,110,184
2024-01-03 12:01:11.720,SELL,LIMIT,IOC,8,99.829,102.199,FILLED,8,8
2024-01-03 12:01:15.811,SELL,LIMIT,IOC,559,99.682,102.141,FILLED,148,559
2024-01-03 12:01:22.161,SELL,LIMIT,IOC,25,99.527,101.696,FILLED,25,25
2024-01-03 12:01:24.060,SELL,LIMIT,IOC,91,99.455,101.501,FILLED,33,91
2024-01-03 12:01:27.194,SELL,LIMIT,IOC,14,99.322,101.422,FILLED,14,14
2024-01-03 12:01:28.623,SELL,LIMIT,IOC,11,99.311,101.175,FILLED,11,11
2024-01-03 12:01:32.366,SELL,LIMIT,IOC,83,99.112,100.816,FILLED,8,83
2024-01-03 12:01:35.214,SELL,LIMIT,IOC,500,99.012,100.344,FILLED,304,500
2024-01-03 12:01:37.253,SELL,LIMIT,IOC,3225,98.869,100.176,FILLED,14,3225
2024-01-03 12:01:38.540,SELL,LIMIT,IOC,9,98.766,100.381,FILLED,9,9
2024-01-03 12:01:40.123,SELL,LIMIT,IOC,16,98.696,100.022,FILLED,16,16
2024-01-03 12:01:43.120,SELL,LIMIT,IOC,629,98.525,99.421,FILLED,319,629
2024-01-03 12:01:44.284,SELL,LIMIT,IOC,8,98.37,99.579,FILLED,8,8
2024-01-03 12:01:47.097,SELL,LIMIT,IOC,83,98.225,98.436,FILLED,79,83
2024-01-03 12:01:48.151,SELL,LIMIT,IOC,5,98.049,98.53,FILLED,5,5
2024-01-03 12:01:49.587,SELL,LIMIT,IOC,5,97.99,98.163,FILLED,4,5
2024-01-03 12:01:52.170,SELL,LIMIT,IOC,4,97.673,97.673,FILLED,4,4
2024-01-03 12:01:53.175,SELL,LIMIT,IOC,713,97.146,97.146,FILLED,713,713
2024-01-03 12:01:56.058,SELL,LIMIT,IOC,3,96.972,96.972,FILLED,3,3
2024-01-03 12:01:57.160,SELL,LIMIT,IOC,163,96.835,96.844,FILLED,163,163
2024-01-03 12:01:58.154,SELL,LIMIT,IOC,445,96.757,96.757,FILLED,445,445
2024-01-03 12:02:00.733,SELL,LIMIT,IOC,1275,96.692,96.692,FILLED,1275,1275
2024-01-03 12:02:01.752,SELL,LIMIT,IOC,17308,96.256,96.256,FILLED,17308,17308
2024-01-03 12:02:03.107,SELL,LIMIT,IOC,420,96.068,96.068,FILLED,420,420
2024-01-03 12:02:04.129,SELL,LIMIT,IOC,100,95.952,95.952,FILLED,100,100
2024-01-03 12:02:05.204,SELL,LIMIT,IOC,1,95.755,95.755,FILLED,1,1
2024-01-03 12:02:10.285,SELL,LIMIT,IOC,7888,95.64,95.64,FILLED,7888,7888
2024-01-03 12:02:13.739,SELL,LIMIT,IOC,136,95.574,95.574,FILLED,136,136
2024-01-03 12:02:16.164,SELL,LIMIT,IOC,107,95.52,95.864,FILLED,86,107
2024-01-03 12:02:18.131,SELL,LIMIT,IOC,66,95.313,96.225,FILLED,14,66
2024-01-03 12:06:55.311,SELL,LIMIT,IOC,455,95.133,97.182,FILLED,144,455
2024-01-03 12:06:57.264,SELL,LIMIT,IOC,36,94.973,96.668,FILLED,13,36
2024-01-03 12:06:58.282,SELL,LIMIT,IOC,1,94.849,96.419,FILLED,1,1
2024-01-03 12:07:00.094,SELL,LIMIT,IOC,19,94.651,96.807,FILLED,19,19
2024-01-03 12:07:01.368,SELL,LIMIT,IOC,10,94.56,97.075,FILLED,10,10
2024-01-03 12:08:15.278,SELL,LIMIT,IOC,1031,94.494,96.756,FILLED,113,1031
2024-01-03 12:08:20.097,SELL,LIMIT,IOC,161,94.392,96.557,FILLED,6,161
2024-01-03 12:08:22.412,SELL,LIMIT,IOC,10,94.325,96.268,FILLED,9,10
2024-01-03 12:08:23.621,SELL,LIMIT,IOC,7,94.231,95.963,FILLED,7,7
2024-01-03 12:08:25.738,SELL,LIMIT,IOC,160,94.157,95.567,FILLED,95,160
2024-01-03 12:08:26.900,SELL,LIMIT,IOC,671,93.872,95.25,FILLED,18,671
2024-01-03 12:08:28.211,SELL,LIMIT,IOC,3295,93.699,94.966,FILLED,88,3295
2024-01-03 12:08:29.224,SELL,LIMIT,IOC,11,93.222,94.777,FILLED,11,11
2024-01-03 12:08:32.583,SELL,LIMIT,IOC,117,93.162,93.89,FILLED,50,117
2024-01-03 12:08:33.637,SELL,LIMIT,IOC,2,93.102,93.358,FILLED,2,2
2024-01-03 12:08:34.740,SELL,LIMIT,IOC,1183,92.944,92.944,FILLED,1183,1183
2024-01-03 12:08:36.069,SELL,LIMIT,IOC,10,92.253,92.253,FILLED,10,10
2024-01-03 12:08:39.145,SELL,LIMIT,IOC,15,92.041,92.564,FILLED,15,15
2024-01-03 12:08:40.529,SELL,LIMIT,IOC,40,91.969,92.003,FILLED,40,40
2024-01-03 12:08:41.630,SELL,LIMIT,IOC,3000,91.891,91.891,FILLED,3000,3000
2024-01-03 12:08:43.164,SELL,LIMIT,IOC,1068,91.664,91.664,FILLED,1068,1068
2024-01-03 12:08:44.482,SELL,LIMIT,IOC,1869,91.581,91.581,FILLED,1869,1869
2024-01-03 12:08:45.560,SELL,LIMIT,IOC,13,91.529,91.529,FILLED,13,13
2024-01-03 12:08:46.661,SELL,LIMIT,IOC,93,91.325,91.325,FILLED,93,93
2024-01-03 12:08:47.715,SELL,LIMIT,IOC,1628,91.039,91.039,FILLED,1628,1628
2024-01-03 12:08:49.034,SELL,LIMIT,IOC,1017,90.863,90.863,FILLED,1017,1017
2024-01-03 12:08:50.208,SELL,LIMIT,IOC,10,90.683,90.683,FILLED,10,10
2024-01-03 12:08:52.148,SELL,LIMIT,IOC,625,90.593,90.593,FILLED,625,625
2024-01-03 12:08:53.234,SELL,LIMIT,IOC,406,90.246,90.246,FILLED,406,406
2024-01-03 12:08:56.109,SELL,LIMIT,IOC,13,89.99,89.99,FILLED,13,13
2024-01-03 12:08:57.163,SELL,LIMIT,IOC,324,89.794,89.794,FILLED,324,324
2024-01-03 12:09:02.182,BUY,LIMIT,IOC,302,94.605,89.07,FILLED,302,302
2024-01-03 12:09:09.227,SELL,LIMIT,IOC,107,89.631,90.747,FILLED,107,107
2024-01-03 12:09:13.093,SELL,LIMIT,IOC,342,89.596,91.387,FILLED,11,342
2024-01-03 12:09:30.060,SELL,LIMIT,IOC,170,89.316,90.798,FILLED,170,170
2024-01-03 12:09:31.154,SELL,LIMIT,IOC,1,89.062,89.849,FILLED,1,1
2024-01-03 12:09:33.057,SELL,LIMIT,IOC,53,88.973,88.973,FILLED,53,53
2024-01-03 12:09:36.246,SELL,LIMIT,IOC,1,88.753,88.753,FILLED,1,1
2024-01-03 12:09:37.345,SELL,LIMIT,IOC,4,88.596,88.596,FILLED,4,4
2024-01-03 12:09:42.244,SELL,LIMIT,IOC,9,88.572,88.572,FILLED,9,9
2024-01-03 12:09:46.297,SELL,LIMIT,IOC,888,88.4,88.4,FILLED,888,888
2024-01-03 12:09:52.263,SELL,LIMIT,IOC,3618,88.393,88.393,FILLED,3618,3618
2024-01-03 12:09:54.337,SELL,LIMIT,IOC,16850,88.213,88.213,FILLED,16850,16850
2024-01-03 12:09:59.135,SELL,LIMIT,IOC,573,87.954,87.954,FILLED,573,573
2024-01-03 12:10:06.158,SELL,LIMIT,IOC,90,87.732,87.732,FILLED,90,90
2024-01-03 12:10:07.884,SELL,LIMIT,IOC,581,87.493,87.493,FILLED,581,581
2024-01-03 12:10:15.128,SELL,LIMIT,IOC,729,87.486,87.486,FILLED,729,729
2024-01-03 12:10:16.181,SELL,LIMIT,IOC,210,87.193,87.193,FILLED,210,210
2024-01-03 12:10:18.044,SELL,LIMIT,IOC,8,86.802,86.802,FILLED,8,8
2024-01-03 12:10:19.079,SELL,LIMIT,IOC,327,83.623,83.623,FILLED,327,327
2024-01-03 12:10:49.291,SELL,LIMIT,IOC,155,86.93,91.441,FILLED,49,155
2024-01-03 12:11:18.237,SELL,LIMIT,IOC,11,86.137,91.499,FILLED,1,11
2024-01-03 12:11:25.865,BUY,LIMIT,IOC,31,92.616,91.881,FILLED,6,31
2024-01-03 12:11:30.083,SELL,LIMIT,IOC,202,89.687,92.576,FILLED,128,202
2024-01-03 12:12:28.484,SELL,LIMIT,IOC,8,88.738,91.388,FILLED,8,8
2024-01-03 12:23:38.812,BUY,LIMIT,IOC,1,99.333,97.334,FILLED,1,1
2024-01-03 12:23:50.285,BUY,LIMIT,IOC,3030,99.85,97.73,FILLED,162,3030
2024-01-03 12:25:05.745,BUY,LIMIT,IOC,793,100.293,97.856,FILLED,34,793
2024-01-03 12:48:26.650,BUY,LIMIT,IOC,93,102.406,100.05,FILLED,6,93
2024-01-03 13:45:32.090,SELL,LIMIT,IOC,8,95.703,97.75,FILLED,8,8
2024-01-03 13:45:37.137,SELL,LIMIT,IOC,9,95.404,97.762,FILLED,9,9
2024-01-03 13:49:09.391,SELL,LIMIT,IOC,1,94.963,97.117,FILLED,1,1
2024-01-03 13:49:11.373,SELL,LIMIT,IOC,427,94.768,97.047,FILLED,41,427
2024-01-03 13:50:10.607,SELL,LIMIT,IOC,9,94.626,96.757,FILLED,2,9
2024-01-03 13:50:36.172,SELL,LIMIT,IOC,1,94.298,96.813,FILLED,1,1
2024-01-03 14:16:18.142,SELL,LIMIT,IOC,4,94.042,96.156,FILLED,4,4
2024-01-03 14:16:31.877,SELL,LIMIT,IOC,848,93.695,95.66,FILLED,802,848
2024-01-03 14:16:33.472,SELL,LIMIT,IOC,6,93.587,95.379,FILLED,6,6
2024-01-03 14:16:34.498,SELL,LIMIT,IOC,199,93.346,95.081,FILLED,177,199
2024-01-03 15:56:47.625,BUY,LIMIT,IOC,47,103.345,100.797,FILLED,27,47
2024-01-03 15:59:55.447,BUY,LIMIT,IOC,19,104.146,101.691,FILLED,19,19
2024-01-03 16:02:04.420,BUY,LIMIT,IOC,2,104.897,102.306,FILLED,2,2
2024-01-03 16:02:28.504,BUY,LIMIT,IOC,15,105.435,102.876,FILLED,4,15
2024-01-03 16:18:16.394,SELL,LIMIT,IOC,1,97.803,100.241,FILLED,1,1
2024-01-03 16:42:39.219,SELL,LIMIT,IOC,204,96.488,98.723,FILLED,17,204
2024-01-03 16:45:37.102,SELL,LIMIT,IOC,8,96.356,98.673,FILLED,8,8
2024-01-03 16:45:38.644,SELL,LIMIT,IOC,1606,96.333,98.634,FILLED,990,1606
2024-01-03 17:16:58.240,SELL,LIMIT,IOC,396,95.745,98.124,FILLED,23,396
2024-01-03 17:51:44.231,SELL,LIMIT,IOC,868,94.569,96.829,FILLED,104,868
2024-01-03 17:51:47.121,SELL,LIMIT,IOC,2,94.496,96.737,FILLED,2,2
2024-01-03 17:51:49.263,SELL,LIMIT,IOC,32,94.417,96.752,FILLED,11,32
2024-01-03 18:47:36.142,SELL,LIMIT,IOC,2,94.36,96.5,FILLED,2,2
2024-01-03 18:56:05.417,SELL,LIMIT,IOC,7,93.906,95.901,FILLED,7,7
2024-01-03 18:56:08.487,SELL,LIMIT,IOC,2,93.679,95.484,FILLED,2,2
2024-01-03 18:56:10.067,SELL,LIMIT,IOC,58,93.524,95.07,FILLED,47,58
2024-01-03 18:56:11.296,SELL,LIMIT,IOC,255,93.399,95.269,FILLED,11,255
2024-01-03 18:56:12.783,SELL,LIMIT,IOC,1,93.12,95.717,FILLED,1,1
2024-01-03 20:35:35.683,BUY,LIMIT,IOC,16,101.7,99.159,FILLED,11,16
2024-01-03 21:02:27.617,BUY,LIMIT,IOC,188,102.418,100.108,FILLED,25,188
2024-01-03 23:10:36.472,SELL,LIMIT,IOC,167,95.539,97.864,FILLED,45,167
2024-01-03 23:10:39.150,SELL,LIMIT,IOC,4,95.519,97.867,FILLED,4,4
2024-01-04 03:00:11.626,BUY,LIMIT,IOC,14,103.821,101.268,FILLED,9,14
2024-01-04 07:41:12.071,SELL,LIMIT,IOC,27,96.936,99.351,FILLED,7,27
2024-01-04 08:16:02.420,SELL,LIMIT,IOC,201,96.217,98.409,FILLED,18,201
2024-01-04 08:37:20.120,SELL,LIMIT,IOC,1,95.433,97.543,FILLED,1,1
2024-01-04 08:37:23.793,SELL,LIMIT,IOC,111,95.339,97.743,FILLED,19,111
2024-01-04 10:18:22.438,SELL,LIMIT,IOC,15,95.266,97.603,FILLED,14,15
2024-01-04 10:18:27.317,SELL,LIMIT,IOC,6,95.221,97.535,FILLED,2,6
2024-01-04 10:19:20.431,SELL,LIMIT,IOC,6,95.074,97.411,FILLED,6,6
2024-01-04 10:19:27.749,SELL,LIMIT,IOC,25,94.992,97.306,FILLED,4,25
2024-01-04 10:20:33.696,SELL,LIMIT,IOC,11,94.946,97.223,FILLED,9,11
2024-01-04 10:23:41.818,SELL,LIMIT,IOC,3,94.644,96.787,FILLED,3,3
2024-01-04 10:23:57.466,SELL,LIMIT,IOC,1608,94.534,96.682,FILLED,206,1608
2024-01-04 10:23:59.235,SELL,LIMIT,IOC,56,94.451,96.742,FILLED,56,56
2024-01-04 14:20:15.625,BUY,LIMIT,IOC,4,103.21,100.737,FILLED,1,4
2024-01-04 14:45:07.279,BUY,LIMIT,IOC,4,103.662,101.159,FILLED,4,4
2024-01-04 14:52:03.063,BUY,LIMIT,IOC,3,104.421,101.903,FILLED,3,3
2024-01-04 17:03:45.205,SELL,LIMIT,IOC,41,99.242,101.715,FILLED,18,41
2024-01-04 19:18:45.162,BUY,LIMIT,IOC,63,107.379,104.866,FILLED,7,63
2024-01-04 19:21:20.475,BUY,LIMIT,IOC,1226,107.664,105.073,FILLED,15,1226
2024-01-04 19:21:35.440,BUY,LIMIT,IOC,7,107.758,105.136,FILLED,7,7
2024-01-04 19:28:34.503,BUY,LIMIT,IOC,12,108.405,105.807,FILLED,12,12
2024-01-04 19:31:05.579,BUY,LIMIT,IOC,50,108.922,106.338,FILLED,50,50
2024-01-04 19:31:10.218,BUY,LIMIT,IOC,3713,108.952,106.532,FILLED,1103,3713
2024-01-04 20:21:27.791,BUY,LIMIT,IOC,10,109.97,107.326,FILLED,10,10
2024-01-04 20:21:38.251,BUY,LIMIT,IOC,27,110.186,107.623,FILLED,2,27
2024-01-04 20:38:42.796,BUY,LIMIT,IOC,1046,110.812,108.284,FILLED,788,1046
2024-01-04 22:46:07.866,SELL,LIMIT,IOC,159,102.186,104.698,FILLED,14,159
2024-01-05 00:31:34.229,SELL,LIMIT,IOC,1,101.975,104.487,FILLED,1,1
2024-01-05 00:31:49.286,SELL,LIMIT,IOC,341,101.373,103.86,FILLED,3,341
2024-01-05 00:38:13.439,SELL,LIMIT,IOC,133,101.074,103.526,FILLED,83,133
2024-01-05 00:38:14.763,SELL,LIMIT,IOC,66,101.039,103.458,FILLED,39,66
2024-01-05 00:38:45.116,SELL,LIMIT,IOC,9,100.682,103.061,FILLED,4,9
2024-01-05 01:47:45.605,SELL,LIMIT,IOC,133,100.088,102.587,FILLED,133,133
2024-01-05 01:47:53.200,SELL,LIMIT,IOC,49,100.022,102.326,FILLED,25,49
2024-01-05 01:48:13.485,SELL,LIMIT,IOC,31402,99.843,102.144,FILLED,9431,31402
2024-01-05 01:48:14.800,SELL,LIMIT,IOC,9,99.884,102.249,FILLED,9,9
2024-01-05 01:48:26.690,SELL,LIMIT,IOC,15,99.734,102.248,FILLED,15,15
2024-01-05 01:48:36.752,SELL,LIMIT,IOC,62,99.553,101.848,FILLED,39,62
2024-01-05 01:48:45.190,SELL,LIMIT,IOC,1,99.202,101.218,FILLED,1,1
2024-01-05 01:48:49.041,SELL,LIMIT,IOC,9,98.941,100.701,FILLED,9,9
2024-01-05 01:48:52.847,SELL,LIMIT,IOC,435,98.724,100.506,FILLED,30,435
2024-01-05 01:48:56.546,SELL,LIMIT,IOC,308,98.462,100.002,FILLED,258,308
2024-01-05 01:48:59.401,SELL,LIMIT,IOC,515,98.252,99.751,FILLED,407,515
2024-01-05 01:49:03.731,SELL,LIMIT,IOC,2590,97.765,99.054,FILLED,46,2590
2024-01-05 01:49:05.509,SELL,LIMIT,IOC,3,97.664,99.715,FILLED,3,3
2024-01-05 01:49:07.309,SELL,LIMIT,IOC,895,97.556,99.919,FILLED,10,895
2024-01-05 01:52:02.693,SELL,LIMIT,IOC,9,97.556,99.826,FILLED,9,9
2024-01-05 01:52:04.110,SELL,LIMIT,IOC,1,97.497,99.752,FILLED,1,1
2024-01-05 01:52:07.573,SELL,LIMIT,IOC,31862,97.237,98.938,FILLED,2068,31862
2024-01-05 01:52:10.657,SELL,LIMIT,IOC,3,96.936,99.242,FILLED,3,3
2024-01-05 01:52:16.405,SELL,LIMIT,IOC,27,96.634,98.552,FILLED,15,27
2024-01-05 01:52:18.099,SELL,LIMIT,IOC,75,96.441,98.741,FILLED,63,75
2024-01-05 10:58:44.715,SELL,LIMIT,IOC,18,97.542,99.755,FILLED,18,18
2024-01-05 10:59:08.177,SELL,LIMIT,IOC,26,97.258,99.431,FILLED,1,26
2024-01-05 10:59:12.055,SELL,LIMIT,IOC,12,96.987,99.371,FILLED,7,12
2024-01-05 12:08:34.701,SELL,LIMIT,IOC,309,96.664,98.904,FILLED,18,309
2024-01-05 14:35:32.230,SELL,LIMIT,IOC,1018,96.604,98.892,FILLED,299,1018
2024-01-05 14:35:49.569,SELL,LIMIT,IOC,20,96.322,98.595,FILLED,11,20
2024-01-05 14:35:52.468,SELL,LIMIT,IOC,9,96.175,98.44,FILLED,5,9
2024-01-05 14:42:36.857,SELL,LIMIT,IOC,2,96.039,98.594,FILLED,2,2
2024-01-05 14:42:52.441,SELL,LIMIT,IOC,3,95.884,98.043,FILLED,3,3
2024-01-05 14:42:54.244,SELL,LIMIT,IOC,45,95.817,97.899,FILLED,19,45
2024-01-05 14:42:55.320,SELL,LIMIT,IOC,67,95.804,97.607,FILLED,27,67
2024-01-05 14:42:57.328,SELL,LIMIT,IOC,413,95.598,97.402,FILLED,38,413
2024-01-05 14:57:35.825,SELL,LIMIT,IOC,179,95.364,97.756,FILLED,40,179
2024-01-05 14:57:39.508,SELL,LIMIT,IOC,50,95.266,97.682,FILLED,30,50
2024-01-05 14:58:41.480,SELL,LIMIT,IOC,2,95.07,97.429,FILLED,2,2
2024-01-05 14:58:42.881,SELL,LIMIT,IOC,12,94.967,97.385,FILLED,12,12
2024-01-05 14:59:07.150,SELL,LIMIT,IOC,196,94.743,97.026,FILLED,16,196
2024-01-05 14:59:11.880,SELL,LIMIT,IOC,1,94.643,97.099,FILLED,1,1
2024-01-05 16:53:28.574,SELL,LIMIT,IOC,23,94.574,96.894,FILLED,12,23
2024-01-05 16:56:36.416,SELL,LIMIT,IOC,5,94.406,96.641,FILLED,5,5
2024-01-05 16:56:37.630,SELL,LIMIT,IOC,87,94.285,96.621,FILLED,11,87
2024-01-05 16:59:04.599,SELL,LIMIT,IOC,169,94.242,96.48,FILLED,1,169
2024-01-05 16:59:06.435,SELL,LIMIT,IOC,14,94.183,96.47,FILLED,11,14
2024-01-05 16:59:27.614,SELL,LIMIT,IOC,12,93.95,96.062,FILLED,12,12
2024-01-05 17:05:44.636,SELL,LIMIT,IOC,8,93.79,96.032,FILLED,8,8
2024-01-05 17:05:46.400,SELL,LIMIT,IOC,1,93.742,95.884,FILLED,1,1
2024-01-05 17:05:48.061,SELL,LIMIT,IOC,394,93.556,95.394,FILLED,45,394
2024-01-05 17:05:49.138,SELL,LIMIT,IOC,270,93.255,95.429,FILLED,3,270
2024-01-05 20:54:44.653,BUY,LIMIT,IOC,7,102.11,99.701,FILLED,7,7
2024-01-05 20:55:46.702,BUY,LIMIT,IOC,2,102.534,100.192,FILLED,2,2
2024-01-06 05:14:18.857,SELL,LIMIT,IOC,31,94.761,97.106,FILLED,5,31
2024-01-06 05:17:38.477,SELL,LIMIT,IOC,4760,94.501,96.773,FILLED,99,4760
2024-01-06 05:17:58.451,SELL,LIMIT,IOC,1586,94.246,96.464,FILLED,248,1586
2024-01-06 05:23:22.753,SELL,LIMIT,IOC,1,94.186,96.448,FILLED,1,1
2024-01-06 05:23:23.804,SELL,LIMIT,IOC,197,94.168,96.428,FILLED,4,197
2024-01-06 05:23:46.898,SELL,LIMIT,IOC,12,94.094,96.355,FILLED,12,12
2024-01-06 05:24:56.806,SELL,LIMIT,IOC,142,93.942,96.281,FILLED,7,142
2024-01-06 05:27:38.329,SELL,LIMIT,IOC,29,93.932,96.224,FILLED,6,29
2024-01-06 05:28:20.755,SELL,LIMIT,IOC,36,93.714,95.918,FILLED,12,36
2024-01-06 05:50:05.329,SELL,LIMIT,IOC,1,93.152,95.379,FILLED,1,1
2024-01-06 05:50:08.292,SELL,LIMIT,IOC,1118,93.061,95.325,FILLED,37,1118
2024-01-06 05:50:11.060,SELL,LIMIT,IOC,4,93.034,95.294,FILLED,4,4
2024-01-06 05:50:21.142,SELL,LIMIT,IOC,1957,93.008,95.273,FILLED,143,1957
2024-01-06 05:50:22.314,SELL,LIMIT,IOC,26,93.003,95.258,FILLED,26,26
2024-01-06 05:50:50.039,SELL,LIMIT,IOC,2,92.586,94.556,FILLED,2,2
2024-01-06 05:50:52.234,SELL,LIMIT,IOC,65,92.321,94.296,FILLED,45,65
2024-01-06 05:50:53.469,SELL,LIMIT,IOC,1,92.089,94.43,FILLED,1,1
2024-01-06 05:51:03.036,SELL,LIMIT,IOC,29,91.985,94.1,FILLED,2,29
2024-01-06 05:51:04.282,SELL,LIMIT,IOC,49,91.861,93.824,FILLED,33,49
2024-01-06 05:51:06.423,SELL,LIMIT,IOC,358,91.727,93.92,FILLED,5,358
2024-01-06 05:52:28.561,SELL,LIMIT,IOC,5,91.633,93.764,FILLED,5,5
2024-01-06 06:10:54.071,SELL,LIMIT,IOC,2,91.401,93.641,FILLED,2,2
2024-01-06 06:10:58.057,SELL,LIMIT,IOC,36,91.354,93.526,FILLED,23,36
2024-01-06 06:11:00.055,SELL,LIMIT,IOC,2,91.22,93.372,FILLED,2,2
2024-01-06 06:11:11.473,SELL,LIMIT,IOC,1,91.166,93.428,FILLED,1,1
2024-01-06 06:11:21.203,SELL,LIMIT,IOC,13,91.107,93.418,FILLED,13,13
2024-01-06 06:11:28.384,SELL,LIMIT,IOC,46,91.076,93.199,FILLED,30,46
2024-01-06 06:11:29.606,SELL,LIMIT,IOC,75,91.009,93.101,FILLED,8,75
2024-01-06 06:23:28.241,SELL,LIMIT,IOC,287,90.908,93.155,FILLED,91,287
2024-01-06 06:24:19.663,SELL,LIMIT,IOC,20,90.876,92.98,FILLED,20,20
2024-01-06 06:24:23.562,SELL,LIMIT,IOC,79,90.682,92.887,FILLED,79,79
2024-01-06 06:24:27.044,SELL,LIMIT,IOC,7,90.587,92.814,FILLED,7,7
2024-01-06 06:24:29.254,SELL,LIMIT,IOC,153,90.521,92.709,FILLED,142,153
2024-01-06 06:25:09.353,SELL,LIMIT,IOC,6,90.479,92.852,FILLED,6,6
2024-01-06 06:25:17.597,SELL,LIMIT,IOC,1,90.453,92.651,FILLED,1,1
2024-01-06 06:26:42.565,SELL,LIMIT,IOC,1078,90.351,92.5,FILLED,20,1078
2024-01-06 06:43:53.212,SELL,LIMIT,IOC,107,90.263,92.397,FILLED,4,107
2024-01-06 06:43:55.101,SELL,LIMIT,IOC,2045,90.195,92.306,FILLED,168,2045
2024-01-06 06:55:01.250,SELL,LIMIT,IOC,2472,90.072,92.214,FILLED,307,2472
2024-01-06 06:55:02.506,SELL,LIMIT,IOC,139,90.052,92.235,FILLED,139,139
2024-01-06 06:55:03.559,SELL,LIMIT,IOC,117,90.035,92.248,FILLED,117,117
2024-01-06 06:55:10.447,SELL,LIMIT,IOC,30,90.007,92.26,FILLED,11,30
2024-01-06 06:55:26.876,SELL,LIMIT,IOC,171,89.997,92.154,FILLED,14,171
2024-01-06 06:55:39.424,SELL,LIMIT,IOC,262,89.819,91.828,FILLED,162,262
2024-01-06 06:57:06.362,SELL,LIMIT,IOC,125,89.543,91.654,FILLED,43,125
2024-01-06 06:57:09.469,SELL,LIMIT,IOC,19,89.496,91.669,FILLED,19,19
2024-01-06 13:04:59.772,SELL,LIMIT,IOC,145,91.025,93.211,FILLED,2,145
2024-01-06 14:16:23.262,BUY,LIMIT,IOC,90,98.2,95.789,FILLED,48,90
2024-01-06 17:42:51.198,BUY,LIMIT,IOC,8,99.463,97.031,FILLED,8,8
2024-01-06 21:01:35.380,SELL,LIMIT,IOC,5,91.653,93.882,FILLED,5,5
2024-01-06 21:03:24.453,SELL,LIMIT,IOC,2,91.409,93.629,FILLED,2,2
2024-01-06 21:05:40.375,SELL,LIMIT,IOC,56,91.264,93.415,FILLED,26,56
2024-01-06 22:35:14.066,SELL,LIMIT,IOC,189,90.986,93.121,FILLED,113,189
2024-01-06 23:05:38.610,SELL,LIMIT,IOC,8,90.771,93.041,FILLED,8,8
2024-01-06 23:07:45.372,SELL,LIMIT,IOC,5,90.368,92.395,FILLED,5,5
2024-01-06 23:07:46.372,SELL,LIMIT,IOC,353,90.315,92.378,FILLED,53,353
2024-01-06 23:16:30.168,SELL,LIMIT,IOC,8,90.106,92.321,FILLED,8,8
2024-01-07 02:39:19.225,SELL,LIMIT,IOC,28,90.905,93.112,FILLED,12,28
2024-01-07 02:39:24.892,SELL,LIMIT,IOC,9,90.811,93.123,FILLED,9,9
2024-01-07 02:47:22.469,SELL,LIMIT,IOC,1,90.069,92.147,FILLED,1,1
2024-01-07 02:49:14.384,SELL,LIMIT,IOC,5,89.868,92.085,FILLED,5,5
2024-01-07 02:49:21.132,SELL,LIMIT,IOC,1016,89.644,91.602,FILLED,32,1016
2024-01-07 02:49:22.183,SELL,LIMIT,IOC,10,89.495,91.694,FILLED,10,10
2024-01-07 04:34:12.055,BUY,LIMIT,IOC,6,97.007,94.654,FILLED,6,6
2024-01-07 09:53:35.156,SELL,LIMIT,IOC,8,90.777,93.024,FILLED,8,8
2024-01-07 13:11:18.855,BUY,LIMIT,IOC,29,98.184,95.755,FILLED,29,29
2024-01-07 13:23:55.290,BUY,LIMIT,IOC,5,98.832,96.363,FILLED,5,5
2024-01-07 15:47:08.613,SELL,LIMIT,IOC,20,91.52,93.688,FILLED,20,20
2024-01-07 15:47:38.458,SELL,LIMIT,IOC,21,91.162,93.385,FILLED,21,21
2024-01-07 16:49:10.374,SELL,LIMIT,IOC,3,91.095,93.256,FILLED,3,3
2024-01-07 21:41:10.080,SELL,LIMIT,IOC,49,90.503,92.721,FILLED,44,49
2024-01-07 21:41:19.020,SELL,LIMIT,IOC,11,90.48,92.711,FILLED,8,11
2024-01-07 21:41:28.874,SELL,LIMIT,IOC,266,90.456,92.655,FILLED,39,266
2024-01-07 21:41:34.236,SELL,LIMIT,IOC,16,90.431,92.633,FILLED,16,16
2024-01-07 21:41:39.232,SELL,LIMIT,IOC,448,90.391,92.615,FILLED,64,448
2024-01-07 21:49:11.766,SELL,LIMIT,IOC,13,90.343,92.537,FILLED,13,13
2024-01-07 21:49:30.702,SELL,LIMIT,IOC,1,90.293,92.509,FILLED,1,1
2024-01-07 21:49:52.568,SELL,LIMIT,IOC,10,90.123,92.299,FILLED,4,10
2024-01-07 21:49:54.213,SELL,LIMIT,IOC,4,90.058,92.205,FILLED,4,4
2024-01-07 21:49:55.607,SELL,LIMIT,IOC,13,90.04,92.207,FILLED,13,13
2024-01-07 22:05:30.683,SELL,LIMIT,IOC,34,89.872,92.072,FILLED,34,34
2024-01-07 22:05:33.096,SELL,LIMIT,IOC,2208,89.833,91.893,FILLED,24,2208
2024-01-07 22:07:54.229,SELL,LIMIT,IOC,19,89.653,91.829,FILLED,9,19
2024-01-07 22:08:20.554,SELL,LIMIT,IOC,27,89.511,91.701,FILLED,21,27
2024-01-07 22:13:32.755,SELL,LIMIT,IOC,128,89.468,91.682,FILLED,56,128
2024-01-07 22:16:23.365,SELL,LIMIT,IOC,9,89.349,91.395,FILLED,9,9
2024-01-07 22:16:29.185,SELL,LIMIT,IOC,435,89.084,91.116,FILLED,120,435
2024-01-07 22:16:30.848,SELL,LIMIT,IOC,7,88.983,91.236,FILLED,7,7
2024-01-07 22:16:33.457,SELL,LIMIT,IOC,1,88.963,91.112,FILLED,1,1
2024-01-07 22:16:35.339,SELL,LIMIT,IOC,940,88.905,91.017,FILLED,203,940
2024-01-07 22:16:59.742,SELL,LIMIT,IOC,6,88.819,91.016,FILLED,6,6
2024-01-07 22:17:23.636,SELL,LIMIT,IOC,164,88.792,90.868,FILLED,34,164
2024-01-07 22:17:25.065,SELL,LIMIT,IOC,2,88.7,90.658,FILLED,2,2
2024-01-07 22:17:27.120,SELL,LIMIT,IOC,1,88.623,90.521,FILLED,1,1
2024-01-07 22:17:29.615,SELL,LIMIT,IOC,10,88.395,90.531,FILLED,10,10
2024-01-07 22:17:30.717,SELL,LIMIT,IOC,6,88.348,90.596,FILLED,6,6
2024-01-07 22:18:35.055,SELL,LIMIT,IOC,601,88.324,90.482,FILLED,7,601
2024-01-07 22:19:09.597,SELL,LIMIT,IOC,1,88.146,90.2,FILLED,1,1
2024-01-07 22:31:04.105,SELL,LIMIT,IOC,1,87.992,90.197,FILLED,1,1
2024-01-07 22:31:11.233,SELL,LIMIT,IOC,8,87.938,89.944,FILLED,8,8
2024-01-07 22:31:14.284,SELL,LIMIT,IOC,39,87.603,89.686,FILLED,16,39
2024-01-07 22:31:16.069,SELL,LIMIT,IOC,43,87.457,89.5,FILLED,43,43
2024-01-07 22:31:30.438,SELL,LIMIT,IOC,43,87.355,89.285,FILLED,42,43
2024-01-07 22:31:32.198,SELL,LIMIT,IOC,144,87.322,88.862,FILLED,12,144
2024-01-07 22:31:34.404,SELL,LIMIT,IOC,69,86.769,88.578,FILLED,49,69
2024-01-07 22:31:35.605,SELL,LIMIT,IOC,6,86.572,88.411,FILLED,6,6
2024-01-07 22:31:37.064,SELL,LIMIT,IOC,5,86.183,88.14,FILLED,5,5
2024-01-07 23:28:25.170,SELL,LIMIT,IOC,9,85.93,87.842,FILLED,9,9
2024-01-07 23:28:27.327,SELL,LIMIT,IOC,362,85.833,87.86,FILLED,76,362
2024-01-08 01:07:09.240,BUY,LIMIT,IOC,1,92.554,90.311,FILLED,1,1
2024-01-08 01:10:31.510,BUY,LIMIT,IOC,62,93.113,90.798,FILLED,61,62
2024-01-08 02:53:43.757,SELL,LIMIT,IOC,147,85.678,87.72,FILLED,13,147
2024-01-08 02:53:46.354,SELL,LIMIT,IOC,305,85.657,87.686,FILLED,23,305
2024-01-08 02:53:49.090,SELL,LIMIT,IOC,6,85.526,87.381,FILLED,2,6
2024-01-08 02:53:51.166,SELL,LIMIT,IOC,18,85.461,87.418,FILLED,18,18
2024-01-08 03:12:54.828,SELL,LIMIT,IOC,1,85.217,87.33,FILLED,1,1
2024-01-08 03:12:57.380,SELL,LIMIT,IOC,6,85.195,87.31,FILLED,6,6
2024-01-08 03:12:58.429,SELL,LIMIT,IOC,61,85.193,87.33,FILLED,15,61
2024-01-08 03:13:31.026,SELL,LIMIT,IOC,1,85.049,87.032,FILLED,1,1
2024-01-08 03:13:32.057,SELL,LIMIT,IOC,19,84.977,86.694,FILLED,19,19
2024-01-08 03:13:39.748,SELL,LIMIT,IOC,34,84.754,86.817,FILLED,34,34
2024-01-08 03:14:36.158,SELL,LIMIT,IOC,8,84.657,86.756,FILLED,8,8
2024-01-08 03:14:43.048,SELL,LIMIT,IOC,14,84.593,86.625,FILLED,14,14
2024-01-08 03:14:54.681,SELL,LIMIT,IOC,38,84.528,86.48,FILLED,28,38
2024-01-08 03:15:12.659,SELL,LIMIT,IOC,41,84.472,86.457,FILLED,12,41
2024-01-08 03:15:28.488,SELL,LIMIT,IOC,3,84.387,86.443,FILLED,1,3
2024-01-08 03:15:30.137,SELL,LIMIT,IOC,372,84.342,86.36,FILLED,30,372
2024-01-08 03:15:32.398,SELL,LIMIT,IOC,443,84.265,86.243,FILLED,39,443
2024-01-08 03:15:33.654,SELL,LIMIT,IOC,1,84.23,86.244,FILLED,1,1
2024-01-08 03:15:51.318,SELL,LIMIT,IOC,6330,84.186,86.181,FILLED,853,6330
2024-01-08 03:15:54.167,SELL,LIMIT,IOC,7,84.127,86.181,FILLED,7,7
2024-01-08 03:15:55.175,SELL,LIMIT,IOC,150,84.121,86.154,FILLED,90,150
2024-01-08 03:15:57.119,SELL,LIMIT,IOC,11,84.084,86.224,FILLED,7,11
2024-01-08 03:16:44.101,SELL,LIMIT,IOC,71,84.037,86.092,FILLED,24,71
2024-01-08 03:16:49.410,SELL,LIMIT,IOC,112,84.022,85.987,FILLED,47,112
2024-01-08 03:16:51.501,SELL,LIMIT,IOC,5,83.95,86.049,FILLED,5,5
2024-01-08 03:17:12.312,SELL,LIMIT,IOC,110,83.944,86.007,FILLED,43,110
2024-01-08 03:20:46.152,SELL,LIMIT,IOC,143,83.909,85.968,FILLED,75,143
2024-01-08 03:22:10.067,SELL,LIMIT,IOC,2,83.79,85.758,FILLED,2,2
2024-01-08 03:22:11.274,SELL,LIMIT,IOC,1,83.722,85.626,FILLED,1,1
2024-01-08 03:22:12.430,SELL,LIMIT,IOC,663,83.563,85.5,FILLED,55,663
2024-01-08 03:22:16.449,SELL,LIMIT,IOC,24,83.434,85.461,FILLED,4,24
2024-01-08 03:27:38.246,SELL,LIMIT,IOC,177,83.288,85.238,FILLED,8,177
2024-01-08 03:27:41.555,SELL,LIMIT,IOC,18,83.279,85.192,FILLED,16,18
2024-01-08 04:36:11.404,BUY,LIMIT,IOC,198,90.614,88.373,FILLED,52,198
2024-01-08 04:45:54.721,BUY,LIMIT,IOC,32,91.089,88.819,FILLED,10,32
2024-01-08 06:21:52.636,BUY,LIMIT,IOC,1490,92.388,90.373,FILLED,8,1490
2024-01-08 11:56:28.030,BUY,LIMIT,IOC,17,94.383,92.112,FILLED,17,17
2024-01-08 12:00:52.725,BUY,LIMIT,IOC,4,95.093,92.779,FILLED,3,4
2024-01-08 12:02:44.118,BUY,LIMIT,IOC,153,95.746,93.354,FILLED,87,153
2024-01-08 12:13:25.224,BUY,LIMIT,IOC,11,96.722,94.345,FILLED,10,11
2024-01-08 18:01:17.556,BUY,LIMIT,IOC,20,99.455,97.022,FILLED,20,20
2024-01-08 18:03:30.586,BUY,LIMIT,IOC,26,99.664,97.214,FILLED,24,26
2024-01-08 18:05:19.658,BUY,LIMIT,IOC,33,100.323,97.805,FILLED,33,33
2024-01-08 18:34:48.701,BUY,LIMIT,IOC,56,100.438,97.854,FILLED,37,56
2024-01-08 18:36:05.093,BUY,LIMIT,IOC,58,100.574,98.07,FILLED,23,58
2024-01-08 18:36:30.378,BUY,LIMIT,IOC,10,101.085,98.694,FILLED,10,10
2024-01-08 18:37:05.701,BUY,LIMIT,IOC,5,101.224,98.77,FILLED,5,5
2024-01-08 18:38:31.441,BUY,LIMIT,IOC,7,101.393,99.001,FILLED,7,7
2024-01-08 18:38:48.397,BUY,LIMIT,IOC,672,101.602,99.181,FILLED,148,672
2024-01-08 18:38:51.949,BUY,LIMIT,IOC,186,101.684,99.13,FILLED,66,186
2024-01-08 19:15:34.477,BUY,LIMIT,IOC,1,102.191,99.619,FILLED,1,1
2024-01-08 20:48:24.547,SELL,LIMIT,IOC,7,94.664,96.945,FILLED,7,7
2024-01-08 20:48:26.096,SELL,LIMIT,IOC,178,94.586,96.911,FILLED,9,178
2024-01-08 20:48:37.098,SELL,LIMIT,IOC,37,94.491,96.845,FILLED,4,37
2024-01-08 20:59:21.689,SELL,LIMIT,IOC,58,94.449,96.779,FILLED,52,58
2024-01-08 21:30:38.380,SELL,LIMIT,IOC,6,94.198,96.57,FILLED,6,6
2024-01-09 00:34:04.612,SELL,LIMIT,IOC,19,93.773,96.164,FILLED,5,19
2024-01-09 00:37:57.079,SELL,LIMIT,IOC,16,93.392,95.599,FILLED,16,16
2024-01-09 00:37:59.693,SELL,LIMIT,IOC,3,93.271,95.59,FILLED,3,3
2024-01-09 00:38:42.090,SELL,LIMIT,IOC,10,93.154,95.42,FILLED,10,10
2024-01-09 00:38:44.043,SELL,LIMIT,IOC,32,93.123,95.338,FILLED,17,32
2024-01-09 02:27:19.469,BUY,LIMIT,IOC,40,101.088,98.638,FILLED,7,40
2024-01-09 04:04:02.580,BUY,LIMIT,IOC,8,102.989,100.792,FILLED,8,8
2024-01-09 04:04:56.503,BUY,LIMIT,IOC,12,103.588,101.23,FILLED,10,12
2024-01-09 04:05:42.572,BUY,LIMIT,IOC,4,104.2,101.722,FILLED,3,4
2024-01-09 04:08:39.262,BUY,LIMIT,IOC,15,104.356,101.83,FILLED,15,15
2024-01-09 04:11:12.328,BUY,LIMIT,IOC,186,104.526,101.991,FILLED,15,186
2024-01-09 04:13:28.670,BUY,LIMIT,IOC,6,104.728,102.133,FILLED,6,6
2024-01-09 04:45:31.082,BUY,LIMIT,IOC,11,105.803,103.336,FILLED,11,11
2024-01-09 04:47:05.393,BUY,LIMIT,IOC,3534,106.096,103.495,FILLED,1661,3534
2024-01-09 04:49:15.881,BUY,LIMIT,IOC,130,106.201,103.588,FILLED,79,130
2024-01-09 04:56:55.817,BUY,LIMIT,IOC,18,106.574,103.976,FILLED,18,18
2024-01-09 06:05:46.073,SELL,LIMIT,IOC,15,98.383,102.238,FILLED,15,15
2024-01-09 09:47:18.545,SELL,LIMIT,IOC,13,97.239,99.638,FILLED,13,13
2024-01-09 12:56:30.046,SELL,LIMIT,IOC,22,97.286,99.503,FILLED,22,22
2024-01-09 12:56:31.410,SELL,LIMIT,IOC,2,97.162,99.193,FILLED,2,2
2024-01-09 12:56:32.660,SELL,LIMIT,IOC,7,97.129,98.602,FILLED,6,7
2024-01-09 12:56:33.777,SELL,LIMIT,IOC,4,96.942,97.998,FILLED,4,4
2024-01-09 12:56:35.050,SELL,LIMIT,IOC,22,96.189,97.255,FILLED,22,22
2024-01-09 12:56:37.124,SELL,LIMIT,IOC,2,96.016,97.187,FILLED,2,2
2024-01-09 12:56:39.217,SELL,LIMIT,IOC,158,95.53,96.801,FILLED,74,158
2024-01-09 12:56:43.664,SELL,LIMIT,IOC,1,95.294,96.117,FILLED,1,1
2024-01-09 12:56:45.197,SELL,LIMIT,IOC,797,94.691,95.552,FILLED,41,797
2024-01-09 12:56:46.441,SELL,LIMIT,IOC,41,94.469,95.78,FILLED,41,41
2024-01-09 12:56:47.689,SELL,LIMIT,IOC,319,94.341,94.661,FILLED,54,319
2024-01-09 15:01:57.290,SELL,LIMIT,IOC,7,96.523,98.797,FILLED,7,7
2024-01-09 20:16:18.713,SELL,LIMIT,IOC,40,95.564,97.866,FILLED,34,40
2024-01-09 20:16:20.487,SELL,LIMIT,IOC,276,95.49,97.667,FILLED,150,276
2024-01-09 20:16:43.287,SELL,LIMIT,IOC,9,95.352,97.697,FILLED,9,9
2024-01-09 20:16:58.727,SELL,LIMIT,IOC,3,95.326,97.661,FILLED,3,3
2024-01-09 20:31:39.180,SELL,LIMIT,IOC,996,94.904,97.142,FILLED,27,996
2024-01-09 20:31:49.758,SELL,LIMIT,IOC,501,94.862,97.194,FILLED,111,501
2024-01-09 20:52:21.709,SELL,LIMIT,IOC,39,94.853,97.146,FILLED,2,39
2024-01-09 20:54:34.403,SELL,LIMIT,IOC,65,94.392,96.724,FILLED,65,65
2024-01-09 20:54:36.274,SELL,LIMIT,IOC,1,94.374,96.729,FILLED,1,1
2024-01-09 20:58:31.577,SELL,LIMIT,IOC,39,94.304,96.558,FILLED,39,39
2024-01-09 21:11:55.342,BUY,LIMIT,IOC,12,101.735,99.44,FILLED,1,12
2024-01-09 21:12:08.207,BUY,LIMIT,IOC,4,102.285,100.012,FILLED,4,4
2024-01-09 21:12:27.308,BUY,LIMIT,IOC,1639,103.023,101.271,FILLED,8,1639
2024-01-09 21:12:41.291,BUY,LIMIT,IOC,9,103.535,101.133,FILLED,9,9
2024-01-09 21:14:24.040,BUY,LIMIT,IOC,82,105.028,102.466,FILLED,82,82
2024-01-09 21:14:44.447,BUY,LIMIT,IOC,3,105.467,102.963,FILLED,3,3
2024-01-09 21:14:45.916,BUY,LIMIT,IOC,161,105.571,103.076,FILLED,26,161
2024-01-09 21:15:01.828,BUY,LIMIT,IOC,2,106.34,104.764,FILLED,2,2
2024-01-09 21:15:50.166,SELL,LIMIT,IOC,2,98.647,100.718,FILLED,2,2
2024-01-09 21:15:53.272,SELL,LIMIT,IOC,4683,98.314,99.276,FILLED,1285,4683
2024-01-09 21:15:55.542,SELL,LIMIT,IOC,178,97.265,99.142,FILLED,9,178
2024-01-09 21:17:14.219,SELL,LIMIT,IOC,319,96.479,98.162,FILLED,161,319
2024-01-09 21:17:26.342,SELL,LIMIT,IOC,9,95.875,97.543,FILLED,9,9
2024-01-09 21:17:28.267,SELL,LIMIT,IOC,60,95.588,97.772,FILLED,60,60
2024-01-09 21:25:25.075,SELL,LIMIT,IOC,4061,95.797,98.004,FILLED,179,4061
2024-01-09 21:26:38.267,SELL,LIMIT,IOC,13,95.564,97.724,FILLED,2,13
2024-01-09 21:26:40.139,SELL,LIMIT,IOC,150,95.43,97.006,FILLED,83,150
2024-01-09 21:26:42.151,SELL,LIMIT,IOC,238,94.999,97.027,FILLED,36,238
2024-01-09 21:26:43.757,SELL,LIMIT,IOC,2,94.909,97.381,FILLED,2,2
2024-01-09 21:53:43.124,SELL,LIMIT,IOC,40,94.638,96.881,FILLED,27,40
2024-01-09 21:53:50.837,SELL,LIMIT,IOC,26,94.466,96.709,FILLED,2,26
2024-01-09 21:55:38.734,SELL,LIMIT,IOC,12,94.017,96.223,FILLED,12,12
2024-01-09 21:55:40.432,SELL,LIMIT,IOC,866,93.961,96.289,FILLED,76,866
2024-01-09 21:55:47.211,SELL,LIMIT,IOC,12,93.777,96.008,FILLED,3,12
2024-01-09 21:56:36.526,SELL,LIMIT,IOC,3,93.615,95.759,FILLED,3,3
2024-01-09 22:27:41.266,BUY,LIMIT,IOC,58,101.002,98.611,FILLED,9,58
2024-01-09 22:34:18.052,BUY,LIMIT,IOC,2,102.369,99.834,FILLED,2,2
2024-01-10 12:22:17.804,SELL,LIMIT,IOC,599,93.94,96.162,FILLED,198,599
2024-01-10 12:22:24.432,SELL,LIMIT,IOC,7,93.706,96.036,FILLED,7,7
2024-01-10 12:23:28.765,SELL,LIMIT,IOC,3,93.508,95.567,FILLED,3,3
2024-01-10 12:28:02.449,SELL,LIMIT,IOC,138,93.233,95.339,FILLED,5,138
2024-01-10 12:28:04.592,SELL,LIMIT,IOC,41,93.118,94.851,FILLED,41,41
2024-01-10 12:28:05.717,SELL,LIMIT,IOC,8,92.907,94.848,FILLED,8,8
2024-01-10 12:28:07.104,SELL,LIMIT,IOC,32,92.616,94.85,FILLED,32,32
2024-01-10 12:28:38.406,SELL,LIMIT,IOC,7,92.383,94.195,FILLED,7,7
2024-01-10 12:28:39.557,SELL,LIMIT,IOC,1,92.24,94.055,FILLED,1,1
2024-01-10 12:48:49.685,SELL,LIMIT,IOC,8,92.051,94.194,FILLED,8,8
2024-01-10 12:49:12.898,SELL,LIMIT,IOC,1485,91.795,93.935,FILLED,14,1485
2024-01-10 12:49:14.096,SELL,LIMIT,IOC,35,91.754,93.493,FILLED,35,35
2024-01-10 12:49:15.356,SELL,LIMIT,IOC,74,91.504,93.587,FILLED,49,74
2024-01-10 12:53:40.217,SELL,LIMIT,IOC,253,91.446,93.683,FILLED,6,253
2024-01-10 12:53:44.369,SELL,LIMIT,IOC,12,91.433,93.641,FILLED,12,12
2024-01-10 12:53:59.373,SELL,LIMIT,IOC,1,91.391,93.586,FILLED,1,1
2024-01-10 12:54:02.320,SELL,LIMIT,IOC,1,91.342,93.531,FILLED,1,1
2024-01-10 12:54:14.207,SELL,LIMIT,IOC,12,91.212,93.422,FILLED,2,12
2024-01-10 12:54:48.218,SELL,LIMIT,IOC,5,91.022,93.136,FILLED,5,5
2024-01-10 12:55:39.074,SELL,LIMIT,IOC,9,90.841,93.034,FILLED,7,9
2024-01-10 12:55:45.272,SELL,LIMIT,IOC,24,90.678,92.635,FILLED,24,24
2024-01-10 12:55:46.652,SELL,LIMIT,IOC,84,90.449,92.604,FILLED,84,84
2024-01-10 12:55:48.234,SELL,LIMIT,IOC,3,90.367,92.706,FILLED,3,3
2024-01-10 12:56:00.356,SELL,LIMIT,IOC,2284,90.14,92.218,FILLED,254,2284
2024-01-10 19:39:29.728,SELL,LIMIT,IOC,186,93.308,95.578,FILLED,1,186
2024-01-10 19:40:48.148,SELL,LIMIT,IOC,44,92.992,95.349,FILLED,39,44
2024-01-10 19:41:11.040,SELL,LIMIT,IOC,208,92.964,95.352,FILLED,186,208
2024-01-10 19:41:36.026,SELL,LIMIT,IOC,198,92.944,95.31,FILLED,118,198
2024-01-10 19:41:44.807,SELL,LIMIT,IOC,327,92.862,95.193,FILLED,115,327
2024-01-10 20:12:00.858,SELL,LIMIT,IOC,11,92.379,94.183,FILLED,11,11
2024-01-10 20:12:15.065,SELL,LIMIT,IOC,13,91.777,93.218,FILLED,13,13
2024-01-10 20:12:17.097,SELL,LIMIT,IOC,4,91.597,93.739,FILLED,4,4
2024-01-10 21:11:45.038,BUY,LIMIT,IOC,3,100.341,97.939,FILLED,1,3
2024-01-10 21:50:57.550,BUY,LIMIT,IOC,2,102.971,100.513,FILLED,2,2
2024-01-10 21:54:11.189,BUY,LIMIT,IOC,191,103.482,100.958,FILLED,15,191
2024-01-10 22:28:36.463,BUY,LIMIT,IOC,11,106.978,104.315,FILLED,11,11
2024-01-10 23:11:56.132,BUY,LIMIT,IOC,4250,107.392,104.872,FILLED,855,4250
2024-01-10 23:16:20.482,BUY,LIMIT,IOC,1,107.868,105.25,FILLED,1,1
2024-01-10 23:30:26.712,SELL,LIMIT,IOC,3,100.223,102.68,FILLED,3,3
2024-01-10 23:30:37.200,SELL,LIMIT,IOC,11369,99.867,101.997,FILLED,3245,11369
2024-01-10 23:30:46.801,SELL,LIMIT,IOC,4,99.699,102.002,FILLED,4,4
2024-01-11 00:01:02.826,SELL,LIMIT,IOC,103,98.896,101.402,FILLED,24,103
2024-01-11 00:01:43.339,SELL,LIMIT,IOC,1,98.561,101.054,FILLED,1,1
2024-01-11 00:01:59.459,SELL,LIMIT,IOC,241,98.426,100.835,FILLED,41,241
2024-01-11 00:20:33.076,SELL,LIMIT,IOC,13,98.088,100.531,FILLED,6,13
2024-01-11 00:24:21.744,SELL,LIMIT,IOC,74,97.835,100.268,FILLED,62,74
2024-01-11 00:24:32.373,SELL,LIMIT,IOC,132,97.321,99.705,FILLED,11,132
2024-01-11 01:57:28.279,SELL,LIMIT,IOC,193,97.17,99.451,FILLED,50,193
2024-01-11 01:57:35.135,SELL,LIMIT,IOC,4,97.0,99.47,FILLED,4,4
2024-01-11 06:07:50.809,SELL,LIMIT,IOC,123,96.628,99.042,FILLED,25,123
2024-01-11 06:08:04.557,SELL,LIMIT,IOC,73,96.52,98.911,FILLED,32,73
2024-01-11 06:09:08.421,SELL,LIMIT,IOC,153,96.426,98.792,FILLED,52,153
2024-01-11 06:10:55.359,SELL,LIMIT,IOC,202,96.209,98.597,FILLED,79,202
2024-01-11 06:11:15.302,SELL,LIMIT,IOC,1,96.132,98.541,FILLED,1,1
2024-01-11 06:11:32.801,SELL,LIMIT,IOC,45,96.055,98.508,FILLED,17,45
2024-01-11 06:14:35.398,SELL,LIMIT,IOC,66,95.689,98.032,FILLED,66,66
2024-01-11 09:46:29.120,BUY,LIMIT,IOC,1,103.817,101.241,FILLED,1,1
2024-01-11 10:15:59.087,BUY,LIMIT,IOC,574,103.929,101.692,FILLED,61,574
2024-01-11 10:44:31.073,BUY,LIMIT,IOC,23,105.475,102.875,FILLED,7,23
2024-01-11 12:34:59.719,BUY,LIMIT,IOC,15,108.232,105.559,FILLED,15,15
2024-01-11 12:35:09.827,BUY,LIMIT,IOC,27,108.261,105.627,FILLED,8,27
2024-01-11 12:36:10.228,BUY,LIMIT,IOC,4729,108.771,106.157,FILLED,70,4729
2024-01-11 12:36:13.365,BUY,LIMIT,IOC,2454,108.93,106.218,FILLED,118,2454
2024-01-11 13:32:20.442,SELL,LIMIT,IOC,28,101.736,103.908,FILLED,1,28
2024-01-11 13:32:21.716,SELL,LIMIT,IOC,283,101.645,103.827,FILLED,180,283
2024-01-11 13:32:22.755,SELL,LIMIT,IOC,5,101.495,103.913,FILLED,5,5
2024-01-11 15:09:47.405,SELL,LIMIT,IOC,3,101.642,104.184,FILLED,3,3
2024-01-11 15:10:05.669,SELL,LIMIT,IOC,132,101.339,103.909,FILLED,78,132
2024-01-11 15:10:06.755,SELL,LIMIT,IOC,1,101.174,103.868,FILLED,1,1
2024-01-11 15:10:21.712,SELL,LIMIT,IOC,28,100.97,103.503,FILLED,28,28
2024-01-11 15:16:26.190,SELL,LIMIT,IOC,119,100.86,103.363,FILLED,13,119
2024-01-11 15:17:25.622,SELL,LIMIT,IOC,4,100.709,102.351,FILLED,4,4
2024-01-11 15:17:26.701,SELL,LIMIT,IOC,98,100.071,102.613,FILLED,98,98
2024-01-11 15:39:06.777,SELL,LIMIT,IOC,5,99.915,102.372,FILLED,5,5
2024-01-11 15:40:03.713,SELL,LIMIT,IOC,1,99.631,102.153,FILLED,1,1
2024-01-11 15:40:15.290,SELL,LIMIT,IOC,62,99.53,101.909,FILLED,11,62
2024-01-11 15:42:21.287,SELL,LIMIT,IOC,50,99.169,101.653,FILLED,50,50
2024-01-11 15:42:23.078,SELL,LIMIT,IOC,49,99.002,101.457,FILLED,14,49
2024-01-11 15:42:30.052,SELL,LIMIT,IOC,13,98.88,101.204,FILLED,11,13
2024-01-11 15:42:31.050,SELL,LIMIT,IOC,269,98.769,101.116,FILLED,161,269
2024-01-11 15:42:32.144,SELL,LIMIT,IOC,79,98.627,101.033,FILLED,4,79
2024-01-11 15:42:48.565,SELL,LIMIT,IOC,112,98.49,100.995,FILLED,41,112
2024-01-11 15:46:28.674,SELL,LIMIT,IOC,132,98.104,100.545,FILLED,36,132
2024-01-11 15:46:30.535,SELL,LIMIT,IOC,1,98.047,100.4,FILLED,1,1
2024-01-11 15:50:15.757,SELL,LIMIT,IOC,64,97.869,100.253,FILLED,7,64
2024-01-11 15:50:58.242,SELL,LIMIT,IOC,6,97.364,99.731,FILLED,6,6
2024-01-11 15:51:12.331,SELL,LIMIT,IOC,5,97.302,99.754,FILLED,5,5
2024-01-11 16:09:23.649,SELL,LIMIT,IOC,153,97.271,99.64,FILLED,27,153
2024-01-11 16:09:42.022,SELL,LIMIT,IOC,36,97.112,99.485,FILLED,36,36
2024-01-11 16:09:53.543,SELL,LIMIT,IOC,1,97.012,99.25,FILLED,1,1
2024-01-11 16:11:35.231,SELL,LIMIT,IOC,45,96.656,99.114,FILLED,45,45
2024-01-11 16:11:55.132,SELL,LIMIT,IOC,14,96.37,98.71,FILLED,14,14
2024-01-11 16:11:56.539,SELL,LIMIT,IOC,63,96.34,98.7,FILLED,9,63
2024-01-11 16:14:58.193,SELL,LIMIT,IOC,24,96.183,98.577,FILLED,20,24
2024-01-11 16:16:16.291,SELL,LIMIT,IOC,50,95.988,98.323,FILLED,29,50
2024-01-11 16:31:19.168,SELL,LIMIT,IOC,1235,95.573,97.755,FILLED,280,1235
2024-01-11 16:31:20.414,SELL,LIMIT,IOC,13,95.483,97.851,FILLED,13,13
2024-01-12 01:22:20.477,SELL,LIMIT,IOC,25,96.234,98.63,FILLED,25,25
2024-01-12 01:25:33.039,SELL,LIMIT,IOC,43,95.864,98.126,FILLED,43,43
2024-01-12 01:28:41.823,SELL,LIMIT,IOC,108,95.266,97.6,FILLED,88,108
2024-01-12 01:28:42.873,SELL,LIMIT,IOC,1,95.253,97.565,FILLED,1,1
2024-01-12 01:28:44.555,SELL,LIMIT,IOC,200,95.224,97.568,FILLED,66,200
2024-01-12 01:29:09.037,SELL,LIMIT,IOC,25,95.172,97.566,FILLED,25,25
2024-01-12 12:46:44.776,SELL,LIMIT,IOC,9960,95.266,97.543,FILLED,249,9960
2024-01-12 12:46:47.188,SELL,LIMIT,IOC,1,95.139,97.289,FILLED,1,1
2024-01-12 12:46:49.259,SELL,LIMIT,IOC,9,94.852,97.183,FILLED,1,9
2024-01-12 12:46:58.288,SELL,LIMIT,IOC,16,94.49,96.68,FILLED,8,16
2024-01-12 12:46:59.504,SELL,LIMIT,IOC,7,94.534,96.745,FILLED,7,7
2024-01-12 15:20:37.031,SELL,LIMIT,IOC,610,94.246,96.511,FILLED,496,610
2024-01-12 15:24:07.053,SELL,LIMIT,IOC,4,94.145,96.303,FILLED,4,4
2024-01-12 15:24:10.092,SELL,LIMIT,IOC,70,93.921,96.217,FILLED,24,70
2024-01-12 15:24:37.427,SELL,LIMIT,IOC,111,93.763,96.127,FILLED,43,111
2024-01-12 15:25:53.472,SELL,LIMIT,IOC,11,93.672,96.092,FILLED,11,11
2024-01-12 15:25:59.196,SELL,LIMIT,IOC,160,93.646,95.924,FILLED,156,160
2024-01-12 15:26:00.304,SELL,LIMIT,IOC,3,93.58,95.881,FILLED,3,3
2024-01-12 15:26:04.391,SELL,LIMIT,IOC,84,93.481,95.8,FILLED,84,84
2024-01-12 15:26:08.216,SELL,LIMIT,IOC,39,93.347,95.89,FILLED,39,39
2024-01-12 15:26:35.160,SELL,LIMIT,IOC,3,93.214,95.63,FILLED,3,3
2024-01-12 15:35:47.688,SELL,LIMIT,IOC,184,93.156,95.451,FILLED,48,184
2024-01-12 15:35:49.420,SELL,LIMIT,IOC,4,93.099,95.388,FILLED,4,4
2024-01-12 15:39:52.316,SELL,LIMIT,IOC,36,92.896,95.164,FILLED,36,36
2024-01-12 16:53:17.370,SELL,LIMIT,IOC,2,92.756,95.028,FILLED,2,2
2024-01-12 16:53:29.207,SELL,LIMIT,IOC,250,92.675,94.958,FILLED,227,250
2024-01-12 16:53:36.099,SELL,LIMIT,IOC,1,92.613,94.767,FILLED,1,1
2024-01-12 16:53:37.922,SELL,LIMIT,IOC,1,92.544,94.509,FILLED,1,1
2024-01-12 16:53:39.101,SELL,LIMIT,IOC,1,92.445,94.535,FILLED,1,1
2024-01-12 16:53:41.697,SELL,LIMIT,IOC,851,92.376,94.389,FILLED,105,851
2024-01-12 16:53:43.105,SELL,LIMIT,IOC,187,92.323,94.438,FILLED,30,187
2024-01-12 16:53:56.360,SELL,LIMIT,IOC,1,92.307,94.562,FILLED,1,1
2024-01-12 16:53:57.629,SELL,LIMIT,IOC,1,92.287,94.497,FILLED,1,1
2024-01-12 16:54:00.126,SELL,LIMIT,IOC,3,92.109,94.26,FILLED,3,3
2024-01-12 16:54:03.100,SELL,LIMIT,IOC,2,91.968,94.147,FILLED,2,2
2024-01-12 16:54:06.432,SELL,LIMIT,IOC,73,91.929,93.862,FILLED,73,73
2024-01-12 16:54:08.148,SELL,LIMIT,IOC,96,91.712,93.91,FILLED,96,96
2024-01-12 16:54:09.664,SELL,LIMIT,IOC,1,91.689,93.999,FILLED,1,1
2024-01-12 16:54:26.194,SELL,LIMIT,IOC,2127,91.463,93.6,FILLED,1981,2127
2024-01-12 16:54:28.174,SELL,LIMIT,IOC,303,91.416,93.182,FILLED,157,303
2024-01-12 16:54:29.364,SELL,LIMIT,IOC,95,91.39,93.255,FILLED,2,95
2024-01-12 17:20:45.205,SELL,LIMIT,IOC,1,90.847,93.101,FILLED,1,1
2024-01-12 17:21:10.082,SELL,LIMIT,IOC,4,90.764,93.054,FILLED,4,4
2024-01-12 17:21:51.720,SELL,LIMIT,IOC,38,90.643,92.78,FILLED,2,38
2024-01-12 17:22:15.155,SELL,LIMIT,IOC,740,90.518,92.702,FILLED,47,740
2024-01-12 21:16:18.136,SELL,LIMIT,IOC,11,91.29,93.627,FILLED,11,11
2024-01-12 21:16:26.639,SELL,LIMIT,IOC,6,91.249,93.525,FILLED,6,6
2024-01-12 21:33:43.283,SELL,LIMIT,IOC,17,90.78,93.049,FILLED,17,17
2024-01-12 21:34:51.716,SELL,LIMIT,IOC,891,90.676,92.878,FILLED,142,891
2024-01-12 21:40:47.798,SELL,LIMIT,IOC,8,90.582,92.626,FILLED,5,8
2024-01-12 21:41:41.111,SELL,LIMIT,IOC,1,90.174,92.246,FILLED,1,1
2024-01-12 21:41:42.587,SELL,LIMIT,IOC,19,90.061,92.262,FILLED,1,19
2024-01-12 21:41:54.350,SELL,LIMIT,IOC,800,89.93,91.927,FILLED,11,800
2024-01-12 21:41:56.824,SELL,LIMIT,IOC,37,89.872,92.101,FILLED,37,37
2024-01-12 21:43:17.054,SELL,LIMIT,IOC,346,89.847,91.951,FILLED,15,346
2024-01-12 21:43:18.300,SELL,LIMIT,IOC,10,89.826,91.972,FILLED,10,10
2024-01-12 21:43:21.075,SELL,LIMIT,IOC,366,89.736,91.854,FILLED,14,366
2024-01-12 21:43:22.776,SELL,LIMIT,IOC,1884,89.653,91.834,FILLED,2,1884
2024-01-12 21:43:23.814,SELL,LIMIT,IOC,2,89.637,91.851,FILLED,2,2
2024-01-12 21:43:27.064,SELL,LIMIT,IOC,112,89.538,91.747,FILLED,3,112
2024-01-12 22:04:46.121,SELL,LIMIT,IOC,81,89.46,91.445,FILLED,17,81
2024-01-12 22:04:47.703,SELL,LIMIT,IOC,2,89.255,91.263,FILLED,2,2
2024-01-12 22:04:49.027,SELL,LIMIT,IOC,42,89.12,91.146,FILLED,42,42
2024-01-12 22:04:50.022,SELL,LIMIT,IOC,28165,89.169,90.885,FILLED,4744,28165
2024-01-12 22:05:17.558,SELL,LIMIT,IOC,2964,89.047,91.109,FILLED,1235,2964
2024-01-12 22:05:19.360,SELL,LIMIT,IOC,28,89.01,91.061,FILLED,28,28
2024-01-12 22:05:22.134,SELL,LIMIT,IOC,1497,88.764,90.598,FILLED,1398,1497
2024-01-12 22:05:23.282,SELL,LIMIT,IOC,185,88.709,90.653,FILLED,32,185
2024-01-12 22:05:24.538,SELL,LIMIT,IOC,14,88.589,90.581,FILLED,14,14
2024-01-12 22:05:25.568,SELL,LIMIT,IOC,104,88.494,90.481,FILLED,56,104
2024-01-12 22:05:26.574,SELL,LIMIT,IOC,5573,88.436,90.395,FILLED,1612,5573
2024-01-12 22:05:29.124,SELL,LIMIT,IOC,310,88.371,89.943,FILLED,123,310
2024-01-12 22:21:08.360,SELL,LIMIT,IOC,1187,87.778,89.699,FILLED,164,1187
2024-01-12 22:21:10.065,SELL,LIMIT,IOC,14,87.672,89.524,FILLED,14,14
2024-01-12 22:21:11.109,SELL,LIMIT,IOC,1238,87.272,88.977,FILLED,935,1238
2024-01-12 22:21:12.110,SELL,LIMIT,IOC,5,87.105,88.97,FILLED,5,5
2024-01-12 22:21:13.162,SELL,LIMIT,IOC,8,86.906,88.598,FILLED,8,8
2024-01-12 22:21:15.053,SELL,LIMIT,IOC,975,86.569,88.504,FILLED,94,975
2024-01-12 22:21:23.232,SELL,LIMIT,IOC,261,86.308,88.261,FILLED,36,261
2024-01-12 22:21:24.312,SELL,LIMIT,IOC,50,86.265,88.069,FILLED,9,50
2024-01-12 22:21:27.053,SELL,LIMIT,IOC,189,86.185,87.441,FILLED,13,189
2024-01-12 22:21:29.022,SELL,LIMIT,IOC,185,85.782,87.417,FILLED,70,185
2024-01-12 22:22:03.045,SELL,LIMIT,IOC,24,85.691,87.171,FILLED,1,24
2024-01-12 22:22:05.043,SELL,LIMIT,IOC,2,85.347,86.629,FILLED,2,2
2024-01-12 22:22:06.107,SELL,LIMIT,IOC,5,85.246,86.422,FILLED,5,5
2024-01-12 22:22:08.332,SELL,LIMIT,IOC,100,84.848,86.397,FILLED,43,100
2024-01-12 22:49:03.730,BUY,LIMIT,IOC,17,92.927,90.905,FILLED,17,17
2024-01-13 01:11:42.660,SELL,LIMIT,IOC,1,87.841,89.925,FILLED,1,1
2024-01-13 19:07:05.143,BUY,LIMIT,IOC,24,96.556,94.15,FILLED,24,24
2024-01-13 19:41:25.493,BUY,LIMIT,IOC,79,97.59,95.171,FILLED,79,79
2024-01-13 20:57:34.829,BUY,LIMIT,IOC,49,98.923,96.384,FILLED,49,49
2024-01-14 00:51:01.378,SELL,LIMIT,IOC,1,92.317,94.558,FILLED,1,1
2024-01-14 05:30:39.086,BUY,LIMIT,IOC,2,100.406,97.906,FILLED,2,2
2024-01-14 06:19:13.415,BUY,LIMIT,IOC,38,101.002,98.576,FILLED,29,38
2024-01-14 06:22:25.609,BUY,LIMIT,IOC,12,101.146,98.659,FILLED,6,12
2024-01-14 06:25:25.189,BUY,LIMIT,IOC,42,101.317,98.847,FILLED,42,42
2024-01-14 06:25:47.789,BUY,LIMIT,IOC,692,101.341,98.856,FILLED,31,692
2024-01-14 15:26:53.213,BUY,LIMIT,IOC,7,101.842,99.32,FILLED,7,7
2024-01-14 15:26:55.223,BUY,LIMIT,IOC,7,101.886,99.359,FILLED,7,7
2024-01-14 16:07:46.017,BUY,LIMIT,IOC,7,102.514,99.973,FILLED,7,7
2024-01-14 16:16:29.177,BUY,LIMIT,IOC,87,102.874,100.426,FILLED,27,87
2024-01-14 16:16:33.204,BUY,LIMIT,IOC,1,102.985,100.455,FILLED,1,1
2024-01-14 16:18:10.235,BUY,LIMIT,IOC,1190,103.544,101.063,FILLED,29,1190
2024-01-14 16:18:30.138,BUY,LIMIT,IOC,230,103.766,101.265,FILLED,2,230
2024-01-14 16:18:33.753,BUY,LIMIT,IOC,5785,103.894,101.521,FILLED,1101,5785
2024-01-14 16:18:36.539,BUY,LIMIT,IOC,1,103.957,101.433,FILLED,1,1
2024-01-14 16:20:16.866,BUY,LIMIT,IOC,26,104.58,102.02,FILLED,26,26
2024-01-14 16:20:18.713,BUY,LIMIT,IOC,7,105.49,102.011,FILLED,7,7
2024-01-14 16:22:30.334,BUY,LIMIT,IOC,122,105.893,102.706,FILLED,121,122
2024-01-14 18:18:27.562,SELL,LIMIT,IOC,1,97.345,99.732,FILLED,1,1
2024-01-14 18:23:48.773,SELL,LIMIT,IOC,19,96.982,99.398,FILLED,19,19
2024-01-14 18:25:05.169,SELL,LIMIT,IOC,2,96.834,99.143,FILLED,2,2
2024-01-14 18:27:42.396,SELL,LIMIT,IOC,2,96.322,98.8,FILLED,2,2
2024-01-14 19:33:36.537,SELL,LIMIT,IOC,110,95.257,97.639,FILLED,6,110
2024-01-14 19:37:23.601,SELL,LIMIT,IOC,49,94.893,97.316,FILLED,28,49
2024-01-14 19:38:01.039,SELL,LIMIT,IOC,41,94.687,97.103,FILLED,41,41
2024-01-14 19:50:07.868,SELL,LIMIT,IOC,100,94.542,96.856,FILLED,100,100
2024-01-14 19:50:16.273,SELL,LIMIT,IOC,23,94.329,96.658,FILLED,20,23
2024-01-14 19:52:57.196,SELL,LIMIT,IOC,15,93.962,96.199,FILLED,5,15
2024-01-14 19:52:58.711,SELL,LIMIT,IOC,25,93.892,96.238,FILLED,25,25
2024-01-14 19:53:08.823,SELL,LIMIT,IOC,36,93.864,96.276,FILLED,36,36
2024-01-14 19:53:22.719,SELL,LIMIT,IOC,77,93.802,96.123,FILLED,77,77
2024-01-14 20:01:59.581,SELL,LIMIT,IOC,28,93.532,95.83,FILLED,28,28
2024-01-14 23:23:54.521,SELL,LIMIT,IOC,18,92.82,94.831,FILLED,18,18
2024-01-14 23:23:55.654,SELL,LIMIT,IOC,45,92.811,94.903,FILLED,45,45
2024-01-14 23:23:57.681,SELL,LIMIT,IOC,376,92.576,94.794,FILLED,52,376
2024-01-14 23:24:04.262,SELL,LIMIT,IOC,6,92.483,94.7,FILLED,6,6
2024-01-14 23:25:30.192,SELL,LIMIT,IOC,110,92.196,94.494,FILLED,110,110
2024-01-14 23:35:11.295,SELL,LIMIT,IOC,29,92.152,94.431,FILLED,29,29
2024-01-14 23:35:25.256,SELL,LIMIT,IOC,149,91.926,94.153,FILLED,3,149
2024-01-14 23:36:09.030,SELL,LIMIT,IOC,8,91.588,93.93,FILLED,8,8
2024-01-14 23:42:59.539,SELL,LIMIT,IOC,9,91.446,93.692,FILLED,9,9
2024-01-15 14:49:39.186,SELL,LIMIT,IOC,12,91.461,93.612,FILLED,12,12
2024-01-15 14:49:40.447,SELL,LIMIT,IOC,17,91.349,93.624,FILLED,5,17
2024-01-15 14:51:55.329,SELL,LIMIT,IOC,59,91.276,93.516,FILLED,48,59
2024-01-15 14:51:59.432,SELL,LIMIT,IOC,11,91.202,93.517,FILLED,7,11
2024-01-15 14:53:24.101,SELL,LIMIT,IOC,4,91.065,93.264,FILLED,4,4
2024-01-15 14:53:25.179,SELL,LIMIT,IOC,18,91.03,93.28,FILLED,18,18
2024-01-15 14:54:09.068,SELL,LIMIT,IOC,4,90.88,93.144,FILLED,4,4
2024-01-15 18:27:01.009,BUY,LIMIT,IOC,4,98.261,95.85,FILLED,4,4
2024-01-15 18:28:07.720,BUY,LIMIT,IOC,41,98.65,96.199,FILLED,41,41
2024-01-15 18:28:19.034,BUY,LIMIT,IOC,18,98.695,96.269,FILLED,18,18
2024-01-15 22:14:39.386,SELL,LIMIT,IOC,11,91.848,94.171,FILLED,11,11
2024-01-15 22:15:33.084,SELL,LIMIT,IOC,1,91.594,93.692,FILLED,1,1
2024-01-15 22:17:20.884,SELL,LIMIT,IOC,63,91.114,93.343,FILLED,23,63
2024-01-15 22:17:23.567,SELL,LIMIT,IOC,538,91.064,93.274,FILLED,78,538
2024-01-16 07:50:07.338,BUY,LIMIT,IOC,4,100.07,97.688,FILLED,3,4
2024-01-16 14:38:25.258,SELL,LIMIT,IOC,231,92.668,94.866,FILLED,144,231
2024-01-16 14:38:26.483,SELL,LIMIT,IOC,39,92.566,94.857,FILLED,39,39
2024-01-16 14:38:35.117,SELL,LIMIT,IOC,93,92.46,94.589,FILLED,54,93
2024-01-16 14:38:36.133,SELL,LIMIT,IOC,6,92.315,94.758,FILLED,6,6
2024-01-16 14:40:47.716,SELL,LIMIT,IOC,1,92.113,94.45,FILLED,1,1
2024-01-16 14:43:04.077,SELL,LIMIT,IOC,5,92.017,94.243,FILLED,5,5
2024-01-16 14:44:26.077,SELL,LIMIT,IOC,35,91.885,94.206,FILLED,35,35
2024-01-16 15:25:43.283,BUY,LIMIT,IOC,89,99.578,97.146,FILLED,68,89
2024-01-16 21:55:44.102,BUY,LIMIT,IOC,52,100.763,98.298,FILLED,52,52
2024-01-17 01:16:06.531,BUY,LIMIT,IOC,7,101.91,99.399,FILLED,5,7
2024-01-17 01:18:20.143,BUY,LIMIT,IOC,74,102.172,99.627,FILLED,31,74
2024-01-17 01:32:18.684,BUY,LIMIT,IOC,6,103.442,100.91,FILLED,6,6
2024-01-17 02:48:20.854,BUY,LIMIT,IOC,353,103.635,101.146,FILLED,24,353
2024-01-17 05:56:37.752,SELL,LIMIT,IOC,4599,95.655,98.028,FILLED,803,4599
2024-01-17 06:00:17.387,SELL,LIMIT,IOC,30,95.475,97.857,FILLED,29,30
2024-01-17 07:49:33.509,SELL,LIMIT,IOC,3,95.213,97.582,FILLED,3,3
2024-01-17 07:50:25.682,SELL,LIMIT,IOC,12,94.97,97.372,FILLED,12,12
2024-01-17 10:30:09.041,BUY,LIMIT,IOC,116,103.451,101.034,FILLED,17,116
2024-01-17 10:30:33.634,BUY,LIMIT,IOC,35,103.683,101.23,FILLED,9,35
2024-01-17 10:30:50.108,BUY,LIMIT,IOC,20,103.88,101.397,FILLED,20,20
2024-01-17 10:30:52.294,BUY,LIMIT,IOC,95,104.197,101.677,FILLED,69,95
2024-01-17 10:35:19.020,BUY,LIMIT,IOC,447,104.295,101.836,FILLED,13,447
2024-01-17 10:35:53.719,BUY,LIMIT,IOC,2115,104.527,101.988,FILLED,1114,2115
2024-01-17 10:35:58.448,BUY,LIMIT,IOC,5,104.555,101.988,FILLED,5,5
2024-01-17 11:29:02.778,BUY,LIMIT,IOC,37,104.908,102.427,FILLED,9,37
2024-01-17 14:08:35.735,SELL,LIMIT,IOC,1,97.847,100.25,FILLED,1,1
2024-01-17 14:38:02.380,SELL,LIMIT,IOC,1408,97.534,99.855,FILLED,100,1408
2024-01-17 14:38:50.118,SELL,LIMIT,IOC,4,97.323,99.759,FILLED,4,4
2024-01-17 15:36:51.669,SELL,LIMIT,IOC,1,97.421,99.818,FILLED,1,1
2024-01-17 15:40:07.072,SELL,LIMIT,IOC,66,97.233,99.641,FILLED,5,66
2024-01-17 16:05:21.733,SELL,LIMIT,IOC,12,96.657,99.102,FILLED,12,12
2024-01-17 16:06:38.613,SELL,LIMIT,IOC,113,96.578,98.954,FILLED,113,113
2024-01-17 16:07:32.813,SELL,LIMIT,IOC,16,96.449,98.883,FILLED,16,16
2024-01-17 17:01:57.937,SELL,LIMIT,IOC,3,95.889,98.246,FILLED,3,3
2024-01-17 17:02:33.860,SELL,LIMIT,IOC,49,95.77,98.151,FILLED,49,49
2024-01-17 17:05:36.675,SELL,LIMIT,IOC,175,95.293,97.611,FILLED,123,175
2024-01-17 17:05:38.538,SELL,LIMIT,IOC,119,95.245,97.627,FILLED,119,119
2024-01-17 18:57:07.490,BUY,LIMIT,IOC,28,102.955,100.37,FILLED,28,28
2024-01-17 20:41:58.847,BUY,LIMIT,IOC,233,104.425,101.866,FILLED,59,233
2024-01-18 00:03:45.065,BUY,LIMIT,IOC,22,105.338,102.785,FILLED,22,22
2024-01-18 00:07:26.140,BUY,LIMIT,IOC,59,106.188,103.642,FILLED,13,59
2024-01-18 10:43:59.158,SELL,LIMIT,IOC,5,96.736,99.102,FILLED,5,5
2024-01-18 10:44:37.489,SELL,LIMIT,IOC,1,96.606,99.008,FILLED,1,1
2024-01-18 10:52:33.490,SELL,LIMIT,IOC,9,96.104,98.467,FILLED,9,9
2024-01-18 10:53:21.159,SELL,LIMIT,IOC,1,95.978,98.367,FILLED,1,1
2024-01-18 12:16:40.713,SELL,LIMIT,IOC,39,95.817,98.202,FILLED,27,39
2024-01-18 12:24:39.395,SELL,LIMIT,IOC,10,95.542,97.841,FILLED,10,10
2024-01-18 13:30:04.814,SELL,LIMIT,IOC,362,95.37,97.722,FILLED,3,362
2024-01-18 16:13:40.615,SELL,LIMIT,IOC,6,95.168,97.539,FILLED,6,6
2024-01-18 16:13:42.713,SELL,LIMIT,IOC,48,95.158,97.52,FILLED,2,48
2024-01-18 16:13:51.059,SELL,LIMIT,IOC,124,94.989,97.235,FILLED,81,124
2024-01-18 16:13:53.522,SELL,LIMIT,IOC,2,94.889,97.233,FILLED,2,2
2024-01-18 16:13:56.777,SELL,LIMIT,IOC,2,94.859,97.202,FILLED,2,2
2024-01-18 16:32:00.441,SELL,LIMIT,IOC,3,94.658,96.861,FILLED,3,3
2024-01-18 16:32:04.455,SELL,LIMIT,IOC,292,94.305,96.649,FILLED,5,292
2024-01-18 16:32:51.613,SELL,LIMIT,IOC,235,94.196,96.541,FILLED,123,235
2024-01-18 16:35:59.320,SELL,LIMIT,IOC,261,93.807,96.213,FILLED,139,261
2024-01-18 16:47:21.185,SELL,LIMIT,IOC,31,93.498,95.765,FILLED,4,31
2024-01-18 16:47:22.356,SELL,LIMIT,IOC,49,93.447,95.745,FILLED,6,49
2024-01-18 16:47:35.175,SELL,LIMIT,IOC,168,93.402,95.681,FILLED,2,168
2024-01-18 16:47:36.499,SELL,LIMIT,IOC,131,93.386,95.65,FILLED,73,131
2024-01-18 16:48:24.604,SELL,LIMIT,IOC,4995,93.304,95.504,FILLED,1750,4995
2024-01-18 16:48:32.782,SELL,LIMIT,IOC,9,93.086,95.312,FILLED,9,9
2024-01-18 16:48:44.303,SELL,LIMIT,IOC,24,92.947,95.204,FILLED,24,24
2024-01-18 16:50:41.840,SELL,LIMIT,IOC,61,92.726,95.042,FILLED,24,61
2024-01-18 16:50:45.235,SELL,LIMIT,IOC,1049,92.716,94.925,FILLED,7,1049
2024-01-18 16:50:49.185,SELL,LIMIT,IOC,23,92.608,94.64,FILLED,9,23
2024-01-18 16:50:50.710,SELL,LIMIT,IOC,129,92.399,94.577,FILLED,7,129
2024-01-18 16:50:53.166,SELL,LIMIT,IOC,71,92.284,94.532,FILLED,54,71
2024-01-18 16:50:54.924,SELL,LIMIT,IOC,229,92.697,94.425,FILLED,7,229
2024-01-18 18:11:22.448,SELL,LIMIT,IOC,1,91.899,94.125,FILLED,1,1
2024-01-18 18:11:24.637,SELL,LIMIT,IOC,367,91.81,93.995,FILLED,51,367
2024-01-18 18:11:26.444,SELL,LIMIT,IOC,10,91.683,93.924,FILLED,10,10
2024-01-18 18:11:30.721,SELL,LIMIT,IOC,3,91.547,93.667,FILLED,2,3
2024-01-18 18:11:31.829,SELL,LIMIT,IOC,8,91.49,93.71,FILLED,8,8
2024-01-18 18:12:06.574,SELL,LIMIT,IOC,2,91.325,93.614,FILLED,2,2
2024-01-18 19:46:51.492,SELL,LIMIT,IOC,2,91.202,93.481,FILLED,2,2
2024-01-18 19:46:54.220,SELL,LIMIT,IOC,18,91.18,93.408,FILLED,13,18
2024-01-18 19:52:10.427,SELL,LIMIT,IOC,131,90.975,93.183,FILLED,131,131
2024-01-18 19:52:51.564,SELL,LIMIT,IOC,24,90.849,93.095,FILLED,23,24
2024-01-18 19:54:08.464,SELL,LIMIT,IOC,7,90.666,92.979,FILLED,7,7
2024-01-18 19:54:12.322,SELL,LIMIT,IOC,3,90.601,92.803,FILLED,3,3
2024-01-18 19:54:15.650,SELL,LIMIT,IOC,3,90.509,92.685,FILLED,3,3
2024-01-18 19:54:17.630,SELL,LIMIT,IOC,10,90.396,92.585,FILLED,10,10
2024-01-18 19:54:18.751,SELL,LIMIT,IOC,39,90.38,92.653,FILLED,10,39
2024-01-18 19:55:04.679,SELL,LIMIT,IOC,186,90.272,92.51,FILLED,55,186
2024-01-18 19:55:07.407,SELL,LIMIT,IOC,750,90.223,92.315,FILLED,83,750
2024-01-18 19:55:16.687,SELL,LIMIT,IOC,8,90.143,92.278,FILLED,8,8
2024-01-18 19:55:22.404,SELL,LIMIT,IOC,14,90.007,92.259,FILLED,14,14
2024-01-18 19:55:25.069,SELL,LIMIT,IOC,33,89.993,92.197,FILLED,33,33
2024-01-18 19:55:26.236,SELL,LIMIT,IOC,41,89.969,92.116,FILLED,11,41
2024-01-18 19:57:29.181,SELL,LIMIT,IOC,23,89.92,92.143,FILLED,23,23
2024-01-18 19:57:34.288,SELL,LIMIT,IOC,6,89.834,92.045,FILLED,6,6
2024-01-18 19:57:37.126,SELL,LIMIT,IOC,2,89.715,91.892,FILLED,2,2
2024-01-18 19:57:39.352,SELL,LIMIT,IOC,634,89.691,91.821,FILLED,11,634
2024-01-18 19:57:50.657,SELL,LIMIT,IOC,26,89.611,91.721,FILLED,5,26
2024-01-18 19:57:51.670,SELL,LIMIT,IOC,64,89.588,91.645,FILLED,3,64
2024-01-18 19:57:53.163,SELL,LIMIT,IOC,70,89.427,91.464,FILLED,1,70
2024-01-18 19:57:55.312,SELL,LIMIT,IOC,23,89.327,91.631,FILLED,23,23
2024-01-18 19:57:56.879,SELL,LIMIT,IOC,60,89.294,91.739,FILLED,58,60
2024-01-19 02:37:24.519,SELL,LIMIT,IOC,650,90.109,92.304,FILLED,6,650
2024-01-19 03:03:50.703,SELL,LIMIT,IOC,2,90.041,92.281,FILLED,2,2
2024-01-19 03:16:46.690,SELL,LIMIT,IOC,51,89.843,92.085,FILLED,22,51
2024-01-19 03:24:07.208,SELL,LIMIT,IOC,6,89.77,92.006,FILLED,6,6
2024-01-19 03:27:08.630,SELL,LIMIT,IOC,9,89.731,91.858,FILLED,9,9
2024-01-19 03:27:09.891,SELL,LIMIT,IOC,46,89.664,91.833,FILLED,37,46
2024-01-19 03:27:32.253,SELL,LIMIT,IOC,44,89.561,91.755,FILLED,44,44
2024-01-19 03:28:29.493,SELL,LIMIT,IOC,15,89.35,91.589,FILLED,15,15
2024-01-19 03:28:31.280,SELL,LIMIT,IOC,4,89.317,91.56,FILLED,4,4
2024-01-19 14:28:29.740,SELL,LIMIT,IOC,1,90.628,92.916,FILLED,1,1
2024-01-19 15:03:09.641,SELL,LIMIT,IOC,61,89.933,92.171,FILLED,48,61
2024-01-19 15:03:14.596,SELL,LIMIT,IOC,1687,89.872,92.118,FILLED,1377,1687
2024-01-19 15:05:41.224,SELL,LIMIT,IOC,162,89.74,91.958,FILLED,36,162
2024-01-19 15:06:50.501,SELL,LIMIT,IOC,129,89.69,91.919,FILLED,29,129
2024-01-19 15:06:52.063,SELL,LIMIT,IOC,9,89.637,91.835,FILLED,9,9
2024-01-19 15:08:29.578,SELL,LIMIT,IOC,71,89.551,91.76,FILLED,58,71
2024-01-19 15:08:35.812,SELL,LIMIT,IOC,44,89.509,91.706,FILLED,34,44
2024-01-19 15:08:40.607,SELL,LIMIT,IOC,142,89.454,91.626,FILLED,11,142
2024-01-19 15:27:14.665,SELL,LIMIT,IOC,15,89.17,91.313,FILLED,15,15
2024-01-19 15:27:17.246,SELL,LIMIT,IOC,1,89.017,91.21,FILLED,1,1
2024-01-19 15:27:18.342,SELL,LIMIT,IOC,200,88.983,91.189,FILLED,2,200
2024-01-19 15:27:32.663,SELL,LIMIT,IOC,5,88.934,91.11,FILLED,5,5
2024-01-19 15:27:51.496,SELL,LIMIT,IOC,6,88.878,91.029,FILLED,5,6
2024-01-19 15:27:52.587,SELL,LIMIT,IOC,1,88.814,91.027,FILLED,1,1
2024-01-19 15:29:09.233,SELL,LIMIT,IOC,207,88.624,90.9,FILLED,127,207
2024-01-19 15:29:19.062,SELL,LIMIT,IOC,528,88.546,90.707,FILLED,39,528
2024-01-19 15:29:22.731,SELL,LIMIT,IOC,9,88.518,90.726,FILLED,9,9
2024-01-19 16:07:29.444,SELL,LIMIT,IOC,451,88.41,90.552,FILLED,88,451
2024-01-19 16:07:40.124,SELL,LIMIT,IOC,39,88.271,90.425,FILLED,39,39
2024-01-19 16:07:41.697,SELL,LIMIT,IOC,22,88.232,90.451,FILLED,22,22
2024-01-19 16:08:10.052,SELL,LIMIT,IOC,8,88.16,90.358,FILLED,8,8
2024-01-19 16:08:19.754,SELL,LIMIT,IOC,19450,88.046,90.167,FILLED,162,19450
2024-01-19 16:09:16.558,SELL,LIMIT,IOC,40,87.974,90.136,FILLED,31,40
2024-01-19 16:09:19.871,SELL,LIMIT,IOC,40,87.91,90.063,FILLED,40,40
2024-01-19 16:09:54.164,SELL,LIMIT,IOC,651,87.787,89.937,FILLED,27,651
2024-01-19 16:11:19.111,SELL,LIMIT,IOC,3,87.73,89.88,FILLED,3,3
2024-01-19 16:11:22.101,SELL,LIMIT,IOC,324,87.649,89.653,FILLED,7,324
2024-01-19 16:19:34.664,SELL,LIMIT,IOC,24,87.553,89.694,FILLED,3,24
2024-01-19 16:22:53.370,SELL,LIMIT,IOC,148,87.422,89.537,FILLED,131,148
2024-01-19 16:22:54.549,SELL,LIMIT,IOC,14,87.415,89.5,FILLED,13,14
2024-01-19 16:22:56.615,SELL,LIMIT,IOC,14,87.279,89.427,FILLED,14,14
2024-01-19 16:24:18.320,SELL,LIMIT,IOC,9,87.235,89.337,FILLED,9,9
2024-01-19 16:25:48.386,SELL,LIMIT,IOC,339,87.177,89.257,FILLED,91,339
2024-01-19 16:25:50.119,SELL,LIMIT,IOC,82,87.115,89.21,FILLED,32,82
2024-01-19 16:25:53.090,SELL,LIMIT,IOC,15843,87.025,89.099,FILLED,962,15843
2024-01-19 16:26:05.524,SELL,LIMIT,IOC,159,87.003,89.229,FILLED,50,159
2024-01-19 16:26:31.717,SELL,LIMIT,IOC,76,86.877,89.03,FILLED,76,76
2024-01-19 16:27:43.515,SELL,LIMIT,IOC,1,86.828,89.003,FILLED,1,1
2024-01-19 16:28:06.157,SELL,LIMIT,IOC,1104,86.76,88.826,FILLED,92,1104
2024-01-19 16:28:07.336,SELL,LIMIT,IOC,6,87.407,88.898,FILLED,6,6
2024-01-19 16:30:47.688,SELL,LIMIT,IOC,5715,86.691,88.74,FILLED,44,5715
2024-01-19 16:31:22.086,SELL,LIMIT,IOC,109,86.615,88.791,FILLED,100,109
2024-01-19 16:34:34.154,SELL,LIMIT,IOC,470,86.566,88.754,FILLED,100,470
2024-01-19 16:38:37.699,SELL,LIMIT,IOC,353,86.413,88.437,FILLED,1,353
2024-01-19 16:38:39.474,SELL,LIMIT,IOC,2,86.3,88.382,FILLED,1,2
2024-01-19 16:38:41.319,SELL,LIMIT,IOC,9,86.262,88.41,FILLED,1,9
2024-01-19 16:39:25.468,SELL,LIMIT,IOC,8,86.208,88.295,FILLED,8,8
2024-01-19 16:39:31.686,SELL,LIMIT,IOC,24,86.151,88.266,FILLED,6,24
2024-01-19 16:39:33.116,SELL,LIMIT,IOC,69,86.126,88.2,FILLED,53,69
2024-01-19 16:39:41.399,SELL,LIMIT,IOC,11,86.076,88.149,FILLED,9,11
2024-01-19 16:40:20.710,SELL,LIMIT,IOC,9,86.008,88.069,FILLED,1,9
2024-01-19 16:40:23.636,SELL,LIMIT,IOC,2,85.97,88.043,FILLED,2,2
2024-01-19 16:40:25.871,SELL,LIMIT,IOC,38,85.944,88.003,FILLED,38,38
2024-01-19 16:41:41.292,SELL,LIMIT,IOC,224,85.841,87.965,FILLED,84,224
2024-01-19 16:41:54.377,SELL,LIMIT,IOC,40,85.759,87.858,FILLED,40,40
2024-01-19 16:42:50.702,SELL,LIMIT,IOC,5,85.692,87.786,FILLED,5,5
2024-01-19 16:42:52.651,SELL,LIMIT,IOC,28,85.672,87.755,FILLED,20,28
2024-01-19 16:43:01.166,SELL,LIMIT,IOC,2,85.632,87.77,FILLED,2,2
2024-01-19 16:43:12.442,SELL,LIMIT,IOC,9,85.515,87.595,FILLED,9,9
2024-01-19 16:43:24.336,SELL,LIMIT,IOC,311,85.381,87.466,FILLED,36,311
2024-01-19 16:44:23.278,SELL,LIMIT,IOC,1590,85.247,87.213,FILLED,44,1590
2024-01-19 16:44:32.093,SELL,LIMIT,IOC,209,85.155,87.153,FILLED,12,209
2024-01-19 16:44:34.386,SELL,LIMIT,IOC,8,85.109,87.163,FILLED,6,8
2024-01-19 16:44:39.192,SELL,LIMIT,IOC,6,84.969,87.031,FILLED,6,6
2024-01-19 17:36:01.115,BUY,LIMIT,IOC,15,92.631,90.257,FILLED,15,15
2024-01-19 17:38:06.470,BUY,LIMIT,IOC,8551,93.174,90.928,FILLED,907,8551
2024-01-19 17:54:21.671,BUY,LIMIT,IOC,7,93.452,91.134,FILLED,7,7
2024-01-19 18:26:26.512,BUY,LIMIT,IOC,10,94.436,92.106,FILLED,10,10
2024-01-19 18:27:58.503,BUY,LIMIT,IOC,5,94.532,92.171,FILLED,5,5
2024-01-19 18:51:23.329,BUY,LIMIT,IOC,159,95.092,92.823,FILLED,27,159
2024-01-19 20:10:56.301,BUY,LIMIT,IOC,13,97.097,94.688,FILLED,13,13
2024-01-19 20:12:22.220,BUY,LIMIT,IOC,145,97.223,94.813,FILLED,94,145
2024-01-20 00:35:48.234,SELL,LIMIT,IOC,38,90.251,92.385,FILLED,2,38
2024-01-20 07:51:34.904,SELL,LIMIT,IOC,1,89.704,91.947,FILLED,1,1
2024-01-20 07:51:40.645,SELL,LIMIT,IOC,1,89.657,91.816,FILLED,1,1
2024-01-20 08:21:48.711,SELL,LIMIT,IOC,1057,89.485,91.649,FILLED,230,1057
2024-01-20 09:52:09.796,SELL,LIMIT,IOC,1,89.167,91.319,FILLED,1,1
2024-01-20 09:53:52.655,SELL,LIMIT,IOC,186,88.968,91.154,FILLED,2,186
2024-01-20 09:54:08.392,SELL,LIMIT,IOC,3,88.933,91.127,FILLED,2,3
2024-01-20 14:22:52.546,SELL,LIMIT,IOC,83,88.8,91.045,FILLED,19,83
2024-01-20 15:02:16.276,SELL,LIMIT,IOC,21,88.532,90.668,FILLED,21,21
2024-01-20 15:03:12.560,SELL,LIMIT,IOC,2,88.24,90.476,FILLED,2,2
2024-01-20 15:03:34.425,SELL,LIMIT,IOC,286,88.138,90.232,FILLED,129,286
2024-01-21 23:11:04.525,SELL,LIMIT,IOC,28,88.9,91.097,FILLED,11,28
2024-01-21 23:54:31.165,SELL,LIMIT,IOC,51,88.696,90.835,FILLED,21,51
2024-01-22 01:34:17.080,SELL,LIMIT,IOC,3,87.885,90.1,FILLED,3,3
2024-01-22 01:34:24.801,SELL,LIMIT,IOC,1,87.86,90.059,FILLED,1,1
2024-01-22 02:34:25.278,SELL,LIMIT,IOC,9,87.739,89.844,FILLED,7,9
2024-01-22 02:34:26.851,SELL,LIMIT,IOC,4934,87.71,89.792,FILLED,67,4934
2024-01-22 02:34:32.174,SELL,LIMIT,IOC,13,87.556,89.607,FILLED,1,13
2024-01-22 02:34:34.271,SELL,LIMIT,IOC,4,87.475,89.675,FILLED,4,4
2024-01-22 02:34:51.305,SELL,LIMIT,IOC,396,87.408,89.59,FILLED,27,396
2024-01-22 02:50:17.839,SELL,LIMIT,IOC,76,87.229,89.4,FILLED,74,76
2024-01-22 02:50:22.627,SELL,LIMIT,IOC,142,87.195,89.382,FILLED,15,142
2024-01-22 02:50:31.174,SELL,LIMIT,IOC,252,87.169,89.319,FILLED,26,252
2024-01-22 02:54:25.364,SELL,LIMIT,IOC,11,87.067,89.149,FILLED,11,11
2024-01-22 03:14:19.848,SELL,LIMIT,IOC,1,86.967,89.041,FILLED,1,1
2024-01-22 03:18:19.114,SELL,LIMIT,IOC,32,86.826,88.813,FILLED,6,32
2024-01-22 03:18:20.835,SELL,LIMIT,IOC,120,86.688,88.827,FILLED,61,120
2024-01-22 03:20:20.304,SELL,LIMIT,IOC,1,86.376,88.456,FILLED,1,1
2024-01-22 03:20:44.713,SELL,LIMIT,IOC,1,86.143,88.335,FILLED,1,1
2024-01-22 08:37:00.438,SELL,LIMIT,IOC,9,85.959,88.063,FILLED,9,9
2024-01-22 08:42:42.570,SELL,LIMIT,IOC,279,85.648,87.726,FILLED,235,279
2024-01-22 08:42:53.767,SELL,LIMIT,IOC,23,85.559,87.694,FILLED,23,23
2024-01-22 08:42:59.370,SELL,LIMIT,IOC,110,85.488,87.575,FILLED,40,110
2024-01-22 08:43:58.707,SELL,LIMIT,IOC,82,85.359,87.473,FILLED,82,82
2024-01-22 09:51:33.206,SELL,LIMIT,IOC,7,85.271,87.359,FILLED,7,7
2024-01-22 09:53:24.583,SELL,LIMIT,IOC,290,85.135,87.257,FILLED,1,290
2024-01-22 09:53:28.654,SELL,LIMIT,IOC,156,85.128,87.173,FILLED,24,156
2024-01-22 10:28:10.220,SELL,LIMIT,IOC,18,84.945,86.697,FILLED,18,18
2024-01-22 10:28:11.237,SELL,LIMIT,IOC,1,84.895,86.723,FILLED,1,1
2024-01-22 10:28:12.287,SELL,LIMIT,IOC,1238,84.762,86.624,FILLED,5,1238
2024-01-22 10:28:14.370,SELL,LIMIT,IOC,4,84.564,86.636,FILLED,4,4
2024-01-22 10:28:20.056,SELL,LIMIT,IOC,2,84.521,86.447,FILLED,2,2
2024-01-22 10:28:22.152,SELL,LIMIT,IOC,27,84.459,86.209,FILLED,27,27
2024-01-22 10:28:23.455,SELL,LIMIT,IOC,9,84.224,86.391,FILLED,9,9
2024-01-22 13:08:40.262,BUY,LIMIT,IOC,12,91.725,89.5,FILLED,12,12
2024-01-22 14:20:27.445,SELL,LIMIT,IOC,367,85.076,87.218,FILLED,150,367
2024-01-22 14:28:23.549,SELL,LIMIT,IOC,10,84.9,87.005,FILLED,10,10
2024-01-22 15:17:08.219,SELL,LIMIT,IOC,61,84.145,86.206,FILLED,18,61
2024-01-22 15:17:10.286,SELL,LIMIT,IOC,1,84.112,86.208,FILLED,1,1
2024-01-22 15:17:20.455,SELL,LIMIT,IOC,130,84.067,86.134,FILLED,55,130
2024-01-22 15:17:24.106,SELL,LIMIT,IOC,66,84.017,86.06,FILLED,25,66
2024-01-22 15:17:37.069,SELL,LIMIT,IOC,500,83.975,86.023,FILLED,41,500
2024-01-22 15:18:07.064,SELL,LIMIT,IOC,18,83.826,85.898,FILLED,18,18
2024-01-22 15:18:56.112,SELL,LIMIT,IOC,258,83.759,85.773,FILLED,27,258
2024-01-22 15:18:57.277,SELL,LIMIT,IOC,877,83.719,85.736,FILLED,112,877
2024-01-22 15:24:07.225,SELL,LIMIT,IOC,70,83.632,85.704,FILLED,22,70
2024-01-22 16:45:20.033,SELL,LIMIT,IOC,202,83.594,85.661,FILLED,1,202
2024-01-22 16:45:21.467,SELL,LIMIT,IOC,85,83.574,85.646,FILLED,40,85
2024-01-22 16:45:25.103,SELL,LIMIT,IOC,1,83.517,85.575,FILLED,1,1
2024-01-22 18:44:52.175,SELL,LIMIT,IOC,38,83.421,85.508,FILLED,26,38
2024-01-22 18:44:57.253,SELL,LIMIT,IOC,46,83.408,85.46,FILLED,19,46
2024-01-22 18:46:09.125,SELL,LIMIT,IOC,11,83.378,85.409,FILLED,4,11
2024-01-22 18:46:11.340,SELL,LIMIT,IOC,1,83.275,85.33,FILLED,1,1
2024-01-22 18:46:12.512,SELL,LIMIT,IOC,4,83.267,85.292,FILLED,4,4
2024-01-22 18:46:17.057,SELL,LIMIT,IOC,38,83.103,85.171,FILLED,38,38
2024-01-22 18:48:38.444,SELL,LIMIT,IOC,6,83.084,85.159,FILLED,6,6
2024-01-22 18:49:22.141,SELL,LIMIT,IOC,128,83.025,84.754,FILLED,63,128
2024-01-22 18:49:24.526,SELL,LIMIT,IOC,1,82.917,84.732,FILLED,1,1
2024-01-22 18:49:27.038,SELL,LIMIT,IOC,420,82.809,84.681,FILLED,186,420
2024-01-22 18:49:28.754,SELL,LIMIT,IOC,90,82.725,84.737,FILLED,9,90
2024-01-22 18:49:34.361,SELL,LIMIT,IOC,85,82.689,84.764,FILLED,52,85
2024-01-22 19:16:04.204,SELL,LIMIT,IOC,55,82.618,84.631,FILLED,2,55
2024-01-22 19:16:44.816,SELL,LIMIT,IOC,4,82.583,84.711,FILLED,4,4
2024-01-22 19:16:55.192,SELL,LIMIT,IOC,336,82.569,84.539,FILLED,35,336
2024-01-22 19:17:10.237,SELL,LIMIT,IOC,17,82.448,84.481,FILLED,15,17
2024-01-22 19:17:14.324,SELL,LIMIT,IOC,10,82.422,84.44,FILLED,10,10
2024-01-22 19:17:15.544,SELL,LIMIT,IOC,11,82.385,84.305,FILLED,6,11
2024-01-22 19:17:16.669,SELL,LIMIT,IOC,4,82.35,84.057,FILLED,4,4
2024-01-22 19:17:18.122,SELL,LIMIT,IOC,40,82.093,83.879,FILLED,5,40
2024-01-22 19:17:19.293,SELL,LIMIT,IOC,229,81.959,83.575,FILLED,174,229
2024-01-22 19:17:20.783,SELL,LIMIT,IOC,2289,81.871,83.695,FILLED,185,2289
2024-01-22 19:17:21.791,SELL,LIMIT,IOC,20,81.78,83.679,FILLED,20,20
2024-01-22 19:20:20.467,SELL,LIMIT,IOC,7,81.639,83.575,FILLED,7,7
2024-01-22 19:20:22.123,SELL,LIMIT,IOC,162,81.55,83.441,FILLED,5,162
2024-01-22 19:20:23.126,SELL,LIMIT,IOC,276,81.428,83.25,FILLED,273,276
2024-01-22 19:20:24.712,SELL,LIMIT,IOC,6,81.347,83.543,FILLED,6,6
2024-01-22 19:40:53.034,SELL,LIMIT,IOC,6561,81.118,82.533,FILLED,352,6561
2024-01-22 19:40:55.090,SELL,LIMIT,IOC,878,80.796,82.657,FILLED,280,878
2024-01-22 19:41:29.300,SELL,LIMIT,IOC,88,80.655,82.651,FILLED,88,88
2024-01-22 19:42:23.266,SELL,LIMIT,IOC,18,80.544,82.49,FILLED,18,18
2024-01-22 19:42:36.866,SELL,LIMIT,IOC,17,80.375,82.235,FILLED,17,17
2024-01-22 20:25:55.329,BUY,LIMIT,IOC,154,87.878,85.742,FILLED,9,154
2024-01-22 20:25:57.343,BUY,LIMIT,IOC,69,87.914,85.746,FILLED,29,69
2024-01-22 20:27:11.766,BUY,LIMIT,IOC,35,88.102,85.897,FILLED,35,35
2024-01-22 22:03:34.713,SELL,LIMIT,IOC,154,81.975,84.025,FILLED,64,154
2024-01-22 22:46:35.234,SELL,LIMIT,IOC,576,81.674,83.578,FILLED,157,576
2024-01-23 07:42:21.671,SELL,LIMIT,IOC,11,81.104,83.096,FILLED,11,11
2024-01-23 07:49:26.414,SELL,LIMIT,IOC,4,80.799,82.727,FILLED,3,4
2024-01-23 08:11:57.863,SELL,LIMIT,IOC,5,80.192,82.177,FILLED,5,5
2024-01-23 08:11:59.516,SELL,LIMIT,IOC,44,80.174,82.173,FILLED,23,44
2024-01-23 08:12:24.476,SELL,LIMIT,IOC,195,80.13,82.114,FILLED,76,195
2024-01-23 08:12:28.243,SELL,LIMIT,IOC,22,80.087,82.084,FILLED,19,22
2024-01-23 08:13:57.818,SELL,LIMIT,IOC,1,80.07,82.068,FILLED,1,1
2024-01-23 08:14:32.356,SELL,LIMIT,IOC,11,80.038,82.007,FILLED,10,11
2024-01-23 08:14:36.333,SELL,LIMIT,IOC,5,80.03,82.01,FILLED,5,5
2024-01-23 08:14:44.385,SELL,LIMIT,IOC,780,80.019,81.939,FILLED,82,780
2024-01-23 08:14:45.481,SELL,LIMIT,IOC,52,79.955,81.845,FILLED,52,52
2024-01-23 08:14:47.249,SELL,LIMIT,IOC,15,79.895,81.753,FILLED,1,15
2024-01-23 08:14:49.273,SELL,LIMIT,IOC,20,79.788,81.65,FILLED,20,20
2024-01-23 08:14:50.587,SELL,LIMIT,IOC,3,79.705,81.643,FILLED,3,3
2024-01-23 08:14:51.794,SELL,LIMIT,IOC,2,79.691,81.74,FILLED,2,2
2024-01-23 08:15:37.790,SELL,LIMIT,IOC,7,79.597,81.558,FILLED,1,7
2024-01-23 08:17:06.413,SELL,LIMIT,IOC,189,79.57,81.527,FILLED,22,189
2024-01-23 08:17:09.683,SELL,LIMIT,IOC,25,79.531,81.477,FILLED,14,25
2024-01-23 08:17:10.883,SELL,LIMIT,IOC,248,79.514,81.455,FILLED,45,248
2024-01-23 08:17:11.902,SELL,LIMIT,IOC,25,79.5,81.455,FILLED,25,25
2024-01-23 08:25:22.256,SELL,LIMIT,IOC,31,79.464,81.367,FILLED,31,31
2024-01-23 08:25:24.431,SELL,LIMIT,IOC,48,79.378,81.335,FILLED,25,48
2024-01-23 08:25:28.466,SELL,LIMIT,IOC,3,79.332,81.242,FILLED,3,3
2024-01-23 08:25:32.154,SELL,LIMIT,IOC,65,79.251,81.217,FILLED,65,65
2024-01-23 08:38:44.280,SELL,LIMIT,IOC,1014,79.155,81.115,FILLED,173,1014
2024-01-23 08:39:10.565,SELL,LIMIT,IOC,39,79.146,81.116,FILLED,1,39
2024-01-23 08:48:59.428,SELL,LIMIT,IOC,1,79.118,81.107,FILLED,1,1
2024-01-23 08:49:14.191,SELL,LIMIT,IOC,366,79.075,80.946,FILLED,129,366
2024-01-23 08:49:15.217,SELL,LIMIT,IOC,3,79.017,80.961,FILLED,3,3
2024-01-23 08:49:32.325,SELL,LIMIT,IOC,16,78.991,80.894,FILLED,16,16
2024-01-23 08:49:33.772,SELL,LIMIT,IOC,273,78.964,80.89,FILLED,68,273
2024-01-23 08:49:39.690,SELL,LIMIT,IOC,692,78.925,80.763,FILLED,8,692
2024-01-23 08:49:50.524,SELL,LIMIT,IOC,14,78.808,80.744,FILLED,10,14
2024-01-23 08:49:53.840,SELL,LIMIT,IOC,810,78.765,80.654,FILLED,360,810
2024-01-23 08:49:56.740,SELL,LIMIT,IOC,1662,78.726,80.666,FILLED,18,1662
2024-01-23 08:50:16.164,SELL,LIMIT,IOC,2421,78.691,80.604,FILLED,205,2421
2024-01-23 08:50:22.883,SELL,LIMIT,IOC,52,78.681,80.586,FILLED,13,52
2024-01-23 09:01:13.084,SELL,LIMIT,IOC,1,78.632,80.573,FILLED,1,1
2024-01-23 09:02:24.289,SELL,LIMIT,IOC,626,78.515,80.374,FILLED,20,626
2024-01-23 09:02:26.275,SELL,LIMIT,IOC,45,78.478,80.458,FILLED,7,45
2024-01-23 09:10:14.867,SELL,LIMIT,IOC,27,78.403,80.347,FILLED,17,27
2024-01-23 09:10:47.194,SELL,LIMIT,IOC,33,78.389,80.342,FILLED,33,33
2024-01-23 09:10:53.821,SELL,LIMIT,IOC,153,78.336,80.301,FILLED,39,153
2024-01-23 09:26:28.276,SELL,LIMIT,IOC,149,78.295,80.193,FILLED,140,149
2024-01-23 09:27:10.053,SELL,LIMIT,IOC,25,78.218,80.141,FILLED,2,25
2024-01-23 09:28:14.126,SELL,LIMIT,IOC,50,78.123,80.055,FILLED,50,50
2024-01-23 09:28:16.715,SELL,LIMIT,IOC,5,78.111,80.014,FILLED,5,5
2024-01-23 09:29:14.757,SELL,LIMIT,IOC,45,78.056,79.945,FILLED,22,45
2024-01-23 09:29:17.924,SELL,LIMIT,IOC,16,78.038,79.931,FILLED,16,16
2024-01-23 09:29:42.410,SELL,LIMIT,IOC,2699,78.008,79.761,FILLED,192,2699
2024-01-23 09:29:43.710,SELL,LIMIT,IOC,128,77.992,79.776,FILLED,128,128
2024-01-23 09:29:50.077,SELL,LIMIT,IOC,41,77.882,79.599,FILLED,41,41
2024-01-23 09:29:51.173,SELL,LIMIT,IOC,283,77.827,79.518,FILLED,83,283
2024-01-23 09:29:53.038,SELL,LIMIT,IOC,12,77.723,79.488,FILLED,12,12
2024-01-23 09:29:54.475,SELL,LIMIT,IOC,28,77.656,79.356,FILLED,18,28
2024-01-23 09:29:56.123,SELL,LIMIT,IOC,146,77.609,79.322,FILLED,103,146
2024-01-23 09:29:57.175,SELL,LIMIT,IOC,50,77.528,79.182,FILLED,16,50
2024-01-23 09:29:59.197,SELL,LIMIT,IOC,49,77.405,79.126,FILLED,15,49
2024-01-23 10:54:24.243,SELL,LIMIT,IOC,1265,77.346,79.255,FILLED,522,1265
2024-01-23 10:54:28.174,SELL,LIMIT,IOC,39,77.315,79.24,FILLED,39,39
2024-01-23 11:00:19.828,SELL,LIMIT,IOC,210,77.302,79.169,FILLED,53,210
2024-01-23 11:00:21.227,SELL,LIMIT,IOC,59,77.261,79.11,FILLED,59,59
2024-01-23 11:00:23.122,SELL,LIMIT,IOC,13,77.196,79.085,FILLED,13,13
2024-01-23 11:00:26.379,SELL,LIMIT,IOC,75,77.166,79.073,FILLED,75,75
2024-01-23 11:00:34.854,SELL,LIMIT,IOC,32,77.159,79.062,FILLED,32,32
2024-01-23 11:00:39.690,SELL,LIMIT,IOC,1018,77.113,78.957,FILLED,14,1018
2024-01-23 12:34:27.181,SELL,LIMIT,IOC,125,77.065,78.905,FILLED,13,125
2024-01-23 12:34:29.453,SELL,LIMIT,IOC,50,77.043,78.946,FILLED,50,50
2024-01-23 15:00:46.057,BUY,LIMIT,IOC,58,83.384,81.369,FILLED,1,58
2024-01-23 15:00:52.232,BUY,LIMIT,IOC,166,83.449,81.397,FILLED,10,166
2024-01-23 15:01:11.686,BUY,LIMIT,IOC,2300,83.536,81.53,FILLED,378,2300
2024-01-23 15:04:06.687,BUY,LIMIT,IOC,523,83.863,81.833,FILLED,150,523
2024-01-23 15:04:07.703,BUY,LIMIT,IOC,8,83.909,81.832,FILLED,8,8
2024-01-23 15:04:20.324,BUY,LIMIT,IOC,58,84.125,82.137,FILLED,58,58
2024-01-23 15:04:22.342,BUY,LIMIT,IOC,26,84.15,82.216,FILLED,12,26
2024-01-23 15:04:23.590,BUY,LIMIT,IOC,67,84.247,82.244,FILLED,67,67
2024-01-23 15:04:50.727,BUY,LIMIT,IOC,4423,84.379,82.355,FILLED,28,4423
2024-01-23 15:39:50.194,BUY,LIMIT,IOC,46,84.54,82.508,FILLED,46,46
2024-01-23 15:39:52.852,BUY,LIMIT,IOC,2769,84.605,82.617,FILLED,410,2769
2024-01-23 15:41:13.208,BUY,LIMIT,IOC,71,85.3,83.202,FILLED,71,71
2024-01-23 16:57:55.567,BUY,LIMIT,IOC,104,85.56,83.462,FILLED,89,104
2024-01-23 18:59:24.089,SELL,LIMIT,IOC,166,79.223,81.128,FILLED,59,166
2024-01-23 18:59:26.095,SELL,LIMIT,IOC,290,79.18,81.141,FILLED,218,290
2024-01-23 18:59:29.810,SELL,LIMIT,IOC,83,79.16,81.161,FILLED,39,83
2024-01-23 21:19:45.692,SELL,LIMIT,IOC,222,78.545,80.426,FILLED,7,222
2024-01-23 23:26:14.164,BUY,LIMIT,IOC,39,85.555,83.432,FILLED,38,39
2024-01-24 00:23:04.303,BUY,LIMIT,IOC,62,87.048,84.878,FILLED,2,62
2024-01-24 00:37:31.723,BUY,LIMIT,IOC,10,87.154,84.997,FILLED,10,10
2024-01-24 00:47:13.604,BUY,LIMIT,IOC,45,87.45,85.244,FILLED,45,45
2024-01-24 04:10:16.248,SELL,LIMIT,IOC,4,81.249,83.223,FILLED,4,4
2024-01-24 07:15:29.506,BUY,LIMIT,IOC,161,87.732,85.539,FILLED,50,161
2024-01-24 07:16:26.173,BUY,LIMIT,IOC,44,87.861,85.658,FILLED,44,44
2024-01-24 07:20:32.893,BUY,LIMIT,IOC,4,88.049,85.882,FILLED,4,4
2024-01-24 07:22:52.493,BUY,LIMIT,IOC,1,88.253,86.147,FILLED,1,1
2024-01-24 07:24:11.911,BUY,LIMIT,IOC,1576,88.446,86.303,FILLED,438,1576
2024-01-24 08:07:53.825,BUY,LIMIT,IOC,65,89.285,87.1,FILLED,41,65
2024-01-24 13:36:41.249,SELL,LIMIT,IOC,18,83.988,86.089,FILLED,18,18
2024-01-24 14:13:26.430,SELL,LIMIT,IOC,26,83.254,85.299,FILLED,17,26
2024-01-24 23:28:27.645,BUY,LIMIT,IOC,169,90.652,88.392,FILLED,3,169
2024-01-24 23:30:11.101,BUY,LIMIT,IOC,22,90.737,88.446,FILLED,22,22
2024-01-24 23:41:24.343,BUY,LIMIT,IOC,6,90.94,88.695,FILLED,4,6
2024-01-24 23:41:25.603,BUY,LIMIT,IOC,2011,90.965,88.717,FILLED,567,2011
2024-01-24 23:45:21.880,BUY,LIMIT,IOC,1,91.099,88.845,FILLED,1,1
2024-01-25 00:16:10.662,BUY,LIMIT,IOC,95,91.675,89.433,FILLED,32,95
2024-01-25 05:22:08.479,SELL,LIMIT,IOC,101,84.715,86.728,FILLED,40,101
2024-01-25 12:46:49.583,SELL,LIMIT,IOC,92,84.747,86.826,FILLED,92,92
2024-01-25 13:25:30.616,SELL,LIMIT,IOC,5,84.344,86.4,FILLED,5,5
2024-01-25 15:45:35.335,SELL,LIMIT,IOC,32,84.129,86.156,FILLED,29,32
2024-01-25 16:56:24.270,SELL,LIMIT,IOC,22,83.794,85.842,FILLED,22,22
2024-01-25 17:08:52.682,SELL,LIMIT,IOC,239,83.445,85.493,FILLED,42,239
2024-01-25 17:15:24.729,SELL,LIMIT,IOC,13,83.343,85.374,FILLED,13,13
2024-01-25 17:19:04.527,SELL,LIMIT,IOC,98,83.037,85.068,FILLED,98,98
2024-01-26 01:10:15.418,SELL,LIMIT,IOC,320,83.889,85.961,FILLED,14,320
2024-01-26 09:46:26.831,BUY,LIMIT,IOC,35,90.82,88.582,FILLED,13,35
2024-01-26 10:42:27.362,BUY,LIMIT,IOC,3,91.897,89.662,FILLED,3,3
2024-01-26 10:56:55.647,BUY,LIMIT,IOC,173,92.292,90.231,FILLED,54,173
2024-01-26 10:57:06.100,BUY,LIMIT,IOC,4,92.738,90.421,FILLED,4,4
2024-01-26 10:57:56.662,BUY,LIMIT,IOC,86,92.784,90.526,FILLED,63,86
2024-01-26 10:58:00.616,BUY,LIMIT,IOC,262,92.941,90.685,FILLED,11,262
2024-01-26 11:04:05.636,BUY,LIMIT,IOC,30,93.414,91.103,FILLED,30,30
2024-01-26 11:08:58.716,BUY,LIMIT,IOC,71,93.716,91.394,FILLED,45,71
2024-01-26 16:07:55.466,BUY,LIMIT,IOC,26,94.962,92.613,FILLED,26,26
2024-01-26 16:08:03.660,BUY,LIMIT,IOC,1,95.044,92.719,FILLED,1,1
2024-01-26 16:27:34.358,BUY,LIMIT,IOC,160,95.586,93.223,FILLED,4,160
2024-01-26 16:36:31.749,BUY,LIMIT,IOC,31,95.704,93.336,FILLED,31,31
2024-01-27 07:19:23.300,SELL,LIMIT,IOC,556,88.779,90.863,FILLED,64,556
2024-01-27 07:22:26.642,SELL,LIMIT,IOC,29,88.564,90.741,FILLED,29,29
2024-01-27 07:22:28.124,SELL,LIMIT,IOC,81,88.543,90.74,FILLED,81,81
2024-01-27 23:07:59.698,BUY,LIMIT,IOC,1,96.395,94.049,FILLED,1,1
2024-01-27 23:08:23.085,BUY,LIMIT,IOC,337,96.577,94.174,FILLED,337,337
2024-01-27 23:08:47.087,BUY,LIMIT,IOC,47,96.613,94.233,FILLED,47,47
2024-01-27 23:11:16.317,BUY,LIMIT,IOC,24,96.862,94.463,FILLED,24,24
2024-01-28 01:17:47.143,BUY,LIMIT,IOC,3,96.934,94.665,FILLED,3,3
2024-01-28 01:17:48.176,BUY,LIMIT,IOC,19,97.009,94.674,FILLED,16,19
2024-01-28 01:17:51.941,BUY,LIMIT,IOC,19,97.111,94.715,FILLED,8,19
2024-01-28 03:47:13.788,BUY,LIMIT,IOC,145,97.789,95.353,FILLED,10,145
2024-01-28 03:47:31.335,BUY,LIMIT,IOC,2,97.939,95.452,FILLED,2,2
2024-01-28 03:53:34.071,BUY,LIMIT,IOC,10,98.095,96.0,FILLED,10,10
2024-01-28 03:53:44.769,BUY,LIMIT,IOC,40,98.51,96.225,FILLED,27,40
2024-01-28 03:55:43.421,BUY,LIMIT,IOC,69,98.774,96.355,FILLED,69,69
2024-01-28 03:55:45.488,BUY,LIMIT,IOC,31,98.851,96.482,FILLED,31,31
2024-01-28 03:56:03.241,BUY,LIMIT,IOC,13162,99.007,96.695,FILLED,105,13162
2024-01-28 04:04:55.721,BUY,LIMIT,IOC,8,99.482,97.114,FILLED,8,8
2024-01-28 04:05:08.182,BUY,LIMIT,IOC,296,99.573,97.262,FILLED,42,296
2024-01-28 09:54:25.839,BUY,LIMIT,IOC,3,100.028,97.555,FILLED,3,3
2024-01-28 10:13:25.590,BUY,LIMIT,IOC,46,100.312,97.86,FILLED,40,46
2024-01-28 10:35:47.482,BUY,LIMIT,IOC,1,100.444,97.956,FILLED,1,1
2024-01-28 10:38:24.137,BUY,LIMIT,IOC,1,100.603,98.181,FILLED,1,1
2024-01-28 10:38:25.270,BUY,LIMIT,IOC,55,100.696,98.229,FILLED,55,55
2024-01-28 10:43:44.737,BUY,LIMIT,IOC,424,100.877,98.435,FILLED,10,424
2024-01-28 10:44:16.862,BUY,LIMIT,IOC,158,101.137,98.756,FILLED,18,158
2024-01-28 10:44:48.207,BUY,LIMIT,IOC,1,101.484,98.983,FILLED,1,1
2024-01-28 10:44:53.166,BUY,LIMIT,IOC,124,101.581,99.111,FILLED,73,124
2024-01-28 10:45:02.524,BUY,LIMIT,IOC,15,101.686,99.253,FILLED,15,15
2024-01-28 17:32:37.884,SELL,LIMIT,IOC,104,93.725,96.052,FILLED,104,104
2024-01-28 18:25:44.271,SELL,LIMIT,IOC,85,92.958,95.166,FILLED,11,85
2024-01-28 19:01:59.231,SELL,LIMIT,IOC,3,92.812,95.085,FILLED,3,3
2024-01-28 19:40:00.762,SELL,LIMIT,IOC,2,92.637,94.898,FILLED,2,2
2024-01-28 19:40:15.809,SELL,LIMIT,IOC,8,92.529,94.727,FILLED,8,8
2024-01-28 19:41:34.515,SELL,LIMIT,IOC,1,92.388,94.567,FILLED,1,1
2024-01-28 19:41:37.867,SELL,LIMIT,IOC,18,92.288,94.531,FILLED,18,18
2024-01-28 19:41:50.248,SELL,LIMIT,IOC,85,92.106,94.378,FILLED,83,85
2024-01-28 19:41:58.712,SELL,LIMIT,IOC,13,92.075,94.379,FILLED,13,13
2024-01-28 20:08:25.718,SELL,LIMIT,IOC,20,91.87,94.12,FILLED,20,20
2024-01-28 20:11:07.078,SELL,LIMIT,IOC,52,91.405,93.65,FILLED,52,52
2024-01-29 01:34:40.358,BUY,LIMIT,IOC,45,99.433,97.04,FILLED,45,45
2024-01-29 01:36:44.715,BUY,LIMIT,IOC,13062,99.64,97.227,FILLED,525,13062
2024-01-29 15:46:28.795,BUY,LIMIT,IOC,37,100.945,98.42,FILLED,37,37
2024-01-29 15:54:35.493,BUY,LIMIT,IOC,2,101.738,99.25,FILLED,2,2
2024-01-29 15:54:37.502,BUY,LIMIT,IOC,1,101.806,99.313,FILLED,1,1
2024-01-29 15:54:39.827,BUY,LIMIT,IOC,2,101.872,99.306,FILLED,2,2
2024-01-29 15:55:06.273,BUY,LIMIT,IOC,201,101.971,99.453,FILLED,13,201
2024-01-29 15:55:13.819,BUY,LIMIT,IOC,9,102.061,99.587,FILLED,1,9
2024-01-29 15:56:02.118,BUY,LIMIT,IOC,18,102.616,100.162,FILLED,18,18
2024-01-29 16:18:46.430,BUY,LIMIT,IOC,190,103.006,100.578,FILLED,11,190
2024-01-29 16:18:55.495,BUY,LIMIT,IOC,35,103.276,100.914,FILLED,10,35
2024-01-29 16:23:19.158,BUY,LIMIT,IOC,1,103.54,100.938,FILLED,1,1
2024-01-29 16:40:33.225,BUY,LIMIT,IOC,12962,104.274,101.771,FILLED,481,12962
2024-01-29 23:45:20.274,BUY,LIMIT,IOC,352,104.405,101.924,FILLED,6,352
2024-01-30 01:23:54.504,BUY,LIMIT,IOC,23,105.032,102.415,FILLED,23,23
2024-01-30 01:25:25.544,BUY,LIMIT,IOC,15,105.276,102.574,FILLED,15,15
2024-01-30 02:40:22.515,BUY,LIMIT,IOC,1,106.145,103.53,FILLED,1,1
2024-01-30 02:40:42.355,BUY,LIMIT,IOC,28,106.229,103.68,FILLED,12,28
2024-01-30 02:40:43.795,BUY,LIMIT,IOC,12,106.335,103.725,FILLED,12,12
2024-01-30 10:34:26.185,BUY,LIMIT,IOC,1,106.725,104.199,FILLED,1,1
2024-01-30 11:09:49.709,BUY,LIMIT,IOC,10,107.185,104.806,FILLED,10,10
2024-01-30 11:38:42.235,BUY,LIMIT,IOC,2,108.076,105.473,FILLED,2,2
2024-01-30 11:38:43.686,BUY,LIMIT,IOC,49,108.125,105.467,FILLED,49,49
2024-01-30 11:39:52.403,BUY,LIMIT,IOC,15,108.223,105.744,FILLED,15,15
2024-01-30 11:39:53.629,BUY,LIMIT,IOC,1,108.334,105.727,FILLED,1,1
2024-01-30 11:39:56.151,BUY,LIMIT,IOC,25,108.389,105.729,FILLED,25,25
2024-01-30 11:41:01.125,BUY,LIMIT,IOC,11,108.621,106.124,FILLED,11,11
2024-01-30 11:41:04.235,BUY,LIMIT,IOC,13,108.782,106.137,FILLED,13,13
2024-01-30 11:43:16.232,BUY,LIMIT,IOC,20,108.892,106.223,FILLED,17,20
2024-01-30 11:43:18.762,BUY,LIMIT,IOC,10,108.924,106.355,FILLED,10,10
2024-01-30 15:27:53.134,BUY,LIMIT,IOC,74,109.096,106.489,FILLED,68,74
2024-01-30 15:27:54.141,BUY,LIMIT,IOC,14,109.146,106.459,FILLED,14,14
2024-01-30 16:18:08.393,SELL,LIMIT,IOC,417,100.985,103.5,FILLED,347,417
2024-01-30 16:18:28.153,SELL,LIMIT,IOC,107,100.933,103.421,FILLED,19,107
2024-01-30 16:18:30.641,SELL,LIMIT,IOC,29,100.883,103.387,FILLED,13,29
2024-01-30 23:23:03.035,SELL,LIMIT,IOC,13,100.826,103.369,FILLED,8,13
2024-01-30 23:24:05.634,SELL,LIMIT,IOC,39,100.635,103.168,FILLED,35,39
2024-01-30 23:24:29.615,SELL,LIMIT,IOC,7,100.402,102.69,FILLED,7,7
2024-01-30 23:24:31.432,SELL,LIMIT,IOC,2,100.204,102.605,FILLED,1,2
2024-01-30 23:24:37.595,SELL,LIMIT,IOC,6,100.134,102.668,FILLED,6,6
2024-01-30 23:37:24.816,SELL,LIMIT,IOC,31,99.714,102.153,FILLED,24,31
2024-01-30 23:37:32.070,SELL,LIMIT,IOC,96,99.645,102.146,FILLED,12,96
2024-01-30 23:37:56.131,SELL,LIMIT,IOC,43,99.575,102.02,FILLED,43,43
2024-01-30 23:37:58.526,SELL,LIMIT,IOC,1,99.553,102.03,FILLED,1,1
2024-01-30 23:38:22.705,SELL,LIMIT,IOC,2000,99.499,101.878,FILLED,115,2000
2024-01-30 23:38:33.643,SELL,LIMIT,IOC,10,99.425,101.764,FILLED,10,10
2024-01-30 23:38:47.066,SELL,LIMIT,IOC,32,99.235,101.719,FILLED,32,32
2024-01-30 23:38:58.306,SELL,LIMIT,IOC,313,99.047,101.455,FILLED,1,313
2024-01-30 23:39:40.057,SELL,LIMIT,IOC,3548,98.972,101.39,FILLED,374,3548
2024-01-30 23:40:06.659,SELL,LIMIT,IOC,149,98.916,101.39,FILLED,136,149
2024-01-30 23:46:31.067,SELL,LIMIT,IOC,18,98.791,101.23,FILLED,2,18
2024-01-30 23:46:37.547,SELL,LIMIT,IOC,1483,98.726,101.169,FILLED,20,1483
2024-01-30 23:47:03.239,SELL,LIMIT,IOC,30,98.584,101.065,FILLED,21,30
2024-01-31 00:07:41.090,SELL,LIMIT,IOC,1620,98.508,100.966,FILLED,82,1620
2024-01-31 00:09:52.106,SELL,LIMIT,IOC,157,98.446,100.865,FILLED,154,157
2024-01-31 00:10:16.755,SELL,LIMIT,IOC,934,98.354,100.741,FILLED,74,934
2024-01-31 00:15:31.149,SELL,LIMIT,IOC,2,98.002,100.443,FILLED,2,2
2024-01-31 00:15:39.169,SELL,LIMIT,IOC,46,97.869,100.15,FILLED,14,46
2024-01-31 00:15:54.093,SELL,LIMIT,IOC,73,97.676,100.083,FILLED,12,73
2024-01-31 00:17:32.211,SELL,LIMIT,IOC,6,97.439,99.819,FILLED,6,6
2024-01-31 00:17:34.362,SELL,LIMIT,IOC,314,97.341,99.788,FILLED,120,314
2024-01-31 00:18:03.166,SELL,LIMIT,IOC,170,97.296,99.533,FILLED,64,170
2024-01-31 00:19:17.277,SELL,LIMIT,IOC,12,96.809,99.255,FILLED,12,12
2024-01-31 00:19:24.055,SELL,LIMIT,IOC,82,96.72,99.045,FILLED,5,82
2024-01-31 00:19:26.775,SELL,LIMIT,IOC,9,96.626,99.106,FILLED,9,9
2024-01-31 00:19:31.108,SELL,LIMIT,IOC,37,96.592,99.035,FILLED,7,37
2024-01-31 00:19:41.409,SELL,LIMIT,IOC,50,96.392,98.75,FILLED,50,50
2024-01-31 09:59:07.044,SELL,LIMIT,IOC,239,96.71,99.08,FILLED,53,239
2024-01-31 10:40:55.668,SELL,LIMIT,IOC,20,96.544,98.833,FILLED,20,20
2024-01-31 10:40:57.594,SELL,LIMIT,IOC,8,96.452,98.794,FILLED,8,8
2024-01-31 10:41:04.174,SELL,LIMIT,IOC,10,96.327,98.587,FILLED,2,10
2024-01-31 10:41:05.709,SELL,LIMIT,IOC,36,96.261,98.597,FILLED,11,36
2024-01-31 10:41:23.306,SELL,LIMIT,IOC,35,96.08,98.29,FILLED,23,35
2024-01-31 10:41:25.816,SELL,LIMIT,IOC,13,95.937,98.279,FILLED,13,13
2024-01-31 10:41:33.269,SELL,LIMIT,IOC,2,95.838,98.183,FILLED,2,2
2024-01-31 10:41:34.903,SELL,LIMIT,IOC,2221,95.813,98.065,FILLED,734,2221
2024-01-31 10:41:38.767,SELL,LIMIT,IOC,307,95.765,98.185,FILLED,255,307
2024-01-31 10:45:45.448,SELL,LIMIT,IOC,6,95.682,98.091,FILLED,3,6
2024-01-31 10:45:58.354,SELL,LIMIT,IOC,4,95.585,97.955,FILLED,4,4
2024-01-31 10:46:02.889,SELL,LIMIT,IOC,5,95.526,97.874,FILLED,5,5
2024-01-31 10:46:30.458,SELL,LIMIT,IOC,30,95.433,97.822,FILLED,5,30
2024-01-31 10:49:40.249,SELL,LIMIT,IOC,355,95.377,97.672,FILLED,54,355
2024-01-31 10:59:52.844,SELL,LIMIT,IOC,2,95.197,97.608,FILLED,2,2
2024-01-31 13:35:10.665,BUY,LIMIT,IOC,378,102.525,100.106,FILLED,22,378
2024-01-31 15:20:13.799,SELL,LIMIT,IOC,12,95.265,97.598,FILLED,12,12
2024-01-31 15:20:18.312,SELL,LIMIT,IOC,80,95.217,97.564,FILLED,29,80
2024-01-31 15:20:27.050,SELL,LIMIT,IOC,4,94.535,96.957,FILLED,4,4
2024-01-31 16:00:45.100,BUY,LIMIT,IOC,1176,104.86,102.349,FILLED,49,1176
2024-01-31 19:27:58.122,SELL,LIMIT,IOC,2,97.395,99.756,FILLED,2,2
2024-01-31 20:07:22.589,SELL,LIMIT,IOC,9,96.567,98.987,FILLED,9,9
2024-01-31 20:40:17.831,SELL,LIMIT,IOC,44,96.406,98.718,FILLED,31,44
2024-01-31 20:49:33.403,SELL,LIMIT,IOC,1,96.02,98.491,FILLED,1,1
2024-01-31 20:50:16.550,SELL,LIMIT,IOC,11,95.962,98.284,FILLED,11,11
2024-01-31 20:50:36.514,SELL,LIMIT,IOC,3556,95.932,98.275,FILLED,11,3556
2024-01-31 20:54:23.251,SELL,LIMIT,IOC,141,95.617,98.032,FILLED,57,141
2024-01-31 20:54:24.328,SELL,LIMIT,IOC,1037,95.639,98.025,FILLED,115,1037
2024-01-31 20:55:26.558,SELL,LIMIT,IOC,4,95.555,97.928,FILLED,4,4
2024-01-31 21:24:05.087,SELL,LIMIT,IOC,16,95.266,97.64,FILLED,16,16
2024-01-31 21:24:26.181,SELL,LIMIT,IOC,37,95.062,97.396,FILLED,37,37
2024-01-31 21:24:35.380,SELL,LIMIT,IOC,39,94.963,97.366,FILLED,14,39
2024-01-31 21:24:37.187,SELL,LIMIT,IOC,100,94.91,97.132,FILLED,100,100
2024-01-31 21:24:41.493,SELL,LIMIT,IOC,20,94.774,97.095,FILLED,11,20
2024-01-31 21:24:43.471,SELL,LIMIT,IOC,173,94.679,97.0,FILLED,173,173
2024-01-31 21:24:53.385,SELL,LIMIT,IOC,23000,94.529,96.84,FILLED,7011,23000
2024-01-31 21:25:05.840,SELL,LIMIT,IOC,12,94.408,96.652,FILLED,2,12
2024-01-31 21:25:07.662,SELL,LIMIT,IOC,10,94.368,96.608,FILLED,10,10
2024-01-31 21:25:10.058,SELL,LIMIT,IOC,335,94.245,96.487,FILLED,91,335
2024-01-31 21:25:11.149,SELL,LIMIT,IOC,4,94.167,96.557,FILLED,2,4
2024-01-31 21:25:26.584,SELL,LIMIT,IOC,492,94.069,96.372,FILLED,128,492
2024-01-31 21:28:34.667,SELL,LIMIT,IOC,50,93.86,96.184,FILLED,50,50
2024-01-31 21:29:39.537,SELL,LIMIT,IOC,5,93.731,96.058,FILLED,2,5
2024-02-01 01:15:15.454,SELL,LIMIT,IOC,2086,93.533,95.673,FILLED,91,2086
2024-02-01 01:15:19.586,SELL,LIMIT,IOC,9,93.31,95.573,FILLED,9,9
2024-02-01 01:15:22.693,SELL,LIMIT,IOC,68,93.207,95.6,FILLED,30,68
2024-02-01 01:15:58.292,SELL,LIMIT,IOC,129,93.175,95.432,FILLED,129,129
2024-02-01 01:16:00.104,SELL,LIMIT,IOC,18,93.115,95.223,FILLED,18,18
2024-02-01 01:16:01.266,SELL,LIMIT,IOC,2,92.934,95.231,FILLED,2,2
2024-02-01 01:20:14.094,SELL,LIMIT,IOC,13938,92.74,95.001,FILLED,2,13938
2024-02-01 01:20:19.377,SELL,LIMIT,IOC,100,92.544,94.764,FILLED,59,100
2024-02-01 01:20:20.950,SELL,LIMIT,IOC,56,92.466,94.76,FILLED,38,56
2024-02-01 01:20:22.043,SELL,LIMIT,IOC,1051,92.436,94.592,FILLED,230,1051
2024-02-01 01:20:24.753,SELL,LIMIT,IOC,78,92.421,94.656,FILLED,78,78
2024-02-01 01:20:25.848,SELL,LIMIT,IOC,2,92.375,94.683,FILLED,2,2
2024-02-01 01:33:39.088,SELL,LIMIT,IOC,368,92.19,94.464,FILLED,28,368
2024-02-01 01:33:42.599,SELL,LIMIT,IOC,19,92.077,94.344,FILLED,1,19
2024-02-01 01:37:59.760,SELL,LIMIT,IOC,200,92.003,94.276,FILLED,3,200
2024-02-01 01:38:03.168,SELL,LIMIT,IOC,32,91.936,94.156,FILLED,26,32
2024-02-01 01:38:47.192,SELL,LIMIT,IOC,552,91.864,94.041,FILLED,67,552
2024-02-01 01:53:05.228,SELL,LIMIT,IOC,22,91.718,93.799,FILLED,7,22
2024-02-01 01:53:08.518,SELL,LIMIT,IOC,1347,91.484,93.751,FILLED,78,1347
2024-02-01 02:25:02.033,SELL,LIMIT,IOC,897,91.286,93.567,FILLED,258,897
2024-02-01 03:18:05.536,SELL,LIMIT,IOC,10,91.234,93.514,FILLED,10,10
2024-02-01 03:18:15.686,SELL,LIMIT,IOC,146,91.197,93.408,FILLED,2,146
2024-02-01 03:26:58.842,SELL,LIMIT,IOC,84,91.095,93.37,FILLED,23,84
2024-02-01 04:33:54.636,SELL,LIMIT,IOC,17,91.009,93.238,FILLED,17,17
2024-02-01 04:33:56.353,SELL,LIMIT,IOC,220,90.95,93.237,FILLED,40,220
2024-02-01 04:34:15.067,SELL,LIMIT,IOC,49,90.913,93.127,FILLED,15,49
2024-02-01 04:34:17.479,SELL,LIMIT,IOC,2445,90.888,93.139,FILLED,168,2445
2024-02-01 04:35:10.473,SELL,LIMIT,IOC,5,90.868,93.171,FILLED,3,5
2024-02-01 04:35:58.277,SELL,LIMIT,IOC,930,90.827,93.1,FILLED,720,930
2024-02-01 14:43:10.295,BUY,LIMIT,IOC,6,99.506,97.035,FILLED,1,6
2024-02-01 19:54:33.892,BUY,LIMIT,IOC,665,100.378,97.983,FILLED,272,665
2024-02-02 03:07:06.737,BUY,LIMIT,IOC,3,102.399,99.892,FILLED,3,3
2024-02-02 03:08:04.884,BUY,LIMIT,IOC,156,102.483,99.988,FILLED,22,156
2024-02-02 07:46:12.673,BUY,LIMIT,IOC,11,103.271,100.733,FILLED,11,11
2024-02-02 07:57:22.748,BUY,LIMIT,IOC,4,103.954,101.4,FILLED,4,4
2024-02-02 07:57:24.744,BUY,LIMIT,IOC,427,103.978,101.486,FILLED,308,427
2024-02-02 10:34:26.574,BUY,LIMIT,IOC,7,104.717,102.208,FILLED,7,7
2024-02-02 11:50:43.820,BUY,LIMIT,IOC,297,104.844,102.301,FILLED,136,297
2024-02-02 13:37:52.845,SELL,LIMIT,IOC,20,97.515,99.861,FILLED,20,20
2024-02-02 13:44:14.340,SELL,LIMIT,IOC,41,96.963,99.376,FILLED,41,41
2024-02-02 13:45:40.623,SELL,LIMIT,IOC,5,96.894,99.21,FILLED,5,5
2024-02-02 13:47:22.673,SELL,LIMIT,IOC,267,96.538,99.019,FILLED,135,267
2024-02-02 13:48:15.276,SELL,LIMIT,IOC,3,96.497,98.875,FILLED,3,3
2024-02-02 13:48:28.739,SELL,LIMIT,IOC,27,96.382,98.733,FILLED,1,27
2024-02-02 13:51:03.432,SELL,LIMIT,IOC,386,96.245,98.551,FILLED,339,386
2024-02-02 15:44:06.050,BUY,LIMIT,IOC,499,103.918,101.551,FILLED,20,499
2024-02-03 13:38:03.463,SELL,LIMIT,IOC,1935,95.69,98.03,FILLED,57,1935
2024-02-03 14:10:22.475,SELL,LIMIT,IOC,84,95.281,97.616,FILLED,84,84
2024-02-03 14:10:24.793,SELL,LIMIT,IOC,9,95.266,97.627,FILLED,9,9
2024-02-03 15:02:47.336,SELL,LIMIT,IOC,2,94.961,97.305,FILLED,2,2
2024-02-03 15:02:48.538,SELL,LIMIT,IOC,1,94.947,97.335,FILLED,1,1
2024-02-03 15:02:53.767,SELL,LIMIT,IOC,794,94.9,97.178,FILLED,11,794
2024-02-03 15:02:57.995,SELL,LIMIT,IOC,88,94.822,97.154,FILLED,20,88
2024-02-03 15:07:13.550,SELL,LIMIT,IOC,4,94.609,96.818,FILLED,1,4
2024-02-03 15:09:17.273,SELL,LIMIT,IOC,6,94.344,96.697,FILLED,6,6
2024-02-04 07:43:54.447,SELL,LIMIT,IOC,16839,93.979,96.317,FILLED,4250,16839
2024-02-04 07:44:03.423,SELL,LIMIT,IOC,4,93.928,96.271,FILLED,4,4
2024-02-04 07:44:07.642,SELL,LIMIT,IOC,22,93.913,96.216,FILLED,4,22
2024-02-04 07:44:09.116,SELL,LIMIT,IOC,35,93.892,96.196,FILLED,35,35
2024-02-04 20:27:53.755,SELL,LIMIT,IOC,1226,93.632,95.71,FILLED,548,1226
2024-02-04 20:27:54.882,SELL,LIMIT,IOC,98,93.526,95.663,FILLED,27,98
2024-02-04 20:27:56.146,SELL,LIMIT,IOC,11,93.357,95.679,FILLED,11,11
2024-02-04 22:38:57.254,SELL,LIMIT,IOC,2,93.23,95.469,FILLED,2,2
2024-02-04 22:39:00.020,SELL,LIMIT,IOC,73,93.112,95.36,FILLED,18,73
2024-02-04 22:39:04.207,SELL,LIMIT,IOC,1,93.044,95.338,FILLED,1,1
2024-02-04 22:39:37.037,SELL,LIMIT,IOC,47,92.945,95.153,FILLED,18,47
2024-02-04 22:39:39.401,SELL,LIMIT,IOC,9,92.9,95.101,FILLED,9,9
2024-02-04 22:39:40.888,SELL,LIMIT,IOC,3,92.811,95.049,FILLED,3,3
2024-02-04 22:39:42.618,SELL,LIMIT,IOC,150,92.736,95.049,FILLED,45,150
2024-02-05 01:08:11.494,SELL,LIMIT,IOC,6,92.695,94.918,FILLED,6,6
2024-02-05 01:08:12.811,SELL,LIMIT,IOC,1,92.683,94.941,FILLED,1,1
2024-02-05 01:10:07.030,SELL,LIMIT,IOC,152,92.541,94.631,FILLED,152,152
2024-02-05 01:10:09.599,SELL,LIMIT,IOC,522,92.391,94.552,FILLED,40,522
2024-02-05 01:12:35.844,SELL,LIMIT,IOC,21,92.179,94.435,FILLED,21,21
2024-02-05 01:12:39.724,SELL,LIMIT,IOC,2863,92.148,94.357,FILLED,1120,2863
2024-02-05 01:12:44.112,SELL,LIMIT,IOC,1,92.093,94.372,FILLED,1,1
2024-02-05 01:12:49.644,SELL,LIMIT,IOC,200,92.073,94.28,FILLED,77,200
2024-02-05 01:13:50.757,SELL,LIMIT,IOC,120,92.02,94.174,FILLED,15,120
2024-02-05 01:13:56.924,SELL,LIMIT,IOC,20,91.92,94.136,FILLED,15,20
2024-02-05 01:14:18.303,SELL,LIMIT,IOC,93,91.876,94.161,FILLED,2,93
2024-02-05 15:42:56.792,SELL,LIMIT,IOC,2,93.885,96.216,FILLED,2,2
2024-02-05 15:46:48.534,SELL,LIMIT,IOC,34,93.537,95.853,FILLED,34,34
2024-02-05 15:48:14.300,SELL,LIMIT,IOC,78,93.452,95.637,FILLED,3,78
2024-02-05 15:48:15.644,SELL,LIMIT,IOC,5,93.405,95.661,FILLED,5,5
2024-02-05 15:49:12.257,SELL,LIMIT,IOC,20,93.201,95.608,FILLED,20,20
2024-02-05 15:51:19.067,SELL,LIMIT,IOC,10,93.141,95.406,FILLED,10,10
2024-02-05 15:51:43.409,SELL,LIMIT,IOC,63,92.977,95.319,FILLED,26,63
2024-02-05 15:55:58.023,SELL,LIMIT,IOC,15,92.96,95.281,FILLED,15,15
2024-02-05 15:56:53.350,SELL,LIMIT,IOC,97,92.887,95.196,FILLED,54,97
2024-02-05 22:00:08.598,SELL,LIMIT,IOC,2986,92.422,94.653,FILLED,93,2986
2024-02-05 22:00:45.404,SELL,LIMIT,IOC,147,92.279,94.547,FILLED,53,147
2024-02-05 22:32:12.481,SELL,LIMIT,IOC,11,91.97,94.25,FILLED,11,11
2024-02-06 10:44:29.089,SELL,LIMIT,IOC,239,91.786,93.891,FILLED,239,239
2024-02-06 10:44:30.225,SELL,LIMIT,IOC,51,91.701,93.778,FILLED,51,51
2024-02-06 10:44:35.446,SELL,LIMIT,IOC,320,91.592,93.63,FILLED,2,320
2024-02-06 10:44:36.519,SELL,LIMIT,IOC,1,91.511,93.608,FILLED,1,1
2024-02-06 10:44:44.684,SELL,LIMIT,IOC,1300,91.48,93.527,FILLED,259,1300
2024-02-06 10:45:19.265,SELL,LIMIT,IOC,190,91.431,93.393,FILLED,16,190
2024-02-06 10:45:20.485,SELL,LIMIT,IOC,4,91.319,93.417,FILLED,4,4
2024-02-06 10:45:21.843,SELL,LIMIT,IOC,9,91.312,93.306,FILLED,9,9
2024-02-06 10:45:23.184,SELL,LIMIT,IOC,19279,91.209,93.103,FILLED,1045,19279
2024-02-06 10:45:26.330,SELL,LIMIT,IOC,7,91.121,93.367,FILLED,7,7
2024-02-06 10:46:33.041,SELL,LIMIT,IOC,1,91.012,93.181,FILLED,1,1
2024-02-06 11:02:58.625,SELL,LIMIT,IOC,6,90.888,93.153,FILLED,6,6
2024-02-06 18:53:27.046,BUY,LIMIT,IOC,60,98.608,96.149,FILLED,60,60
2024-02-06 19:19:24.179,BUY,LIMIT,IOC,80,99.002,96.876,FILLED,26,80
2024-02-07 10:53:43.878,SELL,LIMIT,IOC,107,92.513,94.708,FILLED,45,107
2024-02-07 10:53:46.107,SELL,LIMIT,IOC,1,92.348,94.612,FILLED,1,1
2024-02-07 10:53:47.485,SELL,LIMIT,IOC,266,92.31,94.607,FILLED,43,266
2024-02-07 17:40:24.057,BUY,LIMIT,IOC,74,100.451,98.048,FILLED,48,74
2024-02-07 20:25:42.416,BUY,LIMIT,IOC,1,100.677,98.216,FILLED,1,1
2024-02-07 20:25:48.098,BUY,LIMIT,IOC,18,100.771,98.287,FILLED,15,18
2024-02-07 20:32:10.235,BUY,LIMIT,IOC,6,100.85,98.348,FILLED,6,6
2024-02-07 21:20:20.070,BUY,LIMIT,IOC,75,101.658,99.173,FILLED,45,75
2024-02-07 21:24:43.800,BUY,LIMIT,IOC,1,102.207,99.689,FILLED,1,1
2024-02-07 21:25:15.683,BUY,LIMIT,IOC,30,102.241,99.705,FILLED,30,30
2024-02-07 21:26:25.337,BUY,LIMIT,IOC,3,102.362,99.826,FILLED,3,3
2024-02-07 21:27:33.169,BUY,LIMIT,IOC,3,102.399,99.88,FILLED,3,3
2024-02-07 21:36:44.302,BUY,LIMIT,IOC,266,103.016,100.453,FILLED,40,266
2024-02-07 21:44:16.712,BUY,LIMIT,IOC,1,103.202,100.678,FILLED,1,1
2024-02-07 23:20:45.252,BUY,LIMIT,IOC,1,103.767,101.255,FILLED,1,1
2024-02-07 23:22:04.596,BUY,LIMIT,IOC,13,103.934,101.372,FILLED,13,13
2024-02-07 23:22:10.056,BUY,LIMIT,IOC,45,103.972,101.459,FILLED,45,45
2024-02-08 00:14:21.449,BUY,LIMIT,IOC,25,104.135,101.596,FILLED,25,25
2024-02-08 00:30:29.739,BUY,LIMIT,IOC,1520,104.808,102.271,FILLED,41,1520
2024-02-08 13:46:02.728,BUY,LIMIT,IOC,176,105.225,102.752,FILLED,34,176
2024-02-08 13:47:07.499,BUY,LIMIT,IOC,1,105.483,102.967,FILLED,1,1
2024-02-08 13:53:35.335,BUY,LIMIT,IOC,3,106.09,103.493,FILLED,3,3
2024-02-08 14:04:32.052,BUY,LIMIT,IOC,748,106.754,104.138,FILLED,53,748
2024-02-08 14:04:39.393,BUY,LIMIT,IOC,6,106.94,104.291,FILLED,6,6
2024-02-08 14:06:45.201,BUY,LIMIT,IOC,862,107.122,104.555,FILLED,166,862
2024-02-08 14:21:51.278,BUY,LIMIT,IOC,15,107.45,104.744,FILLED,15,15
2024-02-08 16:52:19.511,SELL,LIMIT,IOC,33,99.859,102.352,FILLED,33,33
2024-02-08 16:52:23.039,SELL,LIMIT,IOC,51,99.81,102.3,FILLED,51,51
2024-02-08 16:53:04.844,SELL,LIMIT,IOC,3,99.743,102.215,FILLED,3,3
2024-02-08 18:05:15.385,SELL,LIMIT,IOC,32,99.634,101.992,FILLED,32,32
2024-02-08 18:05:18.710,SELL,LIMIT,IOC,7,99.434,101.836,FILLED,7,7
2024-02-09 02:47:54.733,BUY,LIMIT,IOC,20,107.707,105.035,FILLED,20,20
2024-02-09 02:52:17.331,BUY,LIMIT,IOC,24,108.038,105.464,FILLED,24,24
2024-02-09 02:53:24.428,BUY,LIMIT,IOC,108,108.237,105.602,FILLED,58,108
2024-02-09 02:53:27.273,BUY,LIMIT,IOC,57,108.289,105.649,FILLED,55,57
2024-02-09 02:56:58.289,BUY,LIMIT,IOC,166,108.32,105.655,FILLED,1,166
2024-02-09 15:04:57.604,SELL,LIMIT,IOC,20,101.772,104.286,FILLED,20,20
2024-02-09 21:39:59.608,BUY,LIMIT,IOC,2,109.722,107.173,FILLED,1,2
2024-02-09 21:40:02.747,BUY,LIMIT,IOC,3,109.946,107.361,FILLED,3,3
2024-02-09 21:40:24.836,BUY,LIMIT,IOC,43,110.204,107.513,FILLED,29,43
2024-02-09 21:41:51.801,BUY,LIMIT,IOC,4,110.326,107.562,FILLED,4,4
2024-02-09 21:42:37.461,BUY,LIMIT,IOC,1026,110.387,107.713,FILLED,154,1026
2024-02-09 21:42:39.444,BUY,LIMIT,IOC,2,110.428,107.736,FILLED,2,2
2024-02-09 21:42:40.686,BUY,LIMIT,IOC,33,110.456,107.736,FILLED,3,33
2024-02-09 21:42:42.738,BUY,LIMIT,IOC,7281,110.461,107.788,FILLED,91,7281
2024-02-09 21:51:19.247,BUY,LIMIT,IOC,71,110.919,108.069,FILLED,71,71
2024-02-09 21:51:59.537,BUY,LIMIT,IOC,17,110.952,108.229,FILLED,5,17
2024-02-09 21:52:59.073,BUY,LIMIT,IOC,1,111.4,108.91,FILLED,1,1
2024-02-09 21:53:42.376,BUY,LIMIT,IOC,1,111.625,108.861,FILLED,1,1
2024-02-09 21:59:24.568,BUY,LIMIT,IOC,17,111.806,109.025,FILLED,17,17
2024-02-09 22:01:20.031,BUY,LIMIT,IOC,269,111.906,109.212,FILLED,76,269
2024-02-10 02:04:27.621,BUY,LIMIT,IOC,30,112.116,109.44,FILLED,30,30
2024-02-10 02:06:38.169,BUY,LIMIT,IOC,2,112.297,109.497,FILLED,2,2
2024-02-10 02:07:09.717,BUY,LIMIT,IOC,1338,112.414,109.702,FILLED,144,1338
2024-02-10 02:09:31.310,BUY,LIMIT,IOC,190,112.706,109.91,FILLED,21,190
2024-02-10 03:11:01.170,BUY,LIMIT,IOC,55,112.738,109.97,FILLED,55,55
2024-02-10 03:37:33.140,BUY,LIMIT,IOC,24,113.035,110.305,FILLED,24,24
2024-02-10 03:38:11.239,BUY,LIMIT,IOC,2,113.22,110.492,FILLED,2,2
2024-02-10 04:00:14.755,BUY,LIMIT,IOC,1,113.662,110.805,FILLED,1,1
2024-02-10 10:49:21.566,SELL,LIMIT,IOC,90,105.057,107.702,FILLED,90,90
2024-02-10 10:53:17.906,SELL,LIMIT,IOC,1003,104.856,107.416,FILLED,233,1003
2024-02-11 20:39:03.370,SELL,LIMIT,IOC,50,105.179,107.659,FILLED,50,50
2024-02-12 02:36:17.397,SELL,LIMIT,IOC,193,104.648,107.241,FILLED,29,193
2024-02-12 02:37:07.654,SELL,LIMIT,IOC,1266,104.607,107.16,FILLED,138,1266
2024-02-12 02:37:25.087,SELL,LIMIT,IOC,6,104.262,106.706,FILLED,6,6
2024-02-12 02:37:26.429,SELL,LIMIT,IOC,34,104.047,106.292,FILLED,34,34
2024-02-12 02:37:27.837,SELL,LIMIT,IOC,54,103.836,106.399,FILLED,29,54
2024-02-12 02:37:29.244,SELL,LIMIT,IOC,290,103.731,106.136,FILLED,206,290
2024-02-12 02:37:30.420,SELL,LIMIT,IOC,10,103.585,105.777,FILLED,10,10
2024-02-12 02:37:32.274,SELL,LIMIT,IOC,48,103.352,105.455,FILLED,48,48
2024-02-12 02:37:33.873,SELL,LIMIT,IOC,85,103.152,105.406,FILLED,85,85
2024-02-12 02:37:34.882,SELL,LIMIT,IOC,36,102.908,105.307,FILLED,36,36
2024-02-12 02:47:05.294,SELL,LIMIT,IOC,9,102.628,105.205,FILLED,9,9
2024-02-12 02:47:25.118,SELL,LIMIT,IOC,1251,102.469,104.837,FILLED,58,1251
2024-02-12 02:47:29.399,SELL,LIMIT,IOC,169,102.224,104.723,FILLED,47,169
2024-02-12 09:58:08.544,SELL,LIMIT,IOC,1067,102.12,104.662,FILLED,163,1067
2024-02-12 10:55:45.837,SELL,LIMIT,IOC,31,102.009,104.47,FILLED,31,31
2024-02-12 11:05:00.381,SELL,LIMIT,IOC,2,101.806,104.281,FILLED,2,2
2024-02-12 11:11:02.663,SELL,LIMIT,IOC,1,101.647,104.183,FILLED,1,1
2024-02-12 11:14:34.161,SELL,LIMIT,IOC,102,101.574,104.012,FILLED,102,102
2024-02-12 11:15:03.049,SELL,LIMIT,IOC,2,101.364,103.674,FILLED,2,2
2024-02-12 11:15:08.513,SELL,LIMIT,IOC,29,101.087,103.599,FILLED,29,29
2024-02-12 11:20:40.268,SELL,LIMIT,IOC,24,101.069,103.526,FILLED,24,24
2024-02-12 14:58:49.675,BUY,LIMIT,IOC,164,109.492,106.767,FILLED,51,164
2024-02-12 15:35:24.039,BUY,LIMIT,IOC,2,110.892,108.121,FILLED,2,2
2024-02-12 15:41:10.725,BUY,LIMIT,IOC,4,111.635,108.897,FILLED,4,4
2024-02-12 17:27:55.773,BUY,LIMIT,IOC,2,112.375,109.756,FILLED,2,2
2024-02-12 17:30:13.761,BUY,LIMIT,IOC,121,113.058,110.273,FILLED,42,121
2024-02-12 17:30:56.403,BUY,LIMIT,IOC,28,113.165,110.38,FILLED,20,28
2024-02-12 19:32:39.128,BUY,LIMIT,IOC,1,114.053,111.228,FILLED,1,1
2024-02-12 21:12:55.100,BUY,LIMIT,IOC,5,114.365,111.561,FILLED,5,5
2024-02-12 21:13:06.041,BUY,LIMIT,IOC,41,114.465,111.717,FILLED,41,41
2024-02-12 21:13:21.846,BUY,LIMIT,IOC,100,114.636,111.813,FILLED,14,100
2024-02-12 21:13:33.193,BUY,LIMIT,IOC,350,114.697,111.845,FILLED,193,350
2024-02-12 21:13:44.542,BUY,LIMIT,IOC,40,114.713,111.872,FILLED,40,40
2024-02-12 23:48:11.450,BUY,LIMIT,IOC,19,114.811,112.024,FILLED,19,19
2024-02-12 23:54:19.287,BUY,LIMIT,IOC,1,115.056,112.26,FILLED,1,1
2024-02-13 00:07:38.579,BUY,LIMIT,IOC,20,115.322,112.574,FILLED,17,20
2024-02-13 00:07:40.203,BUY,LIMIT,IOC,2,115.355,112.6,FILLED,2,2
2024-02-13 00:08:04.150,BUY,LIMIT,IOC,4,115.781,113.099,FILLED,4,4
2024-02-13 00:08:06.099,BUY,LIMIT,IOC,21,115.928,113.052,FILLED,21,21
2024-02-13 00:09:20.661,BUY,LIMIT,IOC,5714,116.151,113.383,FILLED,899,5714
2024-02-13 00:17:55.050,BUY,LIMIT,IOC,139,116.337,113.564,FILLED,46,139
2024-02-13 00:18:13.338,BUY,LIMIT,IOC,2,116.63,113.78,FILLED,2,2
2024-02-13 00:19:09.453,BUY,LIMIT,IOC,8,116.774,113.969,FILLED,8,8
2024-02-13 00:19:31.144,BUY,LIMIT,IOC,27,116.901,114.01,FILLED,27,27
2024-02-13 00:19:38.540,BUY,LIMIT,IOC,5,116.926,114.047,FILLED,5,5
2024-02-13 00:23:50.579,BUY,LIMIT,IOC,11,117.223,114.374,FILLED,1,11
2024-02-13 00:23:52.660,BUY,LIMIT,IOC,764,117.297,114.47,FILLED,169,764
2024-02-13 00:26:39.377,BUY,LIMIT,IOC,150,117.851,114.954,FILLED,17,150
2024-02-13 00:27:51.702,BUY,LIMIT,IOC,433,117.975,115.012,FILLED,188,433
2024-02-13 13:36:29.255,SELL,LIMIT,IOC,6799,109.351,112.084,FILLED,2911,6799
2024-02-13 13:36:33.584,SELL,LIMIT,IOC,59,109.287,111.929,FILLED,16,59
2024-02-13 13:36:46.056,SELL,LIMIT,IOC,32,109.051,111.738,FILLED,27,32
2024-02-13 13:36:52.871,SELL,LIMIT,IOC,148,108.905,111.499,FILLED,2,148
2024-02-13 13:36:54.087,SELL,LIMIT,IOC,164,108.81,111.444,FILLED,17,164
2024-02-13 13:36:55.280,SELL,LIMIT,IOC,844,108.72,111.213,FILLED,453,844
2024-02-13 13:36:56.432,SELL,LIMIT,IOC,3394,108.619,111.005,FILLED,2091,3394
2024-02-13 13:36:58.141,SELL,LIMIT,IOC,136,108.407,110.944,FILLED,136,136
2024-02-13 13:36:59.781,SELL,LIMIT,IOC,2,108.289,111.073,FILLED,2,2
2024-02-13 13:37:03.420,SELL,LIMIT,IOC,79,108.217,110.937,FILLED,79,79
2024-02-13 14:12:29.024,SELL,LIMIT,IOC,2,108.182,110.85,FILLED,2,2
2024-02-13 14:12:30.651,SELL,LIMIT,IOC,12,108.137,110.914,FILLED,12,12
2024-02-13 14:13:25.897,SELL,LIMIT,IOC,296,108.025,110.732,FILLED,241,296
2024-02-13 14:22:21.213,SELL,LIMIT,IOC,2,107.871,110.578,FILLED,2,2
2024-02-13 14:22:28.627,SELL,LIMIT,IOC,1,107.671,110.337,FILLED,1,1
2024-02-13 14:22:34.508,SELL,LIMIT,IOC,24,107.323,109.872,FILLED,24,24
2024-02-13 14:22:36.437,SELL,LIMIT,IOC,1,107.154,109.444,FILLED,1,1
2024-02-13 14:22:38.157,SELL,LIMIT,IOC,18,106.996,109.794,FILLED,18,18
2024-02-13 14:23:53.382,SELL,LIMIT,IOC,27,107.092,109.703,FILLED,27,27
2024-02-13 14:23:56.787,SELL,LIMIT,IOC,3,106.897,109.518,FILLED,3,3
2024-02-13 14:24:01.799,SELL,LIMIT,IOC,35,106.625,109.039,FILLED,10,35
2024-02-13 14:24:03.853,SELL,LIMIT,IOC,1,106.506,108.912,FILLED,1,1
2024-02-13 16:57:03.583,SELL,LIMIT,IOC,3,106.279,108.787,FILLED,3,3
2024-02-13 18:27:40.303,BUY,LIMIT,IOC,2023,114.376,111.638,FILLED,95,2023
2024-02-13 18:27:52.200,BUY,LIMIT,IOC,2,114.463,111.781,FILLED,2,2
2024-02-14 00:36:11.727,SELL,LIMIT,IOC,1,108.259,110.919,FILLED,1,1
2024-02-14 08:53:46.282,BUY,LIMIT,IOC,23,116.818,113.968,FILLED,21,23
2024-02-14 08:53:57.716,BUY,LIMIT,IOC,7,116.846,114.078,FILLED,7,7
2024-02-14 08:54:41.062,BUY,LIMIT,IOC,1,117.182,114.395,FILLED,1,1
2024-02-14 09:05:54.692,BUY,LIMIT,IOC,77,118.113,115.248,FILLED,55,77
2024-02-14 09:08:20.397,BUY,LIMIT,IOC,3,118.312,115.379,FILLED,3,3
2024-02-14 09:10:59.033,BUY,LIMIT,IOC,1,118.795,115.938,FILLED,1,1
2024-02-14 09:11:00.624,BUY,LIMIT,IOC,23,118.868,115.929,FILLED,23,23
2024-02-14 09:49:43.517,BUY,LIMIT,IOC,1,119.048,116.1,FILLED,1,1
2024-02-14 09:49:55.473,BUY,LIMIT,IOC,14,119.222,116.299,FILLED,14,14
2024-02-14 09:49:59.321,BUY,LIMIT,IOC,7,119.248,116.329,FILLED,7,7
2024-02-14 09:50:31.810,BUY,LIMIT,IOC,206,119.34,116.386,FILLED,16,206
2024-02-14 09:50:53.180,BUY,LIMIT,IOC,16,119.381,116.428,FILLED,16,16
2024-02-14 13:20:53.751,BUY,LIMIT,IOC,4,119.623,116.711,FILLED,4,4
2024-02-14 13:23:08.481,BUY,LIMIT,IOC,4,120.268,117.392,FILLED,4,4
2024-02-14 13:25:50.596,BUY,LIMIT,IOC,1,120.572,117.699,FILLED,1,1
2024-02-14 13:39:47.317,BUY,LIMIT,IOC,524,120.753,117.924,FILLED,82,524
2024-02-14 13:39:48.679,BUY,LIMIT,IOC,394,120.921,117.895,FILLED,45,394
2024-02-14 13:43:18.241,BUY,LIMIT,IOC,6,121.225,118.275,FILLED,5,6
2024-02-14 14:24:32.046,BUY,LIMIT,IOC,8,121.459,118.549,FILLED,7,8
2024-02-14 14:24:34.635,BUY,LIMIT,IOC,8,121.526,118.653,FILLED,8,8
2024-02-14 14:24:39.450,BUY,LIMIT,IOC,12,121.716,118.815,FILLED,12,12
2024-02-14 14:25:37.508,BUY,LIMIT,IOC,3,121.866,118.888,FILLED,3,3
2024-02-14 18:12:17.574,SELL,LIMIT,IOC,8,112.237,115.283,FILLED,8,8
2024-02-15 05:55:46.414,SELL,LIMIT,IOC,217,112.519,115.331,FILLED,52,217
2024-02-15 06:22:42.316,SELL,LIMIT,IOC,1,112.417,115.21,FILLED,1,1
2024-02-15 06:23:24.751,SELL,LIMIT,IOC,1192,112.209,114.938,FILLED,44,1192
2024-02-15 15:33:16.534,SELL,LIMIT,IOC,3,111.916,114.644,FILLED,3,3
2024-02-15 15:33:19.897,SELL,LIMIT,IOC,327,111.697,114.474,FILLED,57,327
2024-02-15 15:33:22.416,SELL,LIMIT,IOC,3,111.55,114.263,FILLED,3,3
2024-02-15 15:34:19.019,SELL,LIMIT,IOC,11,111.35,114.0,FILLED,11,11
2024-02-15 15:34:20.108,SELL,LIMIT,IOC,400,111.301,113.885,FILLED,19,400
2024-02-15 15:34:21.397,SELL,LIMIT,IOC,58,111.218,113.74,FILLED,58,58
2024-02-15 15:34:22.701,SELL,LIMIT,IOC,44,111.057,113.826,FILLED,44,44
2024-02-15 15:34:23.702,SELL,LIMIT,IOC,1,110.399,113.765,FILLED,1,1
2024-02-15 21:42:18.495,SELL,LIMIT,IOC,197,110.005,112.787,FILLED,37,197
2024-02-15 21:56:34.297,SELL,LIMIT,IOC,8311,109.699,112.293,FILLED,650,8311
2024-02-15 21:56:38.121,SELL,LIMIT,IOC,181,109.568,112.189,FILLED,22,181
2024-02-15 21:56:39.323,SELL,LIMIT,IOC,2,109.47,112.156,FILLED,2,2
2024-02-15 21:56:41.265,SELL,LIMIT,IOC,6,109.33,112.193,FILLED,6,6
2024-02-15 22:47:18.545,SELL,LIMIT,IOC,1,109.098,111.923,FILLED,1,1
2024-02-16 07:35:23.683,SELL,LIMIT,IOC,1,109.029,111.75,FILLED,1,1
2024-02-16 08:00:09.649,SELL,LIMIT,IOC,9,108.857,111.588,FILLED,9,9
2024-02-16 08:00:36.627,SELL,LIMIT,IOC,2,108.72,111.4,FILLED,2,2
2024-02-16 08:52:22.901,SELL,LIMIT,IOC,27,108.649,111.371,FILLED,27,27
2024-02-16 08:52:40.561,SELL,LIMIT,IOC,50,108.575,111.283,FILLED,50,50
2024-02-16 08:52:42.248,SELL,LIMIT,IOC,326,108.53,111.235,FILLED,69,326
2024-02-16 08:52:45.515,SELL,LIMIT,IOC,3,108.516,111.259,FILLED,3,3
2024-02-16 08:53:04.035,SELL,LIMIT,IOC,49,108.434,111.016,FILLED,49,49
2024-02-16 09:09:52.323,SELL,LIMIT,IOC,4,108.196,110.868,FILLED,4,4
2024-02-16 09:09:54.215,SELL,LIMIT,IOC,16,108.136,110.265,FILLED,16,16
2024-02-16 09:09:55.390,SELL,LIMIT,IOC,8,107.684,110.338,FILLED,8,8
2024-02-16 09:10:59.146,SELL,LIMIT,IOC,2,107.611,110.289,FILLED,2,2
2024-02-16 14:47:50.462,SELL,LIMIT,IOC,1817,107.816,110.442,FILLED,31,1817
2024-02-16 14:48:03.751,SELL,LIMIT,IOC,94,107.711,110.448,FILLED,24,94
2024-02-16 14:50:28.307,SELL,LIMIT,IOC,31,107.626,110.263,FILLED,30,31
2024-02-16 14:51:02.283,SELL,LIMIT,IOC,455,107.551,110.192,FILLED,195,455
2024-02-16 14:51:03.823,SELL,LIMIT,IOC,10,107.529,110.163,FILLED,10,10
2024-02-16 14:51:33.079,SELL,LIMIT,IOC,188,107.447,110.132,FILLED,65,188
2024-02-16 14:51:35.380,SELL,LIMIT,IOC,1,107.434,110.143,FILLED,1,1
2024-02-16 14:52:30.689,SELL,LIMIT,IOC,1,107.334,109.951,FILLED,1,1
2024-02-16 14:52:34.373,SELL,LIMIT,IOC,17,107.215,109.879,FILLED,11,17
2024-02-16 14:52:37.158,SELL,LIMIT,IOC,162,107.197,109.801,FILLED,23,162
2024-02-16 14:52:38.311,SELL,LIMIT,IOC,1,107.138,109.785,FILLED,1,1
2024-02-16 14:52:39.604,SELL,LIMIT,IOC,48,107.116,109.83,FILLED,48,48
2024-02-16 14:52:56.684,SELL,LIMIT,IOC,14788,107.091,109.654,FILLED,3831,14788
2024-02-16 14:53:01.031,SELL,LIMIT,IOC,77,106.965,109.616,FILLED,77,77
2024-02-16 14:54:40.146,SELL,LIMIT,IOC,62,106.759,109.4,FILLED,55,62
2024-02-16 14:54:41.244,SELL,LIMIT,IOC,170,106.718,109.32,FILLED,17,170
2024-02-16 14:55:05.317,SELL,LIMIT,IOC,11,106.64,109.304,FILLED,11,11
2024-02-16 15:01:46.020,SELL,LIMIT,IOC,161,106.522,109.183,FILLED,161,161
2024-02-16 15:01:47.719,SELL,LIMIT,IOC,535,106.504,109.05,FILLED,62,535
2024-02-16 15:01:50.250,SELL,LIMIT,IOC,16,106.32,108.891,FILLED,16,16
2024-02-16 15:01:51.267,SELL,LIMIT,IOC,4,106.278,108.837,FILLED,4,4
2024-02-16 15:01:52.829,SELL,LIMIT,IOC,6,106.199,108.935,FILLED,6,6
2024-02-16 15:06:17.705,SELL,LIMIT,IOC,1278,106.115,108.757,FILLED,37,1278
2024-02-16 15:13:39.050,SELL,LIMIT,IOC,1,105.981,108.59,FILLED,1,1
2024-02-16 15:13:40.267,SELL,LIMIT,IOC,930,105.944,108.55,FILLED,889,930
2024-02-16 15:13:42.176,SELL,LIMIT,IOC,1,105.895,108.5,FILLED,1,1
2024-02-16 15:13:44.437,SELL,LIMIT,IOC,96,105.82,108.467,FILLED,96,96
2024-02-16 15:13:56.125,SELL,LIMIT,IOC,109,105.762,108.339,FILLED,38,109
2024-02-17 13:15:55.791,SELL,LIMIT,IOC,3,105.531,108.225,FILLED,3,3
2024-02-17 13:16:35.094,SELL,LIMIT,IOC,61,105.443,108.106,FILLED,61,61
2024-02-17 13:20:23.165,SELL,LIMIT,IOC,7,105.418,107.902,FILLED,7,7
2024-02-17 13:20:25.190,SELL,LIMIT,IOC,257,104.84,107.162,FILLED,98,257
2024-02-17 13:20:31.388,SELL,LIMIT,IOC,3,104.732,107.344,FILLED,3,3
2024-02-17 13:22:14.201,SELL,LIMIT,IOC,92,104.615,107.176,FILLED,92,92
2024-02-17 13:22:16.137,SELL,LIMIT,IOC,1,104.558,107.155,FILLED,1,1
2024-02-17 13:22:21.141,SELL,LIMIT,IOC,13,104.47,107.146,FILLED,13,13
2024-02-17 13:26:22.905,SELL,LIMIT,IOC,8,104.443,106.999,FILLED,8,8
2024-02-17 13:26:24.908,SELL,LIMIT,IOC,2,104.369,106.94,FILLED,2,2
2024-02-17 13:26:28.266,SELL,LIMIT,IOC,16,104.256,106.839,FILLED,6,16
2024-02-17 14:14:26.071,SELL,LIMIT,IOC,2586,104.21,106.804,FILLED,2,2586
2024-02-17 14:14:35.180,SELL,LIMIT,IOC,32,104.158,106.743,FILLED,8,32
2024-02-17 14:16:01.143,SELL,LIMIT,IOC,62,104.02,106.581,FILLED,3,62
2024-02-17 14:33:15.750,SELL,LIMIT,IOC,405,103.908,106.406,FILLED,75,405
2024-02-17 14:33:16.802,SELL,LIMIT,IOC,233,103.871,106.426,FILLED,19,233
2024-02-17 14:33:20.343,SELL,LIMIT,IOC,10,103.687,106.246,FILLED,10,10
2024-02-17 14:33:23.412,SELL,LIMIT,IOC,6,103.634,106.234,FILLED,6,6
2024-02-17 14:34:02.033,SELL,LIMIT,IOC,5,103.607,106.118,FILLED,5,5
2024-02-17 14:34:04.422,SELL,LIMIT,IOC,47,103.55,106.062,FILLED,47,47
2024-02-17 14:34:07.519,SELL,LIMIT,IOC,4,103.469,106.043,FILLED,3,4
2024-02-17 14:34:10.145,SELL,LIMIT,IOC,95,103.418,105.808,FILLED,20,95
2024-02-17 14:34:11.755,SELL,LIMIT,IOC,136,103.251,105.731,FILLED,136,136
2024-02-17 14:37:00.229,SELL,LIMIT,IOC,24,103.204,105.752,FILLED,24,24
2024-02-17 21:36:39.670,BUY,LIMIT,IOC,118,112.229,109.463,FILLED,118,118
2024-02-18 09:11:11.947,BUY,LIMIT,IOC,12,112.855,110.033,FILLED,12,12
2024-02-18 09:23:58.365,BUY,LIMIT,IOC,17,113.255,110.448,FILLED,14,17
2024-02-18 10:00:16.241,BUY,LIMIT,IOC,83,113.891,111.069,FILLED,35,83
2024-02-18 10:01:23.206,BUY,LIMIT,IOC,281,114.162,111.454,FILLED,30,281
2024-02-18 10:02:59.711,BUY,LIMIT,IOC,1,114.473,111.649,FILLED,1,1
2024-02-18 10:05:00.403,BUY,LIMIT,IOC,26,114.769,111.91,FILLED,2,26
2024-02-18 10:10:20.611,BUY,LIMIT,IOC,24,114.998,112.189,FILLED,24,24
2024-02-18 10:10:54.156,BUY,LIMIT,IOC,9,115.513,112.626,FILLED,9,9
2024-02-18 10:10:56.642,BUY,LIMIT,IOC,3,115.561,112.739,FILLED,3,3
2024-02-18 10:11:55.371,BUY,LIMIT,IOC,9,115.772,112.978,FILLED,9,9
2024-02-18 10:12:01.662,BUY,LIMIT,IOC,1,115.848,112.988,FILLED,1,1
2024-02-19 10:26:41.712,SELL,LIMIT,IOC,14,108.345,111.008,FILLED,14,14
2024-02-19 13:11:53.144,BUY,LIMIT,IOC,4,117.38,114.515,FILLED,4,4
2024-02-19 19:02:57.804,SELL,LIMIT,IOC,2282,109.247,111.933,FILLED,82,2282
2024-02-19 23:33:29.162,SELL,LIMIT,IOC,30,108.848,111.595,FILLED,30,30
2024-02-19 23:34:27.359,SELL,LIMIT,IOC,460,108.788,111.414,FILLED,44,460
2024-02-20 00:41:21.407,SELL,LIMIT,IOC,393,108.452,111.142,FILLED,37,393
2024-02-20 00:42:32.801,SELL,LIMIT,IOC,2,108.268,110.879,FILLED,2,2
2024-02-20 01:17:38.575,SELL,LIMIT,IOC,236,108.069,110.742,FILLED,22,236
2024-02-20 01:17:40.857,SELL,LIMIT,IOC,888,108.043,110.665,FILLED,378,888
2024-02-20 01:19:01.161,SELL,LIMIT,IOC,127,107.719,110.392,FILLED,36,127
2024-02-20 01:19:08.906,SELL,LIMIT,IOC,3674,107.695,110.273,FILLED,138,3674
2024-02-20 01:19:10.437,SELL,LIMIT,IOC,1,107.688,110.255,FILLED,1,1
2024-02-20 01:20:54.401,SELL,LIMIT,IOC,1,107.507,110.179,FILLED,1,1
2024-02-20 01:20:57.037,SELL,LIMIT,IOC,4,107.486,110.139,FILLED,4,4
2024-02-20 01:20:58.865,SELL,LIMIT,IOC,10,107.454,110.171,FILLED,3,10
2024-02-20 01:22:40.498,SELL,LIMIT,IOC,134,107.36,110.035,FILLED,30,134
2024-02-20 01:22:46.075,SELL,LIMIT,IOC,6780,107.252,109.558,FILLED,2936,6780
2024-02-20 01:22:47.276,SELL,LIMIT,IOC,51,107.086,109.716,FILLED,1,51
2024-02-20 01:23:02.373,SELL,LIMIT,IOC,35,107.058,109.676,FILLED,35,35
2024-02-20 01:23:03.697,SELL,LIMIT,IOC,77,107.017,109.653,FILLED,63,77
2024-02-20 01:23:05.128,SELL,LIMIT,IOC,48,106.973,109.645,FILLED,48,48
2024-02-20 01:36:43.387,SELL,LIMIT,IOC,12,106.918,109.649,FILLED,12,12
2024-02-20 01:38:08.494,SELL,LIMIT,IOC,101,106.902,109.295,FILLED,101,101
2024-02-20 01:38:09.609,SELL,LIMIT,IOC,70,106.753,109.235,FILLED,70,70
2024-02-20 08:08:14.737,SELL,LIMIT,IOC,43,106.456,109.128,FILLED,43,43
2024-02-20 08:08:51.040,SELL,LIMIT,IOC,27,106.364,108.85,FILLED,27,27
2024-02-20 08:22:30.764,SELL,LIMIT,IOC,4,105.989,108.63,FILLED,2,4
2024-02-20 09:21:17.032,SELL,LIMIT,IOC,2,105.832,108.469,FILLED,2,2
2024-02-20 09:21:19.813,SELL,LIMIT,IOC,974,105.749,108.371,FILLED,9,974
2024-02-20 14:38:51.663,SELL,LIMIT,IOC,2,105.459,108.043,FILLED,2,2
2024-02-20 14:38:58.049,SELL,LIMIT,IOC,12,105.346,107.874,FILLED,12,12
2024-02-20 14:38:59.405,SELL,LIMIT,IOC,902,105.205,107.789,FILLED,47,902
2024-02-20 14:39:44.172,SELL,LIMIT,IOC,1,105.132,107.642,FILLED,1,1
2024-02-20 14:39:55.720,SELL,LIMIT,IOC,78,104.982,107.538,FILLED,78,78
2024-02-20 14:40:35.156,SELL,LIMIT,IOC,4,104.887,107.253,FILLED,4,4
2024-02-20 14:40:36.470,SELL,LIMIT,IOC,130,104.769,107.199,FILLED,130,130
2024-02-20 14:40:38.890,SELL,LIMIT,IOC,24,104.575,107.166,FILLED,23,24
2024-02-20 14:40:51.383,SELL,LIMIT,IOC,3061,104.543,107.126,FILLED,1572,3061
2024-02-20 14:40:59.212,SELL,LIMIT,IOC,1,104.461,106.996,FILLED,1,1
2024-02-20 14:41:05.188,SELL,LIMIT,IOC,5559,104.363,106.742,FILLED,391,5559
2024-02-20 14:41:07.508,SELL,LIMIT,IOC,1,104.268,106.768,FILLED,1,1
2024-02-20 14:41:09.089,SELL,LIMIT,IOC,2,104.162,106.621,FILLED,2,2
2024-02-20 14:41:10.332,SELL,LIMIT,IOC,1509,104.045,106.46,FILLED,210,1509
2024-02-20 14:41:12.158,SELL,LIMIT,IOC,3,103.94,106.579,FILLED,3,3
2024-02-20 15:28:49.771,SELL,LIMIT,IOC,11129,103.893,106.275,FILLED,5910,11129
2024-02-20 15:28:52.371,SELL,LIMIT,IOC,41,103.747,106.2,FILLED,10,41
2024-02-20 15:28:55.707,SELL,LIMIT,IOC,14,103.63,106.183,FILLED,14,14
2024-02-20 15:29:06.644,SELL,LIMIT,IOC,3,103.6,106.052,FILLED,3,3
2024-02-20 15:29:07.877,SELL,LIMIT,IOC,1,103.537,106.0,FILLED,1,1
2024-02-20 15:29:20.449,SELL,LIMIT,IOC,3503,103.292,105.676,FILLED,260,3503
2024-02-20 15:29:22.544,SELL,LIMIT,IOC,650,103.224,105.426,FILLED,365,650
2024-02-20 15:29:23.794,SELL,LIMIT,IOC,240,103.159,105.329,FILLED,9,240
2024-02-20 15:29:25.126,SELL,LIMIT,IOC,30,102.935,105.202,FILLED,30,30
2024-02-20 15:29:27.763,SELL,LIMIT,IOC,6715,102.809,105.148,FILLED,256,6715
2024-02-20 15:29:28.806,SELL,LIMIT,IOC,600,102.78,104.935,FILLED,95,600
2024-02-20 15:29:31.065,SELL,LIMIT,IOC,137,102.578,104.808,FILLED,137,137
2024-02-20 15:29:32.320,SELL,LIMIT,IOC,81,102.472,104.613,FILLED,81,81
2024-02-20 15:29:34.052,SELL,LIMIT,IOC,733,102.341,104.114,FILLED,36,733
2024-02-20 15:29:35.082,SELL,LIMIT,IOC,185,102.271,103.729,FILLED,65,185
2024-02-20 15:29:36.175,SELL,LIMIT,IOC,129,102.079,103.543,FILLED,126,129
2024-02-20 15:29:37.187,SELL,LIMIT,IOC,444,101.925,103.317,FILLED,327,444
2024-02-20 15:29:39.154,SELL,LIMIT,IOC,4309,101.837,103.012,FILLED,528,4309
2024-02-20 15:29:40.243,SELL,LIMIT,IOC,130,101.699,103.08,FILLED,27,130
2024-02-20 15:29:41.261,SELL,LIMIT,IOC,1,101.606,102.76,FILLED,1,1
2024-02-20 15:29:42.275,SELL,LIMIT,IOC,9,101.323,103.015,FILLED,9,9
2024-02-20 22:52:08.080,BUY,LIMIT,IOC,2,111.505,108.759,FILLED,2,2
2024-02-20 23:14:05.888,BUY,LIMIT,IOC,4,112.487,109.768,FILLED,4,4
2024-02-21 01:47:11.346,SELL,LIMIT,IOC,7,104.583,107.152,FILLED,7,7
2024-02-21 06:48:20.155,SELL,LIMIT,IOC,9,103.101,105.625,FILLED,9,9
2024-02-21 06:48:54.393,SELL,LIMIT,IOC,711,102.955,105.507,FILLED,3,711
2024-02-21 07:08:01.195,SELL,LIMIT,IOC,136,102.258,104.487,FILLED,17,136
2024-02-21 09:09:14.052,SELL,LIMIT,IOC,1,101.995,104.409,FILLED,1,1
2024-02-21 09:09:18.700,SELL,LIMIT,IOC,1,101.825,104.375,FILLED,1,1
2024-02-21 09:10:53.533,SELL,LIMIT,IOC,2,101.804,104.304,FILLED,2,2
2024-02-21 09:11:19.498,SELL,LIMIT,IOC,34,101.738,104.285,FILLED,34,34
2024-02-21 09:25:33.484,SELL,LIMIT,IOC,2,101.47,103.919,FILLED,2,2
2024-02-21 09:25:35.757,SELL,LIMIT,IOC,1,101.312,103.78,FILLED,1,1
2024-02-21 09:25:57.372,SELL,LIMIT,IOC,48,101.145,103.703,FILLED,23,48
2024-02-21 09:29:04.198,SELL,LIMIT,IOC,97,101.12,103.642,FILLED,61,97
2024-02-21 09:29:43.646,SELL,LIMIT,IOC,31,101.111,103.635,FILLED,31,31
2024-02-21 09:33:56.520,SELL,LIMIT,IOC,1,101.086,103.532,FILLED,1,1
2024-02-21 09:33:57.839,SELL,LIMIT,IOC,10,101.019,103.606,FILLED,10,10
2024-02-21 09:39:07.917,SELL,LIMIT,IOC,279,100.987,103.522,FILLED,242,279
2024-02-21 09:39:28.701,SELL,LIMIT,IOC,23,100.906,103.448,FILLED,23,23
2024-02-21 09:39:29.727,SELL,LIMIT,IOC,1,100.891,103.357,FILLED,1,1
2024-02-21 09:40:34.604,SELL,LIMIT,IOC,10,100.805,103.276,FILLED,10,10
2024-02-21 09:41:31.583,SELL,LIMIT,IOC,21,100.652,103.165,FILLED,21,21
2024-02-21 09:41:52.405,SELL,LIMIT,IOC,1158,100.634,103.053,FILLED,65,1158
2024-02-21 09:41:54.207,SELL,LIMIT,IOC,15,100.581,103.084,FILLED,15,15
2024-02-21 09:41:55.662,SELL,LIMIT,IOC,2,100.576,103.116,FILLED,2,2
2024-02-21 09:58:37.540,SELL,LIMIT,IOC,80,100.505,103.048,FILLED,80,80
2024-02-21 09:59:02.817,SELL,LIMIT,IOC,5,100.456,102.964,FILLED,5,5
2024-02-21 09:59:21.251,SELL,LIMIT,IOC,1,100.37,102.784,FILLED,1,1
2024-02-21 10:11:07.193,SELL,LIMIT,IOC,205,100.271,102.726,FILLED,202,205
2024-02-21 10:11:08.903,SELL,LIMIT,IOC,12,100.221,102.632,FILLED,12,12
2024-02-21 10:11:10.887,SELL,LIMIT,IOC,10,100.128,102.551,FILLED,10,10
2024-02-21 10:11:36.034,SELL,LIMIT,IOC,888,100.015,102.516,FILLED,121,888
2024-02-21 10:11:45.256,SELL,LIMIT,IOC,7,99.929,102.434,FILLED,7,7
2024-02-21 11:57:44.377,SELL,LIMIT,IOC,319,99.911,102.364,FILLED,94,319
2024-02-21 12:07:29.076,SELL,LIMIT,IOC,26,99.759,102.252,FILLED,26,26
2024-02-21 12:07:30.518,SELL,LIMIT,IOC,2,99.738,102.185,FILLED,2,2
2024-02-21 12:07:32.730,SELL,LIMIT,IOC,25,99.597,101.955,FILLED,25,25
2024-02-21 14:19:49.253,SELL,LIMIT,IOC,57,99.392,101.886,FILLED,57,57
2024-02-21 14:20:04.306,SELL,LIMIT,IOC,84,99.348,101.835,FILLED,84,84
2024-02-21 14:20:34.645,SELL,LIMIT,IOC,106,99.302,101.713,FILLED,26,106
2024-02-21 14:25:20.679,SELL,LIMIT,IOC,316,99.231,101.684,FILLED,40,316
2024-02-21 14:25:22.322,SELL,LIMIT,IOC,406,99.211,101.7,FILLED,71,406
2024-02-21 14:26:49.139,SELL,LIMIT,IOC,676,99.17,101.645,FILLED,156,676
2024-02-21 14:26:54.752,SELL,LIMIT,IOC,65,99.107,101.503,FILLED,65,65
2024-02-21 14:26:57.783,SELL,LIMIT,IOC,17,98.991,101.475,FILLED,17,17
2024-02-21 14:27:14.691,SELL,LIMIT,IOC,194,98.935,101.348,FILLED,30,194
2024-02-21 14:28:51.507,SELL,LIMIT,IOC,62,98.835,101.317,FILLED,55,62
2024-02-21 14:35:43.332,SELL,LIMIT,IOC,4,98.819,101.223,FILLED,3,4
2024-02-21 14:35:44.708,SELL,LIMIT,IOC,65,98.76,101.179,FILLED,65,65
2024-02-21 14:35:45.837,SELL,LIMIT,IOC,26955,98.713,101.056,FILLED,2682,26955
2024-02-21 14:35:47.630,SELL,LIMIT,IOC,1,98.669,101.132,FILLED,1,1
2024-02-21 16:02:22.345,BUY,LIMIT,IOC,34,106.752,104.12,FILLED,34,34
2024-02-21 18:05:21.905,SELL,LIMIT,IOC,1,99.344,101.731,FILLED,1,1
2024-02-21 18:10:40.469,SELL,LIMIT,IOC,16,99.218,101.761,FILLED,16,16
2024-02-21 18:10:46.297,SELL,LIMIT,IOC,2,99.162,101.639,FILLED,2,2
2024-02-21 18:22:29.707,SELL,LIMIT,IOC,1,98.98,101.428,FILLED,1,1
2024-02-21 18:22:31.112,SELL,LIMIT,IOC,89,98.938,101.354,FILLED,54,89
2024-02-21 18:23:20.309,SELL,LIMIT,IOC,1733,98.779,101.241,FILLED,9,1733
2024-02-21 18:25:27.384,SELL,LIMIT,IOC,9,98.732,101.183,FILLED,9,9
2024-02-21 18:25:34.696,SELL,LIMIT,IOC,94,98.606,101.05,FILLED,44,94
2024-02-21 18:25:36.372,SELL,LIMIT,IOC,112,98.574,101.01,FILLED,56,112
2024-02-21 18:26:04.385,SELL,LIMIT,IOC,115,98.48,100.963,FILLED,115,115
2024-02-21 18:26:08.145,SELL,LIMIT,IOC,2648,98.43,100.848,FILLED,297,2648
2024-02-21 18:26:25.390,SELL,LIMIT,IOC,15,98.317,100.783,FILLED,15,15
2024-02-21 18:26:37.714,SELL,LIMIT,IOC,8,98.276,100.664,FILLED,4,8
2024-02-21 18:26:39.207,SELL,LIMIT,IOC,98,98.226,100.696,FILLED,48,98
2024-02-21 18:26:45.160,SELL,LIMIT,IOC,58,98.163,100.538,FILLED,33,58
2024-02-21 18:28:10.617,SELL,LIMIT,IOC,14,98.078,100.473,FILLED,14,14
2024-02-21 18:28:12.195,SELL,LIMIT,IOC,210,98.002,100.409,FILLED,11,210
2024-02-21 18:28:13.517,SELL,LIMIT,IOC,466,97.965,100.352,FILLED,212,466
2024-02-21 18:28:14.579,SELL,LIMIT,IOC,26,97.947,100.34,FILLED,26,26
2024-02-21 18:28:18.244,SELL,LIMIT,IOC,97,97.87,100.295,FILLED,97,97
2024-02-21 21:41:04.168,BUY,LIMIT,IOC,18,106.341,103.818,FILLED,15,18
2024-02-21 23:48:47.766,BUY,LIMIT,IOC,4,108.251,105.583,FILLED,4,4
2024-02-22 01:42:49.351,SELL,LIMIT,IOC,7,99.951,102.368,FILLED,6,7
2024-02-22 01:53:31.443,SELL,LIMIT,IOC,5,99.676,102.159,FILLED,2,5
2024-02-22 09:52:51.322,BUY,LIMIT,IOC,25,109.685,106.992,FILLED,25,25
2024-02-22 13:44:55.223,SELL,LIMIT,IOC,37,101.108,103.578,FILLED,3,37
2024-02-22 13:46:27.412,SELL,LIMIT,IOC,2,100.972,103.449,FILLED,2,2
2024-02-22 13:46:50.721,SELL,LIMIT,IOC,127,100.867,103.356,FILLED,15,127
2024-02-22 13:46:52.644,SELL,LIMIT,IOC,2,100.854,103.369,FILLED,2,2
2024-02-22 21:49:06.157,SELL,LIMIT,IOC,38,100.875,103.378,FILLED,35,38
2024-02-22 22:10:14.395,SELL,LIMIT,IOC,8,100.622,103.094,FILLED,7,8
2024-02-22 22:28:25.613,SELL,LIMIT,IOC,112,100.188,102.687,FILLED,106,112
2024-02-22 22:28:51.514,SELL,LIMIT,IOC,50,100.03,102.425,FILLED,49,50
2024-02-22 23:19:39.782,SELL,LIMIT,IOC,102,99.663,102.113,FILLED,39,102
2024-02-22 23:41:15.917,SELL,LIMIT,IOC,26,99.466,101.98,FILLED,26,26
2024-02-22 23:41:29.369,SELL,LIMIT,IOC,4,99.462,101.891,FILLED,4,4
2024-02-22 23:43:20.827,SELL,LIMIT,IOC,208,99.386,101.859,FILLED,158,208
2024-02-22 23:43:38.463,SELL,LIMIT,IOC,10,99.325,101.716,FILLED,10,10
2024-02-22 23:54:44.198,SELL,LIMIT,IOC,6512,99.121,101.529,FILLED,3066,6512
2024-02-22 23:54:46.119,SELL,LIMIT,IOC,22,99.082,101.563,FILLED,22,22
2024-02-23 02:55:11.494,SELL,LIMIT,IOC,24,98.975,101.396,FILLED,24,24
2024-02-23 02:55:22.090,SELL,LIMIT,IOC,17,98.817,101.233,FILLED,17,17
2024-02-23 03:02:24.152,SELL,LIMIT,IOC,159,98.696,101.1,FILLED,159,159
2024-02-23 03:06:32.114,SELL,LIMIT,IOC,13,98.613,101.063,FILLED,13,13
2024-02-23 15:26:43.850,SELL,LIMIT,IOC,20,98.166,100.606,FILLED,6,20
2024-02-23 16:01:07.309,SELL,LIMIT,IOC,4,97.771,100.01,FILLED,4,4
2024-02-23 16:01:08.349,SELL,LIMIT,IOC,33,97.71,100.047,FILLED,7,33
2024-02-23 16:04:36.043,SELL,LIMIT,IOC,5,97.588,100.031,FILLED,5,5
2024-02-23 16:04:46.771,SELL,LIMIT,IOC,80,97.576,100.006,FILLED,80,80
2024-02-23 16:04:54.062,SELL,LIMIT,IOC,107,97.504,99.7,FILLED,10,107
2024-02-23 16:04:55.404,SELL,LIMIT,IOC,52,97.397,99.62,FILLED,52,52
2024-02-23 16:04:57.269,SELL,LIMIT,IOC,1332,97.219,99.418,FILLED,77,1332
2024-02-23 16:04:58.477,SELL,LIMIT,IOC,34,97.186,99.582,FILLED,34,34
2024-02-23 16:05:19.394,SELL,LIMIT,IOC,1,97.138,99.527,FILLED,1,1
2024-02-23 16:05:22.130,SELL,LIMIT,IOC,1541,97.107,99.492,FILLED,1450,1541
2024-02-23 16:05:27.139,SELL,LIMIT,IOC,62,97.022,99.395,FILLED,62,62
2024-02-23 16:12:41.061,SELL,LIMIT,IOC,1993,96.954,99.317,FILLED,12,1993
2024-02-23 16:12:46.254,SELL,LIMIT,IOC,2,96.888,99.29,FILLED,2,2
2024-02-23 16:13:08.178,SELL,LIMIT,IOC,4,96.851,99.251,FILLED,4,4
2024-02-23 16:13:10.019,SELL,LIMIT,IOC,34,96.836,99.263,FILLED,34,34
2024-02-23 16:13:20.754,SELL,LIMIT,IOC,29,96.814,99.201,FILLED,29,29
2024-02-23 16:13:23.544,SELL,LIMIT,IOC,2701,96.784,99.128,FILLED,230,2701
2024-02-23 16:13:25.094,SELL,LIMIT,IOC,1,96.734,99.117,FILLED,1,1
2024-02-23 16:13:27.315,SELL,LIMIT,IOC,14,96.711,99.089,FILLED,5,14
2024-02-23 16:13:33.056,SELL,LIMIT,IOC,1,96.689,99.064,FILLED,1,1
2024-02-23 16:13:34.741,SELL,LIMIT,IOC,456,96.683,99.042,FILLED,1,456
2024-02-23 16:13:47.518,SELL,LIMIT,IOC,86,96.582,98.886,FILLED,77,86
2024-02-23 16:13:49.158,SELL,LIMIT,IOC,317,96.543,98.817,FILLED,121,317
2024-02-23 16:13:50.337,SELL,LIMIT,IOC,119,96.531,98.896,FILLED,5,119
2024-02-23 16:15:06.182,SELL,LIMIT,IOC,17,96.434,98.801,FILLED,13,17
2024-02-23 16:15:11.325,SELL,LIMIT,IOC,540,96.378,98.724,FILLED,475,540
2024-02-23 16:15:14.203,SELL,LIMIT,IOC,1,96.335,98.763,FILLED,1,1
2024-02-24 01:44:27.362,SELL,LIMIT,IOC,9105,96.353,98.695,FILLED,3314,9105
2024-02-24 01:44:30.052,SELL,LIMIT,IOC,1,96.295,98.53,FILLED,1,1
2024-02-24 01:53:15.494,SELL,LIMIT,IOC,20,96.165,98.56,FILLED,19,20
2024-02-24 05:48:20.721,BUY,LIMIT,IOC,9,103.975,101.389,FILLED,7,9
2024-02-24 07:57:57.197,BUY,LIMIT,IOC,11,104.845,102.236,FILLED,11,11
2024-02-24 17:20:12.893,BUY,LIMIT,IOC,1,105.882,103.225,FILLED,1,1
2024-02-26 09:32:57.627,SELL,LIMIT,IOC,2,99.657,102.14,FILLED,2,2
2024-02-26 09:33:45.099,SELL,LIMIT,IOC,46,99.571,102.0,FILLED,46,46
2024-02-26 09:35:34.322,SELL,LIMIT,IOC,753,99.326,101.727,FILLED,62,753
2024-02-26 09:35:35.536,SELL,LIMIT,IOC,38,99.318,101.832,FILLED,38,38
2024-02-26 09:36:04.274,SELL,LIMIT,IOC,13,99.256,101.728,FILLED,12,13
2024-02-26 09:39:59.799,SELL,LIMIT,IOC,22,99.117,101.448,FILLED,22,22
2024-02-26 09:40:01.259,SELL,LIMIT,IOC,4,99.017,101.446,FILLED,4,4
2024-02-26 11:34:56.680,SELL,LIMIT,IOC,10,98.795,101.243,FILLED,10,10
2024-02-26 11:38:35.506,SELL,LIMIT,IOC,189,98.415,100.871,FILLED,50,189
2024-02-26 11:40:23.172,SELL,LIMIT,IOC,153,98.344,100.782,FILLED,62,153
2024-02-26 12:18:41.444,SELL,LIMIT,IOC,98,98.163,100.544,FILLED,86,98
2024-02-26 12:21:53.813,SELL,LIMIT,IOC,2,97.965,100.408,FILLED,2,2
2024-02-26 12:22:01.557,SELL,LIMIT,IOC,17,97.928,100.344,FILLED,16,17
2024-02-26 16:10:01.349,BUY,LIMIT,IOC,96,108.353,105.685,FILLED,95,96
2024-02-26 16:38:49.386,BUY,LIMIT,IOC,12,108.874,106.21,FILLED,12,12
2024-02-26 16:39:12.921,BUY,LIMIT,IOC,1,109.002,106.329,FILLED,1,1
2024-02-26 16:41:09.813,BUY,LIMIT,IOC,14,109.607,106.918,FILLED,3,14
2024-02-26 17:01:08.174,BUY,LIMIT,IOC,1,109.982,107.27,FILLED,1,1
2024-02-26 17:04:44.797,BUY,LIMIT,IOC,11089,110.122,107.472,FILLED,236,11089
2024-02-26 17:05:45.221,BUY,LIMIT,IOC,9,110.546,107.908,FILLED,9,9
2024-02-26 17:41:17.116,BUY,LIMIT,IOC,1,111.66,108.948,FILLED,1,1
2024-02-26 17:43:04.683,BUY,LIMIT,IOC,1,111.784,109.009,FILLED,1,1
2024-02-26 17:57:31.509,BUY,LIMIT,IOC,12,112.03,109.245,FILLED,12,12
2024-02-26 17:58:09.632,BUY,LIMIT,IOC,8,112.055,109.378,FILLED,5,8
2024-02-26 17:58:11.911,BUY,LIMIT,IOC,4,112.111,109.292,FILLED,4,4
2024-02-26 17:58:55.128,BUY,LIMIT,IOC,3,112.49,109.785,FILLED,3,3
2024-02-27 01:11:49.146,BUY,LIMIT,IOC,9,114.362,111.535,FILLED,9,9
2024-02-27 01:15:52.067,BUY,LIMIT,IOC,41,114.851,112.095,FILLED,38,41
2024-02-27 01:16:50.634,BUY,LIMIT,IOC,75,114.991,112.136,FILLED,75,75
2024-02-27 04:57:29.289,SELL,LIMIT,IOC,255,106.738,109.411,FILLED,61,255
2024-02-27 14:46:14.450,SELL,LIMIT,IOC,2,106.34,109.066,FILLED,2,2
2024-02-27 14:46:19.308,SELL,LIMIT,IOC,65,106.234,108.824,FILLED,65,65
2024-02-27 14:46:26.522,SELL,LIMIT,IOC,37,106.119,108.763,FILLED,26,37
2024-02-27 14:46:39.409,SELL,LIMIT,IOC,27,106.098,108.736,FILLED,1,27
2024-02-27 15:40:40.641,SELL,LIMIT,IOC,16,105.531,108.203,FILLED,4,16
2024-02-27 15:42:09.453,SELL,LIMIT,IOC,2,105.348,107.945,FILLED,2,2
2024-02-27 15:42:18.381,SELL,LIMIT,IOC,192,105.259,107.812,FILLED,192,192
2024-02-27 15:42:32.205,SELL,LIMIT,IOC,264,105.207,107.773,FILLED,72,264
2024-02-27 15:42:34.729,SELL,LIMIT,IOC,3,105.019,107.629,FILLED,3,3
2024-02-27 15:47:08.867,SELL,LIMIT,IOC,3,104.842,107.447,FILLED,3,3
2024-02-27 15:47:21.051,SELL,LIMIT,IOC,9,104.752,107.274,FILLED,9,9
2024-02-27 15:47:22.314,SELL,LIMIT,IOC,2,104.677,107.248,FILLED,2,2
2024-02-27 15:50:21.190,SELL,LIMIT,IOC,5,104.496,107.085,FILLED,4,5
2024-02-27 15:50:22.358,SELL,LIMIT,IOC,11,104.464,107.021,FILLED,11,11
2024-02-27 15:50:23.576,SELL,LIMIT,IOC,27,104.391,106.99,FILLED,27,27
2024-02-27 15:50:25.156,SELL,LIMIT,IOC,387,104.319,106.811,FILLED,94,387
2024-02-27 15:53:14.124,SELL,LIMIT,IOC,659,104.205,106.71,FILLED,186,659
2024-02-27 15:53:59.358,SELL,LIMIT,IOC,66,103.953,106.532,FILLED,13,66
2024-02-27 16:07:37.057,SELL,LIMIT,IOC,20,103.713,106.285,FILLED,15,20
2024-02-27 16:07:39.041,SELL,LIMIT,IOC,1184,103.664,106.221,FILLED,4,1184
2024-02-27 16:09:31.165,SELL,LIMIT,IOC,221,103.384,105.854,FILLED,2,221
2024-02-27 16:09:32.608,SELL,LIMIT,IOC,267,103.22,105.692,FILLED,36,267
2024-02-27 16:09:55.616,SELL,LIMIT,IOC,819,103.021,105.525,FILLED,819,819
2024-02-27 16:09:56.708,SELL,LIMIT,IOC,48,102.943,105.461,FILLED,48,48
2024-02-28 07:54:15.179,BUY,LIMIT,IOC,16,112.953,110.219,FILLED,14,16
2024-02-28 09:39:07.049,BUY,LIMIT,IOC,127,113.988,111.222,FILLED,119,127
2024-02-28 09:45:29.050,BUY,LIMIT,IOC,2,114.806,111.969,FILLED,2,2
2024-02-28 09:45:36.051,BUY,LIMIT,IOC,34,114.838,112.004,FILLED,34,34
2024-02-28 10:48:30.070,BUY,LIMIT,IOC,3,115.527,112.728,FILLED,3,3
2024-02-28 10:51:27.049,BUY,LIMIT,IOC,28,116.176,113.418,FILLED,28,28
2024-02-28 10:52:17.117,BUY,LIMIT,IOC,231,116.452,113.611,FILLED,17,231
2024-02-28 10:54:38.078,BUY,LIMIT,IOC,38,116.723,113.922,FILLED,3,38
2024-02-28 10:55:05.049,BUY,LIMIT,IOC,103,117.139,114.368,FILLED,9,103
2024-02-28 11:05:30.054,BUY,LIMIT,IOC,25,117.881,115.128,FILLED,25,25
2024-02-28 11:51:13.063,SELL,LIMIT,IOC,316,109.618,112.3,FILLED,2,316
2024-02-28 11:51:45.049,SELL,LIMIT,IOC,25,109.521,112.239,FILLED,8,25
2024-02-28 11:52:03.046,SELL,LIMIT,IOC,43,109.026,111.669,FILLED,43,43
2024-02-28 11:52:42.082,SELL,LIMIT,IOC,19,108.744,111.448,FILLED,19,19
2024-02-28 11:52:55.082,SELL,LIMIT,IOC,3,108.168,110.988,FILLED,3,3
2024-02-28 11:53:08.101,SELL,LIMIT,IOC,1940,107.989,110.64,FILLED,17,1940
2024-02-28 11:53:11.045,SELL,LIMIT,IOC,100,107.785,110.227,FILLED,24,100
2024-02-28 11:53:12.105,SELL,LIMIT,IOC,233,107.525,109.73,FILLED,176,233
2024-02-28 16:10:33.090,BUY,LIMIT,IOC,2,118.247,115.493,FILLED,2,2
2024-02-28 16:11:11.072,BUY,LIMIT,IOC,26,118.681,115.915,FILLED,15,26
2024-02-28 16:11:27.053,BUY,LIMIT,IOC,1,118.838,115.95,FILLED,1,1
2024-02-28 16:17:05.068,BUY,LIMIT,IOC,2,118.873,115.999,FILLED,2,2
2024-02-28 17:25:49.064,SELL,LIMIT,IOC,4692,111.469,113.946,FILLED,503,4692
2024-02-28 17:25:56.045,SELL,LIMIT,IOC,1552,110.906,113.456,FILLED,472,1552
2024-02-28 17:25:57.067,SELL,LIMIT,IOC,9,110.834,113.216,FILLED,9,9
2024-02-28 17:30:08.070,SELL,LIMIT,IOC,14,110.368,112.928,FILLED,14,14
2024-02-28 17:30:25.057,SELL,LIMIT,IOC,56,109.962,112.565,FILLED,40,56
2024-02-28 17:30:28.102,SELL,LIMIT,IOC,1485,109.801,112.04,FILLED,838,1485
2024-02-28 17:31:06.090,SELL,LIMIT,IOC,2,109.184,111.518,FILLED,2,2
2024-02-28 17:31:07.106,SELL,LIMIT,IOC,2,109.071,111.542,FILLED,2,2
2024-02-28 17:31:12.019,SELL,LIMIT,IOC,563,108.53,111.096,FILLED,18,563
2024-02-28 17:31:22.115,SELL,LIMIT,IOC,12,108.349,110.825,FILLED,12,12
2024-02-28 17:31:24.031,SELL,LIMIT,IOC,5,108.256,110.808,FILLED,5,5
2024-02-28 17:31:30.055,SELL,LIMIT,IOC,2,107.985,110.353,FILLED,2,2
2024-02-28 17:31:41.111,SELL,LIMIT,IOC,196,107.567,109.525,FILLED,7,196
2024-02-28 17:31:43.073,SELL,LIMIT,IOC,83,107.495,109.442,FILLED,83,83
2024-02-28 17:31:46.042,SELL,LIMIT,IOC,7,106.929,108.229,FILLED,7,7
2024-02-28 17:31:47.059,SELL,LIMIT,IOC,153,106.841,107.38,FILLED,97,153
2024-02-28 17:31:51.086,SELL,LIMIT,IOC,160,106.575,107.3,FILLED,91,160
2024-02-28 17:31:53.070,SELL,LIMIT,IOC,2,106.428,106.751,FILLED,2,2
2024-02-28 17:48:54.084,BUY,LIMIT,IOC,783,114.751,111.996,FILLED,45,783
2024-02-28 17:57:24.033,BUY,LIMIT,IOC,1,117.333,114.559,FILLED,1,1
2024-02-28 18:19:07.040,SELL,LIMIT,IOC,2,108.767,111.536,FILLED,2,2
2024-02-28 18:23:39.042,SELL,LIMIT,IOC,9,106.448,109.157,FILLED,9,9
2024-02-28 18:23:45.035,SELL,LIMIT,IOC,1,106.264,108.604,FILLED,1,1
2024-02-28 18:50:10.040,BUY,LIMIT,IOC,1,115.245,112.468,FILLED,1,1
2024-02-28 21:19:38.079,BUY,LIMIT,IOC,7,116.255,113.391,FILLED,7,7
2024-02-28 21:51:40.045,BUY,LIMIT,IOC,46,118.854,115.934,FILLED,46,46
2024-02-28 22:03:02.117,BUY,LIMIT,IOC,2,120.268,117.458,FILLED,2,2
2024-02-28 22:03:08.087,BUY,LIMIT,IOC,1,120.452,117.546,FILLED,1,1
2024-02-28 22:03:12.105,BUY,LIMIT,IOC,60,120.539,117.693,FILLED,6,60
2024-02-28 22:03:28.075,BUY,LIMIT,IOC,1,120.638,117.692,FILLED,1,1
2024-02-28 22:06:46.060,BUY,LIMIT,IOC,29,120.884,117.9,FILLED,29,29
2024-02-28 23:56:25.036,BUY,LIMIT,IOC,1,121.229,118.312,FILLED,1,1
2024-02-28 23:58:23.082,BUY,LIMIT,IOC,95,121.381,118.559,FILLED,38,95
2024-02-28 23:59:27.030,BUY,LIMIT,IOC,1,122.089,119.247,FILLED,1,1
2024-02-29 00:01:29.068,BUY,LIMIT,IOC,14,123.052,120.311,FILLED,14,14
2024-02-29 00:47:37.085,BUY,LIMIT,IOC,18,123.726,120.935,FILLED,10,18
2024-02-29 00:47:39.040,BUY,LIMIT,IOC,53,123.929,120.938,FILLED,4,53
2024-02-29 00:48:07.044,BUY,LIMIT,IOC,1,124.071,121.058,FILLED,1,1
2024-02-29 00:57:01.084,BUY,LIMIT,IOC,208,124.349,121.322,FILLED,2,208
2024-02-29 00:57:12.021,BUY,LIMIT,IOC,3,124.888,121.925,FILLED,3,3
2024-02-29 00:57:19.041,BUY,LIMIT,IOC,1465,124.978,122.026,FILLED,82,1465
2024-02-29 01:00:03.028,BUY,LIMIT,IOC,6,126.289,123.442,FILLED,6,6
2024-02-29 01:00:32.064,BUY,LIMIT,IOC,70,126.469,123.481,FILLED,70,70
2024-02-29 01:22:37.022,BUY,LIMIT,IOC,191,126.514,123.437,FILLED,18,191
2024-02-29 01:22:53.075,BUY,LIMIT,IOC,3,126.63,123.543,FILLED,3,3
2024-02-29 01:25:00.070,BUY,LIMIT,IOC,482,126.667,123.679,FILLED,1,482
2024-02-29 01:54:35.072,BUY,LIMIT,IOC,6,127.254,124.164,FILLED,6,6
2024-02-29 01:55:31.081,BUY,LIMIT,IOC,49,127.554,124.435,FILLED,2,49
2024-02-29 01:55:55.075,BUY,LIMIT,IOC,7,127.604,124.546,FILLED,7,7
2024-02-29 01:57:38.072,BUY,LIMIT,IOC,130,127.681,124.631,FILLED,1,130
2024-02-29 02:00:57.096,BUY,LIMIT,IOC,6964,127.819,124.72,FILLED,26,6964
2024-02-29 05:25:24.037,BUY,LIMIT,IOC,1,128.068,124.86,FILLED,1,1
2024-02-29 05:28:22.052,BUY,LIMIT,IOC,68,128.188,125.21,FILLED,28,68
2024-02-29 05:30:00.078,BUY,LIMIT,IOC,14,128.561,125.484,FILLED,14,14
2024-02-29 05:34:14.071,BUY,LIMIT,IOC,100,128.881,125.937,FILLED,99,100
2024-02-29 08:06:52.062,BUY,LIMIT,IOC,865,129.54,126.786,FILLED,231,865
2024-02-29 08:07:51.049,BUY,LIMIT,IOC,49,129.973,126.836,FILLED,22,49
2024-02-29 08:08:16.080,BUY,LIMIT,IOC,206,130.145,127.063,FILLED,38,206
2024-02-29 08:08:26.096,BUY,LIMIT,IOC,5,130.355,127.463,FILLED,5,5
2024-02-29 08:08:29.041,BUY,LIMIT,IOC,991,130.564,127.612,FILLED,27,991
2024-02-29 08:09:12.038,BUY,LIMIT,IOC,4,131.35,128.431,FILLED,4,4
2024-02-29 08:20:40.035,BUY,LIMIT,IOC,4,132.71,129.466,FILLED,4,4
2024-02-29 08:21:33.040,BUY,LIMIT,IOC,11,132.877,129.549,FILLED,11,11
2024-02-29 08:21:38.085,BUY,LIMIT,IOC,1,132.885,129.645,FILLED,1,1
2024-02-29 08:21:43.023,BUY,LIMIT,IOC,506,133.072,129.808,FILLED,48,506
2024-02-29 08:31:32.039,BUY,LIMIT,IOC,5679,133.431,130.316,FILLED,347,5679
2024-02-29 08:31:43.064,BUY,LIMIT,IOC,22,133.574,130.304,FILLED,22,22
2024-02-29 08:39:45.053,BUY,LIMIT,IOC,15,133.647,130.337,FILLED,14,15
2024-02-29 08:41:43.077,BUY,LIMIT,IOC,465,134.487,131.271,FILLED,31,465
2024-02-29 08:41:44.098,BUY,LIMIT,IOC,30,134.555,131.171,FILLED,30,30
2024-02-29 08:41:51.038,BUY,LIMIT,IOC,601,134.587,131.528,FILLED,7,601
2024-02-29 08:42:44.048,BUY,LIMIT,IOC,1,135.173,131.933,FILLED,1,1
2024-02-29 08:42:55.054,BUY,LIMIT,IOC,1,135.298,132.164,FILLED,1,1
2024-02-29 08:52:52.100,BUY,LIMIT,IOC,615,135.669,132.345,FILLED,90,615
2024-02-29 09:01:51.051,BUY,LIMIT,IOC,15,135.953,132.761,FILLED,15,15
2024-02-29 09:31:10.040,SELL,LIMIT,IOC,1731,126.44,129.375,FILLED,191,1731
2024-02-29 09:31:11.085,SELL,LIMIT,IOC,2,126.192,129.343,FILLED,1,2
2024-02-29 09:46:41.064,SELL,LIMIT,IOC,38,125.552,128.625,FILLED,5,38
2024-02-29 12:12:57.038,SELL,LIMIT,IOC,1956,124.62,127.548,FILLED,12,1956
2024-02-29 12:12:58.044,SELL,LIMIT,IOC,40,124.556,127.653,FILLED,40,40
2024-02-29 12:13:00.078,SELL,LIMIT,IOC,1572,124.397,127.342,FILLED,1063,1572
2024-02-29 13:29:20.066,BUY,LIMIT,IOC,2,134.75,131.514,FILLED,2,2
2024-02-29 13:31:50.080,BUY,LIMIT,IOC,17,135.699,132.625,FILLED,17,17
2024-02-29 13:41:20.081,BUY,LIMIT,IOC,1,136.41,133.258,FILLED,1,1
2024-02-29 13:41:42.099,BUY,LIMIT,IOC,226,136.768,133.419,FILLED,38,226
2024-02-29 13:41:54.039,BUY,LIMIT,IOC,1079,137.149,133.821,FILLED,124,1079
2024-02-29 13:41:56.028,BUY,LIMIT,IOC,148,137.204,133.809,FILLED,94,148
2024-02-29 13:41:59.087,BUY,LIMIT,IOC,115,137.269,133.803,FILLED,27,115
2024-02-29 13:42:38.049,BUY,LIMIT,IOC,19,137.294,133.953,FILLED,19,19
2024-02-29 13:42:41.052,BUY,LIMIT,IOC,2398,137.339,134.178,FILLED,141,2398
2024-02-29 13:45:08.043,BUY,LIMIT,IOC,18,137.599,134.322,FILLED,11,18
2024-02-29 14:05:48.045,BUY,LIMIT,IOC,663,137.889,134.542,FILLED,122,663
2024-02-29 14:25:29.079,BUY,LIMIT,IOC,2,138.078,134.631,FILLED,2,2
2024-02-29 14:52:33.089,SELL,LIMIT,IOC,18,127.888,131.134,FILLED,6,18
2024-02-29 15:04:23.085,SELL,LIMIT,IOC,341,127.848,130.932,FILLED,188,341
2024-02-29 15:04:25.063,SELL,LIMIT,IOC,114,127.694,130.865,FILLED,6,114
2024-02-29 16:17:12.036,SELL,LIMIT,IOC,80,127.6,130.64,FILLED,35,80
2024-02-29 16:17:13.086,SELL,LIMIT,IOC,17,127.462,130.643,FILLED,17,17
2024-02-29 16:18:05.070,SELL,LIMIT,IOC,1,127.401,130.453,FILLED,1,1
2024-02-29 16:19:03.019,SELL,LIMIT,IOC,15,126.631,129.764,FILLED,15,15
2024-02-29 16:21:30.045,SELL,LIMIT,IOC,92,126.425,129.612,FILLED,49,92
2024-02-29 16:25:23.053,SELL,LIMIT,IOC,65,126.101,129.308,FILLED,22,65
2024-02-29 16:25:25.029,SELL,LIMIT,IOC,3,126.051,129.333,FILLED,3,3
2024-02-29 16:28:24.039,SELL,LIMIT,IOC,92,125.599,128.719,FILLED,6,92
2024-02-29 16:28:41.084,SELL,LIMIT,IOC,12,125.547,128.572,FILLED,12,12
2024-02-29 16:41:04.085,SELL,LIMIT,IOC,1,124.731,127.748,FILLED,1,1
2024-02-29 16:41:22.045,SELL,LIMIT,IOC,1,124.419,127.434,FILLED,1,1
2024-02-29 17:01:09.072,BUY,LIMIT,IOC,4,134.692,131.463,FILLED,4,4
2024-02-29 17:23:14.030,SELL,LIMIT,IOC,1,125.969,129.124,FILLED,1,1
2024-02-29 17:41:40.052,SELL,LIMIT,IOC,1,124.516,127.519,FILLED,1,1
2024-02-29 17:42:06.053,SELL,LIMIT,IOC,47,124.117,127.257,FILLED,47,47
2024-02-29 17:42:08.046,SELL,LIMIT,IOC,4,123.93,126.888,FILLED,4,4
2024-02-29 17:42:09.056,SELL,LIMIT,IOC,2,123.897,126.888,FILLED,2,2
2024-02-29 17:52:45.028,SELL,LIMIT,IOC,4,123.687,126.845,FILLED,4,4
2024-02-29 21:10:50.026,SELL,LIMIT,IOC,54,124.877,127.946,FILLED,52,54
2024-02-29 21:34:08.039,SELL,LIMIT,IOC,8,123.274,126.346,FILLED,8,8
2024-02-29 21:36:33.043,SELL,LIMIT,IOC,3959,122.8,125.747,FILLED,27,3959
2024-02-29 21:36:34.086,SELL,LIMIT,IOC,61,122.746,125.711,FILLED,35,61
2024-02-29 21:36:52.015,SELL,LIMIT,IOC,2,122.484,125.595,FILLED,2,2
2024-02-29 21:36:54.066,SELL,LIMIT,IOC,818,122.48,125.512,FILLED,194,818
2024-02-29 21:37:00.104,SELL,LIMIT,IOC,524,122.388,125.306,FILLED,53,524
2024-02-29 21:38:15.046,SELL,LIMIT,IOC,61,122.207,125.242,FILLED,22,61
2024-02-29 21:38:17.099,SELL,LIMIT,IOC,163,122.198,125.079,FILLED,30,163
2024-02-29 21:38:20.033,SELL,LIMIT,IOC,10,121.961,124.974,FILLED,10,10
2024-02-29 21:38:26.039,SELL,LIMIT,IOC,19,121.895,124.891,FILLED,19,19
2024-02-29 21:38:27.041,SELL,LIMIT,IOC,156,121.835,124.815,FILLED,156,156
2024-02-29 22:21:31.085,SELL,LIMIT,IOC,111,121.809,124.819,FILLED,111,111
2024-02-29 22:28:27.039,SELL,LIMIT,IOC,5,121.135,124.117,FILLED,5,5
2024-02-29 22:28:28.086,SELL,LIMIT,IOC,11,121.066,124.027,FILLED,11,11
2024-02-29 22:29:24.047,SELL,LIMIT,IOC,18,120.97,123.96,FILLED,18,18
2024-02-29 22:29:26.054,SELL,LIMIT,IOC,200,120.952,123.938,FILLED,9,200
2024-02-29 22:29:44.056,SELL,LIMIT,IOC,5,120.899,123.888,FILLED,5,5
2024-02-29 22:29:51.052,SELL,LIMIT,IOC,7,120.743,123.776,FILLED,7,7
2024-02-29 22:37:06.038,SELL,LIMIT,IOC,1,120.703,123.671,FILLED,1,1
2024-02-29 22:37:08.060,SELL,LIMIT,IOC,8,120.643,123.641,FILLED,8,8
2024-02-29 22:37:50.071,SELL,LIMIT,IOC,1092,120.581,123.537,FILLED,46,1092
2024-02-29 22:38:30.029,SELL,LIMIT,IOC,3,120.285,123.256,FILLED,3,3
2024-02-29 22:38:52.045,SELL,LIMIT,IOC,195,119.982,122.992,FILLED,75,195
2024-02-29 22:38:55.063,SELL,LIMIT,IOC,1640,119.94,122.8,FILLED,350,1640
2024-02-29 22:39:03.069,SELL,LIMIT,IOC,341,119.784,122.751,FILLED,308,341
2024-03-01 00:17:14.060,BUY,LIMIT,IOC,12,131.988,128.791,FILLED,12,12
2024-03-01 00:56:01.056,BUY,LIMIT,IOC,9,134.85,131.578,FILLED,9,9
2024-03-01 00:59:33.051,BUY,LIMIT,IOC,67,136.167,132.937,FILLED,67,67
2024-03-01 01:03:36.056,BUY,LIMIT,IOC,11,137.639,134.33,FILLED,11,11
2024-03-01 01:04:03.061,BUY,LIMIT,IOC,27,137.9,134.571,FILLED,27,27
2024-03-01 01:40:30.046,BUY,LIMIT,IOC,20,138.536,135.153,FILLED,20,20
2024-03-01 01:40:45.028,BUY,LIMIT,IOC,2,138.7,135.318,FILLED,2,2
2024-03-01 01:42:07.078,BUY,LIMIT,IOC,63,139.019,135.655,FILLED,8,63
2024-03-01 01:42:43.075,BUY,LIMIT,IOC,1,139.397,136.126,FILLED,1,1
2024-03-01 01:43:56.031,BUY,LIMIT,IOC,39,139.969,136.599,FILLED,5,39
2024-03-01 01:43:58.061,BUY,LIMIT,IOC,21,140.157,136.763,FILLED,14,21
2024-03-01 01:45:50.033,BUY,LIMIT,IOC,14,140.819,137.346,FILLED,1,14
2024-03-01 02:20:45.068,SELL,LIMIT,IOC,13,129.568,132.8,FILLED,13,13
2024-03-01 04:58:10.024,BUY,LIMIT,IOC,4596,140.99,137.619,FILLED,472,4596
2024-03-01 05:00:11.085,BUY,LIMIT,IOC,60,141.453,137.912,FILLED,6,60
2024-03-01 07:42:22.070,SELL,LIMIT,IOC,29,129.528,132.744,FILLED,29,29
2024-03-01 07:46:08.072,SELL,LIMIT,IOC,5,128.899,132.141,FILLED,5,5
2024-03-01 08:00:37.035,SELL,LIMIT,IOC,297,128.798,131.978,FILLED,39,297
2024-03-01 08:08:31.079,SELL,LIMIT,IOC,138,128.085,131.167,FILLED,37,138
2024-03-01 14:41:25.015,SELL,LIMIT,IOC,78,128.61,131.741,FILLED,43,78
2024-03-01 15:42:11.048,SELL,LIMIT,IOC,8,127.991,131.156,FILLED,8,8
2024-03-01 15:50:13.058,SELL,LIMIT,IOC,3,127.855,131.051,FILLED,3,3
2024-03-01 15:51:47.095,SELL,LIMIT,IOC,1,127.787,130.856,FILLED,1,1
2024-03-01 15:51:49.067,SELL,LIMIT,IOC,5,127.675,130.719,FILLED,5,5
2024-03-01 15:52:14.065,SELL,LIMIT,IOC,539,127.333,130.447,FILLED,39,539
2024-03-01 15:52:15.087,SELL,LIMIT,IOC,3,127.315,130.494,FILLED,3,3
2024-03-01 16:17:27.083,SELL,LIMIT,IOC,2,127.343,130.495,FILLED,2,2
2024-03-01 16:17:59.032,SELL,LIMIT,IOC,1379,127.134,130.201,FILLED,248,1379
2024-03-01 16:18:01.077,SELL,LIMIT,IOC,341,126.894,130.047,FILLED,73,341
2024-03-01 16:19:20.046,SELL,LIMIT,IOC,168,126.689,129.922,FILLED,158,168
2024-03-01 17:00:01.059,SELL,LIMIT,IOC,2,126.546,129.706,FILLED,2,2
2024-03-01 23:59:36.092,SELL,LIMIT,IOC,52,126.662,129.806,FILLED,43,52
2024-03-01 23:59:45.041,SELL,LIMIT,IOC,522,126.407,129.49,FILLED,383,522
2024-03-02 00:00:20.053,SELL,LIMIT,IOC,2,126.373,129.491,FILLED,2,2
2024-03-02 01:07:47.030,SELL,LIMIT,IOC,32,126.075,129.117,FILLED,32,32
2024-03-02 01:07:49.052,SELL,LIMIT,IOC,5,125.901,129.151,FILLED,5,5
2024-03-02 01:10:47.071,SELL,LIMIT,IOC,75,125.22,128.33,FILLED,49,75
2024-03-02 01:12:56.084,SELL,LIMIT,IOC,46,125.176,128.178,FILLED,46,46
2024-03-02 01:19:54.020,SELL,LIMIT,IOC,10,124.995,128.117,FILLED,10,10
2024-03-02 01:19:56.065,SELL,LIMIT,IOC,101,124.937,128.064,FILLED,76,101
2024-03-02 01:23:19.091,SELL,LIMIT,IOC,8,124.634,127.724,FILLED,8,8
2024-03-02 01:23:23.093,SELL,LIMIT,IOC,1,124.549,127.754,FILLED,1,1
2024-03-02 01:23:33.083,SELL,LIMIT,IOC,37,124.505,127.615,FILLED,37,37
2024-03-02 09:38:31.073,SELL,LIMIT,IOC,261,124.607,127.657,FILLED,42,261
2024-03-03 07:26:57.093,SELL,LIMIT,IOC,1,124.337,127.107,FILLED,1,1
2024-03-03 07:27:00.060,SELL,LIMIT,IOC,6,124.2,127.223,FILLED,6,6
2024-03-03 07:27:06.093,SELL,LIMIT,IOC,771,124.083,126.785,FILLED,60,771
2024-03-03 07:27:07.115,SELL,LIMIT,IOC,2,123.989,126.76,FILLED,2,2
2024-03-03 07:27:11.035,SELL,LIMIT,IOC,3,123.706,125.634,FILLED,3,3
2024-03-03 07:27:13.079,SELL,LIMIT,IOC,23,123.573,125.524,FILLED,23,23
2024-03-03 07:27:14.057,SELL,LIMIT,IOC,1,123.377,125.526,FILLED,1,1
2024-03-03 07:27:16.087,SELL,LIMIT,IOC,667,123.173,125.179,FILLED,473,667
2024-03-03 07:27:19.034,SELL,LIMIT,IOC,36,122.772,124.849,FILLED,12,36
2024-03-03 07:27:22.041,SELL,LIMIT,IOC,364,122.577,124.952,FILLED,349,364
2024-03-03 07:27:25.088,SELL,LIMIT,IOC,3362,122.205,124.132,FILLED,16,3362
2024-03-03 07:27:32.042,SELL,LIMIT,IOC,3846,122.143,124.696,FILLED,503,3846
2024-03-03 07:27:35.094,SELL,LIMIT,IOC,300,122.106,124.341,FILLED,9,300
2024-03-03 07:27:37.061,SELL,LIMIT,IOC,75,121.926,124.345,FILLED,75,75
2024-03-03 09:21:37.093,BUY,LIMIT,IOC,2,133.549,130.205,FILLED,2,2
2024-03-04 00:30:20.047,BUY,LIMIT,IOC,88,136.218,132.871,FILLED,9,88
2024-03-04 00:49:59.071,SELL,LIMIT,IOC,66,126.386,129.485,FILLED,66,66
2024-03-04 09:30:08.154,BUY,LIMIT,IOC,79,136.355,132.999,FILLED,5,79
2024-03-04 09:42:58.174,BUY,LIMIT,IOC,27,137.103,133.744,FILLED,27,27
2024-03-04 09:49:06.128,BUY,LIMIT,IOC,2,138.302,134.948,FILLED,2,2
2024-03-04 09:51:27.050,BUY,LIMIT,IOC,10,138.618,135.2,FILLED,10,10
2024-03-04 10:37:03.110,SELL,LIMIT,IOC,11243,127.951,131.035,FILLED,3,11243
2024-03-04 10:37:40.097,SELL,LIMIT,IOC,671,127.792,130.7,FILLED,658,671
2024-03-04 14:03:02.074,SELL,LIMIT,IOC,3,127.132,130.289,FILLED,3,3
2024-03-04 14:03:15.019,SELL,LIMIT,IOC,14,126.809,129.86,FILLED,14,14
2024-03-04 14:03:40.044,SELL,LIMIT,IOC,1,126.59,129.641,FILLED,1,1
2024-03-04 16:52:02.060,SELL,LIMIT,IOC,186,126.588,129.702,FILLED,37,186
2024-03-04 17:04:32.062,SELL,LIMIT,IOC,8,126.452,129.556,FILLED,8,8
2024-03-04 17:04:34.048,SELL,LIMIT,IOC,17,126.393,129.5,FILLED,17,17
2024-03-04 17:04:35.050,SELL,LIMIT,IOC,2,126.342,129.436,FILLED,2,2
2024-03-04 17:04:48.078,SELL,LIMIT,IOC,23,126.181,129.274,FILLED,23,23
2024-03-04 17:04:51.073,SELL,LIMIT,IOC,18223,126.181,129.147,FILLED,5145,18223
2024-03-04 17:04:53.043,SELL,LIMIT,IOC,9,126.05,129.057,FILLED,9,9
2024-03-04 17:07:36.041,SELL,LIMIT,IOC,2,125.919,129.004,FILLED,2,2
2024-03-04 17:07:38.075,SELL,LIMIT,IOC,29,125.871,128.944,FILLED,29,29
2024-03-04 17:07:45.057,SELL,LIMIT,IOC,459,125.765,128.89,FILLED,437,459
2024-03-04 17:09:28.102,SELL,LIMIT,IOC,2,125.288,128.313,FILLED,2,2
2024-03-04 17:10:37.070,SELL,LIMIT,IOC,25,125.199,128.261,FILLED,22,25
2024-03-04 17:48:57.047,SELL,LIMIT,IOC,4,125.087,128.172,FILLED,4,4
2024-03-04 17:49:37.031,SELL,LIMIT,IOC,2,124.893,127.688,FILLED,2,2
2024-03-04 23:30:14.069,BUY,LIMIT,IOC,1,136.066,132.699,FILLED,1,1
2024-03-04 23:43:00.063,BUY,LIMIT,IOC,2,137.001,133.618,FILLED,1,2
2024-03-05 02:40:04.068,SELL,LIMIT,IOC,9861,126.85,129.911,FILLED,404,9861
2024-03-05 02:40:13.035,SELL,LIMIT,IOC,28,126.696,129.804,FILLED,28,28
2024-03-05 05:01:41.088,SELL,LIMIT,IOC,9,126.196,129.32,FILLED,9,9
2024-03-05 05:02:49.078,SELL,LIMIT,IOC,10,125.777,128.908,FILLED,10,10
2024-03-05 05:03:18.067,SELL,LIMIT,IOC,2,125.443,128.327,FILLED,2,2
2024-03-05 05:34:04.174,BUY,LIMIT,IOC,280896,141.132,132.069,FILLED,5481,280896
2024-03-05 05:37:27.810,BUY,LIMIT,IOC,286385,139.521,133.357,FILLED,1779,286385
2024-03-05 08:09:10.022,SELL,LIMIT,IOC,4678,126.441,129.561,FILLED,59,4678
2024-03-05 14:39:32.060,BUY,LIMIT,IOC,336,137.406,134.045,FILLED,161,336
2024-03-05 14:40:05.091,BUY,LIMIT,IOC,7,138.029,134.671,FILLED,7,7
2024-03-05 14:40:23.070,BUY,LIMIT,IOC,7,138.466,135.129,FILLED,7,7
2024-03-05 14:41:00.049,BUY,LIMIT,IOC,1,138.867,135.641,FILLED,1,1
2024-03-05 14:41:02.042,BUY,LIMIT,IOC,1,139.054,135.931,FILLED,1,1
2024-03-05 14:41:07.046,BUY,LIMIT,IOC,5,139.355,136.243,FILLED,5,5
2024-03-05 14:42:06.056,BUY,LIMIT,IOC,36,139.575,136.217,FILLED,36,36
2024-03-05 14:42:26.061,BUY,LIMIT,IOC,5,139.859,136.547,FILLED,2,5
2024-03-05 14:42:42.095,BUY,LIMIT,IOC,1,140.218,136.964,FILLED,1,1
2024-03-05 14:42:45.041,BUY,LIMIT,IOC,2,140.419,137.068,FILLED,2,2
2024-03-05 14:49:05.090,BUY,LIMIT,IOC,4,140.823,137.551,FILLED,2,4
2024-03-05 14:49:07.047,BUY,LIMIT,IOC,1,140.905,137.623,FILLED,1,1
2024-03-05 14:52:04.101,BUY,LIMIT,IOC,2,142.279,138.74,FILLED,2,2
2024-03-05 14:54:56.026,BUY,LIMIT,IOC,3,142.379,138.82,FILLED,3,3
2024-03-05 15:03:44.056,BUY,LIMIT,IOC,9,143.115,139.552,FILLED,9,9
2024-03-05 15:06:07.073,SELL,LIMIT,IOC,683,132.827,135.681,FILLED,75,683
2024-03-05 15:06:14.040,SELL,LIMIT,IOC,5180,132.544,135.347,FILLED,2404,5180
2024-03-05 15:06:16.059,SELL,LIMIT,IOC,13,132.386,134.789,FILLED,13,13
2024-03-05 15:17:26.119,BUY,LIMIT,IOC,528,143.397,139.882,FILLED,96,528
2024-03-05 15:17:30.077,BUY,LIMIT,IOC,2,143.5,140.002,FILLED,2,2
2024-03-05 15:38:31.051,BUY,LIMIT,IOC,11,144.114,140.891,FILLED,11,11
2024-03-05 15:38:32.056,BUY,LIMIT,IOC,614,144.267,140.996,FILLED,416,614
2024-03-05 15:38:42.022,BUY,LIMIT,IOC,230,144.395,141.172,FILLED,49,230
2024-03-05 15:38:53.072,BUY,LIMIT,IOC,147,144.871,141.593,FILLED,23,147
2024-03-05 15:39:24.061,BUY,LIMIT,IOC,13,145.86,142.59,FILLED,4,13
2024-03-05 15:42:39.065,BUY,LIMIT,IOC,17,146.496,142.861,FILLED,17,17
2024-03-05 16:02:25.659,BUY,LIMIT,IOC,1644,142.713,139.092,FILLED,275,1644
2024-03-05 16:02:34.055,SELL,LIMIT,IOC,210,135.398,138.711,FILLED,35,210
2024-03-05 16:06:04.100,SELL,LIMIT,IOC,981,134.541,137.858,FILLED,11,981
2024-03-05 16:07:09.074,SELL,LIMIT,IOC,17,132.533,136.256,FILLED,17,17
2024-03-05 16:08:06.087,SELL,LIMIT,IOC,473,132.063,135.131,FILLED,6,473
2024-03-05 16:12:17.104,SELL,LIMIT,IOC,3487,129.954,133.019,FILLED,864,3487
2024-03-05 16:12:19.066,SELL,LIMIT,IOC,288,129.834,133.049,FILLED,119,288
2024-03-05 16:12:29.053,SELL,LIMIT,IOC,1022,129.394,132.029,FILLED,110,1022
2024-03-05 16:12:43.090,SELL,LIMIT,IOC,2508,128.921,131.751,FILLED,75,2508
2024-03-05 16:12:51.103,SELL,LIMIT,IOC,3,128.053,131.246,FILLED,3,3
2024-03-05 17:06:54.083,SELL,LIMIT,IOC,218,127.392,130.177,FILLED,59,218
2024-03-05 17:06:56.080,SELL,LIMIT,IOC,611,127.078,130.432,FILLED,483,611
2024-03-05 17:07:00.047,SELL,LIMIT,IOC,57,127.036,130.107,FILLED,22,57
2024-03-05 17:07:33.081,SELL,LIMIT,IOC,13336,126.899,129.777,FILLED,596,13336
2024-03-05 17:07:46.085,SELL,LIMIT,IOC,8,126.801,129.717,FILLED,8,8
2024-03-05 17:07:48.101,SELL,LIMIT,IOC,1364,126.621,129.59,FILLED,30,1364
2024-03-05 17:08:16.089,SELL,LIMIT,IOC,840,126.374,129.397,FILLED,1,840
2024-03-05 17:08:19.101,SELL,LIMIT,IOC,337,126.254,129.259,FILLED,6,337
2024-03-05 17:09:33.040,SELL,LIMIT,IOC,500,126.021,129.021,FILLED,500,500
2024-03-05 17:09:40.051,SELL,LIMIT,IOC,1112,125.812,128.891,FILLED,20,1112
2024-03-05 17:09:46.089,SELL,LIMIT,IOC,8,125.769,128.738,FILLED,8,8
2024-03-05 17:09:51.064,SELL,LIMIT,IOC,1941,125.697,128.501,FILLED,1789,1941
2024-03-05 17:09:53.040,SELL,LIMIT,IOC,11,125.57,128.475,FILLED,8,11
2024-03-05 17:09:57.111,SELL,LIMIT,IOC,6948,125.537,128.333,FILLED,51,6948
2024-03-05 17:10:04.090,SELL,LIMIT,IOC,163,125.411,128.275,FILLED,5,163
2024-03-05 17:10:05.058,SELL,LIMIT,IOC,2,125.287,128.394,FILLED,2,2
2024-03-05 17:10:25.098,SELL,LIMIT,IOC,2,125.103,128.152,FILLED,1,2
2024-03-05 17:46:40.114,BUY,LIMIT,IOC,7,138.155,134.816,FILLED,5,7
2024-03-05 17:47:43.091,BUY,LIMIT,IOC,291,138.596,135.162,FILLED,291,291
2024-03-05 18:48:42.089,SELL,LIMIT,IOC,3,128.803,131.717,FILLED,2,3
2024-03-05 18:50:42.070,SELL,LIMIT,IOC,434,128.574,131.768,FILLED,293,434
2024-03-05 18:50:47.053,SELL,LIMIT,IOC,20,128.516,131.777,FILLED,20,20
2024-03-05 18:51:25.114,SELL,LIMIT,IOC,1,128.325,130.458,FILLED,1,1
2024-03-05 18:51:41.042,SELL,LIMIT,IOC,53,127.644,130.787,FILLED,53,53
2024-03-05 19:34:20.084,SELL,LIMIT,IOC,12,126.932,130.131,FILLED,12,12
2024-03-05 19:35:51.035,SELL,LIMIT,IOC,34,126.187,129.269,FILLED,34,34
2024-03-05 19:36:45.098,SELL,LIMIT,IOC,9,125.537,128.661,FILLED,9,9
2024-03-05 19:37:48.091,SELL,LIMIT,IOC,51,125.198,128.154,FILLED,1,51
2024-03-05 19:38:03.066,SELL,LIMIT,IOC,200,124.986,127.906,FILLED,130,200
2024-03-05 19:38:05.090,SELL,LIMIT,IOC,2,124.967,127.932,FILLED,2,2
2024-03-05 19:38:33.122,SELL,LIMIT,IOC,18,124.86,127.57,FILLED,18,18
2024-03-05 19:38:42.044,SELL,LIMIT,IOC,3,124.312,127.179,FILLED,3,3
2024-03-05 19:38:45.062,SELL,LIMIT,IOC,179,124.212,127.239,FILLED,113,179
2024-03-05 19:39:39.044,SELL,LIMIT,IOC,747,124.059,126.824,FILLED,45,747
2024-03-05 19:39:40.048,SELL,LIMIT,IOC,41,123.953,126.677,FILLED,26,41
2024-03-05 19:39:41.061,SELL,LIMIT,IOC,48,123.665,126.276,FILLED,48,48
2024-03-05 19:39:42.044,SELL,LIMIT,IOC,12,123.357,126.027,FILLED,12,12
2024-03-05 19:39:45.068,SELL,LIMIT,IOC,10,123.122,125.181,FILLED,3,10
2024-03-05 19:39:52.083,SELL,LIMIT,IOC,88,122.682,125.248,FILLED,88,88
2024-03-05 19:46:41.074,SELL,LIMIT,IOC,23,122.602,125.651,FILLED,23,23
2024-03-05 19:46:44.053,SELL,LIMIT,IOC,3,122.449,125.527,FILLED,3,3
2024-03-05 19:47:04.093,SELL,LIMIT,IOC,5,122.356,125.363,FILLED,5,5
2024-03-05 19:47:06.046,SELL,LIMIT,IOC,239,122.273,125.282,FILLED,1,239
2024-03-05 19:52:38.040,SELL,LIMIT,IOC,9,122.197,125.321,FILLED,9,9
2024-03-05 19:52:43.098,SELL,LIMIT,IOC,71,122.146,125.126,FILLED,6,71
2024-03-05 19:52:46.084,SELL,LIMIT,IOC,2,122.039,125.038,FILLED,2,2
2024-03-05 19:52:59.039,SELL,LIMIT,IOC,147,121.964,124.797,FILLED,15,147
2024-03-05 19:53:00.071,SELL,LIMIT,IOC,177,121.919,124.641,FILLED,30,177
2024-03-05 19:53:01.083,SELL,LIMIT,IOC,1918,121.803,124.517,FILLED,72,1918
2024-03-05 19:53:02.054,SELL,LIMIT,IOC,658,121.766,124.5,FILLED,658,658
2024-03-05 19:53:04.053,SELL,LIMIT,IOC,23,121.495,124.0,FILLED,23,23
2024-03-05 19:53:09.096,SELL,LIMIT,IOC,11,121.273,124.176,FILLED,11,11
2024-03-05 19:53:24.032,SELL,LIMIT,IOC,45,121.012,123.467,FILLED,45,45
2024-03-05 19:53:25.050,SELL,LIMIT,IOC,198,120.936,123.007,FILLED,64,198
2024-03-05 19:53:27.021,SELL,LIMIT,IOC,3,120.809,122.439,FILLED,3,3
2024-03-05 19:53:28.042,SELL,LIMIT,IOC,49110,120.426,122.104,FILLED,9596,49110
2024-03-05 19:53:29.079,SELL,LIMIT,IOC,3,120.187,122.282,FILLED,3,3
2024-03-05 19:53:30.084,SELL,LIMIT,IOC,162,119.944,122.05,FILLED,107,162
2024-03-05 19:53:33.090,SELL,LIMIT,IOC,5,119.721,121.591,FILLED,5,5
2024-03-05 19:53:35.072,SELL,LIMIT,IOC,307,119.592,121.32,FILLED,84,307
2024-03-05 19:53:37.061,SELL,LIMIT,IOC,42721,119.189,121.011,FILLED,5710,42721
2024-03-05 19:53:38.105,SELL,LIMIT,IOC,3,119.172,121.039,FILLED,3,3
2024-03-05 19:53:40.067,SELL,LIMIT,IOC,128,119.017,120.158,FILLED,11,128
2024-03-05 19:53:41.078,SELL,LIMIT,IOC,13,118.859,120.176,FILLED,13,13
2024-03-05 19:53:43.033,SELL,LIMIT,IOC,328,118.6,120.0,FILLED,328,328
2024-03-05 19:54:41.061,SELL,LIMIT,IOC,141,118.232,120.287,FILLED,91,141
2024-03-05 19:54:42.074,SELL,LIMIT,IOC,1131,118.086,120.272,FILLED,972,1131
2024-03-05 19:54:44.077,SELL,LIMIT,IOC,73,117.764,119.877,FILLED,18,73
2024-03-05 19:54:46.057,SELL,LIMIT,IOC,1197,117.644,119.703,FILLED,1067,1197
2024-03-05 19:54:47.089,SELL,LIMIT,IOC,8319,117.535,119.497,FILLED,1079,8319
2024-03-05 19:54:51.112,SELL,LIMIT,IOC,20,117.378,119.694,FILLED,20,20
2024-03-05 19:54:56.045,SELL,LIMIT,IOC,504,117.107,118.003,FILLED,385,504
2024-03-05 19:54:57.044,SELL,LIMIT,IOC,1000,116.426,117.213,FILLED,138,1000
2024-03-05 19:55:01.062,SELL,LIMIT,IOC,80,116.111,117.604,FILLED,48,80
2024-03-05 19:55:02.066,SELL,LIMIT,IOC,135,115.706,117.13,FILLED,24,135
2024-03-05 19:55:05.050,SELL,LIMIT,IOC,1003,115.549,116.072,FILLED,977,1003
2024-03-05 19:55:08.036,SELL,LIMIT,IOC,369,115.088,115.497,FILLED,4,369
2024-03-05 19:55:09.057,SELL,LIMIT,IOC,8724,114.868,115.019,FILLED,319,8724
2024-03-05 19:55:10.081,SELL,LIMIT,IOC,299,114.659,114.849,FILLED,74,299
2024-03-05 19:55:11.079,SELL,LIMIT,IOC,15,114.544,114.544,FILLED,15,15
2024-03-05 19:55:13.056,SELL,LIMIT,IOC,500,114.514,114.794,FILLED,2,500
2024-03-05 19:55:14.074,SELL,LIMIT,IOC,435,114.369,114.852,FILLED,14,435
2024-03-05 19:55:16.036,SELL,LIMIT,IOC,115,114.205,114.308,FILLED,115,115
2024-03-05 19:55:18.047,SELL,LIMIT,IOC,203,114.005,114.504,FILLED,85,203
2024-03-05 19:56:06.039,SELL,LIMIT,IOC,1250,113.62,114.429,FILLED,199,1250
2024-03-05 19:56:07.067,SELL,LIMIT,IOC,4,112.938,114.348,FILLED,4,4
2024-03-05 19:56:12.020,SELL,LIMIT,IOC,75,112.82,113.43,FILLED,9,75
2024-03-05 19:56:14.046,SELL,LIMIT,IOC,112,112.503,113.2,FILLED,112,112
2024-03-05 19:56:17.061,SELL,LIMIT,IOC,3996,112.429,112.92,FILLED,252,3996
2024-03-05 19:56:19.071,SELL,LIMIT,IOC,338,112.194,112.194,FILLED,338,338
2024-03-05 19:56:20.048,SELL,LIMIT,IOC,2837,111.577,112.107,FILLED,2521,2837
2024-03-05 19:56:56.075,SELL,LIMIT,IOC,236,110.487,110.487,FILLED,236,236
2024-03-05 19:56:57.083,SELL,LIMIT,IOC,169,110.076,110.076,FILLED,169,169
2024-03-05 19:56:58.086,SELL,LIMIT,IOC,829,109.608,109.608,FILLED,829,829
2024-03-05 19:57:00.022,SELL,LIMIT,IOC,188,109.225,109.225,FILLED,188,188
2024-03-05 19:57:07.042,SELL,LIMIT,IOC,296,108.922,109.255,FILLED,25,296
2024-03-05 19:57:12.046,SELL,LIMIT,IOC,79,108.81,108.81,FILLED,79,79
2024-03-05 19:57:16.036,SELL,LIMIT,IOC,2625,108.284,108.284,FILLED,2625,2625
2024-03-05 19:57:17.042,SELL,LIMIT,IOC,23,108.137,108.137,FILLED,23,23
2024-03-05 19:57:24.046,SELL,LIMIT,IOC,7196,107.438,107.438,FILLED,7196,7196
2024-03-05 19:57:26.049,SELL,LIMIT,IOC,1418,107.024,107.024,FILLED,1418,1418
2024-03-05 19:57:30.109,SELL,LIMIT,IOC,524,106.839,106.839,FILLED,524,524
2024-03-05 19:58:22.052,BUY,LIMIT,IOC,13,117.397,114.866,FILLED,5,13
2024-03-05 20:00:38.079,BUY,LIMIT,IOC,151,123.399,120.712,FILLED,52,151
2024-03-05 20:17:13.084,SELL,LIMIT,IOC,39,117.166,119.828,FILLED,14,39
2024-03-05 20:17:26.019,SELL,LIMIT,IOC,2,116.288,119.018,FILLED,2,2
2024-03-05 20:17:33.075,SELL,LIMIT,IOC,11016,116.153,118.593,FILLED,2553,11016
2024-03-05 20:17:36.050,SELL,LIMIT,IOC,1063,115.903,118.586,FILLED,232,1063
2024-03-05 20:39:30.020,SELL,LIMIT,IOC,3395,116.145,117.701,FILLED,707,3395
2024-03-05 20:39:32.053,SELL,LIMIT,IOC,3,115.876,118.304,FILLED,3,3
2024-03-05 20:39:45.100,SELL,LIMIT,IOC,127,115.646,117.83,FILLED,127,127
2024-03-05 20:39:55.066,SELL,LIMIT,IOC,558,115.511,117.905,FILLED,1,558
2024-03-05 20:40:36.107,SELL,LIMIT,IOC,1,115.275,117.639,FILLED,1,1
2024-03-05 20:40:59.056,SELL,LIMIT,IOC,25,114.799,116.312,FILLED,25,25
2024-03-05 22:17:44.089,SELL,LIMIT,IOC,106,116.644,119.495,FILLED,86,106
2024-03-05 22:18:38.094,SELL,LIMIT,IOC,256,116.501,119.34,FILLED,9,256
2024-03-05 22:18:41.116,SELL,LIMIT,IOC,85,116.44,119.231,FILLED,23,85
2024-03-05 22:24:11.083,SELL,LIMIT,IOC,353,115.867,118.722,FILLED,114,353
2024-03-05 23:17:28.100,BUY,LIMIT,IOC,30,127.194,124.049,FILLED,30,30
2024-03-05 23:27:03.041,BUY,LIMIT,IOC,38,128.785,125.594,FILLED,16,38
2024-03-05 23:30:27.095,BUY,LIMIT,IOC,2,129.631,126.411,FILLED,2,2
2024-03-06 01:16:34.053,SELL,LIMIT,IOC,109,120.29,123.275,FILLED,35,109
2024-03-06 01:40:20.047,SELL,LIMIT,IOC,401,120.028,123.019,FILLED,36,401
2024-03-06 01:43:16.028,SELL,LIMIT,IOC,100,119.948,122.941,FILLED,32,100
2024-03-06 01:57:52.040,SELL,LIMIT,IOC,2,119.164,122.06,FILLED,2,2
2024-03-06 02:28:00.048,SELL,LIMIT,IOC,7,118.562,121.5,FILLED,7,7
2024-03-06 02:51:59.089,SELL,LIMIT,IOC,139,118.206,121.063,FILLED,37,139
2024-03-06 02:52:13.070,SELL,LIMIT,IOC,888,118.074,121.001,FILLED,580,888
2024-03-06 02:55:05.048,SELL,LIMIT,IOC,586,117.673,117.673,FILLED,586,586
2024-03-06 05:15:11.058,BUY,LIMIT,IOC,3,131.025,127.836,FILLED,3,3
2024-03-06 05:37:59.077,BUY,LIMIT,IOC,32,131.348,128.081,FILLED,32,32
2024-03-06 06:09:42.102,BUY,LIMIT,IOC,3,134.489,131.242,FILLED,3,3
2024-03-06 06:10:54.053,BUY,LIMIT,IOC,236,135.334,132.049,FILLED,130,236
2024-03-06 06:13:02.048,BUY,LIMIT,IOC,1,135.622,132.296,FILLED,1,1
2024-03-06 08:13:47.038,BUY,LIMIT,IOC,61,137.865,134.556,FILLED,61,61
2024-03-06 09:51:38.027,SELL,LIMIT,IOC,142,127.385,130.362,FILLED,4,142
2024-03-06 09:53:33.079,SELL,LIMIT,IOC,15,127.104,130.22,FILLED,15,15
2024-03-06 09:56:57.048,SELL,LIMIT,IOC,59,126.605,129.744,FILLED,5,59
2024-03-06 09:58:36.043,SELL,LIMIT,IOC,25,126.284,129.441,FILLED,8,25
2024-03-06 12:43:13.060,SELL,LIMIT,IOC,83,126.213,129.353,FILLED,22,83
2024-03-06 12:45:30.038,SELL,LIMIT,IOC,822,125.738,128.787,FILLED,40,822
2024-03-06 12:45:41.064,SELL,LIMIT,IOC,15,125.61,128.8,FILLED,15,15
2024-03-06 12:46:09.036,SELL,LIMIT,IOC,608,125.183,128.137,FILLED,23,608
2024-03-06 12:46:15.022,SELL,LIMIT,IOC,16,125.089,128.066,FILLED,16,16
2024-03-06 12:46:21.055,SELL,LIMIT,IOC,2,124.87,127.803,FILLED,2,2
2024-03-06 12:46:23.101,SELL,LIMIT,IOC,106,124.758,127.647,FILLED,40,106
2024-03-06 12:47:24.025,SELL,LIMIT,IOC,78,124.342,127.328,FILLED,49,78
2024-03-06 13:07:22.073,SELL,LIMIT,IOC,86,124.119,127.147,FILLED,41,86
2024-03-06 15:07:13.074,SELL,LIMIT,IOC,75,123.144,126.222,FILLED,75,75
2024-03-06 15:07:23.078,SELL,LIMIT,IOC,3,123.048,126.121,FILLED,3,3
2024-03-06 15:07:28.046,SELL,LIMIT,IOC,2,122.773,125.766,FILLED,2,2
2024-03-06 19:28:43.093,BUY,LIMIT,IOC,2,135.285,131.964,FILLED,2,2
2024-03-06 19:29:49.090,BUY,LIMIT,IOC,2,135.567,132.269,FILLED,2,2
2024-03-06 19:29:51.033,BUY,LIMIT,IOC,366,135.632,132.298,FILLED,37,366
2024-03-06 21:58:44.096,BUY,LIMIT,IOC,2,135.963,132.6,FILLED,2,2
2024-03-07 00:45:26.079,BUY,LIMIT,IOC,1,136.923,133.563,FILLED,1,1
2024-03-07 00:46:17.093,BUY,LIMIT,IOC,26,137.312,133.941,FILLED,26,26
2024-03-07 00:50:34.096,BUY,LIMIT,IOC,9,138.169,134.775,FILLED,9,9
2024-03-07 01:53:45.052,BUY,LIMIT,IOC,1,139.904,136.562,FILLED,1,1
2024-03-07 01:53:48.063,BUY,LIMIT,IOC,2,140.009,136.576,FILLED,2,2
2024-03-07 01:56:13.039,BUY,LIMIT,IOC,1,140.745,137.352,FILLED,1,1
2024-03-07 01:59:20.063,BUY,LIMIT,IOC,317,140.992,137.475,FILLED,39,317
2024-03-07 01:59:35.071,BUY,LIMIT,IOC,20,141.034,137.519,FILLED,20,20
2024-03-07 02:06:34.030,BUY,LIMIT,IOC,25,141.656,138.193,FILLED,25,25
2024-03-07 02:08:21.098,BUY,LIMIT,IOC,15,142.143,138.68,FILLED,15,15
2024-03-07 02:10:47.196,BUY,LIMIT,IOC,6,142.258,139.26,FILLED,6,6
2024-03-07 02:11:25.070,BUY,LIMIT,IOC,7,143.033,139.557,FILLED,7,7
2024-03-07 02:11:42.018,BUY,LIMIT,IOC,8,143.32,139.849,FILLED,8,8
2024-03-07 02:58:11.092,BUY,LIMIT,IOC,1,144.309,140.734,FILLED,1,1
2024-03-07 03:03:47.053,BUY,LIMIT,IOC,168,145.335,141.87,FILLED,121,168
2024-03-07 05:44:57.048,SELL,LIMIT,IOC,160,133.857,137.183,FILLED,53,160
2024-03-07 08:23:53.077,BUY,LIMIT,IOC,1,143.742,140.166,FILLED,1,1
2024-03-07 08:53:59.104,BUY,LIMIT,IOC,1,144.898,141.406,FILLED,1,1
2024-03-07 11:22:48.039,BUY,LIMIT,IOC,179,146.594,143.292,FILLED,29,179
2024-03-07 11:23:23.066,BUY,LIMIT,IOC,1,146.872,143.325,FILLED,1,1
2024-03-07 11:23:32.088,BUY,LIMIT,IOC,9,147.008,143.529,FILLED,9,9
2024-03-07 11:29:09.086,BUY,LIMIT,IOC,379,147.203,143.723,FILLED,28,379
2024-03-07 11:29:13.088,BUY,LIMIT,IOC,1,147.376,143.778,FILLED,1,1
2024-03-07 11:29:21.048,BUY,LIMIT,IOC,4,147.423,143.84,FILLED,1,4
2024-03-07 11:29:22.054,BUY,LIMIT,IOC,3,147.455,143.816,FILLED,3,3
2024-03-07 11:30:16.083,BUY,LIMIT,IOC,2604,147.932,144.372,FILLED,28,2604
2024-03-07 11:30:19.026,BUY,LIMIT,IOC,2,148.037,144.572,FILLED,2,2
2024-03-07 11:30:30.099,BUY,LIMIT,IOC,17,148.266,144.756,FILLED,1,17
2024-03-07 11:30:32.044,BUY,LIMIT,IOC,87,148.307,144.698,FILLED,87,87
2024-03-07 11:55:47.077,SELL,LIMIT,IOC,3,136.679,139.965,FILLED,3,3
2024-03-07 13:42:53.017,BUY,LIMIT,IOC,289,148.784,145.339,FILLED,111,289
2024-03-07 14:15:11.056,BUY,LIMIT,IOC,206,149.118,145.46,FILLED,59,206
2024-03-07 14:15:15.060,BUY,LIMIT,IOC,26,149.426,145.857,FILLED,26,26
2024-03-07 14:15:17.094,BUY,LIMIT,IOC,1,149.572,145.924,FILLED,1,1
2024-03-07 14:15:22.086,BUY,LIMIT,IOC,21409,149.648,146.062,FILLED,72,21409
2024-03-07 14:15:53.082,BUY,LIMIT,IOC,264,150.272,146.625,FILLED,264,264
2024-03-07 14:15:55.037,BUY,LIMIT,IOC,5469,150.346,146.813,FILLED,184,5469
2024-03-07 14:15:57.051,BUY,LIMIT,IOC,1471,150.43,146.896,FILLED,40,1471
2024-03-07 14:18:22.086,BUY,LIMIT,IOC,39,150.938,147.262,FILLED,39,39
2024-03-07 14:18:27.033,BUY,LIMIT,IOC,19,151.038,147.406,FILLED,19,19
2024-03-07 14:25:42.028,BUY,LIMIT,IOC,1,151.244,147.601,FILLED,1,1
2024-03-07 14:32:30.092,BUY,LIMIT,IOC,137,151.694,147.996,FILLED,74,137
2024-03-07 14:36:04.086,BUY,LIMIT,IOC,2,152.036,148.322,FILLED,2,2
2024-03-07 14:40:26.034,BUY,LIMIT,IOC,4,152.167,148.408,FILLED,4,4
2024-03-07 14:40:32.033,BUY,LIMIT,IOC,95,152.229,148.528,FILLED,45,95
2024-03-07 14:45:44.069,SELL,LIMIT,IOC,6625,141.27,144.597,FILLED,28,6625
2024-03-07 14:54:16.021,BUY,LIMIT,IOC,1,152.467,148.787,FILLED,1,1
2024-03-07 14:54:17.049,BUY,LIMIT,IOC,13,152.589,149.085,FILLED,13,13
2024-03-07 14:54:18.081,BUY,LIMIT,IOC,1,152.722,149.208,FILLED,1,1
2024-03-07 14:54:26.032,BUY,LIMIT,IOC,1,153.12,149.418,FILLED,1,1
2024-03-07 21:28:41.055,SELL,LIMIT,IOC,1,142.154,145.751,FILLED,1,1
2024-03-07 21:28:51.036,SELL,LIMIT,IOC,86,142.109,145.717,FILLED,29,86
2024-03-07 21:28:55.063,SELL,LIMIT,IOC,303,142.068,145.576,FILLED,6,303
2024-03-07 21:28:58.052,SELL,LIMIT,IOC,27,142.002,145.506,FILLED,2,27
2024-03-07 21:29:25.080,SELL,LIMIT,IOC,383,141.851,145.355,FILLED,179,383
2024-03-07 21:44:39.060,SELL,LIMIT,IOC,4,141.758,145.207,FILLED,4,4
2024-03-07 21:45:02.045,SELL,LIMIT,IOC,14,141.616,145.182,FILLED,14,14
2024-03-07 21:45:17.064,SELL,LIMIT,IOC,6,141.558,144.93,FILLED,6,6
2024-03-07 23:45:12.062,SELL,LIMIT,IOC,3,140.828,144.28,FILLED,3,3
2024-03-07 23:54:32.033,SELL,LIMIT,IOC,46,140.497,144.008,FILLED,46,46
2024-03-08 05:37:47.030,SELL,LIMIT,IOC,1,139.856,143.09,FILLED,1,1
2024-03-08 05:37:48.061,SELL,LIMIT,IOC,113,139.501,142.855,FILLED,61,113
2024-03-08 05:42:15.062,SELL,LIMIT,IOC,306,139.41,142.814,FILLED,15,306
2024-03-08 05:44:22.068,SELL,LIMIT,IOC,103,138.985,142.367,FILLED,11,103
2024-03-08 08:43:31.026,BUY,LIMIT,IOC,6,150.403,146.695,FILLED,6,6
2024-03-08 11:35:08.088,BUY,LIMIT,IOC,5,151.788,148.122,FILLED,5,5
2024-03-08 11:52:06.082,BUY,LIMIT,IOC,3,152.49,148.792,FILLED,1,3
2024-03-08 12:00:07.047,BUY,LIMIT,IOC,2,153.274,149.475,FILLED,2,2
2024-03-08 12:02:49.071,BUY,LIMIT,IOC,3,153.738,149.928,FILLED,3,3
2024-03-08 14:52:14.035,BUY,LIMIT,IOC,2675,154.325,150.583,FILLED,809,2675
2024-03-08 14:52:18.048,BUY,LIMIT,IOC,8,154.746,151.02,FILLED,1,8
2024-03-08 14:52:25.066,BUY,LIMIT,IOC,100,154.874,151.124,FILLED,6,100
2024-03-08 14:52:34.056,BUY,LIMIT,IOC,27,155.26,151.841,FILLED,15,27
2024-03-08 14:52:35.064,BUY,LIMIT,IOC,101,155.59,151.909,FILLED,101,101
2024-03-08 14:52:40.057,BUY,LIMIT,IOC,33,155.776,151.953,FILLED,33,33
2024-03-08 14:52:42.053,BUY,LIMIT,IOC,1,155.923,152.213,FILLED,1,1
2024-03-08 14:55:18.027,BUY,LIMIT,IOC,2,156.536,152.829,FILLED,2,2
2024-03-08 14:55:32.049,BUY,LIMIT,IOC,3289,156.927,153.14,FILLED,462,3289
2024-03-08 15:32:04.061,SELL,LIMIT,IOC,1,144.91,148.301,FILLED,1,1
2024-03-08 15:32:08.053,SELL,LIMIT,IOC,331,143.602,146.91,FILLED,24,331
2024-03-08 15:32:10.062,SELL,LIMIT,IOC,218,143.217,146.548,FILLED,6,218
2024-03-08 15:32:35.040,SELL,LIMIT,IOC,300,142.946,146.033,FILLED,300,300
2024-03-08 15:32:36.062,SELL,LIMIT,IOC,16,142.647,145.86,FILLED,16,16
2024-03-08 15:32:38.053,SELL,LIMIT,IOC,3,142.283,145.57,FILLED,3,3
2024-03-08 15:32:41.097,SELL,LIMIT,IOC,705,141.69,145.121,FILLED,384,705
2024-03-08 15:32:43.048,SELL,LIMIT,IOC,242,141.193,144.006,FILLED,135,242
2024-03-08 15:32:45.047,SELL,LIMIT,IOC,10,140.757,143.325,FILLED,1,10
2024-03-08 15:38:47.056,SELL,LIMIT,IOC,3038,140.473,143.633,FILLED,266,3038
2024-03-08 16:02:36.082,SELL,LIMIT,IOC,1675,140.624,143.833,FILLED,15,1675
2024-03-08 16:02:52.053,SELL,LIMIT,IOC,416,140.223,143.675,FILLED,107,416
2024-03-08 16:03:41.081,SELL,LIMIT,IOC,190,140.082,143.563,FILLED,60,190
2024-03-08 16:04:45.058,SELL,LIMIT,IOC,26,139.791,143.187,FILLED,7,26
2024-03-08 16:04:57.049,SELL,LIMIT,IOC,1,139.706,143.065,FILLED,1,1
2024-03-08 16:04:59.087,SELL,LIMIT,IOC,197,139.58,143.0,FILLED,189,197
2024-03-08 16:11:41.101,SELL,LIMIT,IOC,53,139.44,142.883,FILLED,53,53
2024-03-08 16:14:49.060,SELL,LIMIT,IOC,4,138.983,142.529,FILLED,4,4
2024-03-08 16:15:30.062,SELL,LIMIT,IOC,70,138.855,142.533,FILLED,70,70
2024-03-08 16:24:20.034,BUY,LIMIT,IOC,2,149.932,146.25,FILLED,2,2
2024-03-08 21:33:27.100,SELL,LIMIT,IOC,401,141.745,145.238,FILLED,229,401
2024-03-08 21:35:24.062,SELL,LIMIT,IOC,33,141.584,145.116,FILLED,9,33
2024-03-08 21:43:49.055,SELL,LIMIT,IOC,1425,141.394,144.841,FILLED,34,1425
2024-03-08 21:44:56.020,SELL,LIMIT,IOC,4,141.166,144.602,FILLED,4,4
2024-03-08 21:45:29.078,SELL,LIMIT,IOC,1,140.682,144.179,FILLED,1,1
2024-03-08 21:55:00.076,SELL,LIMIT,IOC,5,140.562,144.054,FILLED,5,5
2024-03-09 10:22:35.072,SELL,LIMIT,IOC,11,142.025,145.532,FILLED,11,11
2024-03-09 17:10:43.042,SELL,LIMIT,IOC,68,141.394,144.631,FILLED,68,68
2024-03-09 17:11:02.064,SELL,LIMIT,IOC,4,141.041,144.345,FILLED,4,4
2024-03-09 17:11:15.066,SELL,LIMIT,IOC,2,140.926,144.222,FILLED,2,2
2024-03-09 17:11:39.081,SELL,LIMIT,IOC,3351,140.687,144.181,FILLED,2813,3351
2024-03-10 02:48:22.085,BUY,LIMIT,IOC,21503,152.46,148.781,FILLED,9538,21503
2024-03-10 12:38:01.068,SELL,LIMIT,IOC,147,141.334,144.85,FILLED,147,147
2024-03-10 14:31:35.045,SELL,LIMIT,IOC,136,140.533,144.004,FILLED,136,136
2024-03-10 14:32:20.080,SELL,LIMIT,IOC,8,140.482,143.986,FILLED,8,8
2024-03-10 14:33:02.033,SELL,LIMIT,IOC,2,140.224,143.63,FILLED,2,2
2024-03-10 14:38:33.037,SELL,LIMIT,IOC,154,140.076,143.555,FILLED,58,154
2024-03-10 14:38:59.052,SELL,LIMIT,IOC,210,139.96,143.447,FILLED,190,210
2024-03-10 14:39:23.070,SELL,LIMIT,IOC,1,139.777,143.128,FILLED,1,1
2024-03-10 14:39:24.080,SELL,LIMIT,IOC,502,139.735,143.116,FILLED,80,502
2024-03-10 14:40:33.092,SELL,LIMIT,IOC,76,139.446,142.917,FILLED,8,76
2024-03-10 14:40:37.088,SELL,LIMIT,IOC,179,139.325,142.713,FILLED,9,179
2024-03-10 14:40:39.081,SELL,LIMIT,IOC,1,139.171,142.559,FILLED,1,1
2024-03-10 14:42:32.084,SELL,LIMIT,IOC,1571,139.115,142.543,FILLED,8,1571
2024-03-10 14:43:12.025,SELL,LIMIT,IOC,2,138.949,142.285,FILLED,2,2
2024-03-10 14:43:15.057,SELL,LIMIT,IOC,4806,138.836,142.178,FILLED,595,4806
2024-03-10 14:43:33.051,SELL,LIMIT,IOC,1,138.787,142.205,FILLED,1,1
2024-03-10 14:43:34.075,SELL,LIMIT,IOC,47,138.781,142.157,FILLED,13,47
2024-03-10 14:43:38.098,SELL,LIMIT,IOC,314,138.631,141.824,FILLED,7,314
2024-03-10 22:18:46.046,SELL,LIMIT,IOC,11,138.744,142.076,FILLED,11,11
2024-03-10 22:18:47.051,SELL,LIMIT,IOC,260,138.651,142.103,FILLED,89,260
2024-03-10 22:19:26.071,SELL,LIMIT,IOC,2,138.578,142.03,FILLED,2,2
2024-03-10 22:35:14.085,SELL,LIMIT,IOC,119,138.397,141.767,FILLED,51,119
2024-03-10 22:36:40.031,SELL,LIMIT,IOC,11,138.296,141.702,FILLED,4,11
2024-03-10 22:41:41.018,SELL,LIMIT,IOC,2,138.144,141.556,FILLED,2,2
2024-03-10 22:41:59.051,SELL,LIMIT,IOC,17,138.034,141.401,FILLED,17,17
2024-03-10 22:43:09.047,SELL,LIMIT,IOC,2,137.757,141.116,FILLED,2,2
2024-03-10 22:43:11.052,SELL,LIMIT,IOC,22,137.622,140.996,FILLED,22,22
2024-03-10 22:43:13.045,SELL,LIMIT,IOC,3545,137.56,140.768,FILLED,384,3545
2024-03-10 22:43:25.041,SELL,LIMIT,IOC,9,137.545,140.974,FILLED,9,9
2024-03-10 22:43:37.086,SELL,LIMIT,IOC,6,137.42,140.797,FILLED,6,6
2024-03-10 22:43:39.036,SELL,LIMIT,IOC,2,137.332,140.759,FILLED,2,2
2024-03-11 00:49:54.034,SELL,LIMIT,IOC,1,137.284,140.72,FILLED,1,1
2024-03-11 00:50:12.036,SELL,LIMIT,IOC,374,137.016,139.558,FILLED,8,374
2024-03-11 00:50:13.055,SELL,LIMIT,IOC,2,136.563,139.353,FILLED,2,2
2024-03-11 00:50:14.060,SELL,LIMIT,IOC,4,136.138,139.252,FILLED,4,4
2024-03-11 00:51:13.049,SELL,LIMIT,IOC,2,136.018,139.271,FILLED,2,2
2024-03-11 00:51:17.065,SELL,LIMIT,IOC,53,135.83,139.041,FILLED,10,53
2024-03-11 00:51:19.023,SELL,LIMIT,IOC,36,135.643,138.743,FILLED,32,36
2024-03-11 00:51:20.074,SELL,LIMIT,IOC,12031,135.378,138.507,FILLED,79,12031
2024-03-11 00:51:21.098,SELL,LIMIT,IOC,12,135.36,138.326,FILLED,12,12
2024-03-11 00:51:23.030,SELL,LIMIT,IOC,2,135.051,137.93,FILLED,2,2
2024-03-11 00:51:24.066,SELL,LIMIT,IOC,552,134.815,138.202,FILLED,543,552
2024-03-11 00:52:21.050,SELL,LIMIT,IOC,374,134.543,137.334,FILLED,374,374
2024-03-11 00:52:23.028,SELL,LIMIT,IOC,2,134.409,137.268,FILLED,2,2
2024-03-11 00:52:24.068,SELL,LIMIT,IOC,704,134.258,137.183,FILLED,6,704
2024-03-11 00:52:25.109,SELL,LIMIT,IOC,14,134.185,137.065,FILLED,14,14
2024-03-11 00:52:27.032,SELL,LIMIT,IOC,327,133.961,137.008,FILLED,246,327
2024-03-11 00:52:29.052,SELL,LIMIT,IOC,2,133.922,137.231,FILLED,2,2
2024-03-11 00:52:33.049,SELL,LIMIT,IOC,11,133.833,136.607,FILLED,11,11
2024-03-11 01:45:26.016,SELL,LIMIT,IOC,3,134.414,137.856,FILLED,3,3
2024-03-11 06:59:58.089,BUY,LIMIT,IOC,28,147.191,143.654,FILLED,26,28
2024-03-11 07:00:00.085,BUY,LIMIT,IOC,36,147.316,143.765,FILLED,20,36
2024-03-11 07:02:16.076,BUY,LIMIT,IOC,114,147.945,144.426,FILLED,7,114
2024-03-11 07:08:30.088,BUY,LIMIT,IOC,51,148.284,144.624,FILLED,21,51
2024-03-11 07:08:42.108,BUY,LIMIT,IOC,68,148.497,144.926,FILLED,28,68
2024-03-11 07:09:30.037,BUY,LIMIT,IOC,4,148.549,145.045,FILLED,4,4
2024-03-11 07:23:02.042,BUY,LIMIT,IOC,3,149.807,146.127,FILLED,3,3
2024-03-11 07:34:12.082,BUY,LIMIT,IOC,1,151.134,147.398,FILLED,1,1
2024-03-11 07:37:02.070,BUY,LIMIT,IOC,2,151.56,147.786,FILLED,2,2
2024-03-11 08:26:15.059,BUY,LIMIT,IOC,6,153.61,149.901,FILLED,6,6
2024-03-11 08:30:18.056,BUY,LIMIT,IOC,9,154.037,150.238,FILLED,9,9
2024-03-11 15:05:12.049,SELL,LIMIT,IOC,1,142.38,145.899,FILLED,1,1
2024-03-12 02:28:41.052,BUY,LIMIT,IOC,1,154.179,150.526,FILLED,1,1
2024-03-12 02:29:35.105,BUY,LIMIT,IOC,91,155.351,151.689,FILLED,91,91
2024-03-12 02:32:27.064,BUY,LIMIT,IOC,4,155.823,151.964,FILLED,2,4
2024-03-12 02:41:23.091,BUY,LIMIT,IOC,2,156.16,152.281,FILLED,2,2
2024-03-12 03:06:26.061,BUY,LIMIT,IOC,3,156.395,152.549,FILLED,1,3
2024-03-12 03:09:01.033,BUY,LIMIT,IOC,29,156.449,152.582,FILLED,27,29
2024-03-12 03:09:46.109,BUY,LIMIT,IOC,1,156.617,152.749,FILLED,1,1
2024-03-12 03:10:07.093,BUY,LIMIT,IOC,20,156.771,152.845,FILLED,20,20
2024-03-12 03:15:54.038,BUY,LIMIT,IOC,2,157.179,153.308,FILLED,2,2
2024-03-12 03:20:33.082,BUY,LIMIT,IOC,213,158.236,154.361,FILLED,37,213
2024-03-12 03:20:42.053,BUY,LIMIT,IOC,1,158.444,154.58,FILLED,1,1
2024-03-12 03:24:17.018,BUY,LIMIT,IOC,2,158.557,154.62,FILLED,2,2
2024-03-12 03:24:21.095,BUY,LIMIT,IOC,39,158.732,154.83,FILLED,25,39
2024-03-12 03:24:33.039,BUY,LIMIT,IOC,44,158.913,154.998,FILLED,44,44
2024-03-12 03:24:41.059,BUY,LIMIT,IOC,16,159.084,155.121,FILLED,16,16
2024-03-12 04:02:19.073,SELL,LIMIT,IOC,271,147.157,150.769,FILLED,9,271
2024-03-12 04:02:25.093,SELL,LIMIT,IOC,2852,146.976,150.564,FILLED,509,2852
2024-03-12 04:02:37.078,SELL,LIMIT,IOC,27,146.908,150.579,FILLED,22,27
2024-03-12 04:03:04.025,SELL,LIMIT,IOC,3908,146.792,150.312,FILLED,1846,3908
2024-03-12 04:04:34.027,SELL,LIMIT,IOC,8270,146.461,149.816,FILLED,1410,8270
2024-03-12 04:04:35.069,SELL,LIMIT,IOC,4037,146.341,149.771,FILLED,80,4037
2024-03-12 08:07:53.064,SELL,LIMIT,IOC,1420,147.268,150.905,FILLED,51,1420
2024-03-12 08:28:37.062,SELL,LIMIT,IOC,6,144.974,148.418,FILLED,6,6
2024-03-12 15:00:37.021,SELL,LIMIT,IOC,5,144.281,147.912,FILLED,5,5
2024-03-12 16:25:15.033,SELL,LIMIT,IOC,2,143.864,147.375,FILLED,2,2
2024-03-12 16:25:26.076,SELL,LIMIT,IOC,33,143.623,147.172,FILLED,12,33
2024-03-12 16:25:36.069,SELL,LIMIT,IOC,52,143.575,147.214,FILLED,50,52
2024-03-12 16:26:11.064,SELL,LIMIT,IOC,5,143.318,146.793,FILLED,5,5
2024-03-12 16:52:19.069,SELL,LIMIT,IOC,3,143.082,146.615,FILLED,2,3
2024-03-12 16:52:25.060,SELL,LIMIT,IOC,3082,142.923,146.4,FILLED,704,3082
2024-03-12 16:52:26.070,SELL,LIMIT,IOC,9,142.914,146.365,FILLED,9,9
2024-03-12 16:52:29.065,SELL,LIMIT,IOC,67,142.833,146.339,FILLED,67,67
2024-03-12 17:03:00.041,SELL,LIMIT,IOC,5,142.578,146.078,FILLED,3,5
2024-03-12 17:03:02.093,SELL,LIMIT,IOC,193,142.512,146.022,FILLED,134,193
2024-03-12 17:05:42.117,SELL,LIMIT,IOC,35,142.415,145.835,FILLED,35,35
2024-03-12 17:05:53.049,SELL,LIMIT,IOC,5,142.062,145.437,FILLED,1,5
2024-03-12 17:05:57.052,SELL,LIMIT,IOC,19,141.718,145.214,FILLED,4,19
2024-03-12 17:06:22.063,SELL,LIMIT,IOC,18,141.398,144.256,FILLED,16,18
2024-03-12 17:06:23.085,SELL,LIMIT,IOC,17,140.927,144.043,FILLED,16,17
2024-03-12 17:06:25.084,SELL,LIMIT,IOC,110,140.505,143.96,FILLED,4,110
2024-03-12 17:06:30.040,SELL,LIMIT,IOC,14747,140.489,143.655,FILLED,1219,14747
2024-03-12 17:06:31.097,SELL,LIMIT,IOC,1421,140.477,143.627,FILLED,52,1421
2024-03-12 17:06:33.038,SELL,LIMIT,IOC,2,139.846,143.182,FILLED,2,2
2024-03-12 17:06:34.053,SELL,LIMIT,IOC,161,139.78,143.251,FILLED,105,161
2024-03-12 17:20:52.051,SELL,LIMIT,IOC,6,139.651,143.104,FILLED,6,6
2024-03-12 17:21:21.079,SELL,LIMIT,IOC,2019,139.267,142.565,FILLED,57,2019
2024-03-12 17:22:23.093,SELL,LIMIT,IOC,2,139.135,142.469,FILLED,1,2
2024-03-12 17:22:27.074,SELL,LIMIT,IOC,6,138.979,142.325,FILLED,6,6
2024-03-12 17:22:30.078,SELL,LIMIT,IOC,580,138.677,142.116,FILLED,204,580
2024-03-12 17:22:48.046,SELL,LIMIT,IOC,16,138.62,141.833,FILLED,16,16
2024-03-12 17:22:50.061,SELL,LIMIT,IOC,718,138.45,141.665,FILLED,120,718
2024-03-12 23:43:46.049,BUY,LIMIT,IOC,760,155.095,151.294,FILLED,13,760
2024-03-12 23:45:04.030,BUY,LIMIT,IOC,2,155.167,151.4,FILLED,2,2
2024-03-13 05:28:30.030,BUY,LIMIT,IOC,82,155.904,152.112,FILLED,82,82
2024-03-13 05:28:42.054,BUY,LIMIT,IOC,1,156.045,152.196,FILLED,1,1
2024-03-13 05:45:51.127,BUY,LIMIT,IOC,5,156.981,153.19,FILLED,5,5
2024-03-13 13:54:53.066,SELL,LIMIT,IOC,3,147.065,150.736,FILLED,3,3
2024-03-13 13:57:06.080,SELL,LIMIT,IOC,2,146.974,150.505,FILLED,2,2
2024-03-13 13:57:10.046,SELL,LIMIT,IOC,4,146.82,150.426,FILLED,2,4
2024-03-13 14:59:25.080,BUY,LIMIT,IOC,2,159.106,155.416,FILLED,2,2
2024-03-13 15:00:12.099,BUY,LIMIT,IOC,192,159.65,155.966,FILLED,83,192
2024-03-13 15:00:17.029,BUY,LIMIT,IOC,150,159.882,156.239,FILLED,147,150
2024-03-13 15:00:22.057,BUY,LIMIT,IOC,1,160.318,156.519,FILLED,1,1
2024-03-13 15:19:00.092,BUY,LIMIT,IOC,2,161.19,157.26,FILLED,2,2
2024-03-13 15:22:28.094,BUY,LIMIT,IOC,65,161.652,157.832,FILLED,38,65
2024-03-13 15:24:04.036,BUY,LIMIT,IOC,1,162.091,158.098,FILLED,1,1
2024-03-13 15:24:25.048,BUY,LIMIT,IOC,9,162.237,158.24,FILLED,9,9
2024-03-13 15:25:01.073,BUY,LIMIT,IOC,213,162.686,158.678,FILLED,49,213
2024-03-13 15:25:10.077,BUY,LIMIT,IOC,1,162.77,158.877,FILLED,1,1
2024-03-13 15:27:07.061,BUY,LIMIT,IOC,1,162.999,158.965,FILLED,1,1
2024-03-13 15:27:16.033,BUY,LIMIT,IOC,1,163.165,159.106,FILLED,1,1
2024-03-13 15:27:23.089,BUY,LIMIT,IOC,27,163.204,159.104,FILLED,27,27
2024-03-13 15:33:51.096,BUY,LIMIT,IOC,3,163.58,159.6,FILLED,3,3
2024-03-13 17:11:29.037,BUY,LIMIT,IOC,2,163.805,159.873,FILLED,2,2
2024-03-13 18:14:22.063,BUY,LIMIT,IOC,1,164.0,159.941,FILLED,1,1
2024-03-13 18:14:28.024,BUY,LIMIT,IOC,2,164.036,159.999,FILLED,2,2
2024-03-13 18:38:01.051,BUY,LIMIT,IOC,23,165.206,161.256,FILLED,6,23
2024-03-13 18:40:47.057,BUY,LIMIT,IOC,1805,165.715,161.928,FILLED,34,1805
2024-03-13 18:41:48.042,BUY,LIMIT,IOC,172,166.148,162.028,FILLED,8,172
2024-03-13 21:27:24.032,BUY,LIMIT,IOC,20,166.8,162.808,FILLED,20,20
2024-03-13 21:30:19.074,BUY,LIMIT,IOC,6,167.508,163.346,FILLED,6,6
2024-03-13 21:31:01.070,BUY,LIMIT,IOC,9,167.817,163.84,FILLED,1,9
2024-03-13 21:31:05.082,BUY,LIMIT,IOC,1,168.083,163.988,FILLED,1,1
2024-03-13 21:37:37.079,BUY,LIMIT,IOC,456,168.236,164.084,FILLED,72,456
2024-03-13 21:39:16.031,BUY,LIMIT,IOC,33,168.497,164.335,FILLED,33,33
2024-03-13 21:47:20.100,BUY,LIMIT,IOC,80,168.85,164.704,FILLED,71,80
2024-03-13 21:53:03.068,BUY,LIMIT,IOC,19,169.178,164.984,FILLED,15,19
2024-03-13 21:55:51.111,BUY,LIMIT,IOC,99,169.625,165.993,FILLED,99,99
2024-03-13 21:56:02.044,BUY,LIMIT,IOC,172,170.263,166.223,FILLED,15,172
2024-03-13 21:56:04.041,BUY,LIMIT,IOC,2,170.477,166.25,FILLED,2,2
2024-03-13 21:57:23.043,BUY,LIMIT,IOC,39,171.052,166.902,FILLED,39,39
2024-03-14 00:34:22.039,BUY,LIMIT,IOC,1,171.595,167.381,FILLED,1,1
2024-03-14 00:34:27.076,BUY,LIMIT,IOC,2,171.787,167.583,FILLED,2,2
2024-03-14 00:34:31.057,BUY,LIMIT,IOC,158,171.924,167.722,FILLED,11,158
2024-03-14 00:34:33.036,BUY,LIMIT,IOC,308,172.003,167.808,FILLED,72,308
2024-03-14 00:34:36.053,BUY,LIMIT,IOC,68,172.146,167.908,FILLED,68,68
2024-03-14 00:35:09.084,BUY,LIMIT,IOC,1,172.584,168.364,FILLED,1,1
2024-03-14 00:37:56.057,BUY,LIMIT,IOC,9,173.567,169.225,FILLED,9,9
2024-03-14 06:44:58.048,BUY,LIMIT,IOC,55,174.024,169.766,FILLED,4,55
2024-03-14 09:08:07.081,BUY,LIMIT,IOC,1,174.655,170.392,FILLED,1,1
2024-03-14 09:08:14.078,BUY,LIMIT,IOC,345,175.108,170.902,FILLED,337,345
2024-03-14 09:08:36.106,BUY,LIMIT,IOC,246,175.237,171.063,FILLED,63,246
2024-03-14 09:10:46.055,BUY,LIMIT,IOC,3,175.829,172.001,FILLED,3,3
2024-03-14 09:10:52.104,BUY,LIMIT,IOC,2,176.401,172.204,FILLED,2,2
2024-03-14 09:10:58.086,BUY,LIMIT,IOC,90,176.689,172.415,FILLED,90,90
2024-03-14 09:11:17.023,BUY,LIMIT,IOC,9,176.975,172.869,FILLED,5,9
2024-03-14 09:19:29.046,BUY,LIMIT,IOC,75,177.951,173.703,FILLED,75,75
2024-03-14 09:19:33.080,BUY,LIMIT,IOC,4,178.178,173.933,FILLED,4,4
2024-03-14 09:21:09.026,BUY,LIMIT,IOC,19,178.477,174.318,FILLED,14,19
2024-03-14 09:21:11.023,BUY,LIMIT,IOC,33,178.671,174.32,FILLED,33,33
2024-03-14 13:22:28.054,SELL,LIMIT,IOC,20,165.406,169.5,FILLED,20,20
2024-03-14 13:23:35.073,SELL,LIMIT,IOC,3,165.133,169.255,FILLED,3,3
2024-03-14 13:33:10.046,SELL,LIMIT,IOC,29,165.07,169.138,FILLED,8,29
2024-03-14 13:35:26.112,SELL,LIMIT,IOC,3169,164.566,168.554,FILLED,231,3169
2024-03-14 13:35:40.092,SELL,LIMIT,IOC,3,164.294,168.339,FILLED,3,3
2024-03-14 13:49:39.024,SELL,LIMIT,IOC,2,162.934,166.935,FILLED,2,2
2024-03-14 13:49:41.036,SELL,LIMIT,IOC,215,162.837,166.907,FILLED,97,215
2024-03-14 13:49:47.084,SELL,LIMIT,IOC,29,162.737,166.761,FILLED,29,29
2024-03-14 13:49:48.085,SELL,LIMIT,IOC,34,162.719,166.843,FILLED,34,34
2024-03-14 13:49:52.047,SELL,LIMIT,IOC,189,162.636,166.714,FILLED,109,189
2024-03-14 13:51:02.039,SELL,LIMIT,IOC,19,162.388,166.278,FILLED,19,19
2024-03-14 13:51:03.066,SELL,LIMIT,IOC,10,162.317,166.388,FILLED,10,10
2024-03-14 13:52:12.098,SELL,LIMIT,IOC,3,162.038,166.042,FILLED,1,3
2024-03-14 13:54:38.053,SELL,LIMIT,IOC,79,161.436,165.645,FILLED,79,79
2024-03-14 13:54:55.108,SELL,LIMIT,IOC,21,161.29,165.52,FILLED,21,21
2024-03-14 13:55:53.054,SELL,LIMIT,IOC,24,161.007,165.288,FILLED,24,24
2024-03-14 13:56:11.041,SELL,LIMIT,IOC,19,160.93,164.776,FILLED,19,19
2024-03-14 13:56:12.056,SELL,LIMIT,IOC,8242,160.71,164.628,FILLED,659,8242
2024-03-14 15:28:51.053,SELL,LIMIT,IOC,17,161.341,165.361,FILLED,8,17
2024-03-14 16:30:00.040,SELL,LIMIT,IOC,4,160.629,164.605,FILLED,4,4
2024-03-14 16:30:20.090,SELL,LIMIT,IOC,2516,160.478,164.267,FILLED,319,2516
2024-03-14 16:30:32.107,SELL,LIMIT,IOC,97,160.228,164.247,FILLED,97,97
2024-03-14 17:40:29.082,SELL,LIMIT,IOC,8,162.138,166.142,FILLED,8,8
2024-03-14 17:41:38.030,SELL,LIMIT,IOC,4,161.663,165.63,FILLED,1,4
2024-03-14 18:45:26.038,SELL,LIMIT,IOC,445,161.091,165.06,FILLED,50,445
2024-03-14 18:50:32.068,SELL,LIMIT,IOC,7,159.712,163.675,FILLED,7,7
2024-03-14 18:50:34.035,SELL,LIMIT,IOC,5,159.628,163.551,FILLED,5,5
2024-03-14 18:50:35.090,SELL,LIMIT,IOC,113,159.568,163.511,FILLED,6,113
2024-03-14 18:50:39.039,SELL,LIMIT,IOC,144,159.424,163.371,FILLED,64,144
2024-03-14 18:51:44.071,SELL,LIMIT,IOC,2,159.149,163.001,FILLED,2,2
2024-03-14 18:51:47.078,SELL,LIMIT,IOC,29,158.95,162.847,FILLED,29,29
2024-03-14 18:52:12.087,SELL,LIMIT,IOC,218,158.862,162.833,FILLED,218,218
2024-03-14 19:28:27.066,SELL,LIMIT,IOC,442,158.387,162.295,FILLED,10,442
2024-03-14 19:30:36.074,SELL,LIMIT,IOC,104,158.23,162.184,FILLED,23,104
2024-03-14 19:30:40.039,SELL,LIMIT,IOC,3,158.193,162.125,FILLED,3,3
2024-03-14 19:30:42.029,SELL,LIMIT,IOC,11936,158.156,162.016,FILLED,68,11936
2024-03-14 19:30:52.041,SELL,LIMIT,IOC,509,157.436,161.384,FILLED,120,509
2024-03-14 19:30:54.090,SELL,LIMIT,IOC,16,157.289,161.245,FILLED,16,16
2024-03-14 19:31:15.045,SELL,LIMIT,IOC,6,157.198,161.114,FILLED,6,6
2024-03-14 19:31:17.053,SELL,LIMIT,IOC,6,157.075,160.881,FILLED,6,6
2024-03-14 19:31:20.053,SELL,LIMIT,IOC,162,156.955,160.838,FILLED,49,162
2024-03-14 19:35:31.036,SELL,LIMIT,IOC,10,156.73,160.603,FILLED,10,10
2024-03-14 19:35:54.089,SELL,LIMIT,IOC,572,156.63,160.5,FILLED,148,572
2024-03-14 19:35:56.067,SELL,LIMIT,IOC,80,156.492,160.382,FILLED,47,80
2024-03-14 19:36:00.063,SELL,LIMIT,IOC,511,156.421,160.352,FILLED,53,511
2024-03-14 19:36:31.093,SELL,LIMIT,IOC,9,156.342,160.318,FILLED,9,9
2024-03-14 19:43:45.052,SELL,LIMIT,IOC,51,155.991,159.712,FILLED,51,51
2024-03-14 19:43:49.082,SELL,LIMIT,IOC,1,155.581,159.531,FILLED,1,1
2024-03-14 20:32:50.085,BUY,LIMIT,IOC,2,172.437,168.224,FILLED,2,2
2024-03-14 20:39:58.051,BUY,LIMIT,IOC,170,173.534,169.294,FILLED,76,170
2024-03-14 22:08:17.059,BUY,LIMIT,IOC,1,176.314,172.011,FILLED,1,1
2024-03-14 23:12:33.050,BUY,LIMIT,IOC,3,178.807,174.839,FILLED,3,3
2024-03-14 23:12:47.112,BUY,LIMIT,IOC,39,179.306,174.918,FILLED,35,39
2024-03-14 23:35:54.066,BUY,LIMIT,IOC,2,180.048,175.671,FILLED,2,2
2024-03-14 23:36:16.088,BUY,LIMIT,IOC,18,180.446,175.985,FILLED,18,18
2024-03-14 23:38:11.090,BUY,LIMIT,IOC,137,180.586,176.08,FILLED,21,137
2024-03-14 23:38:13.058,BUY,LIMIT,IOC,40,180.63,176.2,FILLED,32,40
2024-03-14 23:43:22.075,BUY,LIMIT,IOC,79,181.632,177.146,FILLED,1,79
2024-03-14 23:44:14.034,BUY,LIMIT,IOC,1,182.135,177.735,FILLED,1,1
2024-03-14 23:44:39.064,BUY,LIMIT,IOC,21,182.424,177.983,FILLED,20,21
2024-03-14 23:45:24.054,BUY,LIMIT,IOC,821,182.6,178.106,FILLED,379,821
2024-03-15 00:03:08.044,BUY,LIMIT,IOC,3410,183.279,178.925,FILLED,108,3410
2024-03-15 00:03:54.067,BUY,LIMIT,IOC,771,183.599,179.163,FILLED,20,771
2024-03-15 01:13:33.069,BUY,LIMIT,IOC,384,185.091,180.549,FILLED,79,384
2024-03-15 01:13:54.058,BUY,LIMIT,IOC,5,185.303,180.748,FILLED,5,5
2024-03-15 01:14:08.040,BUY,LIMIT,IOC,50,185.418,181.149,FILLED,50,50
2024-03-15 01:14:10.081,BUY,LIMIT,IOC,1,185.882,181.341,FILLED,1,1
2024-03-15 01:14:22.066,BUY,LIMIT,IOC,89,186.104,181.753,FILLED,45,89
2024-03-15 01:18:49.076,BUY,LIMIT,IOC,1,187.381,182.899,FILLED,1,1
2024-03-15 01:18:53.040,BUY,LIMIT,IOC,8,187.566,182.962,FILLED,8,8
2024-03-15 01:19:58.038,BUY,LIMIT,IOC,8,188.051,183.497,FILLED,8,8
2024-03-15 01:20:01.114,BUY,LIMIT,IOC,23,188.207,183.772,FILLED,23,23
2024-03-15 01:20:03.083,BUY,LIMIT,IOC,92,188.402,183.869,FILLED,22,92
2024-03-15 01:20:18.078,BUY,LIMIT,IOC,29,188.892,184.31,FILLED,29,29
2024-03-15 01:20:21.091,BUY,LIMIT,IOC,848,188.939,184.353,FILLED,21,848
2024-03-15 01:20:28.076,BUY,LIMIT,IOC,736,189.231,184.851,FILLED,62,736
2024-03-15 01:20:30.108,BUY,LIMIT,IOC,160,189.351,184.848,FILLED,3,160
2024-03-15 01:30:47.053,BUY,LIMIT,IOC,1980,189.525,184.857,FILLED,1949,1980
2024-03-15 01:34:32.065,BUY,LIMIT,IOC,1700,189.841,185.261,FILLED,111,1700
2024-03-15 01:34:36.060,BUY,LIMIT,IOC,5,189.881,185.194,FILLED,5,5
2024-03-15 01:35:06.047,BUY,LIMIT,IOC,456,190.035,185.751,FILLED,110,456
2024-03-15 01:35:09.043,BUY,LIMIT,IOC,242,190.607,186.165,FILLED,74,242
2024-03-15 01:37:48.040,BUY,LIMIT,IOC,6,191.428,186.701,FILLED,6,6
2024-03-15 02:26:32.064,SELL,LIMIT,IOC,93,177.307,181.719,FILLED,93,93
2024-03-15 02:30:26.062,SELL,LIMIT,IOC,12,175.97,180.333,FILLED,12,12
2024-03-15 02:30:34.106,SELL,LIMIT,IOC,20,175.78,180.166,FILLED,20,20
2024-03-15 02:32:29.045,SELL,LIMIT,IOC,427,175.637,179.884,FILLED,46,427
2024-03-15 02:36:42.039,SELL,LIMIT,IOC,2052,175.284,179.553,FILLED,69,2052
2024-03-15 02:39:56.079,SELL,LIMIT,IOC,1,174.602,178.8,FILLED,1,1
2024-03-15 02:42:04.082,SELL,LIMIT,IOC,181,173.526,177.656,FILLED,36,181
2024-03-15 02:52:38.099,SELL,LIMIT,IOC,227,172.414,176.748,FILLED,98,227
2024-03-15 02:53:02.062,SELL,LIMIT,IOC,21,171.841,175.362,FILLED,21,21
2024-03-15 02:53:04.072,SELL,LIMIT,IOC,10,171.411,175.334,FILLED,10,10
2024-03-15 03:04:48.048,BUY,LIMIT,IOC,176,186.748,182.264,FILLED,42,176
2024-03-15 03:20:37.039,SELL,LIMIT,IOC,83,172.726,176.812,FILLED,83,83
2024-03-15 03:21:17.072,SELL,LIMIT,IOC,1148,172.316,176.535,FILLED,37,1148
2024-03-15 03:22:26.064,SELL,LIMIT,IOC,7,171.355,175.583,FILLED,7,7
2024-03-15 03:22:31.040,SELL,LIMIT,IOC,3999,171.062,175.17,FILLED,30,3999
2024-03-15 03:23:48.047,SELL,LIMIT,IOC,9118,170.947,175.011,FILLED,3516,9118
2024-03-15 03:23:51.122,SELL,LIMIT,IOC,11215,170.795,174.611,FILLED,261,11215
2024-03-15 03:25:36.113,SELL,LIMIT,IOC,1,169.615,173.497,FILLED,1,1
2024-03-15 03:25:38.072,SELL,LIMIT,IOC,5,169.067,173.121,FILLED,3,5
2024-03-15 03:27:29.034,SELL,LIMIT,IOC,839,168.459,172.427,FILLED,172,839
2024-03-15 03:27:30.091,SELL,LIMIT,IOC,18,168.362,172.204,FILLED,18,18
2024-03-15 03:28:25.029,SELL,LIMIT,IOC,647,168.122,171.822,FILLED,73,647
2024-03-15 03:28:27.041,SELL,LIMIT,IOC,180,167.656,171.408,FILLED,1,180
2024-03-15 03:28:30.039,SELL,LIMIT,IOC,5500,167.08,170.999,FILLED,62,5500
2024-03-15 03:28:32.050,SELL,LIMIT,IOC,80352,166.953,170.295,FILLED,344,80352
2024-03-15 03:28:36.096,SELL,LIMIT,IOC,100,166.473,169.68,FILLED,50,100
2024-03-15 03:45:47.107,BUY,LIMIT,IOC,262,183.699,179.248,FILLED,220,262
2024-03-15 04:02:36.038,SELL,LIMIT,IOC,1,170.442,174.666,FILLED,1,1
2024-03-15 04:06:20.093,SELL,LIMIT,IOC,9182,168.124,171.721,FILLED,1551,9182
2024-03-15 04:06:24.106,SELL,LIMIT,IOC,10101,167.557,171.595,FILLED,107,10101
2024-03-15 05:47:11.067,SELL,LIMIT,IOC,62,169.425,173.648,FILLED,53,62
2024-03-15 06:29:07.028,BUY,LIMIT,IOC,1,183.644,179.34,FILLED,1,1
2024-03-15 06:35:29.051,BUY,LIMIT,IOC,29,186.464,181.888,FILLED,29,29
2024-03-15 07:09:17.020,SELL,LIMIT,IOC,708,173.224,177.436,FILLED,5,708
2024-03-15 07:17:31.096,SELL,LIMIT,IOC,11,172.462,176.704,FILLED,11,11
2024-03-15 07:19:25.054,SELL,LIMIT,IOC,57,171.704,175.917,FILLED,57,57
2024-03-15 07:23:26.065,SELL,LIMIT,IOC,246,170.75,174.337,FILLED,186,246
2024-03-15 08:24:12.109,SELL,LIMIT,IOC,2300,170.109,174.229,FILLED,772,2300
2024-03-15 08:28:07.122,SELL,LIMIT,IOC,41,169.578,173.781,FILLED,41,41
2024-03-15 08:28:42.107,SELL,LIMIT,IOC,1388,169.39,173.567,FILLED,64,1388
2024-03-15 08:35:45.086,SELL,LIMIT,IOC,51,168.634,172.72,FILLED,9,51
2024-03-15 08:39:11.061,SELL,LIMIT,IOC,166,167.893,172.0,FILLED,11,166
2024-03-15 08:39:14.040,SELL,LIMIT,IOC,86,167.801,172.006,FILLED,55,86
2024-03-15 08:45:41.087,SELL,LIMIT,IOC,6,166.448,170.575,FILLED,6,6
2024-03-15 08:48:33.069,SELL,LIMIT,IOC,1,166.05,170.152,FILLED,1,1
2024-03-15 08:48:37.060,SELL,LIMIT,IOC,3,165.965,170.126,FILLED,3,3
2024-03-15 08:49:13.055,SELL,LIMIT,IOC,35,165.709,169.761,FILLED,35,35
2024-03-15 08:49:16.055,SELL,LIMIT,IOC,6,165.489,169.559,FILLED,6,6
2024-03-15 08:51:40.058,SELL,LIMIT,IOC,175,164.815,168.824,FILLED,34,175
2024-03-15 08:51:43.116,SELL,LIMIT,IOC,22472,164.706,168.606,FILLED,405,22472
2024-03-15 08:51:49.037,SELL,LIMIT,IOC,148,164.559,168.652,FILLED,48,148
2024-03-15 08:52:09.033,SELL,LIMIT,IOC,1141,164.216,168.175,FILLED,46,1141
2024-03-15 08:59:16.041,SELL,LIMIT,IOC,359,163.746,167.721,FILLED,359,359
2024-03-15 08:59:40.104,SELL,LIMIT,IOC,950,163.619,167.733,FILLED,470,950
2024-03-15 08:59:45.044,SELL,LIMIT,IOC,14,163.519,167.347,FILLED,12,14
2024-03-15 08:59:47.077,SELL,LIMIT,IOC,110,163.179,167.326,FILLED,30,110
2024-03-15 09:00:28.103,SELL,LIMIT,IOC,86,163.083,167.06,FILLED,6,86
2024-03-15 09:02:15.065,SELL,LIMIT,IOC,8,162.986,167.01,FILLED,1,8
2024-03-15 09:02:20.055,SELL,LIMIT,IOC,1,162.862,166.836,FILLED,1,1
2024-03-15 09:02:22.106,SELL,LIMIT,IOC,396,162.761,166.57,FILLED,64,396
2024-03-15 09:02:30.060,SELL,LIMIT,IOC,4,162.516,166.338,FILLED,4,4
2024-03-15 09:02:47.079,SELL,LIMIT,IOC,885,162.444,166.086,FILLED,21,885
2024-03-15 09:02:49.093,SELL,LIMIT,IOC,104,162.413,166.114,FILLED,104,104
2024-03-15 09:03:01.034,SELL,LIMIT,IOC,2106,162.371,166.078,FILLED,230,2106
2024-03-15 09:05:36.051,SELL,LIMIT,IOC,122,162.305,166.329,FILLED,62,122
2024-03-15 09:06:09.046,SELL,LIMIT,IOC,616,162.126,166.168,FILLED,21,616
2024-03-15 09:06:47.056,SELL,LIMIT,IOC,17,162.052,166.135,FILLED,17,17
2024-03-15 09:06:51.077,SELL,LIMIT,IOC,3,161.955,165.89,FILLED,3,3
2024-03-15 09:06:58.060,SELL,LIMIT,IOC,4,161.531,165.119,FILLED,2,4
2024-03-15 09:06:59.049,SELL,LIMIT,IOC,53,161.38,165.221,FILLED,11,53
2024-03-15 09:07:39.124,SELL,LIMIT,IOC,183,161.186,165.103,FILLED,37,183
2024-03-15 09:55:17.103,BUY,LIMIT,IOC,84,178.473,174.112,FILLED,21,84
2024-03-15 11:05:31.079,SELL,LIMIT,IOC,4,165.247,169.338,FILLED,1,4
2024-03-15 11:07:40.065,SELL,LIMIT,IOC,13,164.642,168.647,FILLED,13,13
2024-03-15 11:09:12.083,SELL,LIMIT,IOC,64,164.148,168.328,FILLED,48,64
2024-03-15 11:11:08.047,SELL,LIMIT,IOC,3,163.595,167.619,FILLED,3,3
2024-03-15 11:23:51.050,SELL,LIMIT,IOC,9,162.837,166.866,FILLED,9,9
2024-03-15 11:24:14.090,SELL,LIMIT,IOC,2,162.754,166.585,FILLED,2,2
2024-03-15 11:24:29.041,SELL,LIMIT,IOC,11,162.588,166.418,FILLED,11,11
2024-03-15 11:24:32.103,SELL,LIMIT,IOC,4,162.339,166.35,FILLED,2,4
2024-03-15 11:24:37.042,SELL,LIMIT,IOC,3,162.294,166.539,FILLED,3,3
2024-03-15 12:33:49.043,BUY,LIMIT,IOC,100,177.241,172.811,FILLED,28,100
2024-03-15 13:04:31.060,BUY,LIMIT,IOC,155,178.681,174.367,FILLED,11,155
2024-03-15 13:06:30.047,BUY,LIMIT,IOC,10,179.72,175.336,FILLED,10,10
2024-03-15 13:06:57.043,BUY,LIMIT,IOC,2,180.51,176.065,FILLED,2,2
2024-03-15 13:07:33.121,BUY,LIMIT,IOC,79,181.167,176.737,FILLED,32,79
2024-03-15 13:33:47.079,BUY,LIMIT,IOC,189,181.65,177.185,FILLED,20,189
2024-03-15 13:33:50.083,BUY,LIMIT,IOC,61,182.055,177.614,FILLED,61,61
2024-03-15 13:42:31.067,BUY,LIMIT,IOC,91,185.103,181.188,FILLED,16,91
2024-03-15 13:42:33.064,BUY,LIMIT,IOC,6,185.746,181.361,FILLED,6,6
2024-03-15 13:42:46.109,BUY,LIMIT,IOC,349,186.13,181.692,FILLED,34,349
2024-03-15 16:09:33.075,SELL,LIMIT,IOC,15,174.826,179.156,FILLED,15,15
2024-03-15 16:10:13.074,SELL,LIMIT,IOC,433,174.487,178.614,FILLED,199,433
2024-03-15 16:10:14.084,SELL,LIMIT,IOC,2479,174.28,178.531,FILLED,13,2479
2024-03-15 16:10:16.027,SELL,LIMIT,IOC,5,174.264,178.414,FILLED,5,5
2024-03-15 16:10:17.035,SELL,LIMIT,IOC,2,174.232,178.44,FILLED,2,2
2024-03-15 18:36:35.048,BUY,LIMIT,IOC,95,189.183,184.526,FILLED,10,95
2024-03-15 18:43:13.054,BUY,LIMIT,IOC,580,191.539,187.0,FILLED,580,580
2024-03-15 18:43:32.028,BUY,LIMIT,IOC,655,192.093,187.71,FILLED,488,655
2024-03-15 18:45:37.085,BUY,LIMIT,IOC,3,192.264,187.443,FILLED,3,3
2024-03-15 18:45:39.068,BUY,LIMIT,IOC,4,192.303,187.6,FILLED,2,4
2024-03-15 18:46:57.027,BUY,LIMIT,IOC,25,192.874,188.368,FILLED,25,25
2024-03-15 19:09:31.080,BUY,LIMIT,IOC,122,193.419,188.697,FILLED,6,122
2024-03-15 19:09:41.067,BUY,LIMIT,IOC,5,193.6,188.788,FILLED,1,5
2024-03-15 19:11:21.081,BUY,LIMIT,IOC,3,193.865,189.139,FILLED,3,3
2024-03-15 19:50:37.025,SELL,LIMIT,IOC,8539,179.615,183.939,FILLED,7,8539
2024-03-15 19:50:59.038,SELL,LIMIT,IOC,36,179.067,183.417,FILLED,10,36
2024-03-15 19:57:18.033,SELL,LIMIT,IOC,12,178.797,183.3,FILLED,12,12
2024-03-15 19:58:11.058,SELL,LIMIT,IOC,394,178.448,182.814,FILLED,54,394
2024-03-15 19:58:34.056,SELL,LIMIT,IOC,112,178.13,182.507,FILLED,32,112
2024-03-15 19:58:35.062,SELL,LIMIT,IOC,63,178.048,182.403,FILLED,31,63
2024-03-15 20:03:24.066,SELL,LIMIT,IOC,50,176.923,181.283,FILLED,50,50
2024-03-15 20:04:27.057,SELL,LIMIT,IOC,2,176.257,180.568,FILLED,2,2
2024-03-15 20:07:14.054,SELL,LIMIT,IOC,4,175.947,180.206,FILLED,4,4
2024-03-15 20:09:05.042,SELL,LIMIT,IOC,215,174.971,179.207,FILLED,113,215
2024-03-15 20:09:19.071,SELL,LIMIT,IOC,3,174.555,178.889,FILLED,1,3
2024-03-15 20:09:21.019,SELL,LIMIT,IOC,138,174.443,178.874,FILLED,45,138
2024-03-15 20:09:33.025,SELL,LIMIT,IOC,36,174.147,178.66,FILLED,36,36
2024-03-15 20:39:44.070,SELL,LIMIT,IOC,20,173.81,178.221,FILLED,20,20
2024-03-15 20:40:15.059,SELL,LIMIT,IOC,122,173.76,177.927,FILLED,19,122
2024-03-15 20:40:16.090,SELL,LIMIT,IOC,4,173.672,177.776,FILLED,4,4
2024-03-15 20:43:41.081,SELL,LIMIT,IOC,2,172.318,176.611,FILLED,2,2
2024-03-15 20:43:46.040,SELL,LIMIT,IOC,2,172.187,176.14,FILLED,2,2
2024-03-15 20:43:47.088,SELL,LIMIT,IOC,872,171.924,176.035,FILLED,90,872
2024-03-15 20:48:22.066,SELL,LIMIT,IOC,235,171.756,175.888,FILLED,232,235
2024-03-15 20:49:11.051,SELL,LIMIT,IOC,71,171.399,175.629,FILLED,29,71
2024-03-15 22:59:46.025,BUY,LIMIT,IOC,7,188.789,184.075,FILLED,7,7
2024-03-15 23:11:51.064,BUY,LIMIT,IOC,143,189.164,184.487,FILLED,17,143
2024-03-16 01:54:18.026,BUY,LIMIT,IOC,967,191.207,186.598,FILLED,424,967
2024-03-16 03:15:29.043,BUY,LIMIT,IOC,3,192.406,187.767,FILLED,3,3
2024-03-16 03:30:29.102,BUY,LIMIT,IOC,3,192.679,187.981,FILLED,3,3
2024-03-16 03:37:17.061,BUY,LIMIT,IOC,2,193.106,188.369,FILLED,1,2
2024-03-16 04:44:26.077,BUY,LIMIT,IOC,3,194.651,189.939,FILLED,3,3
2024-03-16 05:34:47.024,BUY,LIMIT,IOC,451,195.096,190.349,FILLED,29,451
2024-03-16 05:35:15.035,BUY,LIMIT,IOC,1,195.506,190.972,FILLED,1,1
2024-03-16 05:35:31.057,BUY,LIMIT,IOC,4,196.068,191.254,FILLED,4,4
2024-03-16 05:36:02.061,BUY,LIMIT,IOC,147,196.338,191.737,FILLED,147,147
2024-03-16 05:52:43.023,BUY,LIMIT,IOC,1000,197.851,193.145,FILLED,706,1000
2024-03-16 07:26:18.043,BUY,LIMIT,IOC,23,198.009,193.285,FILLED,23,23
2024-03-16 07:56:09.082,BUY,LIMIT,IOC,24,198.718,193.868,FILLED,24,24
2024-03-16 10:12:05.035,BUY,LIMIT,IOC,9,200.085,195.068,FILLED,9,9
2024-03-16 10:27:21.068,BUY,LIMIT,IOC,13,200.663,195.956,FILLED,13,13
2024-03-16 10:30:11.057,BUY,LIMIT,IOC,5,200.94,196.052,FILLED,5,5
2024-03-16 10:30:13.053,BUY,LIMIT,IOC,83,201.11,196.246,FILLED,83,83
2024-03-16 10:30:18.060,BUY,LIMIT,IOC,130,201.305,196.469,FILLED,69,130
2024-03-16 10:30:19.058,BUY,LIMIT,IOC,21,201.397,196.581,FILLED,16,21
2024-03-16 10:30:21.046,BUY,LIMIT,IOC,287,201.768,196.704,FILLED,287,287
2024-03-16 10:35:35.029,BUY,LIMIT,IOC,105,202.135,197.147,FILLED,44,105
2024-03-16 10:37:00.038,BUY,LIMIT,IOC,1,202.295,197.28,FILLED,1,1
2024-03-16 10:37:06.024,BUY,LIMIT,IOC,29,202.408,197.534,FILLED,29,29
2024-03-16 10:38:32.067,BUY,LIMIT,IOC,298,202.622,197.588,FILLED,51,298
2024-03-16 10:39:07.106,BUY,LIMIT,IOC,2,202.75,197.757,FILLED,2,2
2024-03-16 10:39:15.078,BUY,LIMIT,IOC,2032,202.901,197.94,FILLED,78,2032
2024-03-16 11:13:53.047,SELL,LIMIT,IOC,83,188.1,192.874,FILLED,36,83
2024-03-16 11:15:23.039,SELL,LIMIT,IOC,402,187.351,191.906,FILLED,64,402
2024-03-16 12:31:53.052,SELL,LIMIT,IOC,51,185.642,190.219,FILLED,51,51
2024-03-16 12:33:48.070,SELL,LIMIT,IOC,2164,185.404,190.0,FILLED,2154,2164
2024-03-16 12:33:52.071,SELL,LIMIT,IOC,3,185.102,189.603,FILLED,3,3
2024-03-16 12:34:58.056,SELL,LIMIT,IOC,75,184.56,189.148,FILLED,31,75
2024-03-16 12:35:49.037,SELL,LIMIT,IOC,763,184.415,189.0,FILLED,763,763
2024-03-16 14:03:06.047,SELL,LIMIT,IOC,4151,183.929,188.398,FILLED,762,4151
2024-03-16 14:03:28.095,SELL,LIMIT,IOC,3769,183.448,188.005,FILLED,1458,3769
2024-03-16 14:04:40.099,SELL,LIMIT,IOC,35,183.354,188.074,FILLED,35,35
2024-03-16 15:45:38.025,BUY,LIMIT,IOC,18,199.621,194.769,FILLED,18,18
2024-03-16 15:49:43.027,BUY,LIMIT,IOC,15,200.334,195.619,FILLED,15,15
2024-03-16 16:51:26.053,SELL,LIMIT,IOC,1,186.66,191.255,FILLED,1,1
2024-03-16 17:17:16.032,SELL,LIMIT,IOC,383,184.169,188.667,FILLED,304,383
2024-03-16 17:27:54.090,SELL,LIMIT,IOC,1,183.629,188.293,FILLED,1,1
2024-03-16 17:32:35.071,SELL,LIMIT,IOC,384,183.354,187.91,FILLED,263,384
2024-03-16 17:32:37.026,SELL,LIMIT,IOC,7,183.281,187.88,FILLED,7,7
2024-03-16 17:32:44.052,SELL,LIMIT,IOC,499,183.138,187.67,FILLED,69,499
2024-03-16 17:32:49.033,SELL,LIMIT,IOC,661,183.09,187.603,FILLED,12,661
2024-03-16 17:32:53.046,SELL,LIMIT,IOC,49,183.006,187.554,FILLED,49,49
2024-03-16 17:35:28.102,SELL,LIMIT,IOC,1,182.93,187.472,FILLED,1,1
2024-03-16 17:38:08.078,SELL,LIMIT,IOC,3,182.645,187.22,FILLED,3,3
2024-03-16 17:38:15.028,SELL,LIMIT,IOC,4,182.501,187.051,FILLED,4,4
2024-03-16 17:38:44.057,SELL,LIMIT,IOC,105,182.486,187.002,FILLED,35,105
2024-03-16 17:39:37.080,SELL,LIMIT,IOC,3,182.158,186.668,FILLED,3,3
2024-03-16 17:40:37.059,SELL,LIMIT,IOC,51,181.689,186.178,FILLED,10,51
2024-03-16 17:46:19.064,SELL,LIMIT,IOC,11,181.485,185.847,FILLED,11,11
2024-03-16 17:46:21.034,SELL,LIMIT,IOC,382,181.312,185.791,FILLED,55,382
2024-03-16 17:46:42.054,SELL,LIMIT,IOC,33,181.109,185.481,FILLED,33,33
2024-03-16 17:46:43.093,SELL,LIMIT,IOC,19,180.958,185.444,FILLED,19,19
2024-03-16 17:48:47.017,SELL,LIMIT,IOC,154,180.701,184.335,FILLED,154,154
2024-03-16 17:48:48.026,SELL,LIMIT,IOC,1200,180.201,183.436,FILLED,588,1200
2024-03-16 17:48:49.070,SELL,LIMIT,IOC,35,179.417,183.016,FILLED,35,35
2024-03-16 17:48:50.077,SELL,LIMIT,IOC,1423,179.042,182.516,FILLED,30,1423
2024-03-16 18:36:18.100,SELL,LIMIT,IOC,6,178.156,182.542,FILLED,6,6
2024-03-16 18:36:43.030,SELL,LIMIT,IOC,16,177.809,182.07,FILLED,16,16
2024-03-16 18:37:45.024,SELL,LIMIT,IOC,1839,177.445,181.679,FILLED,406,1839
2024-03-16 18:37:46.039,SELL,LIMIT,IOC,285,177.384,181.662,FILLED,42,285
2024-03-16 18:53:43.079,SELL,LIMIT,IOC,1,177.305,181.638,FILLED,1,1
2024-03-16 18:54:38.040,SELL,LIMIT,IOC,1211,177.262,181.612,FILLED,477,1211
2024-03-16 18:54:49.033,SELL,LIMIT,IOC,1865,177.115,181.396,FILLED,119,1865
2024-03-16 18:54:52.077,SELL,LIMIT,IOC,3825,176.92,181.152,FILLED,606,3825
2024-03-16 18:55:18.030,SELL,LIMIT,IOC,550,176.659,181.065,FILLED,54,550
2024-03-16 19:42:57.098,SELL,LIMIT,IOC,51,177.251,181.628,FILLED,5,51
2024-03-16 19:45:23.104,SELL,LIMIT,IOC,195,176.73,181.106,FILLED,114,195
2024-03-16 19:45:26.069,SELL,LIMIT,IOC,30,176.509,180.788,FILLED,28,30
2024-03-16 19:45:28.043,SELL,LIMIT,IOC,29,176.44,180.69,FILLED,29,29
2024-03-16 19:45:32.075,SELL,LIMIT,IOC,229,176.109,180.417,FILLED,29,229
2024-03-16 19:48:22.081,SELL,LIMIT,IOC,3912,176.019,180.301,FILLED,569,3912
2024-03-16 19:51:37.139,SELL,LIMIT,IOC,6,176.298,180.055,FILLED,6,6
2024-03-16 19:51:41.045,SELL,LIMIT,IOC,61,175.352,179.678,FILLED,61,61
2024-03-16 19:51:44.030,SELL,LIMIT,IOC,946,175.16,179.501,FILLED,866,946
2024-03-16 19:53:33.084,SELL,LIMIT,IOC,7,175.078,179.333,FILLED,2,7
2024-03-16 19:53:35.069,SELL,LIMIT,IOC,4,174.985,179.447,FILLED,4,4
2024-03-16 19:53:38.033,SELL,LIMIT,IOC,116,174.796,179.154,FILLED,30,116
2024-03-16 19:53:45.078,SELL,LIMIT,IOC,16,174.64,179.079,FILLED,16,16
2024-03-16 19:54:33.059,SELL,LIMIT,IOC,294,174.506,178.741,FILLED,47,294
2024-03-16 20:15:24.099,SELL,LIMIT,IOC,3,174.331,178.664,FILLED,3,3
2024-03-16 20:15:41.047,SELL,LIMIT,IOC,2796,173.894,178.222,FILLED,957,2796
2024-03-16 20:17:50.068,SELL,LIMIT,IOC,49,173.723,178.018,FILLED,36,49
2024-03-16 20:17:58.063,SELL,LIMIT,IOC,155,173.341,177.619,FILLED,38,155
2024-03-16 20:17:59.084,SELL,LIMIT,IOC,1,173.282,177.558,FILLED,1,1
2024-03-16 20:18:10.075,SELL,LIMIT,IOC,25,173.039,177.304,FILLED,15,25
2024-03-16 20:18:48.042,SELL,LIMIT,IOC,80,172.93,177.199,FILLED,2,80
2024-03-16 20:18:52.033,SELL,LIMIT,IOC,22412,172.927,177.037,FILLED,513,22412
2024-03-16 20:35:04.037,BUY,LIMIT,IOC,1185,187.988,183.357,FILLED,16,1185
2024-03-16 20:43:36.103,BUY,LIMIT,IOC,1,189.549,184.898,FILLED,1,1
2024-03-16 21:09:06.127,SELL,LIMIT,IOC,28,176.824,181.18,FILLED,24,28
2024-03-16 21:18:56.080,SELL,LIMIT,IOC,95,176.32,180.644,FILLED,7,95
2024-03-16 21:19:29.051,SELL,LIMIT,IOC,32,175.59,179.957,FILLED,32,32
2024-03-16 21:21:27.038,SELL,LIMIT,IOC,13,174.882,179.119,FILLED,13,13
2024-03-16 21:25:50.086,SELL,LIMIT,IOC,290,174.275,178.65,FILLED,58,290
2024-03-16 23:12:55.032,SELL,LIMIT,IOC,17,173.021,177.406,FILLED,17,17
2024-03-17 00:20:44.088,BUY,LIMIT,IOC,192,191.834,187.133,FILLED,56,192
2024-03-17 00:39:32.084,SELL,LIMIT,IOC,11362,180.015,184.334,FILLED,4362,11362
2024-03-17 00:41:44.034,SELL,LIMIT,IOC,5,178.498,182.92,FILLED,5,5
2024-03-17 00:42:55.063,SELL,LIMIT,IOC,54,178.446,182.887,FILLED,15,54
2024-03-17 06:55:41.070,SELL,LIMIT,IOC,11847,179.537,184.017,FILLED,211,11847
2024-03-17 06:56:12.108,SELL,LIMIT,IOC,2,179.505,184.022,FILLED,2,2
2024-03-17 06:56:24.083,SELL,LIMIT,IOC,77,179.303,183.912,FILLED,77,77
2024-03-17 06:59:48.095,SELL,LIMIT,IOC,29,178.771,183.231,FILLED,29,29
2024-03-17 07:09:47.047,SELL,LIMIT,IOC,3,177.06,181.24,FILLED,3,3
2024-03-17 07:13:04.049,SELL,LIMIT,IOC,25,176.598,180.926,FILLED,4,25
2024-03-17 07:13:17.109,SELL,LIMIT,IOC,3,176.42,180.881,FILLED,3,3
2024-03-17 07:13:40.065,SELL,LIMIT,IOC,53,176.165,180.424,FILLED,11,53
2024-03-17 07:13:41.072,SELL,LIMIT,IOC,2,176.065,180.44,FILLED,2,2
2024-03-17 07:19:11.072,SELL,LIMIT,IOC,25,175.649,179.953,FILLED,25,25
2024-03-17 07:20:18.073,SELL,LIMIT,IOC,320,175.429,179.636,FILLED,260,320
2024-03-17 07:20:20.049,SELL,LIMIT,IOC,3,175.268,179.752,FILLED,3,3
2024-03-17 07:20:40.079,SELL,LIMIT,IOC,19,175.217,179.73,FILLED,19,19
2024-03-17 07:21:35.078,SELL,LIMIT,IOC,132,174.65,178.949,FILLED,44,132
2024-03-17 07:21:37.033,SELL,LIMIT,IOC,5,174.535,178.911,FILLED,5,5
2024-03-17 07:22:05.090,SELL,LIMIT,IOC,1,174.465,178.863,FILLED,1,1
2024-03-17 08:26:33.070,BUY,LIMIT,IOC,3,189.677,185.038,FILLED,3,3
2024-03-17 08:55:06.032,BUY,LIMIT,IOC,36,192.17,187.352,FILLED,36,36
2024-03-17 10:20:00.057,BUY,LIMIT,IOC,80,194.454,189.812,FILLED,80,80
2024-03-17 10:21:12.038,BUY,LIMIT,IOC,24,195.277,190.651,FILLED,24,24
2024-03-17 10:27:04.067,BUY,LIMIT,IOC,3,195.64,190.995,FILLED,3,3
2024-03-17 10:27:08.106,BUY,LIMIT,IOC,2,196.02,191.252,FILLED,2,2
2024-03-17 10:27:14.062,BUY,LIMIT,IOC,4646,196.274,191.674,FILLED,38,4646
2024-03-17 10:28:08.076,BUY,LIMIT,IOC,30,196.699,191.821,FILLED,26,30
2024-03-17 10:29:26.030,BUY,LIMIT,IOC,1,197.117,192.262,FILLED,1,1
2024-03-17 10:31:57.041,BUY,LIMIT,IOC,2,197.451,192.557,FILLED,2,2
2024-03-17 10:32:39.106,BUY,LIMIT,IOC,52,197.764,193.0,FILLED,52,52
2024-03-17 10:52:24.113,BUY,LIMIT,IOC,6,197.917,193.125,FILLED,6,6
2024-03-17 11:00:23.042,BUY,LIMIT,IOC,3,198.377,193.499,FILLED,3,3
2024-03-17 11:03:44.075,BUY,LIMIT,IOC,7,198.572,193.629,FILLED,7,7
2024-03-17 12:47:22.052,SELL,LIMIT,IOC,1,184.813,189.207,FILLED,1,1
2024-03-17 12:57:19.033,SELL,LIMIT,IOC,571,183.937,188.503,FILLED,32,571
2024-03-17 12:57:20.052,SELL,LIMIT,IOC,5,183.926,188.516,FILLED,5,5
2024-03-17 15:33:42.107,BUY,LIMIT,IOC,219,199.037,194.172,FILLED,56,219
2024-03-17 15:42:24.103,BUY,LIMIT,IOC,1,200.23,195.294,FILLED,1,1
2024-03-17 15:46:41.063,BUY,LIMIT,IOC,2,200.559,195.614,FILLED,2,2
2024-03-17 18:11:36.033,BUY,LIMIT,IOC,1,202.044,197.0,FILLED,1,1
2024-03-17 18:16:33.096,BUY,LIMIT,IOC,104,202.741,197.788,FILLED,104,104
2024-03-17 18:18:17.099,BUY,LIMIT,IOC,190,203.032,197.985,FILLED,58,190
2024-03-17 22:24:13.053,BUY,LIMIT,IOC,6,203.546,198.497,FILLED,2,6
2024-03-17 22:28:02.028,BUY,LIMIT,IOC,1,204.091,199.044,FILLED,1,1
2024-03-17 22:28:51.070,BUY,LIMIT,IOC,15,204.269,199.236,FILLED,15,15
2024-03-17 22:28:55.036,BUY,LIMIT,IOC,1,204.283,199.312,FILLED,1,1
2024-03-17 22:28:56.056,BUY,LIMIT,IOC,3650,204.296,199.334,FILLED,606,3650
2024-03-17 22:33:51.111,BUY,LIMIT,IOC,103,205.055,199.986,FILLED,19,103
2024-03-17 22:37:51.073,BUY,LIMIT,IOC,421,205.861,201.286,FILLED,249,421
2024-03-17 22:37:58.088,BUY,LIMIT,IOC,1255,205.997,201.267,FILLED,373,1255
2024-03-17 22:38:52.043,BUY,LIMIT,IOC,1075,206.322,201.566,FILLED,39,1075
2024-03-17 22:38:58.045,BUY,LIMIT,IOC,1,206.478,201.85,FILLED,1,1
2024-03-17 22:39:23.028,BUY,LIMIT,IOC,2,207.481,202.771,FILLED,2,2
2024-03-17 22:39:50.080,BUY,LIMIT,IOC,90,208.296,203.536,FILLED,41,90
2024-03-17 22:39:52.016,BUY,LIMIT,IOC,67,208.754,204.223,FILLED,39,67
2024-03-17 22:40:05.056,BUY,LIMIT,IOC,150,209.421,204.832,FILLED,150,150
2024-03-17 22:45:16.070,BUY,LIMIT,IOC,15,209.801,204.696,FILLED,15,15
2024-03-18 00:35:07.027,SELL,LIMIT,IOC,67,194.213,199.009,FILLED,42,67
2024-03-18 00:45:37.030,SELL,LIMIT,IOC,26,192.354,197.072,FILLED,10,26
2024-03-18 00:48:30.062,SELL,LIMIT,IOC,33,191.625,196.456,FILLED,13,33
2024-03-18 01:07:12.071,SELL,LIMIT,IOC,1314,189.472,194.006,FILLED,488,1314
2024-03-18 01:54:28.062,BUY,LIMIT,IOC,1,204.904,199.849,FILLED,1,1
2024-03-18 03:03:15.083,BUY,LIMIT,IOC,14145,209.963,204.882,FILLED,8422,14145
2024-03-18 03:03:18.030,BUY,LIMIT,IOC,140,210.029,204.896,FILLED,4,140
2024-03-18 03:04:45.095,BUY,LIMIT,IOC,2,210.163,204.948,FILLED,2,2
2024-03-18 08:18:49.083,SELL,LIMIT,IOC,157,195.197,199.882,FILLED,100,157
2024-03-18 08:20:49.068,SELL,LIMIT,IOC,76,194.708,199.491,FILLED,76,76
2024-03-18 09:44:32.043,BUY,LIMIT,IOC,118,211.555,206.621,FILLED,118,118
2024-03-18 09:44:35.079,BUY,LIMIT,IOC,388,211.953,207.193,FILLED,388,388
2024-03-18 09:45:31.100,BUY,LIMIT,IOC,1,212.455,207.411,FILLED,1,1
2024-03-18 09:45:36.084,BUY,LIMIT,IOC,4,212.789,207.678,FILLED,4,4
2024-03-18 10:02:20.034,BUY,LIMIT,IOC,23,213.904,208.72,FILLED,20,23
2024-03-18 10:02:21.037,BUY,LIMIT,IOC,106,213.994,208.727,FILLED,105,106
2024-03-18 10:02:24.104,BUY,LIMIT,IOC,23,214.008,208.752,FILLED,23,23
2024-03-18 10:02:27.036,BUY,LIMIT,IOC,107,214.238,208.973,FILLED,57,107
2024-03-18 10:08:11.082,BUY,LIMIT,IOC,16,214.488,209.272,FILLED,16,16
2024-03-18 10:08:24.034,BUY,LIMIT,IOC,3,214.736,209.532,FILLED,3,3
2024-03-18 10:08:25.046,BUY,LIMIT,IOC,2,214.902,209.682,FILLED,2,2
2024-03-18 10:14:22.036,BUY,LIMIT,IOC,93,215.338,210.025,FILLED,93,93
2024-03-18 13:47:29.067,SELL,LIMIT,IOC,299,199.192,204.154,FILLED,21,299
2024-03-18 13:47:32.080,SELL,LIMIT,IOC,11,199.054,204.0,FILLED,11,11
2024-03-18 13:47:58.062,SELL,LIMIT,IOC,43,198.92,203.664,FILLED,43,43
2024-03-18 14:02:41.018,SELL,LIMIT,IOC,406,198.183,203.104,FILLED,48,406
2024-03-18 14:43:51.049,SELL,LIMIT,IOC,10,197.271,202.229,FILLED,10,10
2024-03-18 14:44:45.059,SELL,LIMIT,IOC,6,197.077,202.044,FILLED,5,6
2024-03-18 14:44:51.064,SELL,LIMIT,IOC,1,197.015,201.902,FILLED,1,1
2024-03-18 14:45:17.057,SELL,LIMIT,IOC,14,196.506,201.408,FILLED,14,14
2024-03-18 14:53:18.099,SELL,LIMIT,IOC,1229,195.642,200.46,FILLED,37,1229
2024-03-18 14:56:43.024,SELL,LIMIT,IOC,271,195.072,199.673,FILLED,271,271
2024-03-18 15:17:04.053,SELL,LIMIT,IOC,100,194.754,199.51,FILLED,20,100
2024-03-18 15:17:05.061,SELL,LIMIT,IOC,533,194.596,199.28,FILLED,223,533
2024-03-18 16:50:58.092,SELL,LIMIT,IOC,5,195.276,200.18,FILLED,5,5
2024-03-18 16:54:41.060,SELL,LIMIT,IOC,6390,194.39,199.003,FILLED,1424,6390
2024-03-18 17:01:44.051,SELL,LIMIT,IOC,3,193.513,198.264,FILLED,3,3
2024-03-18 17:01:45.088,SELL,LIMIT,IOC,20,193.468,198.255,FILLED,16,20
2024-03-18 17:02:23.063,SELL,LIMIT,IOC,3,193.272,198.189,FILLED,1,3
2024-03-18 17:03:26.053,SELL,LIMIT,IOC,17,193.13,198.081,FILLED,17,17
2024-03-18 17:03:35.116,SELL,LIMIT,IOC,24,193.065,197.965,FILLED,15,24
2024-03-18 17:03:53.110,SELL,LIMIT,IOC,3,192.966,197.877,FILLED,3,3
2024-03-18 17:04:28.071,SELL,LIMIT,IOC,22,192.698,197.406,FILLED,22,22
2024-03-18 17:04:51.039,SELL,LIMIT,IOC,2,192.181,196.88,FILLED,2,2
2024-03-18 17:04:52.083,SELL,LIMIT,IOC,25,192.137,196.827,FILLED,25,25
2024-03-18 17:05:12.052,SELL,LIMIT,IOC,280,191.98,196.737,FILLED,22,280
2024-03-18 17:05:23.086,SELL,LIMIT,IOC,20,191.867,196.852,FILLED,20,20
2024-03-18 17:05:31.049,SELL,LIMIT,IOC,3,191.842,196.577,FILLED,3,3
2024-03-18 17:43:59.103,SELL,LIMIT,IOC,6,190.976,195.612,FILLED,6,6
2024-03-18 21:09:34.035,BUY,LIMIT,IOC,47,207.989,202.968,FILLED,47,47
2024-03-18 21:09:38.075,BUY,LIMIT,IOC,55,208.097,202.922,FILLED,51,55
2024-03-18 21:32:17.062,BUY,LIMIT,IOC,723,209.616,204.536,FILLED,278,723
2024-03-18 22:36:18.024,SELL,LIMIT,IOC,192,193.042,197.839,FILLED,47,192
2024-03-18 22:37:13.044,SELL,LIMIT,IOC,343,193.004,197.777,FILLED,343,343
2024-03-18 22:44:30.081,SELL,LIMIT,IOC,1,192.316,197.099,FILLED,1,1
2024-03-18 22:44:37.028,SELL,LIMIT,IOC,11,192.168,196.925,FILLED,11,11
2024-03-18 23:36:12.083,SELL,LIMIT,IOC,10,192.083,196.861,FILLED,1,10
2024-03-18 23:41:50.094,SELL,LIMIT,IOC,104,191.569,196.263,FILLED,94,104
2024-03-18 23:45:45.086,SELL,LIMIT,IOC,6,191.161,195.843,FILLED,5,6
2024-03-19 00:01:27.076,SELL,LIMIT,IOC,4,190.779,195.509,FILLED,3,4
2024-03-19 00:38:48.044,SELL,LIMIT,IOC,119,190.702,195.322,FILLED,30,119
2024-03-19 00:38:49.055,SELL,LIMIT,IOC,3,190.567,195.3,FILLED,3,3
2024-03-19 00:40:41.127,SELL,LIMIT,IOC,487,190.487,195.18,FILLED,487,487
2024-03-19 00:40:46.101,SELL,LIMIT,IOC,3433,190.449,195.198,FILLED,201,3433
2024-03-19 00:42:00.104,SELL,LIMIT,IOC,319,190.268,195.012,FILLED,1,319
2024-03-19 00:49:04.056,SELL,LIMIT,IOC,4090,190.05,194.781,FILLED,2129,4090
2024-03-19 00:49:05.078,SELL,LIMIT,IOC,3,190.036,194.793,FILLED,3,3
2024-03-19 00:49:11.048,SELL,LIMIT,IOC,15,189.981,194.72,FILLED,11,15
2024-03-19 00:49:23.036,SELL,LIMIT,IOC,46,189.968,194.689,FILLED,30,46
2024-03-19 00:49:26.090,SELL,LIMIT,IOC,235,189.886,194.551,FILLED,41,235
2024-03-19 00:49:40.095,SELL,LIMIT,IOC,2,189.724,194.463,FILLED,2,2
2024-03-19 00:49:49.056,SELL,LIMIT,IOC,219,189.66,194.463,FILLED,45,219
2024-03-19 00:50:17.040,SELL,LIMIT,IOC,1,189.245,193.785,FILLED,1,1
2024-03-19 00:50:18.059,SELL,LIMIT,IOC,124,189.105,193.767,FILLED,23,124
2024-03-19 00:50:19.073,SELL,LIMIT,IOC,1,189.057,193.821,FILLED,1,1
2024-03-19 00:53:13.082,SELL,LIMIT,IOC,130,188.786,193.462,FILLED,121,130
2024-03-19 01:01:47.032,SELL,LIMIT,IOC,29,188.493,193.069,FILLED,29,29
2024-03-19 01:01:48.057,SELL,LIMIT,IOC,3,188.34,193.032,FILLED,3,3
2024-03-19 01:01:51.033,SELL,LIMIT,IOC,170,188.293,192.942,FILLED,90,170
2024-03-19 01:02:55.075,SELL,LIMIT,IOC,63,188.111,192.722,FILLED,63,63
2024-03-19 01:04:16.078,SELL,LIMIT,IOC,2,187.92,192.536,FILLED,2,2
2024-03-19 01:04:21.047,SELL,LIMIT,IOC,614,187.732,192.341,FILLED,104,614
2024-03-19 01:04:22.047,SELL,LIMIT,IOC,8,187.685,192.414,FILLED,8,8
2024-03-19 01:04:32.025,SELL,LIMIT,IOC,2010,187.587,192.23,FILLED,35,2010
2024-03-19 01:04:51.067,SELL,LIMIT,IOC,80,187.384,192.103,FILLED,14,80
2024-03-19 01:04:59.024,SELL,LIMIT,IOC,4,187.196,191.906,FILLED,4,4
2024-03-19 01:05:12.047,SELL,LIMIT,IOC,20,187.183,191.764,FILLED,20,20
2024-03-19 01:06:02.026,SELL,LIMIT,IOC,443,186.951,191.727,FILLED,236,443
2024-03-19 01:10:59.078,SELL,LIMIT,IOC,22,186.792,191.362,FILLED,22,22
2024-03-19 01:12:21.061,SELL,LIMIT,IOC,2181,186.204,190.797,FILLED,67,2181
2024-03-19 01:13:18.047,SELL,LIMIT,IOC,1984,186.134,190.778,FILLED,80,1984
2024-03-19 01:19:46.042,SELL,LIMIT,IOC,378,185.832,190.386,FILLED,8,378
2024-03-19 01:19:49.090,SELL,LIMIT,IOC,12439,185.684,190.22,FILLED,2723,12439
2024-03-19 01:19:52.111,SELL,LIMIT,IOC,1,185.656,190.292,FILLED,1,1
2024-03-19 01:20:11.074,SELL,LIMIT,IOC,279,185.572,190.21,FILLED,8,279
2024-03-19 01:21:22.094,SELL,LIMIT,IOC,293,185.245,189.925,FILLED,63,293
2024-03-19 01:21:36.045,SELL,LIMIT,IOC,199,184.95,189.326,FILLED,31,199
2024-03-19 01:21:53.066,SELL,LIMIT,IOC,421,184.48,189.046,FILLED,341,421
2024-03-19 01:21:57.053,SELL,LIMIT,IOC,91,184.279,188.922,FILLED,62,91
2024-03-19 01:22:01.036,SELL,LIMIT,IOC,256,183.945,188.252,FILLED,62,256
2024-03-19 01:22:02.094,SELL,LIMIT,IOC,51,183.843,188.104,FILLED,28,51
2024-03-19 01:28:28.083,SELL,LIMIT,IOC,277,183.423,188.001,FILLED,58,277
2024-03-19 01:29:12.026,SELL,LIMIT,IOC,685,183.258,187.619,FILLED,21,685
2024-03-19 01:29:14.050,SELL,LIMIT,IOC,4,182.849,187.508,FILLED,4,4
2024-03-19 01:29:25.113,SELL,LIMIT,IOC,39,182.75,187.377,FILLED,39,39
2024-03-19 01:31:36.045,SELL,LIMIT,IOC,666,182.415,186.912,FILLED,183,666
2024-03-19 01:31:47.081,SELL,LIMIT,IOC,62,182.371,186.852,FILLED,62,62
2024-03-19 01:31:53.070,SELL,LIMIT,IOC,386,182.22,186.774,FILLED,47,386
2024-03-19 01:32:18.078,SELL,LIMIT,IOC,483,181.935,186.462,FILLED,6,483
2024-03-19 02:41:18.070,SELL,LIMIT,IOC,1,181.15,185.599,FILLED,1,1
2024-03-19 02:41:19.079,SELL,LIMIT,IOC,46,181.086,185.338,FILLED,1,46
2024-03-19 02:42:53.066,SELL,LIMIT,IOC,127,180.496,184.947,FILLED,127,127
2024-03-19 02:42:54.070,SELL,LIMIT,IOC,280,180.394,184.813,FILLED,41,280
2024-03-19 02:42:56.037,SELL,LIMIT,IOC,3,180.199,184.683,FILLED,3,3
2024-03-19 02:45:40.062,SELL,LIMIT,IOC,3,180.035,184.472,FILLED,3,3
2024-03-19 02:45:52.081,SELL,LIMIT,IOC,1,179.808,184.318,FILLED,1,1
2024-03-19 02:45:55.036,SELL,LIMIT,IOC,2554,179.66,184.043,FILLED,102,2554
2024-03-19 02:45:56.071,SELL,LIMIT,IOC,3,179.561,184.012,FILLED,3,3
2024-03-19 02:45:57.097,SELL,LIMIT,IOC,2,179.537,184.1,FILLED,2,2
2024-03-19 02:46:07.036,SELL,LIMIT,IOC,10,179.436,183.781,FILLED,10,10
2024-03-19 02:48:15.060,SELL,LIMIT,IOC,448,179.12,183.641,FILLED,100,448
2024-03-19 02:48:21.114,SELL,LIMIT,IOC,111,178.969,183.44,FILLED,107,111
2024-03-19 02:48:36.052,SELL,LIMIT,IOC,294,178.571,182.964,FILLED,164,294
2024-03-19 02:49:04.036,SELL,LIMIT,IOC,1493,178.274,182.731,FILLED,185,1493
2024-03-19 02:49:22.033,SELL,LIMIT,IOC,1,178.159,182.497,FILLED,1,1
2024-03-19 02:49:24.072,SELL,LIMIT,IOC,89,177.948,182.428,FILLED,89,89
2024-03-19 03:34:16.091,SELL,LIMIT,IOC,152,177.865,182.097,FILLED,72,152
2024-03-19 03:35:40.102,SELL,LIMIT,IOC,12,177.505,181.873,FILLED,12,12
2024-03-19 03:36:33.096,SELL,LIMIT,IOC,40,177.228,181.792,FILLED,40,40
2024-03-19 03:37:30.082,SELL,LIMIT,IOC,25,177.12,181.53,FILLED,1,25
2024-03-19 03:37:34.058,SELL,LIMIT,IOC,2,177.043,181.44,FILLED,2,2
2024-03-19 03:38:01.094,SELL,LIMIT,IOC,1743,176.892,181.315,FILLED,99,1743
2024-03-19 03:41:13.038,SELL,LIMIT,IOC,18,176.161,180.563,FILLED,18,18
2024-03-19 04:29:53.095,BUY,LIMIT,IOC,731,192.231,187.478,FILLED,149,731
2024-03-19 04:30:29.079,BUY,LIMIT,IOC,625,192.591,187.834,FILLED,2,625
2024-03-19 04:30:30.112,BUY,LIMIT,IOC,73,192.662,187.852,FILLED,73,73
2024-03-19 04:48:27.794,SELL,LIMIT,IOC,1200,181.311,185.657,FILLED,91,1200
2024-03-19 05:40:44.077,SELL,LIMIT,IOC,3,179.71,184.219,FILLED,3,3
2024-03-19 06:45:36.070,SELL,LIMIT,IOC,4,178.139,182.578,FILLED,4,4
2024-03-19 07:13:33.052,SELL,LIMIT,IOC,2,177.344,181.475,FILLED,2,2
2024-03-19 07:13:57.019,SELL,LIMIT,IOC,15,177.085,181.343,FILLED,10,15
2024-03-19 07:14:56.057,SELL,LIMIT,IOC,20,176.388,180.717,FILLED,18,20
2024-03-19 07:16:53.057,SELL,LIMIT,IOC,1047,175.96,180.139,FILLED,411,1047
2024-03-19 07:17:20.107,SELL,LIMIT,IOC,41,175.553,179.608,FILLED,41,41
2024-03-19 07:17:23.043,SELL,LIMIT,IOC,6,175.382,179.531,FILLED,6,6
2024-03-19 08:18:25.099,SELL,LIMIT,IOC,160,177.406,181.68,FILLED,160,160
2024-03-19 08:20:10.062,SELL,LIMIT,IOC,2717,176.347,180.568,FILLED,1117,2717
2024-03-19 08:20:11.080,SELL,LIMIT,IOC,6,176.225,180.756,FILLED,6,6
2024-03-19 08:29:35.088,SELL,LIMIT,IOC,18,175.937,180.272,FILLED,5,18
2024-03-19 08:30:19.045,SELL,LIMIT,IOC,6,175.749,180.168,FILLED,6,6
2024-03-19 08:41:40.032,SELL,LIMIT,IOC,58,175.686,179.971,FILLED,7,58
2024-03-19 08:43:06.108,SELL,LIMIT,IOC,350,175.523,179.691,FILLED,32,350
2024-03-19 08:43:18.074,SELL,LIMIT,IOC,1,175.371,179.599,FILLED,1,1
2024-03-19 08:44:22.093,SELL,LIMIT,IOC,2682,175.229,179.507,FILLED,640,2682
2024-03-19 08:44:35.107,SELL,LIMIT,IOC,68,174.966,179.324,FILLED,68,68
2024-03-19 08:44:43.057,SELL,LIMIT,IOC,10,174.742,178.903,FILLED,10,10
2024-03-19 08:44:48.046,SELL,LIMIT,IOC,10,174.525,178.916,FILLED,10,10
2024-03-19 08:45:26.045,SELL,LIMIT,IOC,296,174.408,178.622,FILLED,22,296
2024-03-19 08:48:22.028,SELL,LIMIT,IOC,228,174.158,178.243,FILLED,51,228
2024-03-19 08:48:42.026,SELL,LIMIT,IOC,1,173.714,177.89,FILLED,1,1
2024-03-19 08:48:44.047,SELL,LIMIT,IOC,1,173.601,177.77,FILLED,1,1
2024-03-19 08:49:09.106,SELL,LIMIT,IOC,525,173.503,177.83,FILLED,41,525
2024-03-19 08:49:12.064,SELL,LIMIT,IOC,169,173.409,177.699,FILLED,5,169
2024-03-19 08:49:51.086,SELL,LIMIT,IOC,345,173.229,177.296,FILLED,192,345
2024-03-19 08:49:53.038,SELL,LIMIT,IOC,192,172.942,177.168,FILLED,58,192
2024-03-19 08:49:55.036,SELL,LIMIT,IOC,2925,172.84,177.144,FILLED,1,2925
2024-03-19 08:53:48.014,SELL,LIMIT,IOC,73,172.535,176.805,FILLED,69,73
2024-03-19 08:53:49.050,SELL,LIMIT,IOC,2,172.469,176.781,FILLED,2,2
2024-03-19 08:53:53.048,SELL,LIMIT,IOC,74,172.355,176.537,FILLED,22,74
2024-03-19 08:53:54.079,SELL,LIMIT,IOC,8,172.293,176.64,FILLED,4,8
2024-03-19 08:54:14.034,SELL,LIMIT,IOC,60,171.936,176.17,FILLED,60,60
2024-03-19 08:54:33.092,SELL,LIMIT,IOC,623,171.779,175.863,FILLED,81,623
2024-03-19 08:54:35.084,SELL,LIMIT,IOC,7,171.587,175.829,FILLED,7,7
2024-03-19 08:54:54.043,SELL,LIMIT,IOC,16,171.541,175.859,FILLED,16,16
2024-03-19 08:55:06.066,SELL,LIMIT,IOC,58,171.505,175.869,FILLED,31,58
2024-03-19 08:56:32.052,SELL,LIMIT,IOC,181,171.368,175.696,FILLED,43,181
2024-03-19 08:56:33.054,SELL,LIMIT,IOC,390,171.362,175.637,FILLED,32,390
2024-03-19 08:56:34.121,SELL,LIMIT,IOC,14,171.354,175.671,FILLED,10,14
2024-03-19 09:05:43.034,SELL,LIMIT,IOC,10,170.997,175.18,FILLED,10,10
2024-03-19 09:06:11.094,SELL,LIMIT,IOC,5,170.913,175.005,FILLED,5,5
2024-03-19 09:06:21.034,SELL,LIMIT,IOC,1,170.629,174.58,FILLED,1,1
2024-03-19 09:06:22.070,SELL,LIMIT,IOC,238,170.307,174.46,FILLED,33,238
2024-03-19 09:06:36.030,SELL,LIMIT,IOC,9,170.1,174.203,FILLED,9,9
2024-03-19 09:06:37.096,SELL,LIMIT,IOC,19,169.945,174.053,FILLED,17,19
2024-03-19 09:06:44.048,SELL,LIMIT,IOC,113,169.684,173.667,FILLED,113,113
2024-03-19 09:06:45.056,SELL,LIMIT,IOC,12,169.367,173.487,FILLED,12,12
2024-03-19 09:08:04.036,SELL,LIMIT,IOC,198,169.349,173.266,FILLED,29,198
2024-03-19 09:08:06.017,SELL,LIMIT,IOC,2,168.881,173.138,FILLED,2,2
2024-03-19 09:08:16.020,SELL,LIMIT,IOC,752,168.517,172.373,FILLED,201,752
2024-03-19 09:08:17.042,SELL,LIMIT,IOC,7333,168.295,172.255,FILLED,333,7333
2024-03-19 09:08:18.053,SELL,LIMIT,IOC,5,168.189,172.303,FILLED,5,5
2024-03-19 09:12:07.040,SELL,LIMIT,IOC,115,167.897,171.965,FILLED,10,115
2024-03-19 09:12:09.109,SELL,LIMIT,IOC,7766,167.863,171.728,FILLED,873,7766
2024-03-19 09:12:11.044,SELL,LIMIT,IOC,53,167.64,171.514,FILLED,4,53
2024-03-19 10:16:58.022,SELL,LIMIT,IOC,4,170.488,174.735,FILLED,4,4
2024-03-19 10:17:18.023,SELL,LIMIT,IOC,1,169.871,174.144,FILLED,1,1
2024-03-19 10:17:30.043,SELL,LIMIT,IOC,2203,169.653,173.829,FILLED,529,2203
2024-03-19 10:17:32.042,SELL,LIMIT,IOC,96,169.59,173.776,FILLED,94,96
2024-03-19 10:17:33.093,SELL,LIMIT,IOC,10,169.557,173.624,FILLED,10,10
2024-03-19 10:18:05.098,SELL,LIMIT,IOC,6,169.3,173.269,FILLED,6,6
2024-03-19 10:21:22.096,SELL,LIMIT,IOC,1,168.988,173.217,FILLED,1,1
2024-03-19 10:21:24.060,SELL,LIMIT,IOC,709,168.898,173.126,FILLED,290,709
2024-03-19 11:25:47.037,SELL,LIMIT,IOC,101,167.651,171.751,FILLED,39,101
2024-03-19 11:26:12.041,SELL,LIMIT,IOC,1,167.378,171.435,FILLED,1,1
2024-03-19 11:26:13.071,SELL,LIMIT,IOC,1,167.282,171.437,FILLED,1,1
2024-03-19 11:26:29.078,SELL,LIMIT,IOC,477,167.161,171.314,FILLED,21,477
2024-03-19 11:26:58.100,SELL,LIMIT,IOC,18,167.083,171.3,FILLED,18,18
2024-03-19 11:27:43.030,SELL,LIMIT,IOC,5,167.062,171.188,FILLED,5,5
2024-03-19 11:27:45.023,SELL,LIMIT,IOC,36,167.01,171.08,FILLED,36,36
2024-03-19 11:27:52.084,SELL,LIMIT,IOC,861,166.916,171.026,FILLED,46,861
2024-03-19 11:27:54.038,SELL,LIMIT,IOC,155,166.908,171.003,FILLED,17,155
2024-03-19 11:43:29.106,BUY,LIMIT,IOC,1358,180.459,175.985,FILLED,630,1358
2024-03-19 11:44:29.066,BUY,LIMIT,IOC,7,181.015,176.53,FILLED,7,7
2024-03-19 11:44:32.089,BUY,LIMIT,IOC,43,181.298,176.817,FILLED,40,43
2024-03-19 11:44:47.087,BUY,LIMIT,IOC,15,181.384,176.941,FILLED,15,15
2024-03-19 11:49:38.035,BUY,LIMIT,IOC,4,182.51,177.917,FILLED,2,4
2024-03-19 12:02:13.079,BUY,LIMIT,IOC,608,183.96,179.547,FILLED,48,608
2024-03-19 12:06:12.044,BUY,LIMIT,IOC,22,184.492,179.832,FILLED,22,22
2024-03-19 12:06:42.034,BUY,LIMIT,IOC,71,185.244,180.755,FILLED,56,71
2024-03-19 12:08:07.062,BUY,LIMIT,IOC,20,185.843,181.268,FILLED,20,20
2024-03-19 12:11:17.107,BUY,LIMIT,IOC,7,187.347,182.743,FILLED,7,7
2024-03-19 12:11:55.118,BUY,LIMIT,IOC,2736,187.657,183.642,FILLED,23,2736
2024-03-19 12:35:21.052,BUY,LIMIT,IOC,158,188.278,183.57,FILLED,2,158
2024-03-19 12:35:35.031,BUY,LIMIT,IOC,14,188.475,183.86,FILLED,12,14
2024-03-19 12:42:22.091,BUY,LIMIT,IOC,10,189.433,184.784,FILLED,10,10
2024-03-19 12:43:48.034,BUY,LIMIT,IOC,544,190.419,185.599,FILLED,512,544
2024-03-19 13:51:20.092,SELL,LIMIT,IOC,2,175.678,180.082,FILLED,2,2
2024-03-19 14:06:08.086,SELL,LIMIT,IOC,1,174.796,179.056,FILLED,1,1
2024-03-19 14:07:06.078,SELL,LIMIT,IOC,25,174.561,178.932,FILLED,5,25
2024-03-19 14:08:33.094,SELL,LIMIT,IOC,37,174.09,178.443,FILLED,33,37
2024-03-19 14:09:05.026,SELL,LIMIT,IOC,60,173.534,177.912,FILLED,60,60
2024-03-19 14:09:45.102,SELL,LIMIT,IOC,71,173.323,177.577,FILLED,69,71
2024-03-19 14:09:53.032,SELL,LIMIT,IOC,888,173.136,177.34,FILLED,69,888
2024-03-19 14:24:05.089,SELL,LIMIT,IOC,1,172.744,176.908,FILLED,1,1
2024-03-19 15:01:20.103,SELL,LIMIT,IOC,40,172.435,176.63,FILLED,40,40
2024-03-19 15:12:01.049,SELL,LIMIT,IOC,16,171.64,175.828,FILLED,16,16
2024-03-19 15:13:32.051,SELL,LIMIT,IOC,4,171.333,175.497,FILLED,4,4
2024-03-19 15:34:00.084,BUY,LIMIT,IOC,331,185.172,180.607,FILLED,34,331
2024-03-19 15:35:35.046,BUY,LIMIT,IOC,36,186.205,181.537,FILLED,36,36
2024-03-19 15:36:09.024,BUY,LIMIT,IOC,971,186.582,182.122,FILLED,62,971
2024-03-19 15:49:18.037,BUY,LIMIT,IOC,2,188.717,184.176,FILLED,2,2
2024-03-19 15:49:25.064,BUY,LIMIT,IOC,4,188.883,184.268,FILLED,4,4
2024-03-19 17:05:20.087,BUY,LIMIT,IOC,27,189.937,185.35,FILLED,25,27
2024-03-19 17:10:25.030,BUY,LIMIT,IOC,9,190.506,185.852,FILLED,9,9
2024-03-19 18:12:30.092,SELL,LIMIT,IOC,4,176.2,180.574,FILLED,4,4
2024-03-19 20:05:13.089,SELL,LIMIT,IOC,791,175.462,179.789,FILLED,55,791
2024-03-19 20:05:17.074,SELL,LIMIT,IOC,276,175.365,179.716,FILLED,263,276
2024-03-19 20:05:23.073,SELL,LIMIT,IOC,462,175.184,179.488,FILLED,3,462
2024-03-19 20:05:28.064,SELL,LIMIT,IOC,6025,174.992,179.34,FILLED,194,6025
2024-03-19 20:06:32.080,SELL,LIMIT,IOC,31,174.586,178.864,FILLED,31,31
2024-03-19 20:07:34.066,SELL,LIMIT,IOC,193,174.313,178.562,FILLED,90,193
2024-03-19 20:17:45.085,SELL,LIMIT,IOC,5,174.159,178.46,FILLED,4,5
2024-03-19 20:17:47.086,SELL,LIMIT,IOC,3,174.065,178.276,FILLED,3,3
2024-03-19 20:17:50.045,SELL,LIMIT,IOC,1803,173.853,178.111,FILLED,144,1803
2024-03-19 20:19:30.026,SELL,LIMIT,IOC,1,173.669,177.984,FILLED,1,1
2024-03-19 20:20:07.044,SELL,LIMIT,IOC,1,173.486,177.779,FILLED,1,1
2024-03-19 20:21:47.057,SELL,LIMIT,IOC,29,173.134,177.525,FILLED,28,29
2024-03-19 20:21:59.038,SELL,LIMIT,IOC,3,173.057,177.276,FILLED,3,3
2024-03-19 20:26:07.047,SELL,LIMIT,IOC,360,172.187,176.435,FILLED,177,360
2024-03-19 20:43:46.093,SELL,LIMIT,IOC,38,171.985,176.347,FILLED,38,38
2024-03-19 20:45:33.086,SELL,LIMIT,IOC,222,171.65,175.923,FILLED,105,222
2024-03-19 20:45:36.057,SELL,LIMIT,IOC,7,171.497,175.77,FILLED,2,7
2024-03-19 20:55:08.040,SELL,LIMIT,IOC,922,170.859,175.095,FILLED,75,922
2024-03-19 20:55:09.080,SELL,LIMIT,IOC,114,170.826,175.094,FILLED,87,114
2024-03-19 20:55:53.108,SELL,LIMIT,IOC,1,170.78,175.014,FILLED,1,1
2024-03-19 20:56:03.063,SELL,LIMIT,IOC,333,170.544,174.742,FILLED,155,333
2024-03-19 20:56:04.072,SELL,LIMIT,IOC,27,170.373,174.599,FILLED,27,27
2024-03-19 21:04:32.069,SELL,LIMIT,IOC,32,170.038,174.29,FILLED,32,32
2024-03-19 21:04:35.062,SELL,LIMIT,IOC,9,169.913,174.104,FILLED,9,9
2024-03-19 21:04:40.050,SELL,LIMIT,IOC,443,169.615,173.851,FILLED,12,443
2024-03-19 21:05:16.028,SELL,LIMIT,IOC,79,169.545,173.621,FILLED,10,79
2024-03-19 21:05:19.088,SELL,LIMIT,IOC,238,169.416,173.597,FILLED,60,238
2024-03-19 21:05:26.110,SELL,LIMIT,IOC,4,169.334,173.444,FILLED,4,4
2024-03-19 21:05:28.080,SELL,LIMIT,IOC,283,169.197,173.47,FILLED,91,283
2024-03-19 21:05:31.053,SELL,LIMIT,IOC,4,169.129,172.603,FILLED,4,4
2024-03-19 21:05:32.058,SELL,LIMIT,IOC,237,168.626,172.633,FILLED,99,237
2024-03-19 21:05:34.043,SELL,LIMIT,IOC,3,168.478,172.639,FILLED,3,3
2024-03-19 21:06:42.061,SELL,LIMIT,IOC,13,168.347,172.393,FILLED,7,13
2024-03-19 21:06:43.064,SELL,LIMIT,IOC,2,168.194,172.348,FILLED,2,2
2024-03-19 21:22:22.030,SELL,LIMIT,IOC,419,167.819,172.044,FILLED,92,419
2024-03-19 21:22:48.065,SELL,LIMIT,IOC,9,167.762,171.945,FILLED,9,9
2024-03-19 22:07:57.098,SELL,LIMIT,IOC,147,167.435,171.695,FILLED,25,147
2024-03-19 22:08:42.034,SELL,LIMIT,IOC,158,167.202,171.349,FILLED,36,158
2024-03-19 22:09:49.075,SELL,LIMIT,IOC,8992,166.988,171.056,FILLED,955,8992
2024-03-19 22:11:16.072,SELL,LIMIT,IOC,23,166.473,170.506,FILLED,21,23
2024-03-19 22:11:19.045,SELL,LIMIT,IOC,1,166.193,170.328,FILLED,1,1
2024-03-19 22:11:27.083,SELL,LIMIT,IOC,16,166.127,170.252,FILLED,16,16
2024-03-19 22:11:48.086,SELL,LIMIT,IOC,6,166.012,170.194,FILLED,6,6
2024-03-19 22:12:01.424,SELL,LIMIT,IOC,933,166.539,170.017,FILLED,56,933
2024-03-19 22:12:07.087,SELL,LIMIT,IOC,57118,165.928,169.769,FILLED,6770,57118
2024-03-19 22:12:09.102,SELL,LIMIT,IOC,319,165.889,169.9,FILLED,25,319
2024-03-19 22:16:09.090,SELL,LIMIT,IOC,20,165.716,169.828,FILLED,20,20
2024-03-19 22:16:11.040,SELL,LIMIT,IOC,24,165.558,169.712,FILLED,2,24
2024-03-19 22:16:32.047,SELL,LIMIT,IOC,19624,165.362,169.209,FILLED,4136,19624
2024-03-19 22:16:34.076,SELL,LIMIT,IOC,72,165.217,169.243,FILLED,31,72
2024-03-19 22:18:44.047,SELL,LIMIT,IOC,25,165.061,169.063,FILLED,13,25
2024-03-19 22:18:47.101,SELL,LIMIT,IOC,7257,164.994,168.97,FILLED,860,7257
2024-03-19 22:19:25.021,SELL,LIMIT,IOC,2,164.84,168.864,FILLED,2,2
2024-03-19 22:19:27.055,SELL,LIMIT,IOC,2000,164.721,168.72,FILLED,145,2000
2024-03-19 22:19:30.045,SELL,LIMIT,IOC,210,164.609,168.643,FILLED,10,210
2024-03-19 22:19:33.040,SELL,LIMIT,IOC,1,164.557,168.642,FILLED,1,1
2024-03-19 22:19:34.045,SELL,LIMIT,IOC,138,164.535,168.617,FILLED,74,138
2024-03-19 22:19:36.022,SELL,LIMIT,IOC,20,164.337,168.317,FILLED,20,20
2024-03-19 22:19:43.051,SELL,LIMIT,IOC,17,164.295,168.31,FILLED,17,17
2024-03-19 22:19:44.071,SELL,LIMIT,IOC,49,164.259,168.298,FILLED,49,49
2024-03-19 22:19:51.065,SELL,LIMIT,IOC,1,164.147,168.255,FILLED,1,1
2024-03-19 22:20:13.025,SELL,LIMIT,IOC,8462,163.998,167.99,FILLED,11,8462
2024-03-19 22:23:43.054,SELL,LIMIT,IOC,7,163.71,167.872,FILLED,7,7
2024-03-19 22:23:55.061,SELL,LIMIT,IOC,1018,163.667,167.761,FILLED,79,1018
2024-03-19 22:24:28.038,SELL,LIMIT,IOC,15,163.509,167.642,FILLED,15,15
2024-03-19 22:26:29.040,SELL,LIMIT,IOC,300,163.385,167.357,FILLED,300,300
2024-03-19 22:26:30.102,SELL,LIMIT,IOC,79,163.308,167.287,FILLED,39,79
2024-03-19 22:26:39.086,SELL,LIMIT,IOC,37,163.202,167.327,FILLED,37,37
2024-03-19 22:27:11.095,SELL,LIMIT,IOC,78,163.129,167.164,FILLED,27,78
2024-03-19 22:27:16.023,SELL,LIMIT,IOC,21,163.041,167.115,FILLED,21,21
2024-03-19 22:27:24.086,SELL,LIMIT,IOC,111,163.012,167.079,FILLED,111,111
2024-03-19 22:27:36.037,SELL,LIMIT,IOC,38,162.977,167.066,FILLED,38,38
2024-03-19 22:28:08.068,SELL,LIMIT,IOC,33,162.857,166.883,FILLED,33,33
2024-03-19 22:28:11.088,SELL,LIMIT,IOC,17,162.803,166.915,FILLED,17,17
2024-03-19 22:28:41.105,SELL,LIMIT,IOC,1969,162.732,166.757,FILLED,139,1969
2024-03-19 22:28:47.021,SELL,LIMIT,IOC,261,162.638,166.7,FILLED,34,261
2024-03-19 22:28:56.064,SELL,LIMIT,IOC,1049,162.549,166.602,FILLED,447,1049
2024-03-19 22:28:57.108,SELL,LIMIT,IOC,1,162.532,166.5,FILLED,1,1
2024-03-19 22:29:03.059,SELL,LIMIT,IOC,7836,162.382,166.365,FILLED,252,7836
2024-03-19 22:29:05.092,SELL,LIMIT,IOC,206,162.24,166.285,FILLED,36,206
2024-03-19 22:29:20.047,SELL,LIMIT,IOC,79,162.147,166.148,FILLED,49,79
2024-03-19 22:29:24.051,SELL,LIMIT,IOC,1024,162.046,166.039,FILLED,123,1024
2024-03-19 22:30:02.043,SELL,LIMIT,IOC,930,162.033,165.923,FILLED,632,930
2024-03-19 22:30:06.055,SELL,LIMIT,IOC,14,161.899,165.904,FILLED,14,14
2024-03-19 22:38:09.036,SELL,LIMIT,IOC,3,161.884,166.036,FILLED,3,3
2024-03-19 22:38:10.078,SELL,LIMIT,IOC,17,161.779,165.984,FILLED,10,17
2024-03-20 00:24:20.053,BUY,LIMIT,IOC,2,179.17,174.795,FILLED,2,2
2024-03-20 00:25:06.105,BUY,LIMIT,IOC,89,180.24,176.018,FILLED,5,89
2024-03-20 01:21:59.103,SELL,LIMIT,IOC,440,167.261,171.266,FILLED,137,440
2024-03-20 01:24:54.066,SELL,LIMIT,IOC,2,166.604,170.635,FILLED,2,2
2024-03-20 01:25:24.064,SELL,LIMIT,IOC,8,166.418,170.499,FILLED,8,8
2024-03-20 03:23:54.068,BUY,LIMIT,IOC,125,180.318,175.88,FILLED,125,125
2024-03-20 03:26:10.061,BUY,LIMIT,IOC,2,181.068,176.582,FILLED,2,2
2024-03-20 03:54:32.052,SELL,LIMIT,IOC,4198,167.672,171.821,FILLED,469,4198
2024-03-20 03:54:46.046,SELL,LIMIT,IOC,44,167.589,171.691,FILLED,44,44
2024-03-20 03:54:48.035,SELL,LIMIT,IOC,364,167.501,171.65,FILLED,364,364
2024-03-20 03:56:19.060,SELL,LIMIT,IOC,9,166.665,170.86,FILLED,9,9
2024-03-20 03:57:12.056,SELL,LIMIT,IOC,381,166.492,170.259,FILLED,28,381
2024-03-20 03:57:16.050,SELL,LIMIT,IOC,305,166.149,170.278,FILLED,33,305
2024-03-20 03:57:32.075,SELL,LIMIT,IOC,2,165.866,169.985,FILLED,2,2
2024-03-20 03:57:48.074,SELL,LIMIT,IOC,17,165.738,169.846,FILLED,17,17
2024-03-20 04:23:48.088,SELL,LIMIT,IOC,3,164.689,168.4,FILLED,3,3
2024-03-20 04:30:42.074,SELL,LIMIT,IOC,49,163.158,167.241,FILLED,5,49
2024-03-20 04:30:52.030,SELL,LIMIT,IOC,64,163.022,167.081,FILLED,52,64
2024-03-20 04:36:46.070,SELL,LIMIT,IOC,60,162.642,166.581,FILLED,60,60
2024-03-20 05:06:28.031,SELL,LIMIT,IOC,18,161.641,165.631,FILLED,18,18
2024-03-20 05:08:03.101,SELL,LIMIT,IOC,75,161.453,165.464,FILLED,18,75
2024-03-20 05:08:04.116,SELL,LIMIT,IOC,78,161.415,165.46,FILLED,74,78
2024-03-20 05:08:06.065,SELL,LIMIT,IOC,1,161.402,165.456,FILLED,1,1
2024-03-20 05:08:12.022,SELL,LIMIT,IOC,27,161.357,165.376,FILLED,27,27
2024-03-20 05:12:48.052,SELL,LIMIT,IOC,574,161.189,165.189,FILLED,6,574
2024-03-20 05:12:50.088,SELL,LIMIT,IOC,18,161.149,165.184,FILLED,16,18
2024-03-20 05:13:12.061,SELL,LIMIT,IOC,21,161.128,165.056,FILLED,21,21
2024-03-20 05:13:13.085,SELL,LIMIT,IOC,60,161.121,165.057,FILLED,60,60
2024-03-20 05:17:53.019,SELL,LIMIT,IOC,30,160.98,164.95,FILLED,30,30
2024-03-20 05:23:11.091,SELL,LIMIT,IOC,98,160.863,164.788,FILLED,88,98
2024-03-20 05:23:14.068,SELL,LIMIT,IOC,352,160.794,164.735,FILLED,22,352
2024-03-20 05:23:17.068,SELL,LIMIT,IOC,458,160.632,164.592,FILLED,115,458
2024-03-20 05:23:19.049,SELL,LIMIT,IOC,3,160.582,164.5,FILLED,1,3
2024-03-20 05:23:32.049,SELL,LIMIT,IOC,87,160.29,164.243,FILLED,4,87
2024-03-20 05:23:49.064,SELL,LIMIT,IOC,19,160.058,163.905,FILLED,19,19
2024-03-20 05:23:52.038,SELL,LIMIT,IOC,101,159.74,163.617,FILLED,58,101
2024-03-20 05:23:53.074,SELL,LIMIT,IOC,116,159.575,163.522,FILLED,32,116
2024-03-20 05:23:57.068,SELL,LIMIT,IOC,2,159.48,163.353,FILLED,2,2
2024-03-20 05:23:58.069,SELL,LIMIT,IOC,1,159.411,163.212,FILLED,1,1
2024-03-20 05:23:59.076,SELL,LIMIT,IOC,37,159.298,163.241,FILLED,37,37
2024-03-20 05:26:07.033,SELL,LIMIT,IOC,68,159.105,163.046,FILLED,30,68
2024-03-20 05:26:11.058,SELL,LIMIT,IOC,1625,159.051,162.783,FILLED,138,1625
2024-03-20 05:26:12.072,SELL,LIMIT,IOC,650,158.961,162.812,FILLED,167,650
2024-03-20 05:26:14.045,SELL,LIMIT,IOC,364,158.816,162.703,FILLED,16,364
2024-03-20 05:26:15.070,SELL,LIMIT,IOC,1,158.695,162.689,FILLED,1,1
2024-03-20 07:25:26.075,BUY,LIMIT,IOC,3,175.43,171.156,FILLED,3,3
2024-03-20 07:27:48.093,BUY,LIMIT,IOC,13,176.664,172.165,FILLED,13,13
2024-03-20 07:28:39.045,BUY,LIMIT,IOC,30,177.433,173.013,FILLED,30,30
2024-03-20 11:29:04.062,BUY,LIMIT,IOC,24,179.028,174.59,FILLED,8,24
2024-03-20 11:30:21.050,BUY,LIMIT,IOC,84,179.464,175.02,FILLED,84,84
2024-03-20 12:24:06.077,BUY,LIMIT,IOC,4,180.878,176.489,FILLED,2,4
2024-03-20 13:31:48.051,SELL,LIMIT,IOC,199,167.767,171.953,FILLED,4,199
2024-03-20 13:31:50.031,SELL,LIMIT,IOC,1352,167.637,171.814,FILLED,163,1352
2024-03-20 13:32:38.054,SELL,LIMIT,IOC,240,167.589,171.772,FILLED,101,240
2024-03-20 15:33:13.066,SELL,LIMIT,IOC,86,167.241,171.254,FILLED,6,86
2024-03-20 15:33:21.038,SELL,LIMIT,IOC,62,167.091,171.149,FILLED,53,62
2024-03-20 15:33:46.061,SELL,LIMIT,IOC,31,166.896,171.003,FILLED,23,31
2024-03-20 15:43:36.055,SELL,LIMIT,IOC,4,166.587,170.781,FILLED,4,4
2024-03-20 15:44:41.025,SELL,LIMIT,IOC,77,166.291,170.324,FILLED,77,77
2024-03-20 15:45:00.064,SELL,LIMIT,IOC,175,166.096,170.224,FILLED,34,175
2024-03-20 16:25:28.046,SELL,LIMIT,IOC,1,165.762,169.844,FILLED,1,1
2024-03-20 16:25:31.037,SELL,LIMIT,IOC,1,165.555,169.651,FILLED,1,1
2024-03-20 16:25:34.075,SELL,LIMIT,IOC,1,165.442,169.467,FILLED,1,1
2024-03-20 16:26:17.044,SELL,LIMIT,IOC,409,165.169,169.257,FILLED,51,409
2024-03-20 16:27:31.100,SELL,LIMIT,IOC,7,164.098,168.161,FILLED,4,7
2024-03-20 16:27:38.108,SELL,LIMIT,IOC,130,164.013,168.116,FILLED,44,130
2024-03-20 16:27:48.045,SELL,LIMIT,IOC,222,163.837,167.802,FILLED,69,222
2024-03-20 16:27:49.058,SELL,LIMIT,IOC,35,163.631,167.635,FILLED,35,35
2024-03-20 16:27:56.018,SELL,LIMIT,IOC,151,163.515,167.516,FILLED,15,151
2024-03-20 16:28:09.016,SELL,LIMIT,IOC,11,163.338,167.34,FILLED,11,11
2024-03-20 16:28:10.067,SELL,LIMIT,IOC,4,163.294,167.414,FILLED,3,4
2024-03-20 16:28:21.049,SELL,LIMIT,IOC,78,163.14,167.05,FILLED,78,78
2024-03-20 16:28:26.100,SELL,LIMIT,IOC,304,162.944,167.003,FILLED,51,304
2024-03-20 16:28:51.043,SELL,LIMIT,IOC,18,162.719,166.599,FILLED,18,18
2024-03-20 16:31:43.099,SELL,LIMIT,IOC,1,162.386,166.347,FILLED,1,1
2024-03-20 16:31:45.067,SELL,LIMIT,IOC,73,162.272,166.256,FILLED,1,73
2024-03-20 16:33:21.057,SELL,LIMIT,IOC,2,161.951,165.936,FILLED,2,2
2024-03-20 16:33:25.066,SELL,LIMIT,IOC,39,161.74,165.668,FILLED,37,39
2024-03-20 17:14:54.057,BUY,LIMIT,IOC,3781,175.405,171.178,FILLED,68,3781
2024-03-20 17:15:22.051,BUY,LIMIT,IOC,13,176.343,172.118,FILLED,9,13
2024-03-20 17:15:24.077,BUY,LIMIT,IOC,25,176.498,172.268,FILLED,25,25
2024-03-20 17:15:47.075,BUY,LIMIT,IOC,250,177.501,173.29,FILLED,76,250
2024-03-20 18:05:25.037,BUY,LIMIT,IOC,1,181.248,176.823,FILLED,1,1
2024-03-20 18:05:37.057,BUY,LIMIT,IOC,1344,181.53,177.171,FILLED,15,1344
2024-03-20 18:06:39.057,BUY,LIMIT,IOC,6,181.925,177.622,FILLED,2,6
2024-03-20 18:14:00.065,BUY,LIMIT,IOC,31,182.307,177.884,FILLED,31,31
2024-03-20 18:48:21.079,BUY,LIMIT,IOC,260,183.383,178.907,FILLED,40,260
2024-03-20 18:50:17.054,BUY,LIMIT,IOC,24,184.171,179.584,FILLED,24,24
2024-03-20 18:50:26.048,BUY,LIMIT,IOC,3,184.246,179.642,FILLED,3,3
2024-03-20 18:52:22.084,BUY,LIMIT,IOC,76,184.774,180.212,FILLED,76,76
2024-03-20 18:54:12.093,BUY,LIMIT,IOC,593,186.243,181.672,FILLED,99,593
2024-03-20 18:54:55.034,BUY,LIMIT,IOC,45,187.175,182.69,FILLED,28,45
2024-03-20 18:55:34.080,BUY,LIMIT,IOC,890,187.849,183.323,FILLED,8,890
2024-03-20 18:55:44.053,BUY,LIMIT,IOC,968,188.316,183.699,FILLED,333,968
2024-03-20 18:55:53.048,BUY,LIMIT,IOC,3,188.576,183.845,FILLED,3,3
2024-03-20 18:56:45.096,BUY,LIMIT,IOC,611,188.866,184.32,FILLED,71,611
2024-03-20 18:59:14.034,BUY,LIMIT,IOC,3,189.39,184.771,FILLED,3,3
2024-03-20 20:21:46.090,BUY,LIMIT,IOC,4,189.728,185.064,FILLED,4,4
2024-03-20 20:24:55.089,BUY,LIMIT,IOC,2,190.322,185.632,FILLED,2,2
2024-03-20 20:39:21.070,BUY,LIMIT,IOC,12,193.562,188.893,FILLED,3,12
2024-03-20 21:53:34.039,BUY,LIMIT,IOC,159,194.482,189.659,FILLED,47,159
2024-03-20 21:53:50.037,BUY,LIMIT,IOC,7737,194.677,189.889,FILLED,761,7737
2024-03-20 21:54:26.077,BUY,LIMIT,IOC,50,194.703,189.833,FILLED,50,50
2024-03-20 22:01:33.066,BUY,LIMIT,IOC,302,195.861,190.998,FILLED,3,302
2024-03-20 22:04:20.102,BUY,LIMIT,IOC,174,196.785,192.239,FILLED,42,174
2024-03-20 22:15:37.088,BUY,LIMIT,IOC,20,198.047,193.111,FILLED,17,20
2024-03-21 00:42:38.054,BUY,LIMIT,IOC,29,198.474,193.721,FILLED,29,29
2024-03-21 00:43:18.086,BUY,LIMIT,IOC,1,199.54,194.616,FILLED,1,1
2024-03-21 00:49:02.044,BUY,LIMIT,IOC,340,200.809,195.779,FILLED,37,340
2024-03-21 04:43:23.037,SELL,LIMIT,IOC,2079,183.688,188.161,FILLED,203,2079
2024-03-21 05:06:18.044,SELL,LIMIT,IOC,291,183.093,187.555,FILLED,98,291
2024-03-21 05:11:07.041,SELL,LIMIT,IOC,2570,182.25,186.762,FILLED,21,2570
2024-03-21 05:11:57.120,SELL,LIMIT,IOC,134,182.191,186.743,FILLED,134,134
2024-03-21 05:12:39.017,SELL,LIMIT,IOC,5,181.534,185.446,FILLED,5,5
2024-03-21 05:12:40.034,SELL,LIMIT,IOC,245,181.279,185.671,FILLED,173,245
2024-03-21 05:12:41.051,SELL,LIMIT,IOC,13,180.847,185.842,FILLED,13,13
2024-03-21 05:22:24.054,SELL,LIMIT,IOC,70,180.336,184.902,FILLED,22,70
2024-03-21 06:07:11.077,BUY,LIMIT,IOC,167,195.332,190.458,FILLED,48,167
2024-03-21 06:49:37.067,BUY,LIMIT,IOC,4,196.974,192.161,FILLED,4,4
2024-03-21 09:43:16.098,SELL,LIMIT,IOC,87,182.428,186.864,FILLED,19,87
2024-03-21 15:06:05.090,SELL,LIMIT,IOC,2,181.699,186.27,FILLED,2,2
2024-03-21 15:11:08.044,SELL,LIMIT,IOC,2192,181.401,185.926,FILLED,392,2192
2024-03-21 15:11:21.087,SELL,LIMIT,IOC,313,181.313,185.728,FILLED,25,313
2024-03-21 15:15:18.083,SELL,LIMIT,IOC,11,180.757,185.299,FILLED,11,11
2024-03-21 15:23:34.104,SELL,LIMIT,IOC,174,180.502,185.0,FILLED,55,174
2024-03-21 15:33:25.090,SELL,LIMIT,IOC,18,180.173,184.376,FILLED,18,18
2024-03-21 15:33:36.063,SELL,LIMIT,IOC,8,179.795,184.079,FILLED,8,8
2024-03-21 15:37:42.086,SELL,LIMIT,IOC,1903,179.5,183.995,FILLED,93,1903
2024-03-21 16:09:32.032,SELL,LIMIT,IOC,3,179.483,183.988,FILLED,3,3
2024-03-21 16:10:18.083,SELL,LIMIT,IOC,1,179.221,183.666,FILLED,1,1
2024-03-21 16:10:32.057,SELL,LIMIT,IOC,4,179.143,183.532,FILLED,3,4
2024-03-21 16:10:33.098,SELL,LIMIT,IOC,24,179.116,183.5,FILLED,24,24
2024-03-21 17:29:45.056,SELL,LIMIT,IOC,3,178.699,182.91,FILLED,3,3
2024-03-21 17:29:53.056,SELL,LIMIT,IOC,1000,178.348,182.794,FILLED,358,1000
2024-03-21 17:30:07.029,SELL,LIMIT,IOC,1,178.318,182.814,FILLED,1,1
2024-03-21 17:30:11.078,SELL,LIMIT,IOC,209,178.244,182.604,FILLED,40,209
2024-03-21 17:30:15.066,SELL,LIMIT,IOC,1,177.957,182.5,FILLED,1,1
2024-03-21 17:30:23.041,SELL,LIMIT,IOC,3,177.853,182.3,FILLED,3,3
2024-03-21 17:35:05.067,SELL,LIMIT,IOC,128,177.773,182.241,FILLED,82,128
2024-03-21 17:38:17.084,SELL,LIMIT,IOC,50,177.513,181.837,FILLED,50,50
2024-03-21 17:38:36.085,SELL,LIMIT,IOC,19,177.052,181.372,FILLED,10,19
2024-03-21 17:40:44.103,SELL,LIMIT,IOC,44,176.85,181.291,FILLED,44,44
2024-03-21 17:40:51.054,SELL,LIMIT,IOC,83,176.763,181.137,FILLED,6,83
2024-03-21 17:40:52.107,SELL,LIMIT,IOC,500,176.733,181.107,FILLED,61,500
2024-03-21 17:40:54.061,SELL,LIMIT,IOC,135,176.679,181.051,FILLED,58,135
2024-03-21 17:41:03.099,SELL,LIMIT,IOC,3,176.613,180.764,FILLED,3,3
2024-03-21 17:44:36.029,SELL,LIMIT,IOC,3,176.195,180.64,FILLED,3,3
2024-03-21 17:44:40.030,SELL,LIMIT,IOC,11,176.167,180.578,FILLED,11,11
2024-03-21 17:45:05.044,SELL,LIMIT,IOC,5,176.08,180.288,FILLED,5,5
2024-03-21 17:45:06.072,SELL,LIMIT,IOC,22,175.825,180.287,FILLED,19,22
2024-03-21 18:07:04.028,SELL,LIMIT,IOC,2,175.771,180.177,FILLED,2,2
2024-03-21 18:07:22.045,SELL,LIMIT,IOC,3,175.688,180.138,FILLED,3,3
2024-03-21 18:11:39.083,SELL,LIMIT,IOC,118,175.194,179.5,FILLED,118,118
2024-03-21 18:12:16.055,SELL,LIMIT,IOC,3,174.937,179.408,FILLED,3,3
2024-03-21 18:13:10.086,SELL,LIMIT,IOC,8,174.907,179.236,FILLED,5,8
2024-03-21 18:35:19.099,SELL,LIMIT,IOC,2,174.512,178.4,FILLED,1,2
2024-03-21 18:35:26.059,SELL,LIMIT,IOC,140,174.202,178.571,FILLED,54,140
2024-03-21 18:35:43.038,SELL,LIMIT,IOC,25,174.133,178.488,FILLED,25,25
2024-03-21 18:35:48.028,SELL,LIMIT,IOC,7,174.017,178.343,FILLED,7,7
2024-03-21 18:36:19.056,SELL,LIMIT,IOC,104,173.783,177.822,FILLED,42,104
2024-03-21 18:44:36.081,SELL,LIMIT,IOC,2,173.446,177.741,FILLED,1,2
2024-03-21 18:44:42.055,SELL,LIMIT,IOC,527,173.294,177.601,FILLED,25,527
2024-03-21 18:44:47.047,SELL,LIMIT,IOC,3885,173.235,177.516,FILLED,417,3885
2024-03-21 18:44:50.129,SELL,LIMIT,IOC,116,173.192,177.437,FILLED,30,116
2024-03-21 19:17:49.047,SELL,LIMIT,IOC,3349,172.868,177.106,FILLED,83,3349
2024-03-21 20:01:40.099,SELL,LIMIT,IOC,1,172.74,177.0,FILLED,1,1
2024-03-21 20:01:42.057,SELL,LIMIT,IOC,27,172.684,177.0,FILLED,27,27
2024-03-21 20:01:49.035,SELL,LIMIT,IOC,20,172.424,176.765,FILLED,20,20
2024-03-21 20:02:10.025,SELL,LIMIT,IOC,271,172.377,176.661,FILLED,197,271
2024-03-21 20:02:12.088,SELL,LIMIT,IOC,62,172.301,176.554,FILLED,44,62
2024-03-21 20:02:57.056,SELL,LIMIT,IOC,6055,172.064,176.261,FILLED,366,6055
2024-03-21 20:04:35.024,SELL,LIMIT,IOC,14,171.682,175.904,FILLED,14,14
2024-03-21 20:19:02.087,BUY,LIMIT,IOC,516,186.266,181.781,FILLED,4,516
2024-03-22 01:51:10.044,SELL,LIMIT,IOC,4,171.492,175.723,FILLED,4,4
2024-03-22 01:56:09.040,SELL,LIMIT,IOC,56,171.386,175.66,FILLED,54,56
2024-03-22 01:57:31.037,SELL,LIMIT,IOC,1444,170.849,175.074,FILLED,35,1444
2024-03-22 01:57:35.072,SELL,LIMIT,IOC,20,170.708,174.768,FILLED,5,20
2024-03-22 01:57:36.101,SELL,LIMIT,IOC,9,170.567,174.729,FILLED,9,9
2024-03-22 01:57:40.060,SELL,LIMIT,IOC,19,170.294,174.559,FILLED,19,19
2024-03-22 02:10:12.065,SELL,LIMIT,IOC,310,170.107,174.195,FILLED,13,310
2024-03-22 10:06:03.064,SELL,LIMIT,IOC,2,171.535,175.738,FILLED,2,2
2024-03-22 10:06:58.089,SELL,LIMIT,IOC,3,171.376,175.569,FILLED,3,3
2024-03-22 10:07:00.027,SELL,LIMIT,IOC,1,171.204,175.469,FILLED,1,1
2024-03-22 10:33:00.082,SELL,LIMIT,IOC,20,170.098,174.295,FILLED,20,20
2024-03-22 11:02:45.068,SELL,LIMIT,IOC,403,169.979,174.2,FILLED,72,403
2024-03-22 11:02:49.078,SELL,LIMIT,IOC,136,169.899,174.095,FILLED,34,136
2024-03-22 11:02:50.087,SELL,LIMIT,IOC,1,169.887,174.101,FILLED,1,1
2024-03-22 11:26:31.057,SELL,LIMIT,IOC,1,169.497,173.724,FILLED,1,1
2024-03-22 11:48:32.054,SELL,LIMIT,IOC,2,169.464,173.692,FILLED,2,2
2024-03-22 11:48:36.049,SELL,LIMIT,IOC,5,169.371,173.553,FILLED,5,5
2024-03-22 11:50:08.090,SELL,LIMIT,IOC,10,169.137,173.363,FILLED,8,10
2024-03-22 11:50:15.095,SELL,LIMIT,IOC,354,168.931,173.145,FILLED,37,354
2024-03-22 11:50:39.050,SELL,LIMIT,IOC,269,168.812,172.908,FILLED,249,269
2024-03-22 11:55:49.097,SELL,LIMIT,IOC,761,168.079,172.244,FILLED,705,761
2024-03-22 11:56:15.018,SELL,LIMIT,IOC,1,167.717,171.837,FILLED,1,1
2024-03-22 12:03:07.070,SELL,LIMIT,IOC,510,167.557,171.74,FILLED,23,510
2024-03-22 12:03:16.064,SELL,LIMIT,IOC,2,167.292,171.474,FILLED,2,2
2024-03-22 13:36:32.035,SELL,LIMIT,IOC,76,166.829,170.733,FILLED,76,76
2024-03-22 13:36:35.046,SELL,LIMIT,IOC,497,166.625,170.753,FILLED,36,497
2024-03-22 13:36:40.077,SELL,LIMIT,IOC,357,166.576,170.707,FILLED,5,357
2024-03-22 13:36:46.074,SELL,LIMIT,IOC,960,166.387,170.439,FILLED,351,960
2024-03-22 13:45:28.046,SELL,LIMIT,IOC,182,166.292,170.401,FILLED,14,182
2024-03-22 13:52:13.057,SELL,LIMIT,IOC,2,165.901,170.068,FILLED,2,2
2024-03-22 13:52:46.078,SELL,LIMIT,IOC,87,165.889,170.031,FILLED,49,87
2024-03-22 13:52:48.068,SELL,LIMIT,IOC,1,165.861,169.885,FILLED,1,1
2024-03-22 13:54:36.093,SELL,LIMIT,IOC,700,165.728,169.825,FILLED,28,700
2024-03-22 13:54:39.084,SELL,LIMIT,IOC,56,165.643,169.75,FILLED,56,56
2024-03-22 13:56:35.064,SELL,LIMIT,IOC,44,165.558,169.679,FILLED,44,44
2024-03-22 13:56:48.081,SELL,LIMIT,IOC,7,165.404,169.515,FILLED,7,7
2024-03-22 13:58:00.107,SELL,LIMIT,IOC,40,165.316,169.436,FILLED,8,40
2024-03-22 13:58:36.102,SELL,LIMIT,IOC,13,165.056,169.124,FILLED,8,13
2024-03-22 13:58:53.095,SELL,LIMIT,IOC,6,165.008,169.196,FILLED,6,6
2024-03-22 13:59:14.039,SELL,LIMIT,IOC,179,164.972,169.095,FILLED,26,179
2024-03-22 13:59:19.047,SELL,LIMIT,IOC,7,164.743,168.859,FILLED,7,7
2024-03-22 13:59:28.088,SELL,LIMIT,IOC,649,164.731,168.812,FILLED,38,649
2024-03-22 13:59:29.109,SELL,LIMIT,IOC,86,164.664,168.758,FILLED,86,86
2024-03-22 13:59:33.072,SELL,LIMIT,IOC,40,164.554,168.624,FILLED,20,40
2024-03-22 13:59:37.056,SELL,LIMIT,IOC,175,164.284,168.387,FILLED,28,175
2024-03-22 14:23:19.049,SELL,LIMIT,IOC,3,163.958,167.907,FILLED,3,3
2024-03-22 14:23:20.099,SELL,LIMIT,IOC,7,163.892,168.027,FILLED,4,7
2024-03-22 21:20:47.032,SELL,LIMIT,IOC,1075,165.378,169.497,FILLED,212,1075
2024-03-22 21:20:55.084,SELL,LIMIT,IOC,324,165.214,169.188,FILLED,162,324
2024-03-22 21:36:55.104,SELL,LIMIT,IOC,343,164.57,168.684,FILLED,10,343
2024-03-22 22:19:36.064,SELL,LIMIT,IOC,9,164.265,168.344,FILLED,9,9
2024-03-22 23:56:19.074,BUY,LIMIT,IOC,3,178.404,173.991,FILLED,3,3
2024-03-22 23:56:51.104,BUY,LIMIT,IOC,9,178.678,174.23,FILLED,9,9
2024-03-23 01:28:31.069,BUY,LIMIT,IOC,352,181.164,176.697,FILLED,169,352
2024-03-23 03:19:24.057,SELL,LIMIT,IOC,11,168.831,172.957,FILLED,11,11
2024-03-23 03:19:31.115,SELL,LIMIT,IOC,94,168.698,172.883,FILLED,94,94
2024-03-23 03:19:51.036,SELL,LIMIT,IOC,2,168.539,172.643,FILLED,2,2
2024-03-23 03:22:34.030,SELL,LIMIT,IOC,1,168.014,172.339,FILLED,1,1
2024-03-23 03:36:13.028,SELL,LIMIT,IOC,1,166.782,170.952,FILLED,1,1
2024-03-23 03:36:31.053,SELL,LIMIT,IOC,2392,166.646,170.743,FILLED,429,2392
2024-03-23 03:36:34.065,SELL,LIMIT,IOC,9,166.621,170.732,FILLED,9,9
2024-03-23 03:36:56.063,SELL,LIMIT,IOC,65,166.449,170.62,FILLED,65,65
2024-03-23 07:13:07.029,BUY,LIMIT,IOC,10,181.073,176.695,FILLED,10,10
2024-03-23 07:13:23.049,BUY,LIMIT,IOC,18,181.362,176.942,FILLED,18,18
2024-03-23 14:33:00.083,BUY,LIMIT,IOC,8,183.522,179.04,FILLED,8,8
2024-03-23 15:45:06.036,SELL,LIMIT,IOC,44,170.387,174.628,FILLED,44,44
2024-03-23 16:06:37.045,SELL,LIMIT,IOC,259,169.905,174.144,FILLED,34,259
2024-03-23 16:06:39.076,SELL,LIMIT,IOC,11,169.846,174.09,FILLED,11,11
2024-03-23 16:06:58.126,SELL,LIMIT,IOC,51,169.795,173.908,FILLED,20,51
2024-03-23 20:24:48.037,SELL,LIMIT,IOC,18,169.749,173.956,FILLED,18,18
2024-03-23 21:03:40.092,SELL,LIMIT,IOC,3,168.6,172.807,FILLED,3,3
2024-03-24 03:52:39.071,SELL,LIMIT,IOC,17,168.288,172.352,FILLED,11,17
2024-03-24 03:53:00.061,SELL,LIMIT,IOC,1,168.057,172.253,FILLED,1,1
2024-03-24 03:56:22.058,SELL,LIMIT,IOC,2,167.891,172.066,FILLED,2,2
2024-03-24 03:58:05.043,SELL,LIMIT,IOC,25,167.798,171.959,FILLED,23,25
2024-03-24 03:58:06.048,SELL,LIMIT,IOC,727,167.759,171.939,FILLED,325,727
2024-03-24 03:58:13.098,SELL,LIMIT,IOC,1,167.718,171.889,FILLED,1,1
2024-03-24 04:01:15.032,SELL,LIMIT,IOC,2,167.612,171.796,FILLED,2,2
2024-03-24 04:04:09.030,SELL,LIMIT,IOC,6,167.455,171.687,FILLED,6,6
2024-03-24 17:06:38.099,SELL,LIMIT,IOC,35,168.758,172.813,FILLED,17,35
2024-03-24 17:07:08.095,SELL,LIMIT,IOC,85,168.534,172.723,FILLED,74,85
2024-03-24 20:21:04.024,BUY,LIMIT,IOC,27,182.347,177.884,FILLED,27,27
2024-03-24 21:12:35.088,BUY,LIMIT,IOC,3,185.169,180.602,FILLED,3,3
2024-03-24 21:16:45.040,BUY,LIMIT,IOC,8,185.963,181.409,FILLED,8,8
2024-03-24 22:03:37.060,BUY,LIMIT,IOC,10,187.611,183.006,FILLED,10,10
2024-03-24 22:06:31.080,BUY,LIMIT,IOC,2,188.381,183.636,FILLED,2,2
2024-03-24 22:09:53.084,BUY,LIMIT,IOC,79,188.988,184.287,FILLED,12,79
2024-03-24 23:03:22.106,BUY,LIMIT,IOC,1,190.286,185.645,FILLED,1,1
2024-03-25 06:55:30.098,BUY,LIMIT,IOC,83,192.591,187.794,FILLED,83,83
2024-03-25 06:55:55.088,BUY,LIMIT,IOC,2,192.796,188.078,FILLED,2,2
2024-03-25 07:06:47.113,BUY,LIMIT,IOC,3,194.491,189.705,FILLED,1,3
2024-03-25 10:04:26.069,BUY,LIMIT,IOC,64,195.135,190.304,FILLED,64,64
2024-03-25 12:52:37.056,SELL,LIMIT,IOC,62,182.38,186.884,FILLED,62,62
2024-03-25 12:53:18.033,SELL,LIMIT,IOC,70,182.275,186.67,FILLED,70,70
2024-03-25 14:11:44.091,BUY,LIMIT,IOC,159,196.923,192.089,FILLED,159,159
2024-03-25 14:15:43.088,BUY,LIMIT,IOC,83,197.395,192.674,FILLED,83,83
2024-03-25 14:16:02.029,BUY,LIMIT,IOC,3,197.982,193.18,FILLED,3,3
2024-03-25 14:19:23.044,BUY,LIMIT,IOC,17,198.567,193.747,FILLED,17,17
2024-03-25 14:23:06.037,BUY,LIMIT,IOC,15,199.401,194.456,FILLED,15,15
2024-03-25 21:27:39.034,SELL,LIMIT,IOC,19,185.209,189.772,FILLED,19,19
2024-03-25 21:28:37.037,SELL,LIMIT,IOC,19,185.107,189.768,FILLED,18,19
2024-03-25 21:28:40.080,SELL,LIMIT,IOC,1,185.097,189.616,FILLED,1,1
2024-03-25 21:28:56.074,SELL,LIMIT,IOC,157,184.835,189.481,FILLED,24,157
2024-03-25 23:45:30.063,SELL,LIMIT,IOC,4,184.231,188.937,FILLED,4,4
2024-03-26 00:18:20.063,SELL,LIMIT,IOC,1,183.816,188.392,FILLED,1,1
2024-03-26 04:56:30.053,BUY,LIMIT,IOC,25,199.323,194.389,FILLED,25,25
2024-03-26 05:15:40.069,BUY,LIMIT,IOC,33,200.076,195.065,FILLED,33,33
2024-03-26 07:29:08.039,BUY,LIMIT,IOC,1,201.437,196.424,FILLED,1,1
2024-03-26 14:29:58.083,SELL,LIMIT,IOC,23,185.995,190.599,FILLED,23,23
2024-03-26 14:32:12.200,SELL,LIMIT,IOC,19,185.787,190.345,FILLED,17,19
2024-03-26 14:32:16.093,SELL,LIMIT,IOC,51,185.665,190.272,FILLED,37,51
2024-03-26 14:32:31.084,SELL,LIMIT,IOC,10,185.485,190.139,FILLED,10,10
2024-03-26 14:32:33.098,SELL,LIMIT,IOC,266,185.433,190.107,FILLED,192,266
2024-03-26 14:32:39.026,SELL,LIMIT,IOC,15,185.425,190.046,FILLED,15,15
2024-03-26 14:32:49.029,SELL,LIMIT,IOC,5,185.219,189.811,FILLED,5,5
2024-03-26 14:33:17.090,SELL,LIMIT,IOC,20,185.094,189.725,FILLED,20,20
2024-03-26 16:18:46.044,SELL,LIMIT,IOC,13,184.395,188.993,FILLED,13,13
2024-03-26 16:18:51.044,SELL,LIMIT,IOC,352,184.365,188.881,FILLED,201,352
2024-03-26 16:19:14.027,SELL,LIMIT,IOC,116,184.052,188.7,FILLED,116,116
2024-03-26 16:19:19.039,SELL,LIMIT,IOC,277,183.931,188.71,FILLED,197,277
2024-03-26 16:20:01.100,SELL,LIMIT,IOC,3,183.821,188.479,FILLED,3,3
2024-03-26 16:22:48.102,SELL,LIMIT,IOC,19,183.532,188.215,FILLED,19,19
2024-03-26 16:42:31.052,SELL,LIMIT,IOC,2,182.654,187.176,FILLED,2,2
2024-03-26 16:43:44.059,SELL,LIMIT,IOC,2,182.36,186.915,FILLED,2,2
2024-03-26 16:44:25.062,SELL,LIMIT,IOC,394,182.192,186.766,FILLED,135,394
2024-03-26 17:13:17.085,SELL,LIMIT,IOC,2,182.016,186.539,FILLED,2,2
2024-03-27 07:25:54.087,SELL,LIMIT,IOC,57,182.821,187.388,FILLED,26,57
2024-03-27 07:35:35.086,SELL,LIMIT,IOC,1424,182.282,186.803,FILLED,595,1424
2024-03-27 07:36:42.050,SELL,LIMIT,IOC,23,182.118,186.66,FILLED,23,23
2024-03-27 07:45:41.079,SELL,LIMIT,IOC,3,181.99,186.519,FILLED,3,3
2024-03-27 07:52:53.078,SELL,LIMIT,IOC,4,181.763,186.306,FILLED,4,4
2024-03-27 08:54:18.074,SELL,LIMIT,IOC,2,181.765,186.297,FILLED,2,2
2024-03-27 08:55:45.024,SELL,LIMIT,IOC,15,181.743,186.284,FILLED,15,15
2024-03-27 08:56:52.108,SELL,LIMIT,IOC,1,181.336,185.779,FILLED,1,1
2024-03-27 08:57:37.105,SELL,LIMIT,IOC,3,181.041,185.536,FILLED,3,3
2024-03-27 08:57:50.058,SELL,LIMIT,IOC,85,180.902,185.368,FILLED,85,85
2024-03-27 08:57:52.102,SELL,LIMIT,IOC,1,180.824,185.288,FILLED,1,1
2024-03-27 08:58:07.064,SELL,LIMIT,IOC,60,180.702,185.156,FILLED,60,60
2024-03-27 09:01:51.093,SELL,LIMIT,IOC,30,180.583,185.148,FILLED,30,30
2024-03-27 09:04:52.028,SELL,LIMIT,IOC,37,180.553,185.028,FILLED,34,37
2024-03-27 09:05:13.049,SELL,LIMIT,IOC,8,180.313,184.792,FILLED,8,8
2024-03-27 09:05:19.048,SELL,LIMIT,IOC,2,180.192,184.65,FILLED,2,2
2024-03-27 09:05:20.071,SELL,LIMIT,IOC,2,180.106,184.628,FILLED,2,2
2024-03-27 09:05:23.076,SELL,LIMIT,IOC,129,180.047,184.535,FILLED,6,129
2024-03-27 09:05:52.071,SELL,LIMIT,IOC,4211,179.813,184.278,FILLED,20,4211
2024-03-27 09:13:45.030,SELL,LIMIT,IOC,3,179.266,184.059,FILLED,3,3
2024-03-27 13:46:04.027,SELL,LIMIT,IOC,897,182.081,186.216,FILLED,162,897
2024-03-27 13:46:08.025,SELL,LIMIT,IOC,30,181.75,185.826,FILLED,28,30
2024-03-27 13:46:27.109,SELL,LIMIT,IOC,2,181.433,185.452,FILLED,2,2
2024-03-27 13:59:11.076,SELL,LIMIT,IOC,94,181.235,185.795,FILLED,14,94
2024-03-27 13:59:14.064,SELL,LIMIT,IOC,190,181.109,185.672,FILLED,169,190
2024-03-27 14:02:11.069,SELL,LIMIT,IOC,1,180.305,184.753,FILLED,1,1
2024-03-27 14:02:44.049,SELL,LIMIT,IOC,275,179.697,184.107,FILLED,6,275
2024-03-27 14:03:37.134,SELL,LIMIT,IOC,5,179.107,183.501,FILLED,4,5
2024-03-27 14:09:14.081,SELL,LIMIT,IOC,108,178.495,182.684,FILLED,108,108
2024-03-27 14:09:15.130,SELL,LIMIT,IOC,1692,178.362,182.693,FILLED,347,1692
2024-03-27 14:10:29.118,SELL,LIMIT,IOC,23,178.151,182.551,FILLED,19,23
2024-03-27 14:10:50.101,SELL,LIMIT,IOC,77,177.99,182.319,FILLED,77,77
2024-03-27 14:10:52.091,SELL,LIMIT,IOC,2,177.872,182.28,FILLED,2,2
2024-03-27 14:10:55.107,SELL,LIMIT,IOC,80,177.819,182.226,FILLED,80,80
2024-03-27 14:11:00.040,SELL,LIMIT,IOC,387,177.75,182.189,FILLED,116,387
2024-03-27 14:11:40.055,SELL,LIMIT,IOC,22,177.507,181.611,FILLED,22,22
2024-03-27 14:11:41.073,SELL,LIMIT,IOC,1,177.318,181.605,FILLED,1,1
2024-03-27 14:12:12.104,SELL,LIMIT,IOC,49,177.177,181.471,FILLED,5,49
2024-03-27 14:12:14.081,SELL,LIMIT,IOC,31,177.096,181.373,FILLED,31,31
2024-03-27 14:12:17.044,SELL,LIMIT,IOC,1580,176.963,181.224,FILLED,108,1580
2024-03-27 14:12:39.052,SELL,LIMIT,IOC,5,176.81,181.143,FILLED,5,5
2024-03-27 14:13:05.050,SELL,LIMIT,IOC,1,176.688,181.147,FILLED,1,1
2024-03-27 15:56:45.077,SELL,LIMIT,IOC,2000,176.713,181.118,FILLED,14,2000
2024-03-27 16:00:13.053,SELL,LIMIT,IOC,1,176.696,181.103,FILLED,1,1
2024-03-27 16:12:09.062,SELL,LIMIT,IOC,2,176.646,181.047,FILLED,2,2
2024-03-27 16:12:27.076,SELL,LIMIT,IOC,9,176.578,181.069,FILLED,9,9
2024-03-27 16:12:54.029,SELL,LIMIT,IOC,6,176.385,180.758,FILLED,6,6
2024-03-27 16:12:55.075,SELL,LIMIT,IOC,3,176.358,180.748,FILLED,3,3
2024-03-27 16:13:06.067,SELL,LIMIT,IOC,64,176.167,180.516,FILLED,64,64
2024-03-27 16:13:07.093,SELL,LIMIT,IOC,2085,176.147,180.512,FILLED,271,2085
2024-03-27 16:13:12.113,SELL,LIMIT,IOC,623,176.072,180.487,FILLED,57,623
2024-03-27 16:13:23.096,SELL,LIMIT,IOC,2,176.065,180.428,FILLED,1,2
2024-03-27 22:55:32.112,BUY,LIMIT,IOC,3,191.404,186.638,FILLED,3,3
2024-03-28 00:19:41.110,BUY,LIMIT,IOC,1,192.048,187.617,FILLED,1,1
2024-03-28 00:21:40.084,BUY,LIMIT,IOC,5,192.735,188.028,FILLED,5,5
2024-03-28 02:34:18.048,SELL,LIMIT,IOC,80,177.686,182.213,FILLED,36,80
2024-03-28 02:39:27.071,SELL,LIMIT,IOC,3,177.387,181.816,FILLED,3,3
2024-03-28 02:45:02.079,SELL,LIMIT,IOC,102,177.087,181.555,FILLED,58,102
2024-03-28 02:45:33.106,SELL,LIMIT,IOC,8,177.065,181.461,FILLED,8,8
2024-03-28 03:40:44.075,SELL,LIMIT,IOC,2,176.545,180.982,FILLED,2,2
2024-03-28 08:03:10.052,BUY,LIMIT,IOC,3,192.663,187.95,FILLED,3,3
2024-03-28 12:45:49.054,SELL,LIMIT,IOC,58,179.126,183.604,FILLED,12,58
2024-03-28 13:16:10.057,SELL,LIMIT,IOC,1,178.473,182.857,FILLED,1,1
2024-03-28 13:16:21.024,SELL,LIMIT,IOC,1097,178.338,182.745,FILLED,217,1097
2024-03-28 14:49:21.089,BUY,LIMIT,IOC,48,193.255,188.549,FILLED,19,48
2024-03-28 14:50:43.086,BUY,LIMIT,IOC,470,193.703,188.873,FILLED,48,470
2024-03-28 17:04:06.045,SELL,LIMIT,IOC,17,180.153,184.64,FILLED,16,17
2024-03-29 05:36:14.053,SELL,LIMIT,IOC,1,181.638,186.16,FILLED,1,1
2024-03-29 05:40:46.107,SELL,LIMIT,IOC,1,181.542,185.985,FILLED,1,1
2024-03-29 07:39:11.079,SELL,LIMIT,IOC,10,180.574,185.032,FILLED,8,10
2024-03-29 07:39:23.045,SELL,LIMIT,IOC,542,180.546,185.037,FILLED,91,542
2024-03-29 07:47:06.096,SELL,LIMIT,IOC,14,179.91,184.304,FILLED,12,14
2024-03-29 07:53:02.095,SELL,LIMIT,IOC,2,179.294,183.828,FILLED,2,2
2024-03-29 14:49:39.109,BUY,LIMIT,IOC,80,194.49,189.712,FILLED,80,80
2024-03-29 15:40:48.052,SELL,LIMIT,IOC,21,180.02,184.488,FILLED,20,21
2024-03-29 20:28:06.083,BUY,LIMIT,IOC,19,194.56,189.784,FILLED,19,19
2024-03-29 22:24:26.070,BUY,LIMIT,IOC,2,196.32,191.467,FILLED,1,2
2024-03-29 23:03:29.082,BUY,LIMIT,IOC,4,197.713,192.936,FILLED,4,4
2024-03-29 23:22:42.046,BUY,LIMIT,IOC,124,197.856,192.946,FILLED,12,124
2024-03-29 23:23:34.094,BUY,LIMIT,IOC,6,198.004,193.079,FILLED,6,6
2024-03-30 00:58:46.073,BUY,LIMIT,IOC,24,199.519,194.717,FILLED,24,24
2024-03-30 04:42:06.062,BUY,LIMIT,IOC,34,201.521,196.495,FILLED,34,34
2024-03-30 04:43:52.046,BUY,LIMIT,IOC,3,201.779,196.76,FILLED,3,3
2024-03-30 04:46:05.067,BUY,LIMIT,IOC,68,202.18,197.143,FILLED,59,68
2024-03-30 04:46:15.041,BUY,LIMIT,IOC,13,202.26,197.213,FILLED,13,13
2024-03-30 04:48:57.076,BUY,LIMIT,IOC,2,202.682,197.739,FILLED,2,2
2024-03-30 04:57:47.068,BUY,LIMIT,IOC,3,203.486,198.419,FILLED,3,3
2024-03-30 04:58:27.087,BUY,LIMIT,IOC,92,203.554,198.532,FILLED,84,92
2024-03-30 08:38:12.072,SELL,LIMIT,IOC,114,190.302,195.0,FILLED,33,114
2024-03-30 08:40:45.051,SELL,LIMIT,IOC,15,190.099,194.843,FILLED,15,15
2024-03-30 08:41:16.082,SELL,LIMIT,IOC,2,189.743,194.451,FILLED,2,2
2024-03-30 08:41:31.082,SELL,LIMIT,IOC,8,189.065,193.922,FILLED,8,8
2024-03-31 19:19:54.087,BUY,LIMIT,IOC,39,206.165,201.082,FILLED,20,39
2024-03-31 19:19:59.087,BUY,LIMIT,IOC,4,206.238,201.292,FILLED,4,4
2024-03-31 19:20:35.075,BUY,LIMIT,IOC,12,206.442,201.374,FILLED,8,12
2024-03-31 23:25:37.098,BUY,LIMIT,IOC,3,206.65,201.532,FILLED,3,3
2024-03-31 23:26:34.059,BUY,LIMIT,IOC,1,207.288,202.28,FILLED,1,1
2024-03-31 23:26:55.050,BUY,LIMIT,IOC,23,207.535,202.525,FILLED,14,23
2024-03-31 23:27:07.052,BUY,LIMIT,IOC,8,207.634,202.561,FILLED,8,8
2024-03-31 23:32:54.029,BUY,LIMIT,IOC,2781,207.972,202.819,FILLED,500,2781
2024-03-31 23:34:01.042,BUY,LIMIT,IOC,8,208.17,203.064,FILLED,8,8
2024-03-31 23:34:04.035,BUY,LIMIT,IOC,664,208.377,203.32,FILLED,215,664
2024-03-31 23:36:23.029,BUY,LIMIT,IOC,29,208.462,203.28,FILLED,29,29
