open_time,open,high,low,close,volume,close_time,quote_volume,count,taker_buy_volume,taker_buy_quote_volume,ignore
2024-01-01 00:00:00,0.08959,0.0901,0.08956,0.08994,55174,2024-01-01 00:59:59.999,6137662.99569471,1130,25982,2890515.52118565,0
2024-01-01 01:00:00,0.08992,0.09035,0.08964,0.09026,82339,2024-01-01 01:59:59.999,9146119.79579564,1139,42171,4683945.64277535,0
2024-01-01 02:00:00,0.09026,0.0903,0.08985,0.08991,66552,2024-01-01 02:59:59.999,7383342.54335189,883,21333,2367231.68341534,0
2024-01-01 03:00:00,0.0899,0.08999,0.0891,0.08933,61512,2024-01-01 03:59:59.999,6871362.90543753,1199,30903,3452907.07165276,0
2024-01-01 04:00:00,0.08931,0.0895,0.08854,0.08924,138536,2024-01-01 04:59:59.999,15558063.11782994,2533,66195,7434924.78413702,0
2024-01-01 05:00:00,0.08921,0.08948,0.08895,0.08909,39897,2024-01-01 05:59:59.999,4470804.94402419,734,14713,1648177.94741353,0
2024-01-01 06:00:00,0.08908,0.08957,0.08899,0.08957,20647,2024-01-01 06:59:59.999,2313437.58303425,536,11123,1246041.10926209,0
2024-01-01 07:00:00,0.08957,0.08981,0.0895,0.08971,39989,2024-01-01 07:59:59.999,4460750.73944749,679,19635,2190523.8805339,0
2024-01-01 08:00:00,0.0897,0.08988,0.08954,0.08965,30165,2024-01-01 08:59:59.999,3362818.84311443,628,19050,2123711.4653654,0
2024-01-01 09:00:00,0.08967,0.08991,0.08952,0.08982,34860,2024-01-01 09:59:59.999,3882812.9635486,544,20567,2290537.18298271,0
2024-01-01 10:00:00,0.08985,0.0902,0.08979,0.09012,24441,2024-01-01 10:59:59.999,2716071.82670363,513,13017,1446937.49697964,0
2024-01-01 11:00:00,0.09011,0.09024,0.08983,0.09005,49187,2024-01-01 11:59:59.999,5461764.89267583,696,18922,2100075.62612151,0
2024-01-01 12:00:00,0.09005,0.09059,0.09005,0.09031,68638,2024-01-01 12:59:59.999,7595040.3027201,1046,37639,4165326.47433072,0
2024-01-01 13:00:00,0.0903,0.09065,0.09017,0.09063,74667,2024-01-01 13:59:59.999,8255619.01858488,936,37548,4151551.54809251,0
2024-01-01 14:00:00,0.09062,0.0907,0.09034,0.09069,57698,2024-01-01 14:59:59.999,6375355.75419936,882,30011,3315528.12713396,0
2024-01-01 15:00:00,0.0907,0.09136,0.09069,0.09117,175012,2024-01-01 15:59:59.999,19223441.54459913,2218,93260,10242490.2379715,0
2024-01-01 16:00:00,0.09119,0.09148,0.09082,0.09121,170381,2024-01-01 16:59:59.999,18678505.40101584,2209,69999,7675422.05394544,0
2024-01-01 17:00:00,0.09124,0.09136,0.09113,0.09132,40344,2024-01-01 17:59:59.999,4421091.65173824,703,16229,1778564.65752815,0
2024-01-01 18:00:00,0.09136,0.092,0.09132,0.09139,160744,2024-01-01 18:59:59.999,17530122.01334355,2448,83174,9071351.1164249,0
2024-01-01 19:00:00,0.09138,0.09204,0.09135,0.09197,84367,2024-01-01 19:59:59.999,9186659.61345051,1183,54477,5929959.91569191,0
2024-01-01 20:00:00,0.09198,0.09225,0.0916,0.09166,96035,2024-01-01 20:59:59.999,10445259.80362847,1561,38291,4161573.60639203,0
2024-01-01 21:00:00,0.09169,0.09188,0.0915,0.09187,30738,2024-01-01 21:59:59.999,3352792.96045872,537,15570,1697795.8979014,0
2024-01-01 22:00:00,0.09188,0.0919,0.09138,0.09164,209515,2024-01-01 22:59:59.999,22878700.22159832,2207,78102,8529685.16204947,0
2024-01-01 23:00:00,0.09165,0.09216,0.09165,0.09211,76902,2024-01-01 23:59:59.999,8359750.64356782,1142,56151,6103895.53041716,0
2024-01-02 00:00:00,0.09211,0.09349,0.09196,0.09344,295967,2024-01-02 00:59:59.999,31922892.25743891,5500,155954,16813929.58790786,0
2024-01-02 01:00:00,0.09344,0.09365,0.09264,0.09297,280202,2024-01-02 01:59:59.999,30081591.73467859,4102,111485,11971318.53563811,0
2024-01-02 02:00:00,0.09297,0.09315,0.09269,0.09307,86385,2024-01-02 02:59:59.999,9299583.8867534,1362,26364,2837407.468558,0
2024-01-02 03:00:00,0.09309,0.09331,0.09264,0.09322,78048,2024-01-02 03:59:59.999,8397040.81450387,1629,41270,4439616.00876211,0
2024-01-02 04:00:00,0.09324,0.0933,0.09299,0.09328,48816,2024-01-02 04:59:59.999,5240825.78187428,948,25893,2780040.98032791,0
2024-01-02 05:00:00,0.09327,0.09341,0.093,0.09301,95236,2024-01-02 05:59:59.999,10217467.77022458,1329,44233,4744648.20498846,0
2024-01-02 06:00:00,0.09302,0.09319,0.09277,0.09279,52320,2024-01-02 06:59:59.999,5627372.55411999,1010,20381,2191449.83286658,0
2024-01-02 07:00:00,0.09278,0.09425,0.09278,0.09362,409058,2024-01-02 07:59:59.999,43677944.14501831,4407,226138,24158836.92854784,0
2024-01-02 08:00:00,0.09363,0.09459,0.09359,0.09442,181931,2024-01-02 08:59:59.999,19328723.72052207,2807,102923,10936691.78830987,0
2024-01-02 09:00:00,0.09443,0.09457,0.0931,0.09352,402154,2024-01-02 09:59:59.999,42858061.95008269,4052,130532,13920711.30703907,0
2024-01-02 10:00:00,0.09352,0.09366,0.09313,0.09326,223777,2024-01-02 10:59:59.999,23964959.07477855,2422,116666,12488740.30998139,0
2024-01-02 11:00:00,0.09326,0.09349,0.09266,0.09309,149570,2024-01-02 11:59:59.999,16057025.63125112,2067,71894,7712784.37413294,0
2024-01-02 12:00:00,0.09311,0.09324,0.09232,0.09242,162669,2024-01-02 12:59:59.999,17528701.23800858,2297,56173,6047226.99133888,0
2024-01-02 13:00:00,0.09242,0.093,0.09225,0.09286,91779,2024-01-02 13:59:59.999,9905510.21254501,1642,37046,3996129.274888,0
2024-01-02 14:00:00,0.09284,0.09325,0.09135,0.09184,345572,2024-01-02 14:59:59.999,37484040.75966848,5828,163830,17773659.65135341,0
2024-01-02 15:00:00,0.09183,0.09201,0.09097,0.09164,258495,2024-01-02 15:59:59.999,28257346.44649415,4676,119588,13072487.23143593,0
2024-01-02 16:00:00,0.09165,0.09208,0.0911,0.09208,196398,2024-01-02 16:59:59.999,21448779.58501858,2894,96783,10566706.40411514,0
2024-01-02 17:00:00,0.09206,0.0921,0.09128,0.09177,151712,2024-01-02 17:59:59.999,16539657.03664949,2097,60189,6565013.95053928,0
2024-01-02 18:00:00,0.09178,0.09195,0.09161,0.09172,57069,2024-01-02 18:59:59.999,6217230.6743433,1138,23299,2537917.2486904,0
2024-01-02 19:00:00,0.09173,0.09189,0.09122,0.09148,68883,2024-01-02 19:59:59.999,7524413.80181855,1298,28340,3097013.37408599,0
2024-01-02 20:00:00,0.09147,0.0918,0.09077,0.09079,123787,2024-01-02 20:59:59.999,13568583.92141092,2065,43840,4803758.23337426,0
2024-01-02 21:00:00,0.09083,0.09147,0.0905,0.09131,137748,2024-01-02 21:59:59.999,15146575.84305929,2335,77404,8509137.19971393,0
2024-01-02 22:00:00,0.09135,0.09154,0.09104,0.09147,55405,2024-01-02 22:59:59.999,6066853.70118236,942,29510,3232460.46447634,0
2024-01-02 23:00:00,0.09147,0.09157,0.09102,0.09124,54801,2024-01-02 23:59:59.999,6002900.35701572,925,31563,3457628.83039616,0
2024-01-03 00:00:00,0.09124,0.09183,0.09115,0.09166,84565,2024-01-03 00:59:59.999,9240298.24247084,1523,46566,5089482.67397184,0
2024-01-03 01:00:00,0.09161,0.092,0.09159,0.09195,52006,2024-01-03 01:59:59.999,5668760.40167948,1050,29401,3204892.41569682,0
2024-01-03 02:00:00,0.09196,0.0921,0.09161,0.09171,54384,2024-01-03 02:59:59.999,5920519.76515374,876,18726,2038556.31033671,0
2024-01-03 03:00:00,0.09171,0.09173,0.09142,0.09153,56071,2024-01-03 03:59:59.999,6125755.61578487,724,29342,3205725.2076008,0
2024-01-03 04:00:00,0.09156,0.09177,0.09135,0.0916,57705,2024-01-03 04:59:59.999,6302901.73075433,1067,19285,2106566.64025233,0
2024-01-03 05:00:00,0.0916,0.09192,0.09147,0.09168,57117,2024-01-03 05:59:59.999,6226106.53680365,865,30567,3331624.85383659,0
2024-01-03 06:00:00,0.09169,0.0919,0.09157,0.09179,35061,2024-01-03 06:59:59.999,3821049.91496122,619,12085,1317090.60758347,0
2024-01-03 07:00:00,0.09182,0.09204,0.09143,0.09179,65705,2024-01-03 07:59:59.999,7160242.89490712,1047,32369,3528235.97250525,0
2024-01-03 08:00:00,0.09178,0.09201,0.09162,0.092,63225,2024-01-03 08:59:59.999,6883269.8309948,836,28192,3069906.05318267,0
2024-01-03 09:00:00,0.09198,0.09225,0.09193,0.09205,90375,2024-01-03 09:59:59.999,9813558.64888501,1110,50516,5485276.52007468,0
2024-01-03 10:00:00,0.09206,0.09214,0.09159,0.09189,60233,2024-01-03 10:59:59.999,6556259.38062825,975,26543,2889210.9696495,0
2024-01-03 11:00:00,0.09186,0.09192,0.089,0.08962,1122123,2024-01-03 11:59:59.999,124520729.21584392,15722,484754,53841873.88589836,0
2024-01-03 12:00:00,0.08967,0.08967,0.074,0.08425,7799924,2024-01-03 12:59:59.999,945879617.6603495,133697,3577141,433368980.4677587,0
2024-01-03 13:00:00,0.08425,0.08425,0.08168,0.08313,1045762,2024-01-03 13:59:59.999,126231001.8771863,19309,510078,61557222.94925202,0
2024-01-03 14:00:00,0.08313,0.08328,0.08081,0.08113,685663,2024-01-03 14:59:59.999,83967663.6755387,13540,355695,43555829.87063187,0
2024-01-03 15:00:00,0.08114,0.08258,0.08111,0.0825,552317,2024-01-03 15:59:59.999,67560960.09664589,10266,314865,38511758.68914331,0
2024-01-03 16:00:00,0.08254,0.08289,0.08117,0.08207,543324,2024-01-03 16:59:59.999,66124927.96485185,10004,254435,30959729.48305686,0
2024-01-03 17:00:00,0.08207,0.08245,0.08171,0.08242,222678,2024-01-03 17:59:59.999,27150837.00995981,5033,124729,15206541.21417292,0
2024-01-03 18:00:00,0.08241,0.0826,0.08045,0.08119,383322,2024-01-03 18:59:59.999,46968654.75173553,8755,194224,23798600.00910963,0
2024-01-03 19:00:00,0.08122,0.08241,0.08111,0.08174,212042,2024-01-03 19:59:59.999,25864001.35093486,3998,119485,14564267.06473205,0
2024-01-03 20:00:00,0.08173,0.08253,0.08165,0.08218,123919,2024-01-03 20:59:59.999,15079655.62648742,2205,57407,6986001.99918572,0
2024-01-03 21:00:00,0.0822,0.08293,0.08209,0.08288,137975,2024-01-03 21:59:59.999,16715389.43230359,2669,66876,8102840.2905371,0
2024-01-03 22:00:00,0.0829,0.08297,0.08189,0.08229,115126,2024-01-03 22:59:59.999,13956962.7333483,2133,54931,6659159.03250096,0
2024-01-03 23:00:00,0.08226,0.08226,0.08161,0.08205,137000,2024-01-03 23:59:59.999,16734871.04997093,2270,68176,8329561.4171966,0
2024-01-04 00:00:00,0.08205,0.0827,0.08193,0.08243,142461,2024-01-04 00:59:59.999,17297017.64966008,2598,75783,9203055.04796556,0
2024-01-04 01:00:00,0.08241,0.08261,0.081,0.08134,247790,2024-01-04 01:59:59.999,30369883.010798,4918,108818,13333262.04497211,0
2024-01-04 02:00:00,0.08134,0.08247,0.08123,0.08235,71725,2024-01-04 02:59:59.999,8754956.1070499,1966,34616,4227976.85634356,0
2024-01-04 03:00:00,0.08236,0.08245,0.08184,0.08219,143796,2024-01-04 03:59:59.999,17521376.2859641,2549,81769,9963869.97050196,0
2024-01-04 04:00:00,0.08223,0.08247,0.082,0.08229,76130,2024-01-04 04:59:59.999,9256196.16549226,1629,37699,4583964.1788554,0
2024-01-04 05:00:00,0.08231,0.08294,0.08217,0.08244,488148,2024-01-04 05:59:59.999,59108038.80736858,5346,190804,23106305.64680322,0
2024-01-04 06:00:00,0.08244,0.08293,0.08234,0.08279,65188,2024-01-04 06:59:59.999,7891560.6645688,1814,32727,3962092.81176455,0
2024-01-04 07:00:00,0.0828,0.08317,0.0824,0.08242,213860,2024-01-04 07:59:59.999,25815018.02359782,4274,112785,13614674.56053332,0
2024-01-04 08:00:00,0.08243,0.08273,0.08189,0.08223,208417,2024-01-04 08:59:59.999,25331060.83762688,3731,119740,14553183.65686602,0
2024-01-04 09:00:00,0.08222,0.08319,0.08211,0.08263,250052,2024-01-04 09:59:59.999,30244086.03633763,4169,118930,14393705.62276819,0
2024-01-04 10:00:00,0.08263,0.08275,0.08158,0.08231,193274,2024-01-04 10:59:59.999,23550615.55069492,3357,90048,10969070.11668416,0
2024-01-04 11:00:00,0.08232,0.08285,0.08211,0.08276,108327,2024-01-04 11:59:59.999,13122879.81216321,2123,55080,6672383.91188459,0
2024-01-04 12:00:00,0.08276,0.08313,0.08238,0.08279,185034,2024-01-04 12:59:59.999,22341662.74332744,3344,86444,10438719.60943357,0
2024-01-04 13:00:00,0.08283,0.08328,0.0826,0.08308,129681,2024-01-04 13:59:59.999,15652642.75538932,2101,54774,6610852.87262191,0
2024-01-04 14:00:00,0.08307,0.08431,0.08283,0.08403,211268,2024-01-04 14:59:59.999,25209548.11076942,4141,103629,12373852.00554493,0
2024-01-04 15:00:00,0.084,0.08472,0.08363,0.08415,230879,2024-01-04 15:59:59.999,27411509.1865961,4380,106989,12700597.37570944,0
2024-01-04 16:00:00,0.08416,0.08434,0.08325,0.08367,162599,2024-01-04 16:59:59.999,19429221.32953111,3075,72470,8657613.58971903,0
2024-01-04 17:00:00,0.08368,0.08414,0.08328,0.0841,138118,2024-01-04 17:59:59.999,16495581.00722175,2376,71088,8489163.56463931,0
2024-01-04 18:00:00,0.08406,0.08411,0.08366,0.08393,68490,2024-01-04 18:59:59.999,8158909.95720099,1217,30272,3606361.07040239,0
2024-01-04 19:00:00,0.08392,0.08441,0.08379,0.08397,79845,2024-01-04 19:59:59.999,9486006.83934698,1476,41879,4975883.90371848,0
2024-01-04 20:00:00,0.08393,0.0848,0.08393,0.0843,122216,2024-01-04 20:59:59.999,14469799.47621745,2172,56874,6733586.15307432,0
2024-01-04 21:00:00,0.08428,0.08469,0.08397,0.08416,118590,2024-01-04 21:59:59.999,14051885.92447444,1952,59095,7001939.00285994,0
2024-01-04 22:00:00,0.08417,0.08465,0.08395,0.08435,68553,2024-01-04 22:59:59.999,8130797.77855407,1185,35872,4253536.85464556,0
2024-01-04 23:00:00,0.08434,0.08438,0.08396,0.08408,29360,2024-01-04 23:59:59.999,3489384.36479969,729,15388,1828406.64342015,0
2024-01-05 00:00:00,0.08409,0.08493,0.08404,0.08473,137235,2024-01-05 00:59:59.999,16242536.99282197,2609,70432,8335631.65469306,0
2024-01-05 01:00:00,0.0847,0.08482,0.07971,0.08259,800556,2024-01-05 01:59:59.999,97521515.47840013,17161,366916,44717747.33932041,0
2024-01-05 02:00:00,0.0826,0.08334,0.08249,0.08272,275901,2024-01-05 02:59:59.999,33275713.41959366,5368,127045,15319583.65025795,0
2024-01-05 03:00:00,0.08271,0.08334,0.08258,0.08304,117839,2024-01-05 03:59:59.999,14188099.20959666,2323,57575,6933594.91029928,0
2024-01-05 04:00:00,0.08303,0.08313,0.08254,0.08289,165297,2024-01-05 04:59:59.999,19958377.78325221,2523,79522,9602920.41358334,0
2024-01-05 05:00:00,0.08287,0.0833,0.08281,0.08321,98507,2024-01-05 05:59:59.999,11850493.79902353,1375,49628,5970592.97477292,0
2024-01-05 06:00:00,0.08321,0.08337,0.08281,0.08318,88480,2024-01-05 06:59:59.999,10646094.41164206,1468,39282,4727623.35737516,0
2024-01-05 07:00:00,0.0832,0.08337,0.08291,0.08292,135253,2024-01-05 07:59:59.999,16264861.45163815,1565,54415,6543568.05695978,0
2024-01-05 08:00:00,0.08293,0.08345,0.08293,0.08312,94282,2024-01-05 08:59:59.999,11339780.17554292,1281,46219,5559846.11304359,0
2024-01-05 09:00:00,0.08312,0.08411,0.08312,0.08408,191159,2024-01-05 09:59:59.999,22836909.92323264,2974,102232,12214060.70155064,0
2024-01-05 10:00:00,0.08409,0.08411,0.08226,0.08288,294092,2024-01-05 10:59:59.999,35415905.74747659,4219,142358,17146207.54561354,0
2024-01-05 11:00:00,0.08288,0.08313,0.08212,0.08229,201680,2024-01-05 11:59:59.999,24400233.24362416,2927,88686,10729062.05923313,0
2024-01-05 12:00:00,0.08226,0.08269,0.08177,0.08247,176120,2024-01-05 12:59:59.999,21415912.4969146,3053,89096,10834482.16039021,0
2024-01-05 13:00:00,0.08248,0.08289,0.08209,0.08259,169498,2024-01-05 13:59:59.999,20550625.20650675,3066,94965,11513486.77396708,0
2024-01-05 14:00:00,0.08258,0.08279,0.08116,0.08143,429447,2024-01-05 14:59:59.999,52444033.51356389,7817,211422,25818535.68319747,0
2024-01-05 15:00:00,0.08144,0.08226,0.08105,0.08201,262532,2024-01-05 15:59:59.999,32132925.3381743,4979,125143,15320834.03859395,0
2024-01-05 16:00:00,0.08202,0.08242,0.08142,0.08148,291168,2024-01-05 16:59:59.999,35545035.13323656,4751,147045,17952096.70241156,0
2024-01-05 17:00:00,0.08146,0.08197,0.08062,0.08189,576196,2024-01-05 17:59:59.999,70881201.12085547,10818,278766,34292560.27033559,0
2024-01-05 18:00:00,0.0819,0.08204,0.08133,0.08173,76407,2024-01-05 18:59:59.999,9342766.06589483,1594,36996,4524620.96614055,0
2024-01-05 19:00:00,0.08174,0.08212,0.0815,0.08164,84947,2024-01-05 19:59:59.999,10380271.27350237,1694,45291,5536721.21327684,0
2024-01-05 20:00:00,0.0817,0.08292,0.0817,0.08254,249029,2024-01-05 20:59:59.999,30213780.25167814,3752,126903,15396666.58168541,0
2024-01-05 21:00:00,0.08251,0.08252,0.08186,0.0824,95456,2024-01-05 21:59:59.999,11620749.371669,1880,50329,6128050.71980481,0
2024-01-05 22:00:00,0.0824,0.08254,0.08197,0.08242,51444,2024-01-05 22:59:59.999,6252744.31094988,1069,24428,2969632.47448374,0
2024-01-05 23:00:00,0.08244,0.08292,0.08244,0.08276,99267,2024-01-05 23:59:59.999,12005906.43119123,1932,40766,4930360.83254234,0
2024-01-06 00:00:00,0.08278,0.08278,0.08226,0.08242,121489,2024-01-06 00:59:59.999,14715807.47046869,1839,38676,4687041.09635376,0
2024-01-06 01:00:00,0.08242,0.0825,0.08198,0.08218,109218,2024-01-06 01:59:59.999,13288941.25791293,1971,49333,6004087.5101636,0
2024-01-06 02:00:00,0.08218,0.08243,0.08186,0.08233,65401,2024-01-06 02:59:59.999,7955693.15818935,1143,20564,2503204.3867031,0
2024-01-06 03:00:00,0.08232,0.08245,0.08214,0.08221,34570,2024-01-06 03:59:59.999,4200310.40711964,791,15157,1841435.4251772,0
2024-01-06 04:00:00,0.0822,0.08242,0.08158,0.08161,71843,2024-01-06 04:59:59.999,8768953.8672087,1280,34805,4248156.13728868,0
2024-01-06 05:00:00,0.08158,0.08188,0.0794,0.08017,432093,2024-01-06 05:59:59.999,53726284.71005016,8248,186442,23166758.6003247,0
2024-01-06 06:00:00,0.08017,0.08037,0.07839,0.07896,539979,2024-01-06 06:59:59.999,68165584.14387266,9454,258630,32643751.68459809,0
2024-01-06 07:00:00,0.07893,0.08025,0.07859,0.08025,441120,2024-01-06 07:59:59.999,55638395.75068888,5962,249406,31461115.03685331,0
2024-01-06 08:00:00,0.08025,0.0807,0.07985,0.08069,145171,2024-01-06 08:59:59.999,18088838.71104607,2419,72282,9003808.19148447,0
2024-01-06 09:00:00,0.08071,0.08079,0.08046,0.08048,67893,2024-01-06 09:59:59.999,8420329.78247091,1185,32813,4068924.52009256,0
2024-01-06 10:00:00,0.0805,0.08073,0.08024,0.08053,105481,2024-01-06 10:59:59.999,13116671.1630977,1536,42554,5290374.60976081,0
2024-01-06 11:00:00,0.08053,0.08076,0.0802,0.08068,50206,2024-01-06 11:59:59.999,6239880.06506433,1055,25012,3108262.41077688,0
2024-01-06 12:00:00,0.0807,0.081,0.08032,0.08055,99285,2024-01-06 12:59:59.999,12309026.31845784,1669,40741,5050651.74933108,0
2024-01-06 13:00:00,0.08054,0.08077,0.08022,0.08055,108293,2024-01-06 13:59:59.999,13444363.97554918,1482,49103,6093030.81801191,0
2024-01-06 14:00:00,0.08053,0.08161,0.08051,0.08137,162558,2024-01-06 14:59:59.999,20037241.84253931,2479,98916,12195660.00347292,0
2024-01-06 15:00:00,0.08141,0.08194,0.08127,0.08157,171326,2024-01-06 15:59:59.999,21006416.03377325,2549,87228,10698698.15329617,0
2024-01-06 16:00:00,0.08158,0.08176,0.08119,0.08149,57433,2024-01-06 16:59:59.999,7044907.49045989,1095,29378,3602796.27578495,0
2024-01-06 17:00:00,0.08147,0.08183,0.08123,0.08165,61421,2024-01-06 17:59:59.999,7530401.64537138,1060,32516,3987002.16743169,0
2024-01-06 18:00:00,0.08164,0.08169,0.08117,0.08124,50913,2024-01-06 18:59:59.999,6249233.26570088,980,24014,2948243.65957135,0
2024-01-06 19:00:00,0.08127,0.08129,0.08056,0.08088,92132,2024-01-06 19:59:59.999,11392730.9381116,1481,37142,4591415.89076718,0
2024-01-06 20:00:00,0.08088,0.08112,0.0805,0.081,110775,2024-01-06 20:59:59.999,13694029.97553842,1496,44473,5497824.41198366,0
2024-01-06 21:00:00,0.081,0.08107,0.08055,0.08096,52205,2024-01-06 21:59:59.999,6456586.04198713,1008,24087,2979549.96414834,0
2024-01-06 22:00:00,0.08097,0.08098,0.08025,0.08066,58487,2024-01-06 22:59:59.999,7252708.82828439,1060,30017,3723436.35295452,0
2024-01-06 23:00:00,0.08064,0.08069,0.07982,0.08065,79671,2024-01-06 23:59:59.999,9913494.97187554,1458,37688,4687066.70699737,0
2024-01-07 00:00:00,0.08065,0.08152,0.08052,0.08123,52392,2024-01-07 00:59:59.999,6466715.35453593,1070,30580,3775021.98001612,0
2024-01-07 01:00:00,0.08127,0.08136,0.08064,0.0807,55302,2024-01-07 01:59:59.999,6827675.45263405,1028,24655,3044734.6054249,0
2024-01-07 02:00:00,0.08067,0.08112,0.08041,0.08073,33267,2024-01-07 02:59:59.999,4120697.08366249,822,14585,1807189.85598744,0
2024-01-07 03:00:00,0.08075,0.08103,0.0806,0.0808,72800,2024-01-07 03:59:59.999,9008113.93082072,1175,47538,5882107.28590048,0
2024-01-07 04:00:00,0.08083,0.08111,0.08073,0.08111,33413,2024-01-07 04:59:59.999,4127527.38176768,708,16592,2050076.75532317,0
2024-01-07 05:00:00,0.0811,0.08122,0.08068,0.08096,55002,2024-01-07 05:59:59.999,6785730.73143311,953,22297,2751195.12637514,0
2024-01-07 06:00:00,0.08102,0.08151,0.08074,0.08095,213191,2024-01-07 06:59:59.999,26272442.70148681,3003,86873,10703620.7870639,0
2024-01-07 07:00:00,0.08097,0.08105,0.08066,0.08079,45312,2024-01-07 07:59:59.999,5608561.66779914,842,23497,2908500.906455,0
2024-01-07 08:00:00,0.0808,0.08125,0.0802,0.08028,68209,2024-01-07 08:59:59.999,8458429.20832262,1418,30494,3784007.09673526,0
2024-01-07 09:00:00,0.08028,0.08053,0.07955,0.07979,133375,2024-01-07 09:59:59.999,16674650.91535131,2336,65900,8238438.66631952,0
2024-01-07 10:00:00,0.07976,0.08019,0.07973,0.07998,50823,2024-01-07 10:59:59.999,6354027.66131411,1001,28319,3540582.78269206,0
2024-01-07 11:00:00,0.07998,0.08026,0.07986,0.08011,42135,2024-01-07 11:59:59.999,5260169.56208557,776,20180,2519247.38849584,0
2024-01-07 12:00:00,0.08008,0.0803,0.07961,0.08027,102016,2024-01-07 12:59:59.999,12748946.67410157,2248,44809,5598823.74424081,0
2024-01-07 13:00:00,0.08025,0.08079,0.08019,0.08063,81569,2024-01-07 13:59:59.999,10127803.12155721,1639,40842,5071271.67014956,0
2024-01-07 14:00:00,0.08064,0.08075,0.08018,0.08067,102237,2024-01-07 14:59:59.999,12703011.98618811,1812,57822,7184471.94816982,0
2024-01-07 15:00:00,0.08068,0.08068,0.07933,0.0795,116596,2024-01-07 15:59:59.999,14597795.97549603,2346,41645,5216857.47859305,0
2024-01-07 16:00:00,0.0795,0.08024,0.07906,0.07929,233457,2024-01-07 16:59:59.999,29321256.44533179,3674,113236,14216087.12389483,0
2024-01-07 17:00:00,0.07933,0.08004,0.07903,0.07983,161861,2024-01-07 17:59:59.999,20364606.01145995,2674,69689,8762102.88248077,0
2024-01-07 18:00:00,0.07985,0.08024,0.07985,0.08009,50633,2024-01-07 18:59:59.999,6326388.72534656,818,22519,2812893.13848427,0
2024-01-07 19:00:00,0.08009,0.08019,0.07977,0.08008,52229,2024-01-07 19:59:59.999,6525675.88512335,794,18916,2364592.69590541,0
2024-01-07 20:00:00,0.08009,0.08015,0.07966,0.07971,36381,2024-01-07 20:59:59.999,4556530.84454188,693,14925,1868445.41979436,0
2024-01-07 21:00:00,0.07971,0.07987,0.07929,0.07953,73669,2024-01-07 21:59:59.999,9257334.08286314,1133,32982,4141660.80063004,0
2024-01-07 22:00:00,0.07951,0.07952,0.07708,0.0777,427475,2024-01-07 22:59:59.999,54740051.55343548,7378,172771,22123771.91057161,0
2024-01-07 23:00:00,0.07771,0.07829,0.077,0.07825,288355,2024-01-07 23:59:59.999,37084532.53812249,5233,146070,18778775.03708659,0
2024-01-08 00:00:00,0.07826,0.07901,0.07773,0.07802,260478,2024-01-08 00:59:59.999,33244370.49956454,5275,119856,15290945.53236104,0
2024-01-08 01:00:00,0.078,0.0786,0.07758,0.07804,224881,2024-01-08 01:59:59.999,28772263.85705732,4366,96503,12342282.05636942,0
2024-01-08 02:00:00,0.0781,0.07836,0.07499,0.07614,803353,2024-01-08 02:59:59.999,105278649.3367548,14725,338471,44332395.84447949,0
2024-01-08 03:00:00,0.07613,0.07643,0.07413,0.07592,710277,2024-01-08 03:59:59.999,94496610.27185436,12145,317518,42194038.38767581,0
2024-01-08 04:00:00,0.07591,0.07709,0.07558,0.07705,222245,2024-01-08 04:59:59.999,29073561.21007159,3146,121106,15840357.37679514,0
2024-01-08 05:00:00,0.07705,0.07734,0.07665,0.07732,162372,2024-01-08 05:59:59.999,21083789.76513946,2696,79760,10356783.58032535,0
2024-01-08 06:00:00,0.0773,0.07868,0.07724,0.07816,427060,2024-01-08 06:59:59.999,54586687.04771166,6359,219343,28029301.72164622,0
2024-01-08 07:00:00,0.07814,0.07847,0.07731,0.07763,191768,2024-01-08 07:59:59.999,24656078.25358114,2635,81404,10466078.96886681,0
2024-01-08 08:00:00,0.07761,0.07832,0.07741,0.07751,112555,2024-01-08 08:59:59.999,14445541.22947846,1917,55590,7135784.15376725,0
2024-01-08 09:00:00,0.07751,0.07768,0.07683,0.07711,127625,2024-01-08 09:59:59.999,16491410.84685022,2001,67936,8773846.18891795,0
2024-01-08 10:00:00,0.07711,0.07808,0.07689,0.07792,121309,2024-01-08 10:59:59.999,15637954.50640109,2015,63883,8236345.78942333,0
2024-01-08 11:00:00,0.07792,0.07846,0.0776,0.07835,167859,2024-01-08 11:59:59.999,21492401.4106754,2528,85738,10967429.62631404,0
2024-01-08 12:00:00,0.07835,0.0791,0.07799,0.0788,355506,2024-01-08 12:59:59.999,45256054.46810962,5746,164470,20934367.73131484,0
2024-01-08 13:00:00,0.0788,0.07916,0.07853,0.07872,203909,2024-01-08 13:59:59.999,25839528.57829831,2941,115872,14680705.81518906,0
2024-01-08 14:00:00,0.0787,0.07921,0.07856,0.07897,146544,2024-01-08 14:59:59.999,18587206.11584515,2218,81306,10313807.1046027,0
2024-01-08 15:00:00,0.07897,0.07972,0.07865,0.07913,209739,2024-01-08 15:59:59.999,26485223.85707193,3446,98846,12481663.56879517,0
2024-01-08 16:00:00,0.07912,0.07952,0.07891,0.07917,102795,2024-01-08 16:59:59.999,12979003.76763949,1727,57516,7260999.14917996,0
2024-01-08 17:00:00,0.07916,0.08003,0.07914,0.08002,110122,2024-01-08 17:59:59.999,13836718.53761297,1835,60736,7628788.06730703,0
2024-01-08 18:00:00,0.08002,0.08126,0.07994,0.08091,353844,2024-01-08 18:59:59.999,43817783.82019921,5369,200927,24879171.12403229,0
2024-01-08 19:00:00,0.08089,0.08123,0.08054,0.08116,144267,2024-01-08 19:59:59.999,17839082.50685571,2592,46907,5797665.95761274,0
2024-01-08 20:00:00,0.08117,0.08123,0.08002,0.08068,268529,2024-01-08 20:59:59.999,33290960.92345429,3838,136005,16856548.80725946,0
2024-01-08 21:00:00,0.0807,0.08121,0.08054,0.08113,69164,2024-01-08 21:59:59.999,8544712.47481137,1311,33933,4193394.52077994,0
2024-01-08 22:00:00,0.08118,0.0817,0.08108,0.0817,101099,2024-01-08 22:59:59.999,12428561.58888744,1740,57234,7034966.64935406,0
2024-01-08 23:00:00,0.0817,0.08187,0.0812,0.08139,146692,2024-01-08 23:59:59.999,18007072.19993108,2266,76517,9389986.43297258,0
2024-01-09 00:00:00,0.0814,0.08166,0.07973,0.08049,434121,2024-01-09 00:59:59.999,53817589.86500052,7201,193287,23956189.3284149,0
2024-01-09 01:00:00,0.08051,0.08063,0.07928,0.07983,238362,2024-01-09 01:59:59.999,29782873.40853355,4103,111000,13859993.82570215,0
2024-01-09 02:00:00,0.07986,0.08015,0.07958,0.08001,89661,2024-01-09 02:59:59.999,11218886.04602538,1594,44063,5514035.26654386,0
2024-01-09 03:00:00,0.07998,0.08007,0.07975,0.08001,48735,2024-01-09 03:59:59.999,6098022.64932075,1097,27949,3497316.99242659,0
2024-01-09 04:00:00,0.08001,0.081,0.07996,0.08094,116295,2024-01-09 04:59:59.999,14453919.78154596,1980,70519,8761526.36302272,0
2024-01-09 05:00:00,0.08092,0.08135,0.08029,0.08072,167004,2024-01-09 05:59:59.999,20689356.08235535,2607,70314,8701242.83602937,0
2024-01-09 06:00:00,0.08069,0.08085,0.08022,0.08056,154973,2024-01-09 06:59:59.999,19225903.64497123,2270,88030,10917906.29499008,0
2024-01-09 07:00:00,0.08054,0.08065,0.08028,0.08053,58946,2024-01-09 07:59:59.999,7328646.71343412,1048,26954,3350577.16779824,0
2024-01-09 08:00:00,0.08053,0.08053,0.07912,0.07919,135147,2024-01-09 08:59:59.999,16927716.21856711,2418,52454,6570357.35989132,0
2024-01-09 09:00:00,0.07918,0.07949,0.07838,0.07891,247865,2024-01-09 09:59:59.999,31402497.2199344,3829,108752,13777844.6907808,0
2024-01-09 10:00:00,0.07891,0.07948,0.07863,0.07868,198583,2024-01-09 10:59:59.999,25115842.72892566,2897,99741,12604961.66238082,0
2024-01-09 11:00:00,0.07868,0.07922,0.07864,0.07907,95077,2024-01-09 11:59:59.999,12045390.792223,1648,50089,6344239.26381263,0
2024-01-09 12:00:00,0.07906,0.07926,0.0762,0.07728,824104,2024-01-09 12:59:59.999,106055471.42897792,13158,398204,51227590.40196209,0
2024-01-09 13:00:00,0.07728,0.07908,0.07716,0.07859,426832,2024-01-09 13:59:59.999,54482683.53963563,7177,250718,31991411.03205976,0
2024-01-09 14:00:00,0.07859,0.07881,0.07746,0.07758,267536,2024-01-09 14:59:59.999,34235403.85011175,5239,136434,17457848.63493709,0
2024-01-09 15:00:00,0.07758,0.07848,0.07724,0.0783,212371,2024-01-09 15:59:59.999,27250162.03617784,4377,112121,14380121.82743648,0
2024-01-09 16:00:00,0.07829,0.07851,0.07708,0.07746,183845,2024-01-09 16:59:59.999,23676048.33153511,3485,88009,11326340.93269918,0
2024-01-09 17:00:00,0.07748,0.084,0.07713,0.0804,2411879,2024-01-09 17:59:59.999,300962363.58339685,43088,1219097,152262221.7222786,0
2024-01-09 18:00:00,0.0804,0.08079,0.07932,0.08036,468826,2024-01-09 18:59:59.999,58592353.35392541,7954,232208,29019790.41415272,0
2024-01-09 19:00:00,0.08033,0.08072,0.07879,0.07984,429959,2024-01-09 19:59:59.999,53888518.89568713,6502,212390,26614998.47644634,0
2024-01-09 20:00:00,0.07986,0.07995,0.07763,0.07779,410461,2024-01-09 20:59:59.999,52107351.80715552,5578,173424,21998682.84992051,0
2024-01-09 21:00:00,0.07785,0.07971,0.0767,0.07777,1194639,2024-01-09 21:59:59.999,152770165.9247829,27977,589999,75424969.35932672,0
2024-01-09 22:00:00,0.0778,0.08232,0.07751,0.07901,1238241,2024-01-09 22:59:59.999,154766262.74331602,19971,644059,80513277.468362,0
2024-01-09 23:00:00,0.07899,0.07937,0.07864,0.07928,141967,2024-01-09 23:59:59.999,17962283.8811206,2294,68136,8619533.19790742,0
2024-01-10 00:00:00,0.07928,0.08027,0.07911,0.07982,203084,2024-01-10 00:59:59.999,25469587.27502699,3123,107713,13514194.05875581,0
2024-01-10 01:00:00,0.07993,0.08046,0.07947,0.08035,138637,2024-01-10 01:59:59.999,17328341.46748431,2480,72350,9044542.03742589,0
2024-01-10 02:00:00,0.08035,0.08086,0.07953,0.07963,101319,2024-01-10 02:59:59.999,12639348.47167675,2115,44163,5506919.05327721,0
2024-01-10 03:00:00,0.07966,0.08017,0.07941,0.0799,51501,2024-01-10 03:59:59.999,6445874.27177969,1166,19612,2454292.26188878,0
2024-01-10 04:00:00,0.07993,0.08008,0.07917,0.07919,81063,2024-01-10 04:59:59.999,10175255.12808072,1590,29978,3761781.64460362,0
2024-01-10 05:00:00,0.07924,0.07949,0.07891,0.07916,151166,2024-01-10 05:59:59.999,19090738.4702513,2012,74933,9463531.00497284,0
2024-01-10 06:00:00,0.0792,0.07921,0.0787,0.07895,70041,2024-01-10 06:59:59.999,8877123.90876776,1148,34204,4334772.37685118,0
2024-01-10 07:00:00,0.07895,0.07904,0.0783,0.07866,180483,2024-01-10 07:59:59.999,22938391.4823859,2356,84119,10688490.75078038,0
2024-01-10 08:00:00,0.07867,0.079,0.07794,0.07839,201710,2024-01-10 08:59:59.999,25734177.53337818,2749,92884,11841495.83240787,0
2024-01-10 09:00:00,0.07839,0.07963,0.07827,0.07953,175556,2024-01-10 09:59:59.999,22204110.93773031,2789,98888,12509731.79309625,0
2024-01-10 10:00:00,0.07952,0.07972,0.07914,0.07921,77356,2024-01-10 10:59:59.999,9734337.01593206,1362,39010,4910006.81028906,0
2024-01-10 11:00:00,0.07924,0.07959,0.07853,0.07918,152930,2024-01-10 11:59:59.999,19348337.72370965,2674,69686,8816950.65369873,0
2024-01-10 12:00:00,0.07916,0.07936,0.07622,0.07707,804487,2024-01-10 12:59:59.999,103724398.60629652,13018,361576,46636190.98690021,0
2024-01-10 13:00:00,0.07709,0.0777,0.07653,0.07752,226788,2024-01-10 13:59:59.999,29328501.06208691,4017,114167,14759317.61869456,0
2024-01-10 14:00:00,0.0775,0.07787,0.07699,0.0771,107032,2024-01-10 14:59:59.999,13815559.11392467,2132,46744,6032308.36366088,0
2024-01-10 15:00:00,0.07707,0.07855,0.07679,0.07838,265350,2024-01-10 15:59:59.999,34091517.1027012,4809,141175,18138898.62661037,0
2024-01-10 16:00:00,0.07837,0.07854,0.07782,0.07784,144070,2024-01-10 16:59:59.999,18424374.9875249,3006,75436,9644372.10233969,0
2024-01-10 17:00:00,0.07784,0.07874,0.07771,0.07862,135676,2024-01-10 17:59:59.999,17342047.3902255,2335,63937,8172273.25134345,0
2024-01-10 18:00:00,0.07864,0.07923,0.07851,0.07883,148637,2024-01-10 18:59:59.999,18858449.44573587,3548,69097,8765205.63913204,0
2024-01-10 19:00:00,0.07883,0.07932,0.07844,0.07921,208595,2024-01-10 19:59:59.999,26444803.02853909,4405,99326,12592529.32785762,0
2024-01-10 20:00:00,0.07921,0.07934,0.0768,0.07926,589930,2024-01-10 20:59:59.999,75466658.38862288,15290,290346,37131654.32939117,0
2024-01-10 21:00:00,0.07925,0.0819,0.07879,0.08181,512011,2024-01-10 21:59:59.999,63863172.78118327,11327,266669,33248647.61093593,0
2024-01-10 22:00:00,0.08179,0.08358,0.08128,0.08313,590704,2024-01-10 22:59:59.999,71432070.76786071,9652,259100,31328438.90058326,0
2024-01-10 23:00:00,0.08313,0.085,0.08256,0.08306,707737,2024-01-10 23:59:59.999,84616638.03515686,13818,298558,35684927.68421281,0
2024-01-11 00:00:00,0.0831,0.08348,0.08226,0.08344,323637,2024-01-11 00:59:59.999,39066775.14650019,7070,158957,19182729.96649964,0
2024-01-11 01:00:00,0.08344,0.08471,0.08279,0.08408,229009,2024-01-11 01:59:59.999,27344611.47347166,5181,121708,14533249.30813855,0
2024-01-11 02:00:00,0.08406,0.08452,0.08366,0.0838,216301,2024-01-11 02:59:59.999,25720094.26257003,3718,88970,10580919.86041275,0
2024-01-11 03:00:00,0.08384,0.0841,0.0832,0.08408,140621,2024-01-11 03:59:59.999,16807588.70637151,2834,64511,7704647.62032595,0
2024-01-11 04:00:00,0.08407,0.0846,0.08376,0.08411,146161,2024-01-11 04:59:59.999,17367307.81737486,2268,74969,8908385.70062687,0
2024-01-11 05:00:00,0.08415,0.08415,0.08273,0.08321,201229,2024-01-11 05:59:59.999,24173030.92228014,3567,81175,9746067.42386775,0
2024-01-11 06:00:00,0.08325,0.08335,0.08201,0.08301,203600,2024-01-11 06:59:59.999,24627297.25435659,3969,87723,10603511.08552087,0
2024-01-11 07:00:00,0.08301,0.08398,0.08301,0.08383,241587,2024-01-11 07:59:59.999,28862881.02088717,3229,118499,14159320.9256675,0
2024-01-11 08:00:00,0.08379,0.0844,0.08361,0.08438,146197,2024-01-11 08:59:59.999,17382435.07551188,2124,81117,9641838.88905182,0
2024-01-11 09:00:00,0.08438,0.0845,0.08401,0.08402,99182,2024-01-11 09:59:59.999,11769487.2362479,1700,43835,5201583.51330068,0
2024-01-11 10:00:00,0.08401,0.0852,0.08386,0.08495,200877,2024-01-11 10:59:59.999,23793770.99486348,3629,106476,12606107.82061108,0
2024-01-11 11:00:00,0.08497,0.08617,0.08456,0.08599,296642,2024-01-11 11:59:59.999,34817808.46227166,5307,144182,16921155.53280079,0
2024-01-11 12:00:00,0.08597,0.08654,0.08549,0.08611,444040,2024-01-11 12:59:59.999,51611351.77124608,7305,215214,25009992.76187937,0
2024-01-11 13:00:00,0.08611,0.08698,0.08399,0.08593,658653,2024-01-11 13:59:59.999,76806849.62089725,13045,296310,34544397.89256188,0
2024-01-11 14:00:00,0.08592,0.08797,0.08535,0.08722,997298,2024-01-11 14:59:59.999,114973015.30835296,16529,506111,58365658.66668499,0
2024-01-11 15:00:00,0.0872,0.08746,0.08413,0.08495,800626,2024-01-11 15:59:59.999,93414077.05476023,17838,378416,44151419.95266221,0
2024-01-11 16:00:00,0.08495,0.08555,0.08294,0.08402,567493,2024-01-11 16:59:59.999,67580600.15551789,13100,263873,31424718.18131182,0
2024-01-11 17:00:00,0.084,0.08496,0.08365,0.08477,165691,2024-01-11 17:59:59.999,19635138.60351453,3958,86594,10259669.8665725,0
2024-01-11 18:00:00,0.08477,0.08516,0.08441,0.08494,85560,2024-01-11 18:59:59.999,10089108.76636007,1592,46702,5505750.95481174,0
2024-01-11 19:00:00,0.08494,0.08537,0.08446,0.08526,99131,2024-01-11 19:59:59.999,11688039.87919542,1662,56850,6703445.04842268,0
2024-01-11 20:00:00,0.08527,0.08569,0.08426,0.08445,138203,2024-01-11 20:59:59.999,16272742.74126212,2747,63926,7527031.90835126,0
2024-01-11 21:00:00,0.08443,0.08487,0.08412,0.08424,67888,2024-01-11 21:59:59.999,8030532.69827121,1597,32189,3806425.7074282,0
2024-01-11 22:00:00,0.08424,0.08451,0.08388,0.08437,63193,2024-01-11 22:59:59.999,7503438.86415312,1380,32226,3826580.54799645,0
2024-01-11 23:00:00,0.08437,0.08475,0.08423,0.0846,69723,2024-01-11 23:59:59.999,8249475.34711683,1308,31882,3772545.38375876,0
2024-01-12 00:00:00,0.0846,0.08496,0.08405,0.08443,106302,2024-01-12 00:59:59.999,12581253.81802019,2424,52902,6259132.06257677,0
2024-01-12 01:00:00,0.08443,0.08453,0.08323,0.08382,134326,2024-01-12 01:59:59.999,16047558.07586186,2829,51444,6144146.8162533,0
2024-01-12 02:00:00,0.08383,0.08433,0.08378,0.08411,71716,2024-01-12 02:59:59.999,8525803.41757623,1443,38493,4575705.67966109,0
2024-01-12 03:00:00,0.08409,0.08415,0.0833,0.08361,77032,2024-01-12 03:59:59.999,9195804.32812598,1860,29633,3537550.8984487,0
2024-01-12 04:00:00,0.0836,0.08417,0.08345,0.08377,90944,2024-01-12 04:59:59.999,10851465.08126496,1845,47840,5708524.60992153,0
2024-01-12 05:00:00,0.08379,0.08486,0.08373,0.08474,72564,2024-01-12 05:59:59.999,8596364.20440772,1643,44359,5254588.5427879,0
2024-01-12 06:00:00,0.08473,0.08501,0.08456,0.08469,122872,2024-01-12 06:59:59.999,14491325.39664484,1759,62314,7348022.5966432,0
2024-01-12 07:00:00,0.08467,0.08479,0.08373,0.08408,146130,2024-01-12 07:59:59.999,17356397.56568147,2466,55730,6616782.94128063,0
2024-01-12 08:00:00,0.08407,0.08413,0.08338,0.08395,73765,2024-01-12 08:59:59.999,8808748.37051957,1723,33950,4050332.50319567,0
2024-01-12 09:00:00,0.08396,0.08419,0.08331,0.08396,83963,2024-01-12 09:59:59.999,10016442.70672199,1759,54332,6480581.5518471,0
2024-01-12 10:00:00,0.08394,0.08476,0.08378,0.08476,110648,2024-01-12 10:59:59.999,13133140.20664809,1603,60399,7171020.77929521,0
2024-01-12 11:00:00,0.08474,0.08504,0.08434,0.08469,153212,2024-01-12 11:59:59.999,18086940.36550251,2523,61912,7312322.05796613,0
2024-01-12 12:00:00,0.08467,0.0854,0.08408,0.08459,153169,2024-01-12 12:59:59.999,18061245.11044945,2697,82808,9761018.14335657,0
2024-01-12 13:00:00,0.0846,0.08514,0.08445,0.08488,77703,2024-01-12 13:59:59.999,9161440.08734137,2033,37216,4388074.33973832,0
2024-01-12 14:00:00,0.0849,0.08549,0.08451,0.08502,176705,2024-01-12 14:59:59.999,20786826.86539728,3412,70295,8263106.0950063,0
2024-01-12 15:00:00,0.08504,0.08509,0.08241,0.08268,463855,2024-01-12 15:59:59.999,55605339.81893093,9486,224842,26967442.68375156,0
2024-01-12 16:00:00,0.08269,0.08301,0.08016,0.0811,710042,2024-01-12 16:59:59.999,86944846.12836923,15219,343971,42118659.08361691,0
2024-01-12 17:00:00,0.0811,0.08148,0.07956,0.08137,438292,2024-01-12 17:59:59.999,54387092.57301363,10123,222025,27548993.81837968,0
2024-01-12 18:00:00,0.08138,0.08161,0.08095,0.08143,129396,2024-01-12 18:59:59.999,15911715.68092655,2539,61164,7521521.15503799,0
2024-01-12 19:00:00,0.08142,0.08172,0.081,0.08158,55794,2024-01-12 19:59:59.999,6851888.28753454,1481,26019,3195544.19226148,0
2024-01-12 20:00:00,0.08153,0.08194,0.0815,0.08166,58308,2024-01-12 20:59:59.999,7128578.46155302,1237,29438,3598534.3429186,0
2024-01-12 21:00:00,0.08168,0.08183,0.0797,0.08047,172151,2024-01-12 21:59:59.999,21365573.93731489,4092,80188,9947920.37740307,0
2024-01-12 22:00:00,0.08047,0.08053,0.0775,0.07943,885154,2024-01-12 22:59:59.999,112129139.20953198,18608,431084,54597866.75039043,0
2024-01-12 23:00:00,0.07941,0.08016,0.07934,0.08007,115316,2024-01-12 23:59:59.999,14451070.1904437,2616,62676,7853382.46252629,0
2024-01-13 00:00:00,0.0801,0.08045,0.07968,0.07976,101295,2024-01-13 00:59:59.999,12635357.68162571,2114,49961,6228915.41428753,0
2024-01-13 01:00:00,0.07975,0.07999,0.07862,0.07993,159666,2024-01-13 01:59:59.999,20122739.4046523,3957,77549,9771854.90550052,0
2024-01-13 02:00:00,0.07993,0.08039,0.07979,0.08008,68311,2024-01-13 02:59:59.999,8518500.0627435,1448,35541,4429979.20073083,0
2024-01-13 03:00:00,0.08006,0.08034,0.07965,0.08021,93890,2024-01-13 03:59:59.999,11737023.09524778,1625,45512,5689731.98512698,0
2024-01-13 04:00:00,0.08024,0.08059,0.08012,0.08056,47709,2024-01-13 04:59:59.999,5931604.87651457,917,32120,3993483.15531102,0
2024-01-13 05:00:00,0.08055,0.08082,0.08045,0.08079,45759,2024-01-13 05:59:59.999,5674274.84063497,940,20699,2566673.94668606,0
2024-01-13 06:00:00,0.08078,0.08099,0.08054,0.08097,47035,2024-01-13 06:59:59.999,5823579.23919035,1038,19712,2440027.72214112,0
2024-01-13 07:00:00,0.08098,0.0811,0.08084,0.08084,79896,2024-01-13 07:59:59.999,9869605.16940615,1245,20624,2547222.07118711,0
2024-01-13 08:00:00,0.08085,0.08106,0.0805,0.08089,55888,2024-01-13 08:59:59.999,6918149.11274855,1086,34928,4323284.7637835,0
2024-01-13 09:00:00,0.08088,0.08101,0.08004,0.08019,98360,2024-01-13 09:59:59.999,12217580.3579315,1720,44774,5564180.31812303,0
2024-01-13 10:00:00,0.08018,0.08035,0.07979,0.08012,118395,2024-01-13 10:59:59.999,14778927.58618841,1935,59508,7427953.58497269,0
2024-01-13 11:00:00,0.0801,0.0802,0.07601,0.0802,891071,2024-01-13 11:59:59.999,112444727.68914472,9018,355860,44714437.73822879,0
2024-01-13 12:00:00,0.0802,0.08043,0.08005,0.08033,76052,2024-01-13 12:59:59.999,9475737.84518389,1570,31020,3865700.41772324,0
2024-01-13 13:00:00,0.08034,0.08056,0.08003,0.08024,65089,2024-01-13 13:59:59.999,8108812.26597,1591,26393,3287849.2889682,0
2024-01-13 14:00:00,0.08024,0.08059,0.0799,0.08048,109616,2024-01-13 14:59:59.999,13658375.58620796,2814,58705,7316038.08022416,0
2024-01-13 15:00:00,0.08047,0.08136,0.08047,0.08117,143755,2024-01-13 15:59:59.999,17754306.8943181,3019,68482,8458121.67411119,0
2024-01-13 16:00:00,0.08116,0.08127,0.08069,0.08075,166303,2024-01-13 16:59:59.999,20568818.1961697,3523,92599,11454482.43755741,0
2024-01-13 17:00:00,0.08075,0.0808,0.08058,0.08076,265015,2024-01-13 17:59:59.999,32808113.08953516,3860,183713,22741543.64933959,0
2024-01-13 18:00:00,0.08075,0.0808,0.08064,0.08076,131696,2024-01-13 18:59:59.999,16305336.70861517,1351,83391,10323658.22314977,0
2024-01-13 19:00:00,0.08076,0.08117,0.08074,0.08095,127835,2024-01-13 19:59:59.999,15805492.2190896,1806,87095,10773009.67914679,0
2024-01-13 20:00:00,0.08094,0.08114,0.08071,0.08105,46838,2024-01-13 20:59:59.999,5787045.2886334,1395,19849,2452134.39925591,0
2024-01-13 21:00:00,0.08103,0.0811,0.08074,0.08074,62238,2024-01-13 21:59:59.999,7694903.64895482,1561,26523,3278614.96981164,0
2024-01-13 22:00:00,0.08075,0.0812,0.08048,0.08101,87066,2024-01-13 22:59:59.999,10768954.46192535,1852,46831,5790868.55902855,0
2024-01-13 23:00:00,0.08101,0.08108,0.0808,0.0809,103661,2024-01-13 23:59:59.999,12808386.90063395,2222,41238,5095503.16369277,0
2024-01-14 00:00:00,0.08089,0.08097,0.08023,0.08038,69267,2024-01-14 00:59:59.999,8589501.81694725,2150,32241,3998297.0456539,0
2024-01-14 01:00:00,0.08039,0.08088,0.0803,0.08086,98765,2024-01-14 01:59:59.999,12260661.47939973,1608,53350,6626438.27165727,0
2024-01-14 02:00:00,0.08086,0.08095,0.08043,0.08086,52512,2024-01-14 02:59:59.999,6505247.382973,1142,21055,2609431.69321988,0
2024-01-14 03:00:00,0.08085,0.08104,0.0806,0.08068,70978,2024-01-14 03:59:59.999,8783176.25821096,1429,23774,2941905.64349345,0
2024-01-14 04:00:00,0.08068,0.08077,0.08028,0.08037,50252,2024-01-14 04:59:59.999,6238648.31863091,1364,20105,2494896.80036062,0
2024-01-14 05:00:00,0.08037,0.08089,0.08036,0.0808,44240,2024-01-14 05:59:59.999,5480913.82224096,990,21816,2703188.401705,0
2024-01-14 06:00:00,0.08079,0.08167,0.08074,0.08153,128582,2024-01-14 06:59:59.999,15813729.06541984,2566,59743,7346072.62593666,0
2024-01-14 07:00:00,0.08154,0.08275,0.08108,0.08253,278466,2024-01-14 07:59:59.999,34008955.10970207,5479,157651,19246252.55804596,0
2024-01-14 08:00:00,0.08249,0.08305,0.08174,0.08251,561394,2024-01-14 08:59:59.999,68161966.18726486,9191,310302,37678941.75354894,0
2024-01-14 09:00:00,0.08252,0.08302,0.08178,0.08269,301031,2024-01-14 09:59:59.999,36487197.3364159,5851,138025,16725818.00757281,0
2024-01-14 10:00:00,0.08267,0.08393,0.08267,0.0831,331684,2024-01-14 10:59:59.999,39791047.70983989,6591,144749,17366974.6556493,0
2024-01-14 11:00:00,0.08308,0.08336,0.08252,0.08298,168769,2024-01-14 11:59:59.999,20349314.05141005,3722,81317,9802855.44871185,0
2024-01-14 12:00:00,0.08299,0.08308,0.08199,0.08207,119081,2024-01-14 12:59:59.999,14446054.79839659,2934,53563,6496681.23704577,0
2024-01-14 13:00:00,0.08208,0.0826,0.08183,0.08249,137927,2024-01-14 13:59:59.999,16780590.01432911,3029,77072,9376358.13655878,0
2024-01-14 14:00:00,0.08249,0.08282,0.08222,0.08232,43703,2024-01-14 14:59:59.999,5298722.72870663,1460,19573,2372848.41673489,0
2024-01-14 15:00:00,0.08232,0.0825,0.0819,0.08196,70394,2024-01-14 15:59:59.999,8564909.49592793,1740,27175,3305545.84148059,0
2024-01-14 16:00:00,0.08196,0.08238,0.08121,0.08164,245285,2024-01-14 16:59:59.999,30050441.47211744,4706,94822,11616718.50860222,0
2024-01-14 17:00:00,0.08165,0.08208,0.08152,0.08174,74891,2024-01-14 17:59:59.999,9150699.41978021,1700,37324,4561154.17967292,0
2024-01-14 18:00:00,0.08177,0.08195,0.08108,0.08162,72444,2024-01-14 18:59:59.999,8903225.36495812,2027,28445,3495911.45383922,0
2024-01-14 19:00:00,0.08162,0.08162,0.08065,0.08082,135558,2024-01-14 19:59:59.999,16717317.7657397,4576,66363,8184760.77160902,0
2024-01-14 20:00:00,0.08081,0.08127,0.08008,0.0808,198025,2024-01-14 20:59:59.999,24535842.65697026,4731,79918,9904076.46409848,0
2024-01-14 21:00:00,0.0808,0.0811,0.08021,0.08109,101284,2024-01-14 21:59:59.999,12560859.33685418,3299,49064,6082407.80953503,0
2024-01-14 22:00:00,0.08111,0.08131,0.08022,0.08068,97872,2024-01-14 22:59:59.999,12112239.30456767,2374,53201,6582418.0591436,0
2024-01-14 23:00:00,0.08068,0.08079,0.07961,0.07998,252563,2024-01-14 23:59:59.999,31568375.97205984,6977,110822,13849768.10606368,0
2024-01-15 00:00:00,0.07997,0.08086,0.07994,0.08078,131328,2024-01-15 00:59:59.999,16313943.11308716,3055,76305,9482005.30515849,0
2024-01-15 01:00:00,0.08079,0.08093,0.08042,0.08082,67927,2024-01-15 01:59:59.999,8416178.17514077,1851,29988,3714400.82989958,0
2024-01-15 02:00:00,0.08081,0.08126,0.0806,0.08126,59277,2024-01-15 02:59:59.999,7320713.70200154,1271,29642,3659126.87812765,0
2024-01-15 03:00:00,0.08126,0.08146,0.081,0.08115,52237,2024-01-15 03:59:59.999,6428361.1354479,1242,26317,3236809.9375674,0
2024-01-15 04:00:00,0.08115,0.08152,0.08108,0.08148,36484,2024-01-15 04:59:59.999,4488360.90820719,1120,19134,2353453.65838338,0
2024-01-15 05:00:00,0.08148,0.08159,0.08117,0.08135,45666,2024-01-15 05:59:59.999,5616366.53817553,1248,21315,2620855.73317304,0
2024-01-15 06:00:00,0.08132,0.08133,0.08064,0.0808,76336,2024-01-15 06:59:59.999,9424512.69647865,1950,25381,3132524.4555014,0
2024-01-15 07:00:00,0.08076,0.08099,0.08053,0.08086,35094,2024-01-15 07:59:59.999,4346058.31725553,1017,19958,2470989.74766606,0
2024-01-15 08:00:00,0.08087,0.08099,0.08063,0.08087,47217,2024-01-15 08:59:59.999,5843311.32071947,994,25429,3146090.02167838,0
2024-01-15 09:00:00,0.08088,0.08137,0.08074,0.08126,73502,2024-01-15 09:59:59.999,9061007.17531641,1104,33641,4147103.65892569,0
2024-01-15 10:00:00,0.08127,0.08162,0.08111,0.08156,65667,2024-01-15 10:59:59.999,8066382.32637764,1143,17714,2175906.00667816,0
2024-01-15 11:00:00,0.08154,0.08174,0.08133,0.08153,62079,2024-01-15 11:59:59.999,7613446.05235258,1083,35891,4402378.85204188,0
2024-01-15 12:00:00,0.08155,0.08167,0.081,0.08144,102142,2024-01-15 12:59:59.999,12543886.96596933,2122,49828,6117015.87348516,0
2024-01-15 13:00:00,0.08145,0.08157,0.08116,0.08123,53414,2024-01-15 13:59:59.999,6563576.73012337,1255,22342,2744780.1365465,0
2024-01-15 14:00:00,0.08122,0.08126,0.07993,0.08007,143303,2024-01-15 14:59:59.999,17821416.72590868,3242,50306,6253461.75750867,0
2024-01-15 15:00:00,0.08008,0.08053,0.07982,0.08025,133685,2024-01-15 15:59:59.999,16669120.13578825,2639,59347,7401112.940862,0
2024-01-15 16:00:00,0.08025,0.08063,0.08013,0.08055,46802,2024-01-15 16:59:59.999,5825511.07192051,1102,20429,2542063.74410778,0
2024-01-15 17:00:00,0.08055,0.08094,0.08051,0.08086,76940,2024-01-15 17:59:59.999,9527561.96044282,1511,35105,4347301.33933811,0
2024-01-15 18:00:00,0.08087,0.08172,0.08085,0.08115,99076,2024-01-15 18:59:59.999,12176312.38604147,2049,52577,6464220.96216595,0
2024-01-15 19:00:00,0.08119,0.08139,0.08101,0.08114,29035,2024-01-15 19:59:59.999,3576790.44650851,953,16518,2034663.52509966,0
2024-01-15 20:00:00,0.08115,0.08132,0.08086,0.08104,40475,2024-01-15 20:59:59.999,4987346.30100241,885,16485,2031003.70697995,0
2024-01-15 21:00:00,0.08104,0.08113,0.08073,0.08073,40461,2024-01-15 21:59:59.999,5001420.73314668,934,14042,1735194.04929297,0
2024-01-15 22:00:00,0.08076,0.08114,0.07986,0.0811,149534,2024-01-15 22:59:59.999,18575950.93151551,2692,65749,8158662.30636197,0
2024-01-15 23:00:00,0.0811,0.0813,0.08084,0.08102,101093,2024-01-15 23:59:59.999,12469437.0856187,2148,51078,6300679.65368028,0
2024-01-16 00:00:00,0.08102,0.08162,0.08102,0.08133,125705,2024-01-16 00:59:59.999,15445320.62314817,2252,49714,6110729.88543266,0
2024-01-16 01:00:00,0.08133,0.08172,0.08102,0.08106,61124,2024-01-16 01:59:59.999,7511391.42000856,1388,39151,4808851.55330513,0
2024-01-16 02:00:00,0.08107,0.08121,0.08082,0.08091,39409,2024-01-16 02:59:59.999,4866084.84519663,875,12899,1592840.77845052,0
2024-01-16 03:00:00,0.0809,0.08118,0.08084,0.08112,53155,2024-01-16 03:59:59.999,6563038.89538548,1034,16806,2075141.07886519,0
2024-01-16 04:00:00,0.08116,0.08125,0.08095,0.08099,54742,2024-01-16 04:59:59.999,6751785.57463972,983,24661,3041712.28122748,0
2024-01-16 05:00:00,0.081,0.08104,0.08038,0.08045,98866,2024-01-16 05:59:59.999,12249044.40503491,1380,23969,2967702.14596135,0
2024-01-16 06:00:00,0.08045,0.08064,0.0802,0.0806,110207,2024-01-16 06:59:59.999,13710908.11148309,1772,60419,7516886.71947739,0
2024-01-16 07:00:00,0.0806,0.08093,0.08031,0.08091,69604,2024-01-16 07:59:59.999,8624763.81393478,1263,43632,5405577.23868579,0
2024-01-16 08:00:00,0.08092,0.08139,0.08074,0.08124,185564,2024-01-16 08:59:59.999,22892285.83213778,2686,82655,10186696.70092269,0
2024-01-16 09:00:00,0.08123,0.08255,0.08114,0.08208,351472,2024-01-16 09:59:59.999,42933620.40378827,5585,216656,26495985.95154619,0
2024-01-16 10:00:00,0.0821,0.08214,0.08173,0.08184,54370,2024-01-16 10:59:59.999,6633808.85808685,1151,23632,2882318.7640297,0
2024-01-16 11:00:00,0.08183,0.08196,0.08125,0.08157,83905,2024-01-16 11:59:59.999,10295193.69461271,1514,32397,3974233.22908071,0
2024-01-16 12:00:00,0.08156,0.08209,0.08146,0.08206,50727,2024-01-16 12:59:59.999,6199064.8885559,1192,31026,3791578.18226275,0
2024-01-16 13:00:00,0.08206,0.08217,0.08074,0.08091,266247,2024-01-16 13:59:59.999,32681465.21005166,3509,90926,11179745.73336134,0
2024-01-16 14:00:00,0.0809,0.08112,0.07976,0.08075,290893,2024-01-16 14:59:59.999,36196010.11155628,5428,134696,16760006.87310561,0
2024-01-16 15:00:00,0.08075,0.08142,0.08054,0.08131,148647,2024-01-16 15:59:59.999,18342329.98679287,3181,76394,9424861.35780742,0
2024-01-16 16:00:00,0.08131,0.08144,0.08089,0.0812,109617,2024-01-16 16:59:59.999,13500995.11907123,2064,39033,4806536.45277031,0
2024-01-16 17:00:00,0.08119,0.08136,0.08094,0.08117,112230,2024-01-16 17:59:59.999,13824659.73355298,1739,54255,6682924.28758239,0
2024-01-16 18:00:00,0.08118,0.08164,0.081,0.08112,74610,2024-01-16 18:59:59.999,9173995.08886254,1613,27870,3426789.74461347,0
2024-01-16 19:00:00,0.08116,0.08145,0.08095,0.08139,23774,2024-01-16 19:59:59.999,2925517.2545185,746,10904,1341718.73252447,0
2024-01-16 20:00:00,0.08138,0.08166,0.08126,0.08144,25079,2024-01-16 20:59:59.999,3078924.65836872,829,14618,1794285.8866123,0
2024-01-16 21:00:00,0.08143,0.08185,0.0814,0.08175,58248,2024-01-16 21:59:59.999,7128911.56794735,1117,30526,3735856.66583503,0
2024-01-16 22:00:00,0.08175,0.08182,0.08139,0.08141,58153,2024-01-16 22:59:59.999,7125821.95525617,879,23714,2905799.58765534,0
2024-01-16 23:00:00,0.08141,0.08167,0.08127,0.08131,33789,2024-01-16 23:59:59.999,4150421.81588684,813,13621,1672659.45158773,0
2024-01-17 00:00:00,0.08133,0.0816,0.08126,0.08155,31090,2024-01-17 00:59:59.999,3819631.00728449,805,17302,2125628.43850518,0
2024-01-17 01:00:00,0.08155,0.08192,0.08118,0.08123,253978,2024-01-17 01:59:59.999,31180670.34802866,2468,123124,15104146.73089866,0
2024-01-17 02:00:00,0.08122,0.08142,0.08117,0.08129,16865,2024-01-17 02:59:59.999,2074705.57201889,515,8352,1027338.71722209,0
2024-01-17 03:00:00,0.08129,0.08144,0.08118,0.08119,20682,2024-01-17 03:59:59.999,2544554.10820961,574,9007,1108101.23589015,0
2024-01-17 04:00:00,0.08121,0.08129,0.08089,0.08119,59894,2024-01-17 04:59:59.999,7387246.67683723,1059,19709,2431003.75676701,0
2024-01-17 05:00:00,0.08118,0.08137,0.08066,0.08074,77887,2024-01-17 05:59:59.999,9620916.28234931,1295,33990,4197907.03763194,0
2024-01-17 06:00:00,0.08072,0.08098,0.08066,0.08071,83604,2024-01-17 06:59:59.999,10339930.85295752,1336,40310,4984062.10066016,0
2024-01-17 07:00:00,0.08072,0.08093,0.08033,0.08043,83671,2024-01-17 07:59:59.999,10376289.4417322,1647,36380,4509748.34883427,0
2024-01-17 08:00:00,0.08043,0.08062,0.08019,0.08054,56101,2024-01-17 08:59:59.999,6973942.47887619,1106,24565,3053126.61684181,0
2024-01-17 09:00:00,0.08053,0.08079,0.08052,0.08053,49982,2024-01-17 09:59:59.999,6196771.82183076,859,26655,3303872.43420216,0
2024-01-17 10:00:00,0.08054,0.08114,0.08049,0.081,96107,2024-01-17 10:59:59.999,11880558.1489523,1505,51373,6352350.43557035,0
2024-01-17 11:00:00,0.08099,0.08113,0.08048,0.0806,84953,2024-01-17 11:59:59.999,10519198.65615911,1412,35871,4442203.45272806,0
2024-01-17 12:00:00,0.0806,0.08083,0.08017,0.08083,139501,2024-01-17 12:59:59.999,17331783.92882445,2068,66283,8236818.29611875,0
2024-01-17 13:00:00,0.08084,0.08084,0.08028,0.08041,58839,2024-01-17 13:59:59.999,7308277.82826657,1175,25983,3226959.58950005,0
2024-01-17 14:00:00,0.08038,0.08074,0.08004,0.08024,214506,2024-01-17 14:59:59.999,26657288.6941079,2887,71719,8914675.9237201,0
2024-01-17 15:00:00,0.08025,0.08064,0.07992,0.08008,111480,2024-01-17 15:59:59.999,13884110.60879621,2804,55461,6904419.382165,0
2024-01-17 16:00:00,0.08008,0.08068,0.08,0.08009,63766,2024-01-17 16:59:59.999,7943245.11105325,2014,31323,3902640.24544458,0
2024-01-17 17:00:00,0.08011,0.08021,0.07928,0.08014,175813,2024-01-17 17:59:59.999,22054952.59808123,2956,71977,9027133.89274492,0
2024-01-17 18:00:00,0.08016,0.08045,0.08001,0.08041,30384,2024-01-17 18:59:59.999,3785662.1750798,857,15134,1885396.58724499,0
2024-01-17 19:00:00,0.08041,0.08058,0.08021,0.08045,24654,2024-01-17 19:59:59.999,3066191.47522818,780,10129,1259509.60869475,0
2024-01-17 20:00:00,0.08046,0.0806,0.08031,0.0805,22273,2024-01-17 20:59:59.999,2767554.42596164,766,11986,1489585.20612125,0
2024-01-17 21:00:00,0.08049,0.08059,0.08027,0.0803,17190,2024-01-17 21:59:59.999,2137166.19087,525,9875,1227904.7655652,0
2024-01-17 22:00:00,0.08029,0.08047,0.07971,0.08045,44868,2024-01-17 22:59:59.999,5600802.45309058,951,20303,2534067.61337817,0
2024-01-17 23:00:00,0.08045,0.08059,0.08013,0.08058,89437,2024-01-17 23:59:59.999,11135251.45432741,1150,44982,5597722.65056773,0
2024-01-18 00:00:00,0.08057,0.08072,0.08044,0.08066,68482,2024-01-18 00:59:59.999,8496657.49552744,1078,25371,3147947.04213541,0
2024-01-18 01:00:00,0.08069,0.08077,0.0801,0.08049,75884,2024-01-18 01:59:59.999,9441319.65942475,1368,33938,4224515.77577739,0
2024-01-18 02:00:00,0.08051,0.08058,0.08022,0.08038,27761,2024-01-18 02:59:59.999,3452174.27534703,571,15069,1874574.89982707,0
2024-01-18 03:00:00,0.08038,0.08047,0.08009,0.08022,87585,2024-01-18 03:59:59.999,10916558.31379828,1362,41056,5117523.65805823,0
2024-01-18 04:00:00,0.08023,0.08047,0.08013,0.08033,41388,2024-01-18 04:59:59.999,5152499.65399771,888,16409,2042550.04361546,0
2024-01-18 05:00:00,0.08033,0.08064,0.08032,0.08061,44919,2024-01-18 05:59:59.999,5580928.56845043,675,28985,3600967.39084444,0
2024-01-18 06:00:00,0.0806,0.08072,0.08043,0.08063,81489,2024-01-18 06:59:59.999,10114485.28156354,937,28847,3579034.94173565,0
2024-01-18 07:00:00,0.08063,0.08077,0.08052,0.08067,125709,2024-01-18 07:59:59.999,15585366.16624476,1535,60966,7559148.88382918,0
2024-01-18 08:00:00,0.08067,0.08071,0.08045,0.08047,86961,2024-01-18 08:59:59.999,10791632.20942069,974,31168,3868127.00624989,0
2024-01-18 09:00:00,0.08047,0.08061,0.08039,0.08042,148890,2024-01-18 09:59:59.999,18497634.76392343,1349,47271,5872981.73921221,0
2024-01-18 10:00:00,0.08042,0.08061,0.07992,0.08005,80303,2024-01-18 10:59:59.999,10006203.26199833,1333,33006,4110894.59240586,0
2024-01-18 11:00:00,0.08002,0.08022,0.07973,0.08015,69576,2024-01-18 11:59:59.999,8695110.70347729,1329,39330,4914005.2695895,0
2024-01-18 12:00:00,0.08015,0.08015,0.07934,0.07974,98604,2024-01-18 12:59:59.999,12371740.11983061,1964,43674,5479339.16147058,0
2024-01-18 13:00:00,0.07975,0.08002,0.07912,0.07986,109816,2024-01-18 13:59:59.999,13806515.75317827,2507,52790,6633737.50245667,0
2024-01-18 14:00:00,0.07984,0.08018,0.07974,0.08016,48876,2024-01-18 14:59:59.999,6111783.31940552,1256,29407,3676282.59605701,0
2024-01-18 15:00:00,0.08016,0.08025,0.07982,0.08008,48684,2024-01-18 15:59:59.999,6082052.66164571,1022,21204,2648584.86314633,0
2024-01-18 16:00:00,0.08006,0.08013,0.07782,0.07861,466588,2024-01-18 16:59:59.999,59149462.1619431,8727,209951,26614718.49408226,0
2024-01-18 17:00:00,0.07861,0.07901,0.07794,0.0784,176456,2024-01-18 17:59:59.999,22485591.3266454,4400,75047,9554775.57614416,0
2024-01-18 18:00:00,0.0784,0.07856,0.07762,0.07822,224617,2024-01-18 18:59:59.999,28765421.47427233,4271,110219,14113613.66249492,0
2024-01-18 19:00:00,0.07824,0.07847,0.07686,0.07751,280406,2024-01-18 19:59:59.999,36137516.27630121,6006,127980,16486457.94377798,0
2024-01-18 20:00:00,0.07749,0.07823,0.0774,0.07776,142281,2024-01-18 20:59:59.999,18313470.82279072,3594,69120,8897040.61874703,0
2024-01-18 21:00:00,0.07776,0.07824,0.07757,0.078,68273,2024-01-18 21:59:59.999,8759056.53049746,1543,30185,3872779.10524788,0
2024-01-18 22:00:00,0.078,0.07831,0.07789,0.07831,50122,2024-01-18 22:59:59.999,6422051.99201016,1109,29999,3843921.05795542,0
2024-01-18 23:00:00,0.0783,0.0783,0.0779,0.07806,46466,2024-01-18 23:59:59.999,5954263.67644517,950,26153,3351881.08859583,0
2024-01-19 00:00:00,0.07808,0.07826,0.07747,0.07797,108112,2024-01-19 00:59:59.999,13892250.96059898,1845,52417,6735219.25910111,0
2024-01-19 01:00:00,0.07798,0.078,0.07687,0.0776,141163,2024-01-19 01:59:59.999,18231949.47432164,2881,70807,9146332.54321372,0
2024-01-19 02:00:00,0.07762,0.07776,0.07689,0.07718,139260,2024-01-19 02:59:59.999,18020788.31770894,2450,61494,7960421.97809182,0
2024-01-19 03:00:00,0.07721,0.07774,0.07636,0.07743,460613,2024-01-19 03:59:59.999,59759121.54321843,6561,214873,27851671.83181031,0
2024-01-19 04:00:00,0.07742,0.07778,0.07732,0.07765,65531,2024-01-19 04:59:59.999,8442712.72431631,1360,35960,4632131.28945397,0
2024-01-19 05:00:00,0.07764,0.07786,0.07758,0.07786,30337,2024-01-19 05:59:59.999,3902606.92806933,810,15932,2049752.24331249,0
2024-01-19 06:00:00,0.07786,0.07829,0.07784,0.07823,66449,2024-01-19 06:59:59.999,8511905.34687147,1169,40292,5160148.47417177,0
2024-01-19 07:00:00,0.07821,0.07829,0.07801,0.0781,65038,2024-01-19 07:59:59.999,8321945.11258007,911,35146,4496165.12943678,0
2024-01-19 08:00:00,0.07811,0.07829,0.07786,0.07818,34691,2024-01-19 08:59:59.999,4443819.42467189,701,18829,2412000.12096834,0
2024-01-19 09:00:00,0.0782,0.07847,0.07806,0.07832,39807,2024-01-19 09:59:59.999,5086006.84289111,749,22680,2897066.303416,0
2024-01-19 10:00:00,0.07833,0.07848,0.07801,0.07813,29762,2024-01-19 10:59:59.999,3804142.61226632,591,15119,1932344.84666606,0
2024-01-19 11:00:00,0.07814,0.07837,0.07806,0.07816,59489,2024-01-19 11:59:59.999,7606797.20085006,944,27612,3531271.43724823,0
2024-01-19 12:00:00,0.07819,0.07828,0.07794,0.07821,91707,2024-01-19 12:59:59.999,11744527.14766976,1257,45797,5866056.78284029,0
2024-01-19 13:00:00,0.0782,0.07861,0.07809,0.07861,69101,2024-01-19 13:59:59.999,8815631.91583355,1207,38538,4916538.00147128,0
2024-01-19 14:00:00,0.07859,0.07861,0.07764,0.07787,113131,2024-01-19 14:59:59.999,14492613.86101217,1923,50966,6529193.10930735,0
2024-01-19 15:00:00,0.07787,0.07802,0.07704,0.07743,271467,2024-01-19 15:59:59.999,35041281.87443453,4342,145524,18782674.21111951,0
2024-01-19 16:00:00,0.07741,0.07746,0.07474,0.07576,1116579,2024-01-19 16:59:59.999,147156417.44628224,17296,522170,68795254.10110328,0
2024-01-19 17:00:00,0.07576,0.07725,0.0756,0.07708,444725,2024-01-19 17:59:59.999,58137716.9650605,7214,232948,30452378.72328967,0
2024-01-19 18:00:00,0.07709,0.07807,0.07674,0.07799,182635,2024-01-19 18:59:59.999,23607522.03990109,2968,91076,11762901.85047665,0
2024-01-19 19:00:00,0.078,0.07845,0.07773,0.07841,100427,2024-01-19 19:59:59.999,12855088.90510313,1813,50117,6416353.93023154,0
2024-01-19 20:00:00,0.07841,0.07884,0.07807,0.07816,124681,2024-01-19 20:59:59.999,15870334.71241877,1961,58551,7452690.72756181,0
2024-01-19 21:00:00,0.07815,0.07851,0.07794,0.07851,78498,2024-01-19 21:59:59.999,10039233.77083564,1307,36070,4614595.31248811,0
2024-01-19 22:00:00,0.07853,0.0786,0.07823,0.07841,29977,2024-01-19 22:59:59.999,3824378.88643443,629,15959,2036275.51735604,0
2024-01-19 23:00:00,0.07843,0.07871,0.07833,0.07856,49184,2024-01-19 23:59:59.999,6261017.28240648,811,20647,2628405.33053988,0
2024-01-20 00:00:00,0.07855,0.07878,0.07824,0.07831,97767,2024-01-20 00:59:59.999,12461814.65964984,1925,38950,4964621.41904555,0
2024-01-20 01:00:00,0.0783,0.079,0.07828,0.07884,88991,2024-01-20 01:59:59.999,11309507.76052517,1754,53768,6833771.49762149,0
2024-01-20 02:00:00,0.07885,0.07885,0.07844,0.07855,44403,2024-01-20 02:59:59.999,5649791.21590211,847,16333,2078163.89641309,0
2024-01-20 03:00:00,0.07856,0.07859,0.07834,0.07852,53639,2024-01-20 03:59:59.999,6837549.54658745,879,26628,3394220.13388417,0
2024-01-20 04:00:00,0.07853,0.0787,0.07837,0.07856,47814,2024-01-20 04:59:59.999,6087233.99001606,836,21403,2724963.66999938,0
2024-01-20 05:00:00,0.07859,0.07859,0.07819,0.07825,52511,2024-01-20 05:59:59.999,6700969.1803033,894,21718,2770782.03607624,0
2024-01-20 06:00:00,0.07827,0.07933,0.07825,0.07929,248086,2024-01-20 06:59:59.999,31450280.43235472,2560,159253,20185136.04140076,0
2024-01-20 07:00:00,0.07928,0.07954,0.07901,0.07922,175861,2024-01-20 07:59:59.999,22178980.9477604,2620,106072,13379130.90950949,0
2024-01-20 08:00:00,0.07924,0.07949,0.07856,0.07874,157360,2024-01-20 08:59:59.999,19970476.10861857,1990,67535,8571952.3706808,0
2024-01-20 09:00:00,0.07874,0.07905,0.07844,0.07859,147267,2024-01-20 09:59:59.999,18677222.17493228,1495,79008,10017851.32226551,0
2024-01-20 10:00:00,0.07859,0.07911,0.07856,0.07894,79490,2024-01-20 10:59:59.999,10084010.65602639,1077,41638,5282209.86687111,0
2024-01-20 11:00:00,0.07895,0.07929,0.07885,0.07924,39036,2024-01-20 11:59:59.999,4937379.99312814,639,22133,2798341.47272652,0
2024-01-20 12:00:00,0.07924,0.0796,0.07918,0.07928,59270,2024-01-20 12:59:59.999,7462494.76900305,904,33002,4153829.22001774,0
2024-01-20 13:00:00,0.07928,0.07952,0.0792,0.07933,46948,2024-01-20 13:59:59.999,5919835.15078955,706,20952,2641896.56263498,0
2024-01-20 14:00:00,0.07934,0.07945,0.07897,0.07937,68447,2024-01-20 14:59:59.999,8645261.7810241,852,27247,3440532.29120539,0
2024-01-20 15:00:00,0.07937,0.07948,0.07899,0.07921,97578,2024-01-20 15:59:59.999,12308131.05409379,1276,39769,5017205.2074087,0
2024-01-20 16:00:00,0.0792,0.07947,0.0791,0.07938,80410,2024-01-20 16:59:59.999,10137894.36252517,1081,47131,5942096.37138249,0
2024-01-20 17:00:00,0.07938,0.08005,0.07935,0.08004,176500,2024-01-20 17:59:59.999,22124472.74666208,2685,95844,12016489.75198581,0
2024-01-20 18:00:00,0.08004,0.08019,0.07945,0.07957,126966,2024-01-20 18:59:59.999,15926069.30301733,1914,55077,6909346.57395456,0
2024-01-20 19:00:00,0.07957,0.08247,0.07956,0.08227,659029,2024-01-20 19:59:59.999,81204035.00076649,9452,315903,38905016.65341159,0
2024-01-20 20:00:00,0.08227,0.08515,0.08186,0.08462,1331277,2024-01-20 20:59:59.999,158674304.1207471,23154,675224,80489178.27540714,0
2024-01-20 21:00:00,0.08463,0.0855,0.08383,0.08404,661436,2024-01-20 21:59:59.999,78170628.36519471,10343,328305,38803696.8928621,0
2024-01-20 22:00:00,0.08406,0.08691,0.08383,0.08687,565886,2024-01-20 22:59:59.999,66391103.6047392,8635,281448,33051911.73299531,0
2024-01-20 23:00:00,0.08687,0.09044,0.08659,0.08775,1809391,2024-01-20 23:59:59.999,204528804.0280473,33419,891052,100721043.26791376,0
2024-01-21 00:00:00,0.08775,0.09044,0.0876,0.08942,1694210,2024-01-21 00:59:59.999,189753327.8713964,33994,841545,94257765.85350782,0
2024-01-21 01:00:00,0.08939,0.09005,0.08781,0.08981,877554,2024-01-21 01:59:59.999,98698548.61496606,15778,442672,49786287.35259986,0
2024-01-21 02:00:00,0.08982,0.09025,0.08872,0.09,671103,2024-01-21 02:59:59.999,74963232.71474117,11691,325891,36398584.99135985,0
2024-01-21 03:00:00,0.09,0.0902,0.08639,0.08681,1167327,2024-01-21 03:59:59.999,132853025.07943448,17638,495035,56422098.71950192,0
2024-01-21 04:00:00,0.08679,0.08711,0.08625,0.08646,349756,2024-01-21 04:59:59.999,40343088.13969439,5819,152813,17619607.10367821,0
2024-01-21 05:00:00,0.08645,0.08696,0.08558,0.08605,414870,2024-01-21 05:59:59.999,48095117.42644487,7083,200033,23177744.6885073,0
2024-01-21 06:00:00,0.08608,0.08655,0.08544,0.08545,345231,2024-01-21 06:59:59.999,40157612.36691199,5986,164667,19145415.37778514,0
2024-01-21 07:00:00,0.08544,0.08597,0.08468,0.08585,506655,2024-01-21 07:59:59.999,59465526.43736079,7143,258878,30373244.85379819,0
2024-01-21 08:00:00,0.08581,0.08603,0.08509,0.08511,232286,2024-01-21 08:59:59.999,27149140.74898019,3992,114542,13385917.76637891,0
2024-01-21 09:00:00,0.0851,0.08616,0.08504,0.08609,187879,2024-01-21 09:59:59.999,21944277.01943954,3201,113703,13282211.27925547,0
2024-01-21 10:00:00,0.08607,0.08718,0.08595,0.08691,284149,2024-01-21 10:59:59.999,32838161.07697849,4720,160875,18592355.28914773,0
2024-01-21 11:00:00,0.0869,0.08721,0.08624,0.08687,308724,2024-01-21 11:59:59.999,35599045.41134474,4624,150404,17342277.88473958,0
2024-01-21 12:00:00,0.08688,0.08704,0.08611,0.08684,309525,2024-01-21 12:59:59.999,35716237.78810225,4677,140820,16248046.53208212,0
2024-01-21 13:00:00,0.08684,0.0886,0.08678,0.08807,391705,2024-01-21 13:59:59.999,44719740.61053146,6706,212842,24302051.31313037,0
2024-01-21 14:00:00,0.08805,0.08885,0.0876,0.08851,261816,2024-01-21 14:59:59.999,29680096.26799157,4938,133665,15151936.81071733,0
2024-01-21 15:00:00,0.08851,0.08852,0.08658,0.0872,445310,2024-01-21 15:59:59.999,50945959.64538551,6590,186927,21398287.58639784,0
2024-01-21 16:00:00,0.0872,0.08729,0.08569,0.08595,439448,2024-01-21 16:59:59.999,50878043.965492,6017,185144,21427493.88979603,0
2024-01-21 17:00:00,0.08593,0.08695,0.08592,0.08684,172633,2024-01-21 17:59:59.999,19943024.55664323,2778,103241,11927510.97973731,0
2024-01-21 18:00:00,0.08681,0.08682,0.08632,0.08669,63259,2024-01-21 18:59:59.999,7305477.30814029,1230,23436,2706925.31759497,0
2024-01-21 19:00:00,0.0867,0.08672,0.08599,0.0864,75911,2024-01-21 19:59:59.999,8805005.73113798,1439,27092,3141997.02279417,0
2024-01-21 20:00:00,0.08641,0.08642,0.08494,0.08501,207618,2024-01-21 20:59:59.999,24272420.06011974,3000,72210,8444342.62816561,0
2024-01-21 21:00:00,0.08501,0.08574,0.08475,0.08568,211654,2024-01-21 21:59:59.999,24847574.31352563,2866,117158,13750864.03515643,0
2024-01-21 22:00:00,0.08566,0.08567,0.0847,0.08489,115695,2024-01-21 22:59:59.999,13575375.80483736,1846,55419,6504010.00411171,0
2024-01-21 23:00:00,0.08489,0.08548,0.08473,0.08544,219043,2024-01-21 23:59:59.999,25743162.91278512,3541,118163,13883524.19672979,0
2024-01-22 00:00:00,0.08544,0.08558,0.08407,0.0845,320244,2024-01-22 00:59:59.999,37826487.28320683,5418,153002,18064184.16751466,0
2024-01-22 01:00:00,0.0845,0.08465,0.08296,0.08323,493795,2024-01-22 01:59:59.999,59077833.88319181,9040,224882,26902910.15809972,0
2024-01-22 02:00:00,0.08323,0.08347,0.08255,0.08284,257962,2024-01-22 02:59:59.999,31074812.52266785,4368,116637,14047733.72523021,0
2024-01-22 03:00:00,0.08284,0.08345,0.0828,0.08328,162342,2024-01-22 03:59:59.999,19518240.49151665,2884,81352,9782642.8973453,0
2024-01-22 04:00:00,0.08327,0.08339,0.08242,0.08253,168033,2024-01-22 04:59:59.999,20257906.6979745,2946,80573,9712164.83599028,0
2024-01-22 05:00:00,0.08255,0.0837,0.0822,0.08363,202820,2024-01-22 05:59:59.999,24418488.26354573,3433,114735,13804091.10785397,0
2024-01-22 06:00:00,0.08361,0.08409,0.08332,0.08381,147979,2024-01-22 06:59:59.999,17677968.38725748,2474,77738,9286702.92977446,0
2024-01-22 07:00:00,0.08382,0.08396,0.0831,0.08336,151339,2024-01-22 07:59:59.999,18116523.28693809,2213,54480,6522699.85309107,0
2024-01-22 08:00:00,0.08335,0.08348,0.08254,0.08316,189171,2024-01-22 08:59:59.999,22790741.06297353,3355,89859,10825320.1978636,0
2024-01-22 09:00:00,0.08316,0.0836,0.08215,0.08257,242359,2024-01-22 09:59:59.999,29258281.29852482,3661,125277,15116422.43071055,0
2024-01-22 10:00:00,0.08253,0.08291,0.08145,0.08228,502495,2024-01-22 10:59:59.999,61262105.37341987,6423,241927,29487719.97448423,0
2024-01-22 11:00:00,0.08228,0.08365,0.08214,0.08339,315055,2024-01-22 11:59:59.999,38021645.74691082,4050,199962,24136919.486017,0
2024-01-22 12:00:00,0.08337,0.08425,0.08321,0.08405,337149,2024-01-22 12:59:59.999,40275787.32980797,4568,167722,20033955.24436262,0
2024-01-22 13:00:00,0.08403,0.0846,0.08376,0.08426,300570,2024-01-22 13:59:59.999,35718108.63543339,4514,146838,17447398.64384705,0
2024-01-22 14:00:00,0.08427,0.08456,0.08308,0.0839,387565,2024-01-22 14:59:59.999,46235410.67185359,6365,163595,19504603.89923042,0
2024-01-22 15:00:00,0.08391,0.08444,0.08297,0.08407,829845,2024-01-22 15:59:59.999,99156937.34644195,10376,491121,58660651.64979447,0
2024-01-22 16:00:00,0.08406,0.08484,0.08348,0.08378,626038,2024-01-22 16:59:59.999,74631063.90183797,6122,363830,43397456.42318746,0
2024-01-22 17:00:00,0.08376,0.08468,0.08354,0.08431,206940,2024-01-22 17:59:59.999,24602033.2555619,3807,99689,11859852.34467228,0
2024-01-22 18:00:00,0.08432,0.08442,0.08215,0.08282,751124,2024-01-22 18:59:59.999,90482592.61966948,9231,296042,35684758.22525401,0
2024-01-22 19:00:00,0.08283,0.08342,0.08018,0.08188,703266,2024-01-22 19:59:59.999,86047246.5886791,13326,337321,41258264.26027823,0
2024-01-22 20:00:00,0.08188,0.08256,0.08172,0.0819,289591,2024-01-22 20:59:59.999,35245382.08328153,4371,139214,16941864.2431788,0
2024-01-22 21:00:00,0.08189,0.08203,0.08107,0.08112,203533,2024-01-22 21:59:59.999,24982217.78487745,3031,86900,10662840.73248238,0
2024-01-22 22:00:00,0.08112,0.08147,0.08011,0.08089,218706,2024-01-22 22:59:59.999,27040182.52138575,3323,105208,13006922.83791561,0
2024-01-22 23:00:00,0.08088,0.08118,0.08009,0.08055,187672,2024-01-22 23:59:59.999,23296332.9099622,3136,93007,11538319.42920064,0
2024-01-23 00:00:00,0.08054,0.08165,0.08042,0.08149,190407,2024-01-23 00:59:59.999,23484193.89744289,3798,101449,12512120.73145186,0
2024-01-23 01:00:00,0.08149,0.08188,0.08069,0.08171,167070,2024-01-23 01:59:59.999,20562439.69289166,2909,81476,10016996.74507804,0
2024-01-23 02:00:00,0.0817,0.08171,0.08129,0.08141,228685,2024-01-23 02:59:59.999,28075433.71342745,2680,150733,18504198.36067991,0
2024-01-23 03:00:00,0.08141,0.08147,0.08083,0.08089,302726,2024-01-23 03:59:59.999,37258848.83152582,3281,158154,19465162.18329158,0
2024-01-23 04:00:00,0.08088,0.0813,0.08085,0.08095,199389,2024-01-23 04:59:59.999,24596485.69090869,2783,125464,15480849.71266218,0
2024-01-23 05:00:00,0.08095,0.08125,0.0809,0.08111,144691,2024-01-23 05:59:59.999,17848900.12297707,1557,79017,9748448.03528594,0
2024-01-23 06:00:00,0.0811,0.08111,0.08044,0.08057,370719,2024-01-23 06:59:59.999,45984322.50891499,3354,120305,14919500.96102045,0
2024-01-23 07:00:00,0.08057,0.08057,0.07941,0.07972,601529,2024-01-23 07:59:59.999,75188518.15949959,5961,290092,36265023.37480887,0
2024-01-23 08:00:00,0.07971,0.07998,0.07759,0.0783,1549457,2024-01-23 08:59:59.999,197380918.01377988,19046,772536,98449765.08396757,0
2024-01-23 09:00:00,0.07829,0.07855,0.07587,0.07716,1707174,2024-01-23 09:59:59.999,220538957.96970853,21767,858513,110807236.6279146,0
2024-01-23 10:00:00,0.07716,0.07758,0.07672,0.07683,322426,2024-01-23 10:59:59.999,41745937.18352106,5410,168775,21843486.30407908,0
2024-01-23 11:00:00,0.07682,0.07734,0.07676,0.07731,259273,2024-01-23 11:59:59.999,33666520.98847723,4676,138510,17990297.5728,0
2024-01-23 12:00:00,0.07733,0.07766,0.07679,0.07765,253312,2024-01-23 12:59:59.999,32837390.10899609,3644,115888,15009911.69201758,0
2024-01-23 13:00:00,0.07764,0.07765,0.07669,0.07678,172828,2024-01-23 13:59:59.999,22413658.29445502,2844,80609,10455205.27515993,0
2024-01-23 14:00:00,0.07674,0.07696,0.07597,0.07688,394099,2024-01-23 14:59:59.999,51512329.71321179,6899,180615,23611035.46790726,0
2024-01-23 15:00:00,0.07689,0.07777,0.07689,0.07752,301227,2024-01-23 15:59:59.999,38930357.53863832,4598,160687,20770779.60227034,0
2024-01-23 16:00:00,0.07751,0.07759,0.07687,0.07739,254426,2024-01-23 16:59:59.999,32954877.35746766,3816,134368,17403373.02416436,0
2024-01-23 17:00:00,0.07739,0.07778,0.07727,0.07741,524513,2024-01-23 17:59:59.999,67670384.93253659,5601,379741,48996643.33804371,0
2024-01-23 18:00:00,0.07739,0.07778,0.07658,0.07662,137780,2024-01-23 18:59:59.999,17829615.64506306,2237,68433,8847525.70522369,0
2024-01-23 19:00:00,0.07663,0.07693,0.07655,0.07662,127990,2024-01-23 19:59:59.999,16691604.49307362,1976,58745,7660612.63276219,0
2024-01-23 20:00:00,0.07659,0.07704,0.07655,0.07676,234866,2024-01-23 20:59:59.999,30595038.57410681,2956,133026,17321905.56834479,0
2024-01-23 21:00:00,0.07675,0.07698,0.07634,0.07678,325797,2024-01-23 21:59:59.999,42536790.80439232,3800,181611,23710854.17949481,0
2024-01-23 22:00:00,0.07679,0.07806,0.07676,0.07773,455021,2024-01-23 22:59:59.999,58913971.59824684,4595,315617,40889720.94110224,0
2024-01-23 23:00:00,0.07774,0.0782,0.07768,0.07814,190895,2024-01-23 23:59:59.999,24502752.25770708,2610,97743,12546952.11489406,0
2024-01-24 00:00:00,0.07813,0.07883,0.07777,0.07869,198483,2024-01-24 00:59:59.999,25347382.57366239,2938,114021,14559002.97416077,0
2024-01-24 01:00:00,0.07868,0.07868,0.07775,0.07783,148596,2024-01-24 01:59:59.999,19027780.88771309,2300,64984,8318328.17727921,0
2024-01-24 02:00:00,0.07787,0.07837,0.07777,0.07832,74780,2024-01-24 02:59:59.999,9572258.23367201,1198,35439,4536211.97338949,0
2024-01-24 03:00:00,0.07832,0.07846,0.07757,0.07778,198341,2024-01-24 03:59:59.999,25437465.52651015,2377,66655,8538518.11167667,0
2024-01-24 04:00:00,0.07779,0.07856,0.07778,0.07815,290535,2024-01-24 04:59:59.999,37076573.02101173,3184,173630,22152737.41514749,0
2024-01-24 05:00:00,0.07816,0.07903,0.07816,0.07887,184980,2024-01-24 05:59:59.999,23487744.08957698,2661,94803,12040956.13009815,0
2024-01-24 06:00:00,0.07888,0.07994,0.0784,0.0798,358804,2024-01-24 06:59:59.999,45188011.49342856,4991,176740,22260210.15563893,0
2024-01-24 07:00:00,0.07981,0.08002,0.07941,0.07951,223530,2024-01-24 07:59:59.999,28027197.51751755,3256,117518,14734012.76866838,0
2024-01-24 08:00:00,0.07955,0.07997,0.07945,0.0798,157411,2024-01-24 08:59:59.999,19736103.33588538,2415,77540,9724634.47649652,0
2024-01-24 09:00:00,0.0798,0.08042,0.07976,0.08006,218829,2024-01-24 09:59:59.999,27297953.26159027,3374,101387,12652469.90162958,0
2024-01-24 10:00:00,0.08005,0.0806,0.07992,0.08019,145641,2024-01-24 10:59:59.999,18141878.79299112,2272,70645,8799449.40338439,0
2024-01-24 11:00:00,0.0802,0.08025,0.07968,0.08007,242693,2024-01-24 11:59:59.999,30335511.1425076,2683,138156,17262446.91500478,0
2024-01-24 12:00:00,0.08007,0.08034,0.07933,0.07945,172882,2024-01-24 12:59:59.999,21631117.15240982,2665,78464,9816475.9651239,0
2024-01-24 13:00:00,0.07945,0.07954,0.07847,0.07887,345864,2024-01-24 13:59:59.999,43777701.41898182,4693,154313,19522009.4226079,0
2024-01-24 14:00:00,0.07885,0.07938,0.07859,0.07892,181411,2024-01-24 14:59:59.999,22965436.12297054,3368,89450,11322163.28026684,0
2024-01-24 15:00:00,0.07891,0.07932,0.07873,0.07913,90709,2024-01-24 15:59:59.999,11481679.24986322,1849,44350,5615225.47707117,0
2024-01-24 16:00:00,0.07913,0.07937,0.07878,0.0793,97210,2024-01-24 16:59:59.999,12301645.42026583,1918,49993,6326615.26070001,0
2024-01-24 17:00:00,0.07931,0.07935,0.07881,0.07904,81391,2024-01-24 17:59:59.999,10294903.76427264,1466,39360,4979172.43745102,0
2024-01-24 18:00:00,0.07903,0.07905,0.07803,0.07843,182711,2024-01-24 18:59:59.999,23280711.26852807,2575,71820,9152087.52794967,0
2024-01-24 19:00:00,0.07843,0.07865,0.0782,0.07854,76696,2024-01-24 19:59:59.999,9776443.59150023,1103,35550,4531366.05298826,0
2024-01-24 20:00:00,0.07853,0.07885,0.07801,0.07817,84753,2024-01-24 20:59:59.999,10810709.51249545,1584,41344,5272212.02864938,0
2024-01-24 21:00:00,0.07817,0.07862,0.0781,0.07851,46063,2024-01-24 21:59:59.999,5873943.56807041,991,27365,3489376.14665822,0
2024-01-24 22:00:00,0.07853,0.07864,0.07844,0.07849,26518,2024-01-24 22:59:59.999,3375323.060532,484,13849,1762956.59605895,0
2024-01-24 23:00:00,0.07851,0.07923,0.07851,0.07903,105206,2024-01-24 23:59:59.999,13326064.61291054,1581,52229,6617405.07502022,0
2024-01-25 00:00:00,0.07903,0.07922,0.07871,0.07903,90865,2024-01-25 00:59:59.999,11514816.06620153,1519,51323,6504347.06695273,0
2024-01-25 01:00:00,0.07908,0.07913,0.07826,0.0784,83901,2024-01-25 01:59:59.999,10668167.97646961,1486,33949,4316296.91381907,0
2024-01-25 02:00:00,0.07838,0.07862,0.07802,0.07817,88458,2024-01-25 02:59:59.999,11288919.20292672,1361,38403,4898001.17875588,0
2024-01-25 03:00:00,0.07818,0.07837,0.07814,0.07823,44675,2024-01-25 03:59:59.999,5710069.44717096,805,24293,3105049.92188465,0
2024-01-25 04:00:00,0.07824,0.07833,0.07761,0.07776,115696,2024-01-25 04:59:59.999,14854404.74021699,1875,47363,6081262.60041422,0
2024-01-25 05:00:00,0.07778,0.07782,0.07734,0.07748,125682,2024-01-25 05:59:59.999,16203712.609732,1871,61779,7966779.18891534,0
2024-01-25 06:00:00,0.07749,0.07817,0.07734,0.07804,132890,2024-01-25 06:59:59.999,17099130.64473648,1825,70906,9119060.6657089,0
2024-01-25 07:00:00,0.07804,0.07825,0.07784,0.07815,102465,2024-01-25 07:59:59.999,13133014.62601226,1281,53735,6887887.02299421,0
2024-01-25 08:00:00,0.07814,0.07824,0.07787,0.07801,53116,2024-01-25 08:59:59.999,6805537.92998791,975,21760,2787119.44544319,0
2024-01-25 09:00:00,0.07801,0.07836,0.07785,0.07787,63910,2024-01-25 09:59:59.999,8179754.7239281,1017,35108,4492545.00084756,0
2024-01-25 10:00:00,0.07789,0.07822,0.07758,0.07813,78088,2024-01-25 10:59:59.999,10023237.36280087,1468,46439,5959460.54890844,0
2024-01-25 11:00:00,0.07813,0.07877,0.07795,0.07821,251241,2024-01-25 11:59:59.999,32048366.29815494,3626,123836,15798255.96683123,0
2024-01-25 12:00:00,0.07822,0.07848,0.07709,0.0775,242768,2024-01-25 12:59:59.999,31285006.60164849,3599,117850,15196533.12268781,0
2024-01-25 13:00:00,0.0775,0.07771,0.0771,0.07751,216270,2024-01-25 13:59:59.999,27947339.04538566,3264,114751,14826170.19047984,0
2024-01-25 14:00:00,0.07751,0.07801,0.07736,0.07781,135705,2024-01-25 14:59:59.999,17462746.43861723,2358,74157,9541812.76969992,0
2024-01-25 15:00:00,0.0778,0.07787,0.07716,0.07738,130205,2024-01-25 15:59:59.999,16809464.43724043,2313,57741,7454638.47463209,0
2024-01-25 16:00:00,0.07738,0.07763,0.07713,0.07725,103145,2024-01-25 16:59:59.999,13330971.91551309,1802,52726,6814273.21011115,0
2024-01-25 17:00:00,0.07724,0.07771,0.07706,0.07766,86427,2024-01-25 17:59:59.999,11164922.58090571,1571,41644,5380075.40149448,0
2024-01-25 18:00:00,0.07766,0.07805,0.07754,0.07777,95799,2024-01-25 18:59:59.999,12310558.40495067,1612,45332,5825713.55419665,0
2024-01-25 19:00:00,0.07775,0.07832,0.07761,0.07803,76188,2024-01-25 19:59:59.999,9771703.36800291,1207,42115,5401226.8803455,0
2024-01-25 20:00:00,0.07804,0.07818,0.07783,0.07817,53851,2024-01-25 20:59:59.999,6899577.0449092,932,33836,4335203.80959514,0
2024-01-25 21:00:00,0.07818,0.07829,0.07778,0.07804,51869,2024-01-25 21:59:59.999,6643972.37717315,1024,24436,3131120.54868182,0
2024-01-25 22:00:00,0.07804,0.07807,0.07769,0.07795,35516,2024-01-25 22:59:59.999,4563120.57765856,609,17813,2288623.94348508,0
2024-01-25 23:00:00,0.07794,0.07808,0.07776,0.07792,48417,2024-01-25 23:59:59.999,6215034.10351108,814,22473,2885048.00177688,0
2024-01-26 00:00:00,0.07793,0.07794,0.07753,0.07779,71857,2024-01-26 00:59:59.999,9243634.82492632,1099,44407,5711683.89640695,0
2024-01-26 01:00:00,0.07779,0.07818,0.07753,0.07804,77793,2024-01-26 01:59:59.999,9980017.3288329,1143,43108,5529370.51221486,0
2024-01-26 02:00:00,0.07806,0.07849,0.07797,0.07826,113124,2024-01-26 02:59:59.999,14451075.70153155,1568,68007,8686607.84511275,0
2024-01-26 03:00:00,0.07826,0.07836,0.07798,0.0781,57045,2024-01-26 03:59:59.999,7297339.51181755,833,21841,2794085.64830707,0
2024-01-26 04:00:00,0.07811,0.07854,0.07805,0.07819,124887,2024-01-26 04:59:59.999,15940329.28791168,1291,81187,10359549.54158917,0
2024-01-26 05:00:00,0.07819,0.07824,0.07803,0.07823,37470,2024-01-26 05:59:59.999,4796114.3247269,600,21195,2712657.79132813,0
2024-01-26 06:00:00,0.07823,0.07854,0.07796,0.07798,76725,2024-01-26 06:59:59.999,9798637.04356811,1229,39458,5038596.71716724,0
2024-01-26 07:00:00,0.07799,0.07806,0.07773,0.07782,56374,2024-01-26 07:59:59.999,7238330.43862484,1007,27740,3561798.55743806,0
2024-01-26 08:00:00,0.07782,0.07821,0.07781,0.07807,62227,2024-01-26 08:59:59.999,7975666.27073494,860,27871,3573625.85048406,0
2024-01-26 09:00:00,0.07805,0.07854,0.07802,0.07813,85377,2024-01-26 09:59:59.999,10901108.35800341,1148,49467,6314391.64318972,0
2024-01-26 10:00:00,0.07812,0.07894,0.07812,0.07885,119803,2024-01-26 10:59:59.999,15232071.56350751,1871,65707,8352445.70225727,0
2024-01-26 11:00:00,0.07884,0.07958,0.07878,0.07948,241369,2024-01-26 11:59:59.999,30474104.48093578,3076,133642,16876128.74513904,0
2024-01-26 12:00:00,0.07948,0.07965,0.07896,0.07911,238085,2024-01-26 12:59:59.999,30015335.27022561,3294,118243,14908636.43897181,0
2024-01-26 13:00:00,0.07912,0.07939,0.07884,0.07914,104022,2024-01-26 13:59:59.999,13140220.04669527,1746,50616,6394734.29073231,0
2024-01-26 14:00:00,0.07914,0.07948,0.07914,0.07948,149998,2024-01-26 14:59:59.999,18907888.45062414,2150,76986,9705020.28606356,0
2024-01-26 15:00:00,0.07947,0.07964,0.0791,0.07947,164373,2024-01-26 15:59:59.999,20720326.20804475,2209,81863,10319596.06656727,0
2024-01-26 16:00:00,0.07945,0.0803,0.07944,0.08023,170699,2024-01-26 16:59:59.999,21372402.19432636,2886,95070,11906269.59796798,0
2024-01-26 17:00:00,0.08024,0.08031,0.07972,0.07995,160031,2024-01-26 17:59:59.999,20016794.99646826,2000,60861,7614913.28044132,0
2024-01-26 18:00:00,0.07995,0.08028,0.07991,0.08008,112825,2024-01-26 18:59:59.999,14083581.23664139,1732,62936,7855436.74901311,0
2024-01-26 19:00:00,0.08008,0.08008,0.07979,0.08001,100804,2024-01-26 19:59:59.999,12613786.57190524,1395,53670,6715227.02399739,0
2024-01-26 20:00:00,0.08,0.08027,0.07967,0.07984,63911,2024-01-26 20:59:59.999,7997547.93702518,1200,30049,3760494.51191792,0
2024-01-26 21:00:00,0.07982,0.08,0.07962,0.07988,44042,2024-01-26 21:59:59.999,5518453.56611352,763,20759,2601425.03126824,0
2024-01-26 22:00:00,0.07992,0.08015,0.07975,0.07988,94461,2024-01-26 22:59:59.999,11814716.51799436,1250,39854,4984804.78350265,0
2024-01-26 23:00:00,0.07989,0.08004,0.07967,0.07983,152427,2024-01-26 23:59:59.999,19081901.00765674,1935,80938,10132619.62970554,0
2024-01-27 00:00:00,0.07985,0.08015,0.07974,0.07994,90324,2024-01-27 00:59:59.999,11298270.8805728,1452,37414,4679960.66313892,0
2024-01-27 01:00:00,0.07994,0.08028,0.07985,0.07996,93024,2024-01-27 01:59:59.999,11615880.33166639,1295,44981,5617733.69023636,0
2024-01-27 02:00:00,0.07995,0.08023,0.07995,0.08021,73541,2024-01-27 02:59:59.999,9174981.75137676,958,43227,5392460.44713245,0
2024-01-27 03:00:00,0.08021,0.08026,0.07987,0.07993,35298,2024-01-27 03:59:59.999,4408384.02205982,602,15764,1967891.95501905,0
2024-01-27 04:00:00,0.07993,0.08007,0.07985,0.07989,98966,2024-01-27 04:59:59.999,12378863.11743051,893,40110,5015630.9187747,0
2024-01-27 05:00:00,0.0799,0.07991,0.07924,0.07935,136030,2024-01-27 05:59:59.999,17111798.52056611,1456,43761,5504569.45968537,0
2024-01-27 06:00:00,0.07937,0.07956,0.07908,0.07918,108635,2024-01-27 06:59:59.999,13699556.61693071,1487,56667,7145591.5828608,0
2024-01-27 07:00:00,0.07917,0.07939,0.079,0.07937,68847,2024-01-27 07:59:59.999,8691007.40288045,966,36795,4645779.14115247,0
2024-01-27 08:00:00,0.07936,0.07971,0.07926,0.07942,91321,2024-01-27 08:59:59.999,11493730.23624364,1268,50256,6325880.14021003,0
2024-01-27 09:00:00,0.07939,0.07988,0.07926,0.0797,66053,2024-01-27 09:59:59.999,8296662.83794834,964,36577,4592840.66188841,0
2024-01-27 10:00:00,0.0797,0.07983,0.07958,0.0796,75022,2024-01-27 10:59:59.999,9412972.67875814,893,33708,4228722.53469217,0
2024-01-27 11:00:00,0.07959,0.07976,0.07954,0.07964,35207,2024-01-27 11:59:59.999,4419001.17142652,538,17217,2160899.53822747,0
2024-01-27 12:00:00,0.07966,0.07988,0.07965,0.07973,42090,2024-01-27 12:59:59.999,5277426.05329956,577,19059,2389394.88981587,0
2024-01-27 13:00:00,0.07971,0.07981,0.07942,0.07948,51357,2024-01-27 13:59:59.999,6452392.76355849,616,22107,2777481.17537139,0
2024-01-27 14:00:00,0.07948,0.07969,0.07944,0.07949,45823,2024-01-27 14:59:59.999,5757619.90500613,532,26282,3301990.34459199,0
2024-01-27 15:00:00,0.07952,0.07973,0.07943,0.07957,55369,2024-01-27 15:59:59.999,6955583.7802517,706,34924,4387447.69415132,0
2024-01-27 16:00:00,0.07958,0.07985,0.07952,0.07958,79190,2024-01-27 16:59:59.999,9939063.30851155,1124,31961,4012621.18835948,0
2024-01-27 17:00:00,0.07957,0.07973,0.07943,0.07944,43440,2024-01-27 17:59:59.999,5459800.39582806,650,21003,2639960.18455782,0
2024-01-27 18:00:00,0.07945,0.08,0.07943,0.07958,149684,2024-01-27 18:59:59.999,18766771.67980676,1722,71334,8944013.73368269,0
2024-01-27 19:00:00,0.07959,0.07991,0.07958,0.07981,90744,2024-01-27 19:59:59.999,11377904.39630776,1125,49783,6242320.66641093,0
2024-01-27 20:00:00,0.07981,0.08043,0.07981,0.08009,140113,2024-01-27 20:59:59.999,17469247.7614527,1750,73970,9221536.63994648,0
2024-01-27 21:00:00,0.08009,0.08064,0.07991,0.08033,119041,2024-01-27 21:59:59.999,14824628.29311895,1481,75086,9350256.21251297,0
2024-01-27 22:00:00,0.08035,0.0807,0.08029,0.08033,92988,2024-01-27 22:59:59.999,11555801.76382771,1139,41956,5212823.97232283,0
2024-01-27 23:00:00,0.08031,0.08034,0.08,0.08012,87509,2024-01-27 23:59:59.999,10915757.07606117,1247,40754,5083812.3706386,0
2024-01-28 00:00:00,0.08013,0.08015,0.07985,0.08005,78481,2024-01-28 00:59:59.999,9812116.29837109,1020,36197,4525572.59523438,0
2024-01-28 01:00:00,0.08005,0.08054,0.08003,0.08049,112772,2024-01-28 01:59:59.999,14034838.30267967,1494,60335,7509968.63441147,0
2024-01-28 02:00:00,0.08048,0.08063,0.08019,0.08025,101923,2024-01-28 02:59:59.999,12681398.19967046,1176,57804,7191277.55809622,0
2024-01-28 03:00:00,0.08026,0.08062,0.08021,0.08058,83324,2024-01-28 03:59:59.999,10365610.65044614,1060,37880,4712758.27007646,0
2024-01-28 04:00:00,0.08057,0.08143,0.08047,0.08136,279552,2024-01-28 04:59:59.999,34519806.9750993,3321,151939,18765033.50435525,0
2024-01-28 05:00:00,0.08136,0.08145,0.08053,0.0807,192201,2024-01-28 05:59:59.999,23768340.46559889,2091,91936,11372653.53312735,0
2024-01-28 06:00:00,0.0807,0.08074,0.08,0.08029,145709,2024-01-28 06:59:59.999,18148373.0869995,2050,67519,8409726.58853678,0
2024-01-28 07:00:00,0.08027,0.08049,0.0801,0.08022,85445,2024-01-28 07:59:59.999,10635585.83493997,1049,45370,5647664.29902307,0
2024-01-28 08:00:00,0.08022,0.08063,0.08004,0.08046,77189,2024-01-28 08:59:59.999,9600657.11616103,1001,36393,4526380.35539212,0
2024-01-28 09:00:00,0.08046,0.08074,0.08034,0.08059,63882,2024-01-28 09:59:59.999,7930172.53567917,878,34224,4248796.05424259,0
2024-01-28 10:00:00,0.08058,0.08099,0.08046,0.08077,76251,2024-01-28 10:59:59.999,9446069.24789319,935,44879,5559086.17351051,0
2024-01-28 11:00:00,0.08077,0.08078,0.08,0.08013,92364,2024-01-28 11:59:59.999,11499986.78897826,1257,39017,4858138.31725641,0
2024-01-28 12:00:00,0.08014,0.08021,0.07936,0.07974,215315,2024-01-28 12:59:59.999,27035373.47266788,2871,91806,11527604.2109405,0
2024-01-28 13:00:00,0.07974,0.07981,0.07948,0.07972,65204,2024-01-28 13:59:59.999,8181699.86995171,954,30868,3873586.79769789,0
2024-01-28 14:00:00,0.07972,0.07992,0.07922,0.0793,87132,2024-01-28 14:59:59.999,10942164.85466446,1217,43288,5435229.38109125,0
2024-01-28 15:00:00,0.07932,0.07967,0.07928,0.07961,91747,2024-01-28 15:59:59.999,11539568.02936642,1118,46583,5859450.00717965,0
2024-01-28 16:00:00,0.07962,0.07981,0.07947,0.07975,34140,2024-01-28 16:59:59.999,4286450.59538971,571,15237,1913284.34999116,0
2024-01-28 17:00:00,0.07972,0.07974,0.07912,0.07944,64370,2024-01-28 17:59:59.999,8110347.61043348,998,25245,3179410.1504978,0
2024-01-28 18:00:00,0.07943,0.07944,0.07861,0.07872,145693,2024-01-28 18:59:59.999,18465270.93369176,1926,52347,6635062.40530943,0
2024-01-28 19:00:00,0.07872,0.07895,0.07815,0.07854,140838,2024-01-28 19:59:59.999,17932099.16426197,2078,66595,8477798.79223423,0
2024-01-28 20:00:00,0.07854,0.07904,0.07823,0.07896,73588,2024-01-28 20:59:59.999,9360731.56307786,1473,40491,5149920.37546346,0
2024-01-28 21:00:00,0.07896,0.07915,0.07881,0.07909,44791,2024-01-28 21:59:59.999,5669358.03448828,744,17263,2185183.62347188,0
2024-01-28 22:00:00,0.07907,0.07908,0.07831,0.07861,71766,2024-01-28 22:59:59.999,9122947.38545071,1086,34388,4370246.85194679,0
2024-01-28 23:00:00,0.07861,0.07886,0.07837,0.07882,69153,2024-01-28 23:59:59.999,8792528.45685324,1126,40138,5103521.33199366,0
2024-01-29 00:00:00,0.0788,0.07888,0.0784,0.07859,99450,2024-01-29 00:59:59.999,12640974.72681015,1444,57797,7343873.3681942,0
2024-01-29 01:00:00,0.0786,0.07916,0.0786,0.07887,84256,2024-01-29 01:59:59.999,10680785.32282404,1275,42829,5428692.56627387,0
2024-01-29 02:00:00,0.07888,0.07916,0.07879,0.07902,57800,2024-01-29 02:59:59.999,7315744.28171565,731,28863,3652749.7321362,0
2024-01-29 03:00:00,0.07902,0.07933,0.079,0.07903,51457,2024-01-29 03:59:59.999,6499063.41032009,806,26402,3334015.15661853,0
2024-01-29 04:00:00,0.07902,0.0792,0.07891,0.07916,63427,2024-01-29 04:59:59.999,8021590.29877645,732,35331,4466990.19837838,0
2024-01-29 05:00:00,0.07914,0.07922,0.07881,0.0789,51286,2024-01-29 05:59:59.999,6491547.93204048,727,23704,3000666.24968876,0
2024-01-29 06:00:00,0.07891,0.07929,0.07875,0.07884,211801,2024-01-29 06:59:59.999,26792120.32020161,2201,137368,17372269.02302779,0
2024-01-29 07:00:00,0.07883,0.07897,0.07846,0.07849,100304,2024-01-29 07:59:59.999,12742240.15433594,1499,47729,6062447.42353531,0
2024-01-29 08:00:00,0.0785,0.07874,0.07818,0.07864,120374,2024-01-29 08:59:59.999,15335508.91603244,1768,58922,7510566.00061114,0
2024-01-29 09:00:00,0.07864,0.0824,0.07823,0.08103,1401895,2024-01-29 09:59:59.999,173903588.40174145,18576,767528,95223842.99884112,0
2024-01-29 10:00:00,0.08105,0.0814,0.08027,0.08137,442955,2024-01-29 10:59:59.999,54884602.2222779,5544,185269,22957220.85392945,0
2024-01-29 11:00:00,0.08134,0.08203,0.08054,0.08062,618515,2024-01-29 11:59:59.999,76119199.71226501,8817,332383,40913478.43529547,0
2024-01-29 12:00:00,0.08064,0.08238,0.08056,0.0821,435679,2024-01-29 12:59:59.999,53467942.86498296,7093,209850,25760015.97337059,0
2024-01-29 13:00:00,0.08207,0.08303,0.08003,0.08039,1072948,2024-01-29 13:59:59.999,131693170.89414626,15663,461162,56622357.6073345,0
2024-01-29 14:00:00,0.08039,0.08144,0.08023,0.08141,322769,2024-01-29 14:59:59.999,39917070.68062559,4926,180615,22346645.28174277,0
2024-01-29 15:00:00,0.08143,0.08228,0.08117,0.0822,259329,2024-01-29 15:59:59.999,31783438.48584149,4579,121587,14901028.62437266,0
2024-01-29 16:00:00,0.08216,0.08234,0.0814,0.08195,414467,2024-01-29 16:59:59.999,50643309.80248051,5951,196616,24027915.98603147,0
2024-01-29 17:00:00,0.08197,0.08231,0.08157,0.08178,252068,2024-01-29 17:59:59.999,30757936.35938533,3542,113772,13880967.89076271,0
2024-01-29 18:00:00,0.0818,0.08239,0.08151,0.08231,293503,2024-01-29 18:59:59.999,35811585.74398198,4405,143459,17510097.75373114,0
2024-01-29 19:00:00,0.0823,0.08278,0.08215,0.0823,171591,2024-01-29 19:59:59.999,20817430.24952493,2905,77876,9447441.70277512,0
2024-01-29 20:00:00,0.08229,0.08265,0.08191,0.08209,147269,2024-01-29 20:59:59.999,17919951.83130609,2074,73704,8967071.71800414,0
2024-01-29 21:00:00,0.08208,0.08209,0.08172,0.08179,121030,2024-01-29 21:59:59.999,14782723.39726404,1624,65463,7996675.75613664,0
2024-01-29 22:00:00,0.08179,0.082,0.08158,0.0816,54745,2024-01-29 22:59:59.999,6693188.95355311,834,28477,3481922.29758341,0
2024-01-29 23:00:00,0.08162,0.08178,0.08116,0.08135,139103,2024-01-29 23:59:59.999,17072998.12789574,2035,64782,7947913.65304655,0
2024-01-30 00:00:00,0.08137,0.08141,0.08089,0.08102,153041,2024-01-30 00:59:59.999,18870829.87289464,1860,82065,10121313.89738912,0
2024-01-30 01:00:00,0.08101,0.08175,0.08099,0.08146,139832,2024-01-30 01:59:59.999,17170866.08862028,1879,76946,9449238.89120846,0
2024-01-30 02:00:00,0.08146,0.08215,0.08146,0.08202,153289,2024-01-30 02:59:59.999,18718311.07421453,2160,67194,8205051.3468835,0
2024-01-30 03:00:00,0.08203,0.08206,0.08158,0.08164,108875,2024-01-30 03:59:59.999,13319696.48781073,1487,44526,5448111.13420508,0
2024-01-30 04:00:00,0.08163,0.08186,0.08124,0.08147,109930,2024-01-30 04:59:59.999,13491398.77209056,1342,41114,5042857.35557289,0
2024-01-30 05:00:00,0.08148,0.08154,0.08117,0.08125,70762,2024-01-30 05:59:59.999,8699125.16336198,843,24922,3064265.14810024,0
2024-01-30 06:00:00,0.08126,0.0814,0.08093,0.08116,117433,2024-01-30 06:59:59.999,14474273.58440199,1171,52979,6528553.05130451,0
2024-01-30 07:00:00,0.08117,0.08145,0.0811,0.08139,63720,2024-01-30 07:59:59.999,7840051.00008099,854,34938,4298446.98921422,0
2024-01-30 08:00:00,0.08139,0.08159,0.08105,0.08118,135306,2024-01-30 08:59:59.999,16626854.6095451,1617,79167,9726730.57920878,0
2024-01-30 09:00:00,0.08119,0.08127,0.081,0.08104,74470,2024-01-30 09:59:59.999,9180828.01606015,911,36752,4531174.81579291,0
2024-01-30 10:00:00,0.08106,0.08157,0.08099,0.08148,164621,2024-01-30 10:59:59.999,20252147.71171898,1301,124788,15348621.00442097,0
2024-01-30 11:00:00,0.08146,0.08178,0.0811,0.08171,206298,2024-01-30 11:59:59.999,25357294.85610947,2451,72667,8925734.95059489,0
2024-01-30 12:00:00,0.08172,0.08215,0.0808,0.081,352230,2024-01-30 12:59:59.999,43267180.7805441,4918,163842,20138024.83192111,0
2024-01-30 13:00:00,0.081,0.08123,0.08041,0.08091,201667,2024-01-30 13:59:59.999,24969853.13746137,2695,97826,12111545.4225548,0
2024-01-30 14:00:00,0.08091,0.08113,0.08061,0.08113,203603,2024-01-30 14:59:59.999,25180294.86999934,2235,96684,11956528.6374436,0
2024-01-30 15:00:00,0.08113,0.08151,0.08091,0.08124,107552,2024-01-30 15:59:59.999,13237214.31894993,1701,52194,6424549.31203716,0
2024-01-30 16:00:00,0.08124,0.08158,0.08082,0.08151,109141,2024-01-30 16:59:59.999,13440814.68835498,1768,42928,5287766.48734716,0
2024-01-30 17:00:00,0.08151,0.08171,0.08122,0.0814,149732,2024-01-30 17:59:59.999,18388121.97517917,1447,103289,12687223.46620411,0
2024-01-30 18:00:00,0.0814,0.08148,0.08104,0.0813,118414,2024-01-30 18:59:59.999,14567911.16746485,1889,54889,6752659.41570938,0
2024-01-30 19:00:00,0.0813,0.08136,0.08103,0.08133,52782,2024-01-30 19:59:59.999,6498675.97933961,825,26911,3313135.63540424,0
2024-01-30 20:00:00,0.08132,0.08164,0.08119,0.0814,66078,2024-01-30 20:59:59.999,8110208.89926752,1080,41764,5124974.90160076,0
2024-01-30 21:00:00,0.08141,0.08156,0.08106,0.08131,60980,2024-01-30 21:59:59.999,7499764.09482922,1116,25762,3168666.30346538,0
2024-01-30 22:00:00,0.08133,0.08134,0.08018,0.08021,171781,2024-01-30 22:59:59.999,21294745.38314544,1894,51852,6424684.80449475,0
2024-01-30 23:00:00,0.08021,0.08054,0.07939,0.07974,310250,2024-01-30 23:59:59.999,38813744.01634523,4072,142748,17856842.46823099,0
2024-02-01 00:00:00,0.07872,0.07913,0.0787,0.07904,61183,2024-02-01 00:59:59.999,7750459.46331988,1022,29000,3672699.98238331,0
2024-02-01 01:00:00,0.07904,0.07904,0.07727,0.07798,370513,2024-02-01 01:59:59.999,47564342.65570285,5895,171483,22014264.12827398,0
2024-02-01 02:00:00,0.078,0.0785,0.0779,0.07848,114563,2024-02-01 02:59:59.999,14631175.2332769,1554,61643,7873560.87008699,0
2024-02-01 03:00:00,0.07848,0.07883,0.0784,0.07862,140075,2024-02-01 03:59:59.999,17810764.0992328,1616,83508,10618952.876987,0
2024-02-01 04:00:00,0.07861,0.07888,0.07855,0.07885,98322,2024-02-01 04:59:59.999,12487295.10576712,1228,51914,6592972.83307502,0
2024-02-01 05:00:00,0.07885,0.07929,0.07872,0.07896,66601,2024-02-01 05:59:59.999,8429434.75356197,1227,37660,4767151.58876761,0
2024-02-01 06:00:00,0.07896,0.07899,0.07856,0.07883,61511,2024-02-01 06:59:59.999,7810218.70043545,922,24902,3161767.44437548,0
2024-02-01 07:00:00,0.07883,0.07896,0.07867,0.07881,44845,2024-02-01 07:59:59.999,5690249.80926541,678,22275,2826680.58466954,0
2024-02-01 08:00:00,0.07881,0.0791,0.07876,0.0791,54542,2024-02-01 08:59:59.999,6910682.65491893,773,23612,2991761.55325306,0
2024-02-01 09:00:00,0.0791,0.07925,0.07876,0.07879,56435,2024-02-01 09:59:59.999,7140682.47495593,919,31973,4045686.64243562,0
2024-02-01 10:00:00,0.07879,0.07895,0.07868,0.07873,70360,2024-02-01 10:59:59.999,8928415.64827742,906,31158,3953664.97587616,0
2024-02-01 11:00:00,0.07872,0.07879,0.07853,0.07853,91031,2024-02-01 11:59:59.999,11570496.76817628,1061,47282,6010219.39991927,0
2024-02-01 12:00:00,0.07856,0.07878,0.07854,0.07867,60154,2024-02-01 12:59:59.999,7648571.01019666,906,27483,3494829.99406686,0
2024-02-01 13:00:00,0.07866,0.07891,0.07841,0.07884,104585,2024-02-01 13:59:59.999,13291503.75314807,1252,56802,7217695.31487659,0
2024-02-01 14:00:00,0.07882,0.07928,0.07877,0.07922,112875,2024-02-01 14:59:59.999,14268657.46714257,1743,65008,8218455.00658288,0
2024-02-01 15:00:00,0.07923,0.07938,0.07896,0.07896,107581,2024-02-01 15:59:59.999,13588716.4549631,1384,45487,5745780.44602388,0
2024-02-01 16:00:00,0.07896,0.07946,0.07847,0.07941,158515,2024-02-01 16:59:59.999,20069540.42117193,2064,72721,9209133.12324617,0
2024-02-01 17:00:00,0.07941,0.07954,0.07915,0.07952,139183,2024-02-01 17:59:59.999,17527470.14528339,1549,73961,9314555.05821926,0
2024-02-01 18:00:00,0.07953,0.07978,0.07929,0.07949,142583,2024-02-01 18:59:59.999,17921595.93109265,1643,64429,8100039.36803986,0
2024-02-01 19:00:00,0.07946,0.07987,0.07945,0.07968,74684,2024-02-01 19:59:59.999,9373425.96902023,1065,40595,5095866.94031875,0
2024-02-01 20:00:00,0.07968,0.07979,0.07925,0.07933,77477,2024-02-01 20:59:59.999,9744414.10466671,982,41492,5218106.88446788,0
2024-02-01 21:00:00,0.07933,0.07959,0.07931,0.07949,62699,2024-02-01 21:59:59.999,7889339.74305349,733,35849,4510802.28978827,0
2024-02-01 22:00:00,0.07948,0.07949,0.07913,0.07926,75103,2024-02-01 22:59:59.999,9472576.43874427,615,28245,3562878.04471953,0
2024-02-01 23:00:00,0.07927,0.07934,0.07903,0.07934,74543,2024-02-01 23:59:59.999,9413991.270745,838,37369,4719709.58867412,0
2024-02-02 00:00:00,0.07935,0.07951,0.07917,0.0793,99168,2024-02-02 00:59:59.999,12494771.1727798,1188,49811,6276970.73477131,0
2024-02-02 01:00:00,0.07931,0.07969,0.07931,0.07943,63865,2024-02-02 01:59:59.999,8038116.57705744,811,26735,3365241.80485818,0
2024-02-02 02:00:00,0.07944,0.07984,0.07943,0.07977,96452,2024-02-02 02:59:59.999,12104893.09432326,1338,44105,5535417.40931736,0
2024-02-02 03:00:00,0.07976,0.07993,0.07968,0.07968,60360,2024-02-02 03:59:59.999,7562761.73074989,689,26226,3284971.4762804,0
2024-02-02 04:00:00,0.07967,0.0799,0.07961,0.07967,41933,2024-02-02 04:59:59.999,5256204.82002664,585,20188,2531084.18456176,0
2024-02-02 05:00:00,0.07968,0.07991,0.07965,0.07983,38484,2024-02-02 05:59:59.999,4824398.82720606,416,18598,2332007.55044224,0
2024-02-02 06:00:00,0.07983,0.07993,0.07953,0.0796,98523,2024-02-02 06:59:59.999,12360629.24367092,1049,41940,5262067.08503681,0
2024-02-02 07:00:00,0.0796,0.0798,0.0794,0.07979,68961,2024-02-02 07:59:59.999,8667392.3401751,922,30511,3833988.88709248,0
2024-02-02 08:00:00,0.07978,0.07992,0.07953,0.07968,71658,2024-02-02 08:59:59.999,8989433.70189954,1010,37852,4747064.8500035,0
2024-02-02 09:00:00,0.07968,0.07969,0.07949,0.07956,50327,2024-02-02 09:59:59.999,6325368.63109447,604,21639,2719799.48593118,0
2024-02-02 10:00:00,0.07956,0.07974,0.07941,0.07964,46948,2024-02-02 10:59:59.999,5899016.21736783,643,19148,2406365.19291828,0
2024-02-02 11:00:00,0.07964,0.07966,0.07943,0.07949,42807,2024-02-02 11:59:59.999,5382840.36985502,643,23634,2972040.01790435,0
2024-02-02 12:00:00,0.07949,0.07964,0.07928,0.07928,75407,2024-02-02 12:59:59.999,9488312.11986553,809,37621,4730488.63078871,0
2024-02-02 13:00:00,0.07928,0.07937,0.07855,0.07871,195283,2024-02-02 13:59:59.999,24751530.6973865,2620,79008,10007799.0744284,0
2024-02-02 14:00:00,0.07872,0.07901,0.0786,0.07883,65585,2024-02-02 14:59:59.999,8318458.14385751,1087,36696,4654294.07612641,0
2024-02-02 15:00:00,0.07882,0.07944,0.07881,0.07936,99346,2024-02-02 15:59:59.999,12556807.61978515,1505,52349,6616669.6826923,0
2024-02-02 16:00:00,0.07936,0.07959,0.07914,0.07934,126618,2024-02-02 16:59:59.999,15950525.83864466,1568,63122,7950039.56281989,0
2024-02-02 17:00:00,0.07933,0.07955,0.07902,0.07904,85697,2024-02-02 17:59:59.999,10799572.03036398,964,50353,6344399.81564282,0
2024-02-02 18:00:00,0.07906,0.07913,0.07877,0.0789,67117,2024-02-02 18:59:59.999,8500708.15559358,1038,32516,4118598.56783057,0
2024-02-02 19:00:00,0.0789,0.07899,0.07872,0.07897,58917,2024-02-02 19:59:59.999,7470986.86127849,739,30083,3814133.24149857,0
2024-02-02 20:00:00,0.07897,0.07912,0.07884,0.07894,29038,2024-02-02 20:59:59.999,3676570.0000191,479,17310,2192077.59435611,0
2024-02-02 21:00:00,0.07893,0.07917,0.07892,0.07912,25443,2024-02-02 21:59:59.999,3217664.59890687,417,11439,1446928.28072614,0
2024-02-02 22:00:00,0.07908,0.07936,0.07904,0.07936,52132,2024-02-02 22:59:59.999,6582178.85545717,560,34737,4385928.43260605,0
2024-02-02 23:00:00,0.07936,0.07936,0.0792,0.07923,25597,2024-02-02 23:59:59.999,3228612.32313319,457,12080,1523624.437016,0
2024-02-03 00:00:00,0.07927,0.07947,0.07917,0.07917,47064,2024-02-03 00:59:59.999,5933753.28169157,673,18633,2350130.35987613,0
2024-02-03 01:00:00,0.07918,0.0795,0.07918,0.07934,60137,2024-02-03 01:59:59.999,7578690.86821036,720,33470,4217717.83117846,0
2024-02-03 02:00:00,0.07935,0.07935,0.07906,0.07914,34158,2024-02-03 02:59:59.999,4313350.15883669,519,18996,2398230.16933167,0
2024-02-03 03:00:00,0.07916,0.07939,0.07916,0.07924,28305,2024-02-03 03:59:59.999,3569845.35608534,464,15680,1977524.58772426,0
2024-02-03 04:00:00,0.07923,0.07934,0.07919,0.07932,11868,2024-02-03 04:59:59.999,1497469.61407608,217,7425,936991.62727475,0
2024-02-03 05:00:00,0.07934,0.07949,0.07924,0.07941,29578,2024-02-03 05:59:59.999,3725360.5741752,428,11622,1463950.08236474,0
2024-02-03 06:00:00,0.0794,0.0794,0.07903,0.0791,24341,2024-02-03 06:59:59.999,3074435.08867055,373,15621,1973063.37143815,0
2024-02-03 07:00:00,0.0791,0.07919,0.07888,0.07898,33218,2024-02-03 07:59:59.999,4203708.55016972,610,14971,1894235.26615374,0
2024-02-03 08:00:00,0.079,0.07907,0.07879,0.07885,42156,2024-02-03 08:59:59.999,5343491.79227136,727,19126,2424485.30743393,0
2024-02-03 09:00:00,0.07887,0.07906,0.07885,0.07901,15892,2024-02-03 09:59:59.999,2012441.96896573,346,8308,1052010.83934924,0
2024-02-03 10:00:00,0.07902,0.07908,0.07894,0.07908,18860,2024-02-03 10:59:59.999,2386888.81110921,283,9251,1170941.8118766,0
2024-02-03 11:00:00,0.07907,0.07912,0.07887,0.07901,37366,2024-02-03 11:59:59.999,4731510.46195993,592,14828,1877467.37517248,0
2024-02-03 12:00:00,0.079,0.07929,0.07888,0.07922,28835,2024-02-03 12:59:59.999,3644498.04893616,545,12971,1639460.40579259,0
2024-02-03 13:00:00,0.07923,0.07926,0.07903,0.07905,20399,2024-02-03 13:59:59.999,2578543.88177035,325,5733,724906.77030079,0
2024-02-03 14:00:00,0.07904,0.07905,0.07881,0.0789,51465,2024-02-03 14:59:59.999,6521889.1989314,781,21470,2721066.29059821,0
2024-02-03 15:00:00,0.07889,0.07911,0.07851,0.07906,61628,2024-02-03 15:59:59.999,7819028.39055997,1102,33834,4292147.90581995,0
2024-02-03 16:00:00,0.07906,0.07919,0.07906,0.07917,19141,2024-02-03 16:59:59.999,2418836.57532794,334,7557,955105.28850744,0
2024-02-03 17:00:00,0.07914,0.07942,0.07913,0.07938,35679,2024-02-03 17:59:59.999,4498851.66178364,503,16071,2026172.06882021,0
2024-02-03 18:00:00,0.07938,0.07946,0.07912,0.0792,58352,2024-02-03 18:59:59.999,7358315.11041527,676,23545,2969587.89204587,0
2024-02-03 19:00:00,0.07921,0.07945,0.07915,0.07922,29000,2024-02-03 19:59:59.999,3655684.24546687,390,13806,1740653.56036282,0
2024-02-03 20:00:00,0.0792,0.07928,0.07909,0.07918,25741,2024-02-03 20:59:59.999,3250758.96990314,338,15648,1975900.29985594,0
2024-02-03 21:00:00,0.07917,0.07923,0.07895,0.079,33007,2024-02-03 21:59:59.999,4174415.27430548,454,16594,2098748.42001784,0
2024-02-03 22:00:00,0.07901,0.07903,0.07882,0.07882,19800,2024-02-03 22:59:59.999,2508163.21398382,283,7662,970540.18855806,0
2024-02-03 23:00:00,0.07883,0.07896,0.0786,0.07877,78411,2024-02-03 23:59:59.999,9954635.00342488,684,53244,6759965.50182843,0
2024-02-04 00:00:00,0.07877,0.07878,0.07837,0.07874,116591,2024-02-04 00:59:59.999,14840999.29239644,1468,57693,7343115.44769271,0
2024-02-04 01:00:00,0.07873,0.07898,0.07863,0.07898,32561,2024-02-04 01:59:59.999,4132003.63290838,541,21833,2770271.74439493,0
2024-02-04 02:00:00,0.07898,0.07902,0.07881,0.07889,26575,2024-02-04 02:59:59.999,3368369.48320145,385,13104,1660953.15265759,0
2024-02-04 03:00:00,0.07889,0.07905,0.07889,0.07899,17560,2024-02-04 03:59:59.999,2223048.03781921,239,12087,1530054.3684114,0
2024-02-04 04:00:00,0.07901,0.07901,0.07867,0.07872,27650,2024-02-04 04:59:59.999,3508259.1876723,469,10289,1305742.30241093,0
2024-02-04 05:00:00,0.07873,0.07883,0.0786,0.07861,42914,2024-02-04 05:59:59.999,5453185.49268017,592,20203,2566905.54116955,0
2024-02-04 06:00:00,0.07859,0.07882,0.07855,0.07862,44463,2024-02-04 06:59:59.999,5653356.24628102,748,20717,2634173.33055787,0
2024-02-04 07:00:00,0.07861,0.07878,0.07845,0.07865,52371,2024-02-04 07:59:59.999,6660184.5599792,819,25750,3275235.54777365,0
2024-02-04 08:00:00,0.07866,0.07868,0.07854,0.07856,30302,2024-02-04 08:59:59.999,3855059.88449238,527,15373,1955756.83009187,0
2024-02-04 09:00:00,0.07854,0.07893,0.07843,0.07881,49992,2024-02-04 09:59:59.999,6352987.55487001,720,26239,3334680.04397676,0
2024-02-04 10:00:00,0.07882,0.07889,0.07864,0.07875,33487,2024-02-04 10:59:59.999,4252444.34269121,441,15660,1989079.07104076,0
2024-02-04 11:00:00,0.07874,0.07914,0.07869,0.07911,30959,2024-02-04 11:59:59.999,3919915.51124394,461,16542,2094970.78398646,0
2024-02-04 12:00:00,0.07909,0.07928,0.07904,0.07904,42151,2024-02-04 12:59:59.999,5323711.83718231,588,12769,1612826.94004096,0
2024-02-04 13:00:00,0.07904,0.07918,0.07896,0.079,29075,2024-02-04 13:59:59.999,3678104.68547397,489,10344,1308320.58863484,0
2024-02-04 14:00:00,0.079,0.07906,0.07877,0.07879,59802,2024-02-04 14:59:59.999,7575592.56541674,650,32094,4064266.46852262,0
2024-02-04 15:00:00,0.07881,0.07923,0.07877,0.07912,76674,2024-02-04 15:59:59.999,9707084.31097238,868,39327,4979832.21399569,0
2024-02-04 16:00:00,0.07913,0.07995,0.07901,0.07956,187262,2024-02-04 16:59:59.999,23513483.93966255,2574,95421,11987833.42106722,0
2024-02-04 17:00:00,0.07956,0.07966,0.07937,0.07956,76242,2024-02-04 17:59:59.999,9586096.77502854,1164,39546,4972233.07174944,0
2024-02-04 18:00:00,0.07957,0.07971,0.07905,0.07916,68461,2024-02-04 18:59:59.999,8625693.24354911,1207,30538,3849444.85928481,0
2024-02-04 19:00:00,0.07916,0.07921,0.07866,0.07908,113938,2024-02-04 19:59:59.999,14446483.27062092,1707,43907,5565239.70412974,0
2024-02-04 20:00:00,0.07909,0.07934,0.07876,0.07927,68996,2024-02-04 20:59:59.999,8728110.37652345,1151,37270,4715477.57701322,0
2024-02-04 21:00:00,0.0793,0.07938,0.07897,0.07901,56906,2024-02-04 21:59:59.999,7184281.6780764,884,25727,3247991.82887482,0
2024-02-04 22:00:00,0.079,0.0792,0.07771,0.0783,260112,2024-02-04 22:59:59.999,33262477.6261112,3117,112141,14329341.72843311,0
2024-02-04 23:00:00,0.07829,0.07842,0.07802,0.07827,120350,2024-02-04 23:59:59.999,15393287.38133409,1611,51978,6647581.90006993,0
2024-02-05 00:00:00,0.07827,0.07853,0.07801,0.07806,106340,2024-02-05 00:59:59.999,13592206.67832026,1641,53283,6807877.03080709,0
2024-02-05 01:00:00,0.07805,0.0781,0.0773,0.07783,177525,2024-02-05 01:59:59.999,22860660.76989413,2906,80764,10401932.44568073,0
2024-02-05 02:00:00,0.07784,0.07796,0.07755,0.07782,84045,2024-02-05 02:59:59.999,10805658.14002675,1304,50073,6434820.11587906,0
2024-02-05 03:00:00,0.07781,0.07824,0.07779,0.07815,26905,2024-02-05 03:59:59.999,3447760.2507201,660,17585,2253447.92038946,0
2024-02-05 04:00:00,0.0782,0.07833,0.07807,0.07813,32369,2024-02-05 04:59:59.999,4140496.31821046,597,16412,2099502.12490841,0
2024-02-05 05:00:00,0.07814,0.07814,0.07796,0.0781,48133,2024-02-05 05:59:59.999,6168240.02010486,543,19003,2434940.25111328,0
2024-02-05 06:00:00,0.0781,0.0784,0.07807,0.07836,28363,2024-02-05 06:59:59.999,3625486.41982263,456,18953,2422600.04173039,0
2024-02-05 07:00:00,0.07838,0.07887,0.07826,0.07873,136920,2024-02-05 07:59:59.999,17425376.55821343,1415,57789,7352812.66880561,0
2024-02-05 08:00:00,0.07874,0.07894,0.07863,0.07894,60988,2024-02-05 08:59:59.999,7738539.88577705,896,34210,4339720.62662401,0
2024-02-05 09:00:00,0.07893,0.07895,0.0787,0.07883,30634,2024-02-05 09:59:59.999,3887290.50665519,548,12123,1538552.30243588,0
2024-02-05 10:00:00,0.07884,0.08031,0.07884,0.07983,239600,2024-02-05 10:59:59.999,30136455.81204004,3140,154369,19440480.81429594,0
2024-02-05 11:00:00,0.0798,0.08031,0.07959,0.07964,215634,2024-02-05 11:59:59.999,26983835.11247478,3003,106110,13279819.41671243,0
2024-02-05 12:00:00,0.07964,0.08007,0.07964,0.07972,137610,2024-02-05 12:59:59.999,17235529.00152383,2122,64810,8118102.73379399,0
2024-02-05 13:00:00,0.07973,0.0801,0.07972,0.07994,79450,2024-02-05 13:59:59.999,9937821.92086763,1372,37193,4652854.46510578,0
2024-02-05 14:00:00,0.07994,0.08003,0.07931,0.0794,124871,2024-02-05 14:59:59.999,15670779.19812584,1536,58293,7315386.37017292,0
2024-02-05 15:00:00,0.0794,0.0794,0.07853,0.07868,154161,2024-02-05 15:59:59.999,19523406.99050245,3111,71141,9009265.11787839,0
2024-02-05 16:00:00,0.07868,0.07882,0.07837,0.07868,86336,2024-02-05 16:59:59.999,10981865.76751004,1865,45666,5808112.53968946,0
2024-02-05 17:00:00,0.07868,0.07886,0.07861,0.07868,31308,2024-02-05 17:59:59.999,3976962.32747713,783,16505,2096700.38670087,0
2024-02-05 18:00:00,0.07868,0.07878,0.07846,0.07878,34668,2024-02-05 18:59:59.999,4409204.61752264,723,21826,2775775.65484987,0
2024-02-05 19:00:00,0.07878,0.07904,0.07877,0.07883,52633,2024-02-05 19:59:59.999,6670727.77524628,648,34612,4387116.20248517,0
2024-02-05 20:00:00,0.07883,0.07888,0.07799,0.07821,213431,2024-02-05 20:59:59.999,27248408.73816617,2613,76336,9755050.46612432,0
2024-02-05 21:00:00,0.07819,0.07819,0.07781,0.07801,61195,2024-02-05 21:59:59.999,7845557.17633099,1053,28348,3633625.37804793,0
2024-02-05 22:00:00,0.07801,0.07809,0.07755,0.07802,109443,2024-02-05 22:59:59.999,14069985.38146615,1449,71882,9241674.0405782,0
2024-02-05 23:00:00,0.07802,0.07831,0.07784,0.07829,38734,2024-02-05 23:59:59.999,4963540.89006279,797,17409,2230714.48005152,0
2024-02-06 00:00:00,0.07828,0.0784,0.07819,0.07836,57463,2024-02-06 00:59:59.999,7339447.71476823,875,29701,3794082.29447634,0
2024-02-06 01:00:00,0.07835,0.07852,0.07823,0.07835,28170,2024-02-06 01:59:59.999,3593853.88746422,615,14736,1880219.28795253,0
2024-02-06 02:00:00,0.07834,0.07863,0.0783,0.07854,68610,2024-02-06 02:59:59.999,8736183.66314807,977,28566,3637061.61377801,0
2024-02-06 03:00:00,0.07853,0.07862,0.07833,0.07846,23222,2024-02-06 03:59:59.999,2957934.68728126,500,12724,1620792.44704196,0
2024-02-06 04:00:00,0.07845,0.07848,0.07821,0.07825,22380,2024-02-06 04:59:59.999,2857118.4530352,509,11034,1408612.26039901,0
2024-02-06 05:00:00,0.07827,0.07829,0.0781,0.07823,31075,2024-02-06 05:59:59.999,3974538.14273469,596,14273,1825384.92470753,0
2024-02-06 06:00:00,0.07823,0.07833,0.07809,0.07832,39576,2024-02-06 06:59:59.999,5061536.97473218,515,14348,1834283.39875604,0
2024-02-06 07:00:00,0.07832,0.07846,0.07815,0.07846,38599,2024-02-06 07:59:59.999,4929541.01995476,525,17872,2282912.15259421,0
2024-02-06 08:00:00,0.07844,0.07871,0.07844,0.07871,44446,2024-02-06 08:59:59.999,5656826.91789558,667,22279,2835795.66189765,0
2024-02-06 09:00:00,0.07871,0.07871,0.07849,0.07859,48769,2024-02-06 09:59:59.999,6205158.43908562,669,23452,2983892.45696204,0
2024-02-06 10:00:00,0.0786,0.07869,0.07784,0.07819,145995,2024-02-06 10:59:59.999,18661893.81710166,1856,79436,10156487.54589423,0
2024-02-06 11:00:00,0.0782,0.07826,0.07795,0.07809,79328,2024-02-06 11:59:59.999,10158457.77178067,1270,39471,5055262.93199115,0
2024-02-06 12:00:00,0.07808,0.07821,0.07766,0.07804,170617,2024-02-06 12:59:59.999,21897485.8662917,2193,79883,10252058.56400727,0
2024-02-06 13:00:00,0.07805,0.07833,0.07782,0.07816,97965,2024-02-06 13:59:59.999,12541013.53214066,1239,52888,6768162.80767576,0
2024-02-06 14:00:00,0.0782,0.07841,0.07806,0.07821,82964,2024-02-06 14:59:59.999,10599832.22160013,1013,47800,6105180.66226497,0
2024-02-06 15:00:00,0.0782,0.07857,0.07816,0.07856,66909,2024-02-06 15:59:59.999,8534882.73433798,1094,36593,4668268.57858766,0
2024-02-06 16:00:00,0.07853,0.07893,0.07844,0.07867,66364,2024-02-06 16:59:59.999,8425999.07846685,1161,33735,4283200.39613714,0
2024-02-06 17:00:00,0.07865,0.07891,0.07861,0.07878,58562,2024-02-06 17:59:59.999,7434078.14416816,827,23321,2960202.34840665,0
2024-02-06 18:00:00,0.07877,0.07902,0.07866,0.07902,90500,2024-02-06 18:59:59.999,11471012.71489066,1008,47261,5988929.71440192,0
2024-02-06 19:00:00,0.07902,0.07915,0.07894,0.07912,39915,2024-02-06 19:59:59.999,5048957.21717148,592,21868,2766289.15432862,0
2024-02-06 20:00:00,0.07914,0.07921,0.07886,0.07898,106478,2024-02-06 20:59:59.999,13476904.09801184,1039,47315,5989910.85466487,0
2024-02-06 21:00:00,0.07897,0.07907,0.07887,0.07887,36237,2024-02-06 21:59:59.999,4589040.25258969,586,17628,2232073.10439786,0
2024-02-06 22:00:00,0.07887,0.07894,0.07868,0.0788,34120,2024-02-06 22:59:59.999,4330123.23349469,498,13377,1697702.99445128,0
2024-02-06 23:00:00,0.07879,0.07882,0.07839,0.07846,84852,2024-02-06 23:59:59.999,10807231.34615637,976,31202,3974151.10481814,0
2024-02-07 00:00:00,0.07846,0.07887,0.07844,0.07876,97616,2024-02-07 00:59:59.999,12406235.53535483,1198,58843,7475640.47776559,0
2024-02-07 01:00:00,0.07875,0.07894,0.07874,0.07885,30099,2024-02-07 01:59:59.999,3816217.68306768,466,18618,2360256.68560715,0
2024-02-07 02:00:00,0.07883,0.07888,0.07878,0.07883,20631,2024-02-07 02:59:59.999,2616871.38783075,349,10570,1340669.18967095,0
2024-02-07 03:00:00,0.07883,0.07888,0.0785,0.07852,45976,2024-02-07 03:59:59.999,5841531.75685011,719,16674,2118013.87100386,0
2024-02-07 04:00:00,0.07851,0.07861,0.0783,0.07838,40497,2024-02-07 04:59:59.999,5162321.52038602,769,17795,2268559.73623673,0
2024-02-07 05:00:00,0.07836,0.07857,0.07813,0.07849,40173,2024-02-07 05:59:59.999,5126602.307394,726,19301,2463050.96023977,0
2024-02-07 06:00:00,0.07849,0.07851,0.07821,0.07845,27132,2024-02-07 06:59:59.999,3462631.68514656,592,14393,1837105.30530799,0
2024-02-07 07:00:00,0.07845,0.07853,0.07825,0.07832,24866,2024-02-07 07:59:59.999,3171239.43171587,400,12105,1543509.22670944,0
2024-02-07 08:00:00,0.07833,0.07852,0.07824,0.07848,25035,2024-02-07 08:59:59.999,3194865.62520058,398,14596,1862987.28085778,0
2024-02-07 09:00:00,0.07848,0.07872,0.07837,0.07863,61648,2024-02-07 09:59:59.999,7845050.75649155,629,46062,5861932.86099334,0
2024-02-07 10:00:00,0.07862,0.07874,0.07838,0.07842,30775,2024-02-07 10:59:59.999,3914794.77361431,551,13774,1751665.16832588,0
2024-02-07 11:00:00,0.07842,0.07859,0.07838,0.07847,34053,2024-02-07 11:59:59.999,4338585.78150103,518,21399,2726003.07610801,0
2024-02-07 12:00:00,0.07847,0.0787,0.07841,0.0787,22358,2024-02-07 12:59:59.999,2846170.00593992,349,9995,1272440.46611795,0
2024-02-07 13:00:00,0.07869,0.07875,0.07855,0.07873,24994,2024-02-07 13:59:59.999,3177211.46024194,382,15675,1992867.59740742,0
2024-02-07 14:00:00,0.07873,0.07898,0.07855,0.07875,86928,2024-02-07 14:59:59.999,11028037.984783,1032,42332,5371716.60945372,0
2024-02-07 15:00:00,0.07874,0.07904,0.07868,0.07896,51035,2024-02-07 15:59:59.999,6471274.96619161,837,28144,3568591.57683811,0
2024-02-07 16:00:00,0.07897,0.07926,0.0789,0.07926,62253,2024-02-07 16:59:59.999,7870563.73931628,983,29791,3765945.47257485,0
2024-02-07 17:00:00,0.07927,0.07975,0.07927,0.07949,113490,2024-02-07 17:59:59.999,14272341.90401295,2008,44836,5638221.9729383,0
2024-02-07 18:00:00,0.0795,0.07995,0.0795,0.07976,82401,2024-02-07 18:59:59.999,10329954.60609844,1222,45750,5736206.50472978,0
2024-02-07 19:00:00,0.07977,0.07995,0.0795,0.07969,130804,2024-02-07 19:59:59.999,16408339.58058131,1254,69082,8662776.16977389,0
2024-02-07 20:00:00,0.07968,0.08017,0.07968,0.0801,97284,2024-02-07 20:59:59.999,12159008.97536917,1578,52114,6514030.3691278,0
2024-02-07 21:00:00,0.08009,0.08017,0.0799,0.08012,60210,2024-02-07 21:59:59.999,7523914.02562724,994,28939,3615881.94058798,0
2024-02-07 22:00:00,0.08013,0.08031,0.07991,0.08001,82512,2024-02-07 22:59:59.999,10296792.04123562,1001,34105,4255866.34223494,0
2024-02-07 23:00:00,0.08001,0.08015,0.07986,0.08014,64972,2024-02-07 23:59:59.999,8118950.56137071,847,31841,3978861.68531889,0
2024-02-08 00:00:00,0.08012,0.08048,0.08007,0.08043,99825,2024-02-08 00:59:59.999,12439146.85670808,1505,45495,5666682.94256418,0
2024-02-08 01:00:00,0.08044,0.08046,0.07998,0.08009,70143,2024-02-08 01:59:59.999,8750800.97808249,999,33366,4163203.52964303,0
2024-02-08 02:00:00,0.08009,0.08022,0.07996,0.08011,63983,2024-02-08 02:59:59.999,7992783.73967184,845,33960,4241943.41771832,0
2024-02-08 03:00:00,0.08014,0.08025,0.08006,0.0801,64944,2024-02-08 03:59:59.999,8099726.36185982,644,32601,4066389.61757786,0
2024-02-08 04:00:00,0.08008,0.08012,0.07995,0.07998,46675,2024-02-08 04:59:59.999,5831076.68061414,544,22986,2871880.13171139,0
2024-02-08 05:00:00,0.07998,0.08031,0.07989,0.08007,70425,2024-02-08 05:59:59.999,8791672.15157093,879,32774,4092081.2072583,0
2024-02-08 06:00:00,0.08008,0.08008,0.07976,0.07984,43032,2024-02-08 06:59:59.999,5381995.16934057,712,19690,2462732.73287616,0
2024-02-08 07:00:00,0.07986,0.07996,0.0797,0.07989,41188,2024-02-08 07:59:59.999,5158346.85167395,573,17655,2211379.58805437,0
2024-02-08 08:00:00,0.07989,0.08023,0.07986,0.08017,60153,2024-02-08 08:59:59.999,7512805.45276717,798,27224,3399893.81018136,0
2024-02-08 09:00:00,0.08017,0.0802,0.07997,0.08013,71977,2024-02-08 09:59:59.999,8992232.04423531,837,46760,5841937.09914248,0
2024-02-08 10:00:00,0.08015,0.08037,0.08009,0.08011,77973,2024-02-08 10:59:59.999,9720755.59844502,927,42766,5332188.72933481,0
2024-02-08 11:00:00,0.0801,0.08012,0.07961,0.07989,93538,2024-02-08 11:59:59.999,11712242.76861446,1058,39917,4998660.20267969,0
2024-02-08 12:00:00,0.07991,0.08006,0.07977,0.0799,32287,2024-02-08 12:59:59.999,4038873.59396327,511,16434,2055731.17611433,0
2024-02-08 13:00:00,0.07989,0.08033,0.0798,0.08031,23968,2024-02-08 13:59:59.999,2994284.02029754,596,12660,1581990.88000585,0
2024-02-08 14:00:00,0.08031,0.08076,0.08015,0.08055,133350,2024-02-08 14:59:59.999,16566912.77471703,1858,73265,9102174.00455715,0
2024-02-08 15:00:00,0.08056,0.08085,0.0804,0.08074,155560,2024-02-08 15:59:59.999,19281195.48872969,2077,75907,9408762.62842393,0
2024-02-08 16:00:00,0.08074,0.0809,0.07967,0.08003,150313,2024-02-08 16:59:59.999,18728438.93341668,2191,72506,9031943.59592035,0
2024-02-08 17:00:00,0.08003,0.08037,0.07985,0.08012,79619,2024-02-08 17:59:59.999,9936438.85964313,1299,37235,4646903.73531393,0
2024-02-08 18:00:00,0.08011,0.08048,0.08005,0.08047,35755,2024-02-08 18:59:59.999,4455502.27360317,627,20320,2532434.80263067,0
2024-02-08 19:00:00,0.08048,0.08052,0.08027,0.08027,23926,2024-02-08 19:59:59.999,2975761.38170714,494,12409,1543419.74227548,0
2024-02-08 20:00:00,0.08027,0.0806,0.08025,0.08055,37309,2024-02-08 20:59:59.999,4637801.80617178,762,15770,1961074.51765381,0
2024-02-08 21:00:00,0.08056,0.08056,0.08018,0.0802,32867,2024-02-08 21:59:59.999,4087806.00243349,596,19119,2377731.00670671,0
2024-02-08 22:00:00,0.08021,0.08028,0.07962,0.07983,116274,2024-02-08 22:59:59.999,14549154.41325862,1526,46649,5836749.0750014,0
2024-02-08 23:00:00,0.07983,0.08002,0.07982,0.07991,85361,2024-02-08 23:59:59.999,10680081.81534272,991,52776,6603198.42048712,0
2024-02-09 00:00:00,0.07992,0.08018,0.07992,0.08009,34171,2024-02-09 00:59:59.999,4268342.04900658,696,18243,2278605.11045835,0
2024-02-09 01:00:00,0.08009,0.08022,0.08002,0.08021,26938,2024-02-09 01:59:59.999,3362923.61743238,473,10338,1290463.32652563,0
2024-02-09 02:00:00,0.08021,0.08091,0.08015,0.08087,125015,2024-02-09 02:59:59.999,15516988.67294235,1977,58279,7235002.97654707,0
2024-02-09 03:00:00,0.08087,0.08092,0.08044,0.08045,126487,2024-02-09 03:59:59.999,15669083.54370999,1646,53018,6567518.75478169,0
2024-02-09 04:00:00,0.08047,0.0807,0.08032,0.08047,87343,2024-02-09 04:59:59.999,10856476.2353948,1068,41754,5189129.07875542,0
2024-02-09 05:00:00,0.08046,0.08078,0.08046,0.0807,47555,2024-02-09 05:59:59.999,5897831.47262378,690,25063,3108898.93543152,0
2024-02-09 06:00:00,0.08071,0.08088,0.08042,0.08069,74196,2024-02-09 06:59:59.999,9201322.28851224,1258,35904,4451971.11141753,0
2024-02-09 07:00:00,0.08069,0.082,0.08069,0.08192,204114,2024-02-09 07:59:59.999,25082701.08318263,3480,112714,13854124.57216391,0
2024-02-09 08:00:00,0.08191,0.08196,0.08133,0.08175,257636,2024-02-09 08:59:59.999,31558222.60984276,3094,141022,17275830.01619918,0
2024-02-09 09:00:00,0.08175,0.0819,0.08139,0.08146,93116,2024-02-09 09:59:59.999,11420229.93909621,1338,49198,6033309.80064805,0
2024-02-09 10:00:00,0.08147,0.08175,0.08142,0.08161,61778,2024-02-09 10:59:59.999,7573924.10346044,855,31759,3893246.96455083,0
2024-02-09 11:00:00,0.08158,0.0821,0.08135,0.0819,146269,2024-02-09 11:59:59.999,17889426.67835348,2093,65147,7966188.12370427,0
2024-02-09 12:00:00,0.08189,0.08222,0.08156,0.08189,160480,2024-02-09 12:59:59.999,19593900.1514688,2784,76478,9338429.99226239,0
2024-02-09 13:00:00,0.0819,0.08214,0.08184,0.082,91992,2024-02-09 13:59:59.999,11216558.10270583,1362,55707,6792488.4787687,0
2024-02-09 14:00:00,0.08197,0.08216,0.08068,0.08125,378668,2024-02-09 14:59:59.999,46598039.03811891,5138,166058,20424268.02199293,0
2024-02-09 15:00:00,0.08123,0.08161,0.08098,0.08147,137477,2024-02-09 15:59:59.999,16905267.12410519,2044,73162,8993032.3563276,0
2024-02-09 16:00:00,0.08146,0.08164,0.08099,0.0811,94546,2024-02-09 16:59:59.999,11632433.73251567,1562,44037,5417209.66001484,0
2024-02-09 17:00:00,0.08111,0.08141,0.08105,0.08141,58940,2024-02-09 17:59:59.999,7252774.2599657,989,32177,3959783.15710976,0
2024-02-09 18:00:00,0.08141,0.082,0.08135,0.08169,240872,2024-02-09 18:59:59.999,29492796.88524943,2852,101172,12382788.18266463,0
2024-02-09 19:00:00,0.08168,0.08176,0.08108,0.0815,82836,2024-02-09 19:59:59.999,10175891.26911705,1559,40375,4961223.83331634,0
2024-02-09 20:00:00,0.08151,0.08165,0.08132,0.08136,51442,2024-02-09 20:59:59.999,6311194.37337516,885,24805,3043417.55784215,0
2024-02-09 21:00:00,0.08137,0.08157,0.08118,0.08154,63313,2024-02-09 21:59:59.999,7778116.10635341,868,27534,3384118.09585169,0
2024-02-09 22:00:00,0.08155,0.08166,0.08128,0.08151,61068,2024-02-09 22:59:59.999,7493634.53188551,802,31883,3913278.22248422,0
2024-02-09 23:00:00,0.08151,0.08166,0.08138,0.0816,62282,2024-02-09 23:59:59.999,7640177.86380477,820,22175,2720239.89794798,0
2024-02-10 00:00:00,0.08162,0.08176,0.08143,0.08149,60414,2024-02-10 00:59:59.999,7404568.9989979,789,25132,3080488.63211374,0
2024-02-10 01:00:00,0.08149,0.08173,0.08143,0.0817,88853,2024-02-10 01:59:59.999,10890520.15203752,924,29975,3674061.43106334,0
2024-02-10 02:00:00,0.0817,0.08186,0.08167,0.08185,17729,2024-02-10 02:59:59.999,2169407.25385746,389,10084,1233836.06547098,0
2024-02-10 03:00:00,0.08186,0.08222,0.08177,0.08188,165464,2024-02-10 03:59:59.999,20180734.00960672,1659,79398,9681589.02967799,0
2024-02-10 04:00:00,0.08189,0.08197,0.08168,0.08173,41204,2024-02-10 04:59:59.999,5038399.45572432,567,15294,1870284.99745298,0
2024-02-10 05:00:00,0.08174,0.08174,0.08156,0.08158,45631,2024-02-10 05:59:59.999,5588838.36693979,472,28900,3539624.73779968,0
2024-02-10 06:00:00,0.08159,0.0816,0.08144,0.08154,48338,2024-02-10 06:59:59.999,5930798.22664982,520,21934,2691015.47417563,0
2024-02-10 07:00:00,0.08153,0.08153,0.08128,0.08133,51277,2024-02-10 07:59:59.999,6299198.00448753,671,20231,2485346.93637094,0
2024-02-10 08:00:00,0.08133,0.08149,0.08111,0.08112,55309,2024-02-10 08:59:59.999,6802216.32848698,840,20561,2529402.52405916,0
2024-02-10 09:00:00,0.08114,0.08139,0.08107,0.0811,69899,2024-02-10 09:59:59.999,8598633.75585689,1110,30521,3754314.32302368,0
2024-02-10 10:00:00,0.0811,0.08113,0.0803,0.08051,225965,2024-02-10 10:59:59.999,28008101.05988405,2507,78435,9714373.17915461,0
2024-02-10 11:00:00,0.08053,0.08087,0.08049,0.08084,112357,2024-02-10 11:59:59.999,13922286.63416962,1478,57695,7146436.05715393,0
2024-02-10 12:00:00,0.08085,0.08096,0.08076,0.08086,41667,2024-02-10 12:59:59.999,5153109.96124132,842,18661,2307945.2210844,0
2024-02-10 13:00:00,0.08086,0.08111,0.08064,0.08109,79418,2024-02-10 13:59:59.999,9816984.70821965,1058,47460,5866348.56509377,0
2024-02-10 14:00:00,0.08107,0.08118,0.08095,0.08105,49499,2024-02-10 14:59:59.999,6108739.96201081,718,18979,2341810.05102013,0
2024-02-10 15:00:00,0.08106,0.08118,0.081,0.08115,34681,2024-02-10 15:59:59.999,4275146.6304902,547,18097,2231049.2214516,0
2024-02-10 16:00:00,0.08115,0.08125,0.08104,0.0812,31953,2024-02-10 16:59:59.999,3937890.84753613,528,21715,2676051.53378832,0
2024-02-10 17:00:00,0.08121,0.08131,0.08093,0.08093,62999,2024-02-10 17:59:59.999,7769723.71068309,900,22666,2797288.2229607,0
2024-02-10 18:00:00,0.08092,0.08114,0.08091,0.08105,28889,2024-02-10 18:59:59.999,3563304.15887944,519,15350,1893644.1123332,0
2024-02-10 19:00:00,0.08106,0.08128,0.08105,0.08112,59591,2024-02-10 19:59:59.999,7342228.24194268,732,33514,4128497.00565014,0
2024-02-10 20:00:00,0.08112,0.08148,0.081,0.08128,65786,2024-02-10 20:59:59.999,8098503.00146125,946,37767,4647117.28600052,0
2024-02-10 21:00:00,0.08128,0.08182,0.08128,0.08166,100112,2024-02-10 21:59:59.999,12259950.93415682,1533,54380,6660392.25595715,0
2024-02-10 22:00:00,0.08166,0.08168,0.08129,0.0815,72144,2024-02-10 22:59:59.999,8856671.86126251,1122,36907,4531571.59729574,0
2024-02-10 23:00:00,0.08153,0.08169,0.08134,0.08145,71496,2024-02-10 23:59:59.999,8770798.27247901,986,44695,5482347.05780713,0
2024-02-11 00:00:00,0.08145,0.08154,0.08129,0.08151,33822,2024-02-11 00:59:59.999,4152591.72680775,680,15003,1841769.92746231,0
2024-02-11 01:00:00,0.08151,0.08162,0.08135,0.08141,30034,2024-02-11 01:59:59.999,3686094.43540994,687,12213,1499172.83713245,0
2024-02-11 02:00:00,0.08141,0.08159,0.08141,0.08145,31844,2024-02-11 02:59:59.999,3907822.86650845,591,22919,2812655.78625429,0
2024-02-11 03:00:00,0.08145,0.08242,0.08144,0.08231,161752,2024-02-11 03:59:59.999,19705229.00040636,2573,92676,11291103.82476141,0
2024-02-11 04:00:00,0.0823,0.08239,0.08189,0.0819,79722,2024-02-11 04:59:59.999,9710228.17502247,1467,33014,4020551.81784486,0
2024-02-11 05:00:00,0.08192,0.08211,0.08192,0.0821,32069,2024-02-11 05:59:59.999,3910704.36780849,587,15756,1921435.44967187,0
2024-02-11 06:00:00,0.0821,0.08247,0.08207,0.08223,74192,2024-02-11 06:59:59.999,9019227.34323609,1148,42362,5148859.7375077,0
2024-02-11 07:00:00,0.08223,0.08367,0.08222,0.08289,523383,2024-02-11 07:59:59.999,63049979.76429333,8026,260175,31365201.10470058,0
2024-02-11 08:00:00,0.08289,0.08342,0.08261,0.08269,315759,2024-02-11 08:59:59.999,38003866.15230807,4692,157183,18916225.17232316,0
2024-02-11 09:00:00,0.08269,0.08281,0.08252,0.08279,84958,2024-02-11 09:59:59.999,10274497.8958036,1467,46160,5582181.18903413,0
2024-02-11 10:00:00,0.08281,0.08285,0.08211,0.08247,92566,2024-02-11 10:59:59.999,11218038.52999519,1705,38267,4636244.74643612,0
2024-02-11 11:00:00,0.08251,0.08265,0.08232,0.08261,81960,2024-02-11 11:59:59.999,9934102.69689342,1291,48412,5866718.26463787,0
2024-02-11 12:00:00,0.08261,0.08261,0.08215,0.0823,116908,2024-02-11 12:59:59.999,14202332.85634356,1633,54452,6614143.60521571,0
2024-02-11 13:00:00,0.0823,0.08232,0.08184,0.0819,169574,2024-02-11 13:59:59.999,20677004.56759047,2039,57955,7065908.79627176,0
2024-02-11 14:00:00,0.0819,0.08201,0.08149,0.08201,83301,2024-02-11 14:59:59.999,10184059.55071324,1806,38561,4714645.4894559,0
2024-02-11 15:00:00,0.082,0.082,0.08172,0.08185,36297,2024-02-11 15:59:59.999,4436156.94271427,596,17326,2117424.99757198,0
2024-02-11 16:00:00,0.08184,0.08222,0.08159,0.08202,211933,2024-02-11 16:59:59.999,25862024.90237417,2768,111030,13548112.13021627,0
2024-02-11 17:00:00,0.08201,0.08222,0.0818,0.08199,46800,2024-02-11 17:59:59.999,5705687.71671013,881,19826,2417176.37479175,0
2024-02-11 18:00:00,0.08199,0.08217,0.08139,0.082,125958,2024-02-11 18:59:59.999,15413702.97052461,1764,50735,6204991.07781953,0
2024-02-11 19:00:00,0.08199,0.08213,0.08194,0.08199,24574,2024-02-11 19:59:59.999,2995908.09919072,509,12763,1556014.92052247,0
2024-02-11 20:00:00,0.08199,0.08211,0.08077,0.08108,201629,2024-02-11 20:59:59.999,24792432.31428992,2810,76465,9403950.37307468,0
2024-02-11 21:00:00,0.08107,0.08147,0.08106,0.08128,102945,2024-02-11 21:59:59.999,12664338.75964042,1753,56521,6953325.30440813,0
2024-02-11 22:00:00,0.08128,0.08138,0.08108,0.08122,54990,2024-02-11 22:59:59.999,6769878.05746053,904,30015,3695774.82286809,0
2024-02-11 23:00:00,0.08124,0.08127,0.08098,0.08127,77416,2024-02-11 23:59:59.999,9541922.7810767,1101,34997,4312755.10540038,0
2024-02-12 00:00:00,0.08127,0.08158,0.08112,0.08146,108994,2024-02-12 00:59:59.999,13392710.5835086,1983,64594,7937271.67989375,0
2024-02-12 01:00:00,0.08146,0.08151,0.08112,0.08123,68950,2024-02-12 01:59:59.999,8482208.73061855,1292,35913,4416589.80210025,0
2024-02-12 02:00:00,0.08122,0.08128,0.08,0.08037,311250,2024-02-12 02:59:59.999,38658399.09461989,4933,152842,18985235.94412586,0
2024-02-12 03:00:00,0.08037,0.08057,0.08027,0.08049,114219,2024-02-12 03:59:59.999,14199044.02620617,2076,62601,7782361.49314508,0
2024-02-12 04:00:00,0.08049,0.08051,0.08027,0.08032,66231,2024-02-12 04:59:59.999,8237307.76923039,1163,24000,2984767.81381826,0
2024-02-12 05:00:00,0.08032,0.08044,0.08023,0.08025,55344,2024-02-12 05:59:59.999,6889663.05133699,839,22045,2744179.58020087,0
2024-02-12 06:00:00,0.08023,0.08037,0.07956,0.08015,142691,2024-02-12 06:59:59.999,17856139.84970659,2600,59669,7465642.28595026,0
2024-02-12 07:00:00,0.08015,0.08055,0.08013,0.0804,77617,2024-02-12 07:59:59.999,9656017.50434595,1615,41916,5214060.41034171,0
2024-02-12 08:00:00,0.08041,0.08051,0.08022,0.08024,48149,2024-02-12 08:59:59.999,5991124.09067776,875,17791,2214179.91381139,0
2024-02-12 09:00:00,0.08024,0.08025,0.07966,0.07981,87747,2024-02-12 09:59:59.999,10968029.9767786,1683,45370,5670421.41970733,0
2024-02-12 10:00:00,0.07981,0.08003,0.07965,0.07978,83139,2024-02-12 10:59:59.999,10407662.24400508,1531,43264,5415847.8229787,0
2024-02-12 11:00:00,0.07978,0.07989,0.07953,0.07987,133618,2024-02-12 11:59:59.999,16763819.03259922,2101,70416,8833777.06922206,0
2024-02-12 12:00:00,0.07987,0.07996,0.07966,0.07993,67121,2024-02-12 12:59:59.999,8407795.28767307,1247,31638,3963289.51731395,0
2024-02-12 13:00:00,0.07992,0.07999,0.07981,0.07992,29782,2024-02-12 13:59:59.999,3728585.09316782,499,12182,1525078.85945025,0
2024-02-12 14:00:00,0.07994,0.08071,0.07991,0.08068,161145,2024-02-12 14:59:59.999,20071884.81872473,2246,98671,12292218.65655512,0
2024-02-12 15:00:00,0.08068,0.08164,0.08052,0.08164,373240,2024-02-12 15:59:59.999,46047264.02087075,6527,188542,23260301.47450984,0
2024-02-12 16:00:00,0.08163,0.08174,0.08109,0.08173,223576,2024-02-12 16:59:59.999,27439496.08587211,4346,103538,12704636.74644526,0
2024-02-12 17:00:00,0.08172,0.08271,0.08167,0.08224,489848,2024-02-12 17:59:59.999,59574238.33846545,7857,233716,28423203.79204352,0
2024-02-12 18:00:00,0.08225,0.08296,0.08225,0.0824,212232,2024-02-12 18:59:59.999,25691193.84294772,4229,100831,12207954.2360039,0
2024-02-12 19:00:00,0.0824,0.08258,0.08155,0.08161,215631,2024-02-12 19:59:59.999,26268071.76642219,3274,81725,9950622.89126634,0
2024-02-12 20:00:00,0.08163,0.08243,0.08163,0.08229,162356,2024-02-12 20:59:59.999,19783638.34906776,2840,86025,10481527.82003739,0
2024-02-12 21:00:00,0.08227,0.08239,0.08187,0.08198,148683,2024-02-12 21:59:59.999,18080679.5187081,2590,65857,8010220.81838818,0
2024-02-12 22:00:00,0.08198,0.08251,0.08198,0.08247,60734,2024-02-12 22:59:59.999,7385922.99183329,1170,28586,3475755.98819258,0
2024-02-12 23:00:00,0.08252,0.08254,0.08212,0.08233,106071,2024-02-12 23:59:59.999,12885521.21345984,1925,35423,4304207.38108147,0
2024-02-13 00:00:00,0.08233,0.08302,0.08232,0.08299,112546,2024-02-13 00:59:59.999,13601877.21396409,1946,62666,7574947.4615712,0
2024-02-13 01:00:00,0.08299,0.08312,0.08268,0.08288,122471,2024-02-13 01:59:59.999,14780398.65490918,2177,66218,7992837.93674615,0
2024-02-13 02:00:00,0.08289,0.08303,0.08242,0.08244,169401,2024-02-13 02:59:59.999,20485552.80739296,2595,60885,7362411.08255028,0
2024-02-13 03:00:00,0.08245,0.08249,0.08164,0.08188,153561,2024-02-13 03:59:59.999,18710878.20337584,2327,61258,7465331.82734058,0
2024-02-13 04:00:00,0.08188,0.08227,0.08186,0.08222,74950,2024-02-13 04:59:59.999,9133459.39885775,1347,39482,4811479.33455068,0
2024-02-13 05:00:00,0.08221,0.08231,0.08201,0.08231,69694,2024-02-13 05:59:59.999,8484235.03088488,1333,32408,3944784.04801391,0
2024-02-13 06:00:00,0.08229,0.08245,0.08222,0.08245,48424,2024-02-13 06:59:59.999,5881421.67565786,788,29773,3616184.64468735,0
2024-02-13 07:00:00,0.08245,0.08268,0.08224,0.08258,135610,2024-02-13 07:59:59.999,16439685.51335675,1874,66250,8033826.73371436,0
2024-02-13 08:00:00,0.08258,0.08288,0.0825,0.08283,74181,2024-02-13 08:59:59.999,8968109.03712832,1308,41951,5071863.18962511,0
2024-02-13 09:00:00,0.08283,0.0831,0.08261,0.08302,104079,2024-02-13 09:59:59.999,12569095.7562156,1504,42933,5183868.23778245,0
2024-02-13 10:00:00,0.083,0.08303,0.08223,0.08234,187771,2024-02-13 10:59:59.999,22726574.10691147,2503,78443,9495067.90339868,0
2024-02-13 11:00:00,0.08233,0.08261,0.0821,0.08251,194387,2024-02-13 11:59:59.999,23596450.3538877,2608,96487,11709146.13733599,0
2024-02-13 12:00:00,0.08251,0.08272,0.08215,0.08228,80904,2024-02-13 12:59:59.999,9816492.59840986,1357,35676,4329014.77969446,0
2024-02-13 13:00:00,0.08229,0.08242,0.08034,0.08141,775324,2024-02-13 13:59:59.999,95306373.80782504,11867,341999,42058288.68459465,0
2024-02-13 14:00:00,0.08141,0.08166,0.0797,0.08078,1223763,2024-02-13 14:59:59.999,151696755.85847244,17646,600070,74392978.7978937,0
2024-02-13 15:00:00,0.08079,0.08118,0.08053,0.08102,271534,2024-02-13 15:59:59.999,33565148.0143872,4127,130006,16070370.46182926,0
2024-02-13 16:00:00,0.08102,0.08119,0.08051,0.08051,159456,2024-02-13 16:59:59.999,19722633.25853161,2574,76667,9480918.08813051,0
2024-02-13 17:00:00,0.08052,0.08101,0.08034,0.081,187532,2024-02-13 17:59:59.999,23239803.95944843,2809,85416,10583436.89104226,0
2024-02-13 18:00:00,0.081,0.08129,0.08091,0.08112,71627,2024-02-13 18:59:59.999,8832701.30371833,1418,34187,4216059.36043411,0
2024-02-13 19:00:00,0.08112,0.08123,0.08087,0.08092,80614,2024-02-13 19:59:59.999,9946553.90824298,1193,41651,5139175.77793292,0
2024-02-13 20:00:00,0.08091,0.0814,0.0809,0.0813,69424,2024-02-13 20:59:59.999,8551502.3574965,1217,32717,4030524.29281989,0
2024-02-13 21:00:00,0.0813,0.0816,0.08125,0.08131,51400,2024-02-13 21:59:59.999,6310663.34716768,1006,28625,3514368.78084052,0
2024-02-13 22:00:00,0.08132,0.0814,0.08108,0.08129,46040,2024-02-13 22:59:59.999,5668517.50400112,790,26498,3262422.11260511,0
2024-02-13 23:00:00,0.08128,0.08128,0.08103,0.08116,46859,2024-02-13 23:59:59.999,5777579.42025541,637,24558,3028382.13490885,0
2024-02-14 00:00:00,0.08116,0.08117,0.08068,0.08083,64126,2024-02-14 00:59:59.999,7932780.94167611,1298,32507,4022075.40904644,0
2024-02-14 01:00:00,0.08081,0.08098,0.0806,0.08075,80982,2024-02-14 01:59:59.999,10022483.62168298,1380,36165,4476513.14463204,0
2024-02-14 02:00:00,0.08076,0.08111,0.08064,0.08098,58101,2024-02-14 02:59:59.999,7182701.00610623,842,31905,3944432.65602518,0
2024-02-14 03:00:00,0.08099,0.08119,0.08098,0.08119,49008,2024-02-14 03:59:59.999,6046091.33601044,607,23996,2960479.1812272,0
2024-02-14 04:00:00,0.0812,0.08133,0.08101,0.08112,50332,2024-02-14 04:59:59.999,6201534.48391063,863,24137,2973371.88966709,0
2024-02-14 05:00:00,0.08113,0.0817,0.08113,0.0816,102812,2024-02-14 05:59:59.999,12614947.24030939,1249,53392,6555121.888863,0
2024-02-14 06:00:00,0.08161,0.08181,0.08146,0.08181,66256,2024-02-14 06:59:59.999,8116955.19469552,918,42087,5154942.25259196,0
2024-02-14 07:00:00,0.08182,0.08195,0.08176,0.08186,140215,2024-02-14 07:59:59.999,17130761.20703267,1792,61929,7566366.48023708,0
2024-02-14 08:00:00,0.08187,0.08262,0.0818,0.08257,134968,2024-02-14 08:59:59.999,16422730.10029635,1995,63744,7757663.03186919,0
2024-02-14 09:00:00,0.08255,0.08349,0.08245,0.08317,491049,2024-02-14 09:59:59.999,59211031.47310694,6538,241308,29094048.50447898,0
2024-02-14 10:00:00,0.08317,0.08336,0.08287,0.08314,145110,2024-02-14 10:59:59.999,17457906.04587645,2446,72116,8675235.27543989,0
2024-02-14 11:00:00,0.08314,0.08319,0.08267,0.08303,201597,2024-02-14 11:59:59.999,24304236.99780148,2845,103490,12476671.24369023,0
2024-02-14 12:00:00,0.08304,0.08317,0.08255,0.08277,161129,2024-02-14 12:59:59.999,19442840.97322844,2732,86576,10446487.45162803,0
2024-02-14 13:00:00,0.08277,0.08366,0.08271,0.08337,240600,2024-02-14 13:59:59.999,28985831.51153299,3673,119664,14412434.11497083,0
2024-02-14 14:00:00,0.08336,0.08346,0.08291,0.08322,253390,2024-02-14 14:59:59.999,30458478.59246704,3685,111146,13357802.5042468,0
2024-02-14 15:00:00,0.0832,0.08369,0.08236,0.08324,450838,2024-02-14 15:59:59.999,54249704.97612386,7078,217133,26128121.89517861,0
2024-02-14 16:00:00,0.08326,0.0837,0.08276,0.0837,268587,2024-02-14 16:59:59.999,32241919.87066563,4453,137328,16484869.60919695,0
2024-02-14 17:00:00,0.08371,0.08678,0.08371,0.08525,1728120,2024-02-14 17:59:59.999,201978907.16205937,27099,869126,101607625.8848058,0
2024-02-14 18:00:00,0.08524,0.08585,0.08438,0.08564,436907,2024-02-14 18:59:59.999,51320223.2601108,6253,210567,24728565.53892081,0
2024-02-14 19:00:00,0.08563,0.0863,0.08499,0.08628,385068,2024-02-14 19:59:59.999,44937777.35669209,5128,185741,21667339.54865398,0
2024-02-14 20:00:00,0.08628,0.08685,0.08596,0.08606,442497,2024-02-14 20:59:59.999,51257541.96067037,5735,210425,24372450.34338371,0
2024-02-14 21:00:00,0.08607,0.08714,0.08602,0.08673,439742,2024-02-14 21:59:59.999,50694620.51712349,5743,206515,23806428.89461464,0
2024-02-14 22:00:00,0.08673,0.08692,0.0859,0.08617,221964,2024-02-14 22:59:59.999,25669306.35922083,3278,91026,10520701.04242624,0
2024-02-14 23:00:00,0.08614,0.08621,0.08546,0.08566,216473,2024-02-14 23:59:59.999,25231229.73651607,2781,85246,9931606.72333019,0
2024-02-15 00:00:00,0.08566,0.08702,0.08566,0.08682,410191,2024-02-15 00:59:59.999,47523671.08702404,4844,231798,26883211.82713022,0
2024-02-15 01:00:00,0.08682,0.08839,0.08668,0.08689,1022177,2024-02-15 01:59:59.999,116802754.01529856,15146,467530,53425645.14971071,0
2024-02-15 02:00:00,0.08689,0.08739,0.08674,0.08691,332017,2024-02-15 02:59:59.999,38111750.06084596,4071,174488,20026235.55735568,0
2024-02-15 03:00:00,0.08691,0.08741,0.08688,0.08729,179827,2024-02-15 03:59:59.999,20620355.90421472,2320,91848,10530995.02036235,0
2024-02-15 04:00:00,0.08729,0.0874,0.08661,0.08673,192189,2024-02-15 04:59:59.999,22094642.06033179,2677,82984,9541189.26823829,0
2024-02-15 05:00:00,0.08674,0.08676,0.08559,0.08589,294547,2024-02-15 05:59:59.999,34195212.76162393,3587,107783,12512700.45637594,0
2024-02-15 06:00:00,0.0859,0.08606,0.08538,0.08577,216035,2024-02-15 06:59:59.999,25182658.76319217,2623,95860,11170706.59929961,0
2024-02-15 07:00:00,0.08575,0.08598,0.08522,0.08571,192999,2024-02-15 07:59:59.999,22518369.05561771,2810,85692,9997622.70033305,0
2024-02-15 08:00:00,0.0857,0.0857,0.0853,0.08541,110779,2024-02-15 08:59:59.999,12957875.70953134,1869,52617,6154774.94841429,0
2024-02-15 09:00:00,0.08541,0.08603,0.08525,0.08588,286674,2024-02-15 09:59:59.999,33465828.10545673,3121,167396,19542647.72167193,0
2024-02-15 10:00:00,0.08589,0.08615,0.08571,0.08597,130870,2024-02-15 10:59:59.999,15223338.23413657,1992,61815,7191631.28829667,0
2024-02-15 11:00:00,0.08596,0.08627,0.08559,0.08593,152834,2024-02-15 11:59:59.999,17791003.29096968,2366,71144,8283823.54181258,0
2024-02-15 12:00:00,0.08593,0.08644,0.08544,0.08608,239693,2024-02-15 12:59:59.999,27847092.90158323,3935,125046,14528315.78547328,0
2024-02-15 13:00:00,0.08608,0.08644,0.0856,0.0864,299572,2024-02-15 13:59:59.999,34781808.74434186,4335,167418,19435073.79886229,0
2024-02-15 14:00:00,0.08638,0.08703,0.08605,0.0868,250510,2024-02-15 14:59:59.999,28911665.41799031,3867,131495,15174475.43614183,0
2024-02-15 15:00:00,0.0868,0.08706,0.08451,0.08513,861928,2024-02-15 15:59:59.999,100765741.71044376,11909,342128,39973784.8378768,0
2024-02-15 16:00:00,0.08513,0.08528,0.08403,0.08508,456560,2024-02-15 16:59:59.999,53877337.30908928,8025,220956,26072033.81466153,0
2024-02-15 17:00:00,0.08509,0.08528,0.08452,0.08457,318072,2024-02-15 17:59:59.999,37460496.18033215,4482,109217,12860069.19257415,0
2024-02-15 18:00:00,0.08456,0.08547,0.08452,0.08541,137550,2024-02-15 18:59:59.999,16166769.18380803,2416,77168,9071510.90102388,0
2024-02-15 19:00:00,0.08541,0.08574,0.08508,0.08554,123751,2024-02-15 19:59:59.999,14497807.09877929,2230,60208,7052982.16492196,0
2024-02-15 20:00:00,0.08553,0.08564,0.08485,0.08511,117144,2024-02-15 20:59:59.999,13738851.07334469,2240,49590,5818574.69293491,0
2024-02-15 21:00:00,0.08513,0.08567,0.08466,0.08478,142307,2024-02-15 21:59:59.999,16702011.1864785,3181,64830,7608820.26789406,0
2024-02-15 22:00:00,0.08477,0.08542,0.08476,0.08494,123902,2024-02-15 22:59:59.999,14564825.45291186,2147,56767,6674932.29509784,0
2024-02-15 23:00:00,0.08494,0.08559,0.08488,0.08542,62748,2024-02-15 23:59:59.999,7353060.07862413,1134,29594,3468383.08544894,0
2024-02-16 00:00:00,0.08543,0.08578,0.08513,0.08571,85278,2024-02-16 00:59:59.999,9984716.20008581,1580,44994,5268689.41007225,0
2024-02-16 01:00:00,0.08571,0.08606,0.0855,0.08603,84626,2024-02-16 01:59:59.999,9861549.45835949,1772,46293,5394795.92503152,0
2024-02-16 02:00:00,0.08602,0.08659,0.08585,0.08649,95871,2024-02-16 02:59:59.999,11111339.89575825,1692,58993,6837957.14330822,0
2024-02-16 03:00:00,0.08649,0.08663,0.08625,0.0865,80734,2024-02-16 03:59:59.999,9338765.89193762,1339,39088,4521318.97632678,0
2024-02-16 04:00:00,0.0865,0.08686,0.08636,0.08638,123192,2024-02-16 04:59:59.999,14211307.77087862,2117,66609,7680365.9318576,0
2024-02-16 05:00:00,0.08638,0.08681,0.08628,0.08668,115617,2024-02-16 05:59:59.999,13361473.79001663,1589,60827,7029062.52091246,0
2024-02-16 06:00:00,0.08667,0.08681,0.08596,0.08613,131965,2024-02-16 06:59:59.999,15269777.84369464,2087,49458,5723965.69336935,0
2024-02-16 07:00:00,0.08612,0.08617,0.08523,0.08524,238854,2024-02-16 07:59:59.999,27891143.91554792,3110,97795,11416363.76491621,0
2024-02-16 08:00:00,0.08525,0.08579,0.08522,0.08549,118748,2024-02-16 08:59:59.999,13879277.73569285,1544,64517,7542664.5786768,0
2024-02-16 09:00:00,0.0855,0.0856,0.0847,0.0855,180658,2024-02-16 09:59:59.999,21207722.40872989,2988,85689,10058959.49794383,0
2024-02-16 10:00:00,0.08549,0.08658,0.08543,0.08653,122440,2024-02-16 10:59:59.999,14219939.35835565,2093,61807,7175779.7288298,0
2024-02-16 11:00:00,0.08654,0.08673,0.08622,0.08638,178469,2024-02-16 11:59:59.999,20639522.93543795,2389,61740,7137408.52702242,0
2024-02-16 12:00:00,0.08637,0.08809,0.08624,0.08751,377042,2024-02-16 12:59:59.999,43148108.81338723,5303,175927,20146576.43414628,0
2024-02-16 13:00:00,0.08751,0.08778,0.08673,0.08706,299315,2024-02-16 13:59:59.999,34357223.35742222,4539,145453,16695011.61852951,0
2024-02-16 14:00:00,0.08705,0.08714,0.08456,0.08513,628131,2024-02-16 14:59:59.999,73220384.14803408,9190,299230,34874982.15891852,0
2024-02-16 15:00:00,0.08512,0.08554,0.08403,0.08554,353054,2024-02-16 15:59:59.999,41648177.60159985,6841,175071,20652816.34241717,0
2024-02-16 16:00:00,0.08555,0.08603,0.08524,0.08558,367638,2024-02-16 16:59:59.999,42903554.55990485,4866,169129,19733389.10432737,0
2024-02-16 17:00:00,0.0856,0.08569,0.08502,0.08536,126095,2024-02-16 17:59:59.999,14786612.29859089,2578,56562,6634380.49915474,0
2024-02-16 18:00:00,0.08537,0.08547,0.08493,0.08541,88933,2024-02-16 18:59:59.999,10436319.2733485,1452,43971,5160236.47849309,0
2024-02-16 19:00:00,0.08541,0.08559,0.08471,0.08507,109398,2024-02-16 19:59:59.999,12850483.14034556,2027,46523,5462391.69606119,0
2024-02-16 20:00:00,0.08505,0.08542,0.08492,0.08537,58675,2024-02-16 20:59:59.999,6887381.60204081,1233,28866,3389088.92846245,0
2024-02-16 21:00:00,0.08537,0.08584,0.08516,0.08577,39884,2024-02-16 21:59:59.999,4663891.82338099,763,21131,2470450.69246662,0
2024-02-16 22:00:00,0.08575,0.08586,0.08549,0.08563,48280,2024-02-16 22:59:59.999,5638552.57245824,752,29287,3420353.53930771,0
2024-02-16 23:00:00,0.08564,0.08624,0.08563,0.08603,79396,2024-02-16 23:59:59.999,9231460.39388521,1328,44379,5160564.12456854,0
2024-02-17 00:00:00,0.08603,0.08618,0.0859,0.08592,114670,2024-02-17 00:59:59.999,13334914.65978266,1511,50741,5901089.214512,0
2024-02-17 01:00:00,0.08592,0.08593,0.08457,0.08493,214328,2024-02-17 01:59:59.999,25140558.93170416,2970,85603,10044743.32997442,0
2024-02-17 02:00:00,0.08492,0.08512,0.08444,0.08488,130102,2024-02-17 02:59:59.999,15349255.46117505,1751,57914,6831177.50230701,0
2024-02-17 03:00:00,0.08489,0.08523,0.08489,0.0852,44921,2024-02-17 03:59:59.999,5282683.14456825,746,24562,2888186.81304291,0
2024-02-17 04:00:00,0.08519,0.08532,0.08503,0.08517,59242,2024-02-17 04:59:59.999,6955705.73393078,828,23937,2810854.55912537,0
2024-02-17 05:00:00,0.08517,0.0852,0.08475,0.08489,55506,2024-02-17 05:59:59.999,6538219.83391716,905,28301,3334244.82091032,0
2024-02-17 06:00:00,0.0849,0.08515,0.0848,0.08504,78907,2024-02-17 06:59:59.999,9286858.28728122,854,34548,4066925.13095114,0
2024-02-17 07:00:00,0.08503,0.08543,0.08499,0.08528,117544,2024-02-17 07:59:59.999,13787742.27301114,1462,58765,6893937.96807794,0
2024-02-17 08:00:00,0.08528,0.08529,0.08441,0.08468,166288,2024-02-17 08:59:59.999,19606169.473818,2354,76703,9047372.06001541,0
2024-02-17 09:00:00,0.08468,0.08489,0.08443,0.08443,126294,2024-02-17 09:59:59.999,14923485.85473459,1744,57977,6852488.52017066,0
2024-02-17 10:00:00,0.08443,0.08463,0.084,0.08459,222621,2024-02-17 10:59:59.999,26401929.73538169,3421,91016,10790255.03528864,0
2024-02-17 11:00:00,0.08459,0.08485,0.0845,0.08464,70195,2024-02-17 11:59:59.999,8291291.14636334,1110,37892,4475540.77510435,0
2024-02-17 12:00:00,0.08464,0.08477,0.08443,0.08474,45724,2024-02-17 12:59:59.999,5401833.38668541,798,20600,2433907.40877131,0
2024-02-17 13:00:00,0.08475,0.08475,0.08313,0.08334,465985,2024-02-17 13:59:59.999,55700147.53935201,6416,208569,24926082.14373419,0
2024-02-17 14:00:00,0.08333,0.08363,0.08201,0.08268,582462,2024-02-17 14:59:59.999,70391022.29901323,8285,284998,34432345.98361336,0
2024-02-17 15:00:00,0.08267,0.0832,0.08233,0.0831,233570,2024-02-17 15:59:59.999,28204241.8840422,2777,137227,16573350.09000116,0
2024-02-17 16:00:00,0.0831,0.08328,0.08271,0.08324,133541,2024-02-17 16:59:59.999,16087428.50988999,1916,76740,9240797.87868922,0
2024-02-17 17:00:00,0.08323,0.08343,0.08319,0.08332,56400,2024-02-17 17:59:59.999,6767844.4915094,992,25703,3084150.2291863,0
2024-02-17 18:00:00,0.08332,0.08335,0.08299,0.08308,39774,2024-02-17 18:59:59.999,4785703.14638586,666,17425,2096230.08914815,0
2024-02-17 19:00:00,0.08309,0.08345,0.08302,0.08345,65768,2024-02-17 19:59:59.999,7896969.88664401,876,39236,4711502.59800578,0
2024-02-17 20:00:00,0.08345,0.08368,0.0834,0.08363,44419,2024-02-17 20:59:59.999,5316679.44432286,811,24165,2892368.30661453,0
2024-02-17 21:00:00,0.08364,0.08426,0.08345,0.0839,100110,2024-02-17 21:59:59.999,11930878.38215411,1729,53854,6418755.13881031,0
2024-02-17 22:00:00,0.0839,0.08395,0.08373,0.0839,58207,2024-02-17 22:59:59.999,6943004.07683391,753,29078,3468194.01617896,0
2024-02-17 23:00:00,0.0839,0.0839,0.08361,0.08366,60888,2024-02-17 23:59:59.999,7270918.89566621,833,29815,3561202.29919914,0
2024-02-18 00:00:00,0.08366,0.08386,0.0834,0.08365,85214,2024-02-18 00:59:59.999,10191675.06623951,1342,43385,5188408.17480468,0
2024-02-18 01:00:00,0.08364,0.0839,0.08308,0.08319,75454,2024-02-18 01:59:59.999,9033533.28799107,1456,35653,4268506.59785101,0
2024-02-18 02:00:00,0.0832,0.08362,0.08291,0.08327,98489,2024-02-18 02:59:59.999,11823938.54719975,1664,47551,5708127.41098219,0
2024-02-18 03:00:00,0.08326,0.08365,0.08316,0.08361,56751,2024-02-18 03:59:59.999,6803140.47733189,900,29748,3566841.26362648,0
2024-02-18 04:00:00,0.08361,0.08383,0.08351,0.0838,52131,2024-02-18 04:59:59.999,6231466.8625124,864,23240,2778400.54620421,0
2024-02-18 05:00:00,0.08381,0.08421,0.08373,0.08407,85583,2024-02-18 05:59:59.999,10181408.51255119,1247,56331,6701125.57348783,0
2024-02-18 06:00:00,0.08408,0.08419,0.08323,0.08364,111764,2024-02-18 06:59:59.999,13358105.34768626,1629,42045,5021839.68911252,0
2024-02-18 07:00:00,0.08366,0.08399,0.08332,0.08392,81154,2024-02-18 07:59:59.999,9695163.48847102,1441,42984,5135720.95053446,0
2024-02-18 08:00:00,0.08393,0.08416,0.08385,0.08416,49399,2024-02-18 08:59:59.999,5881750.38224637,982,22781,2712297.32822446,0
2024-02-18 09:00:00,0.08417,0.08443,0.08404,0.08431,147682,2024-02-18 09:59:59.999,17540151.80837205,1736,55641,6607658.84160452,0
2024-02-18 10:00:00,0.08429,0.08446,0.08398,0.08411,62290,2024-02-18 10:59:59.999,7398390.03457458,1059,29885,3549279.77119794,0
2024-02-18 11:00:00,0.08412,0.08416,0.08383,0.08407,62653,2024-02-18 11:59:59.999,7459210.84960777,776,28653,3411761.80999404,0
2024-02-18 12:00:00,0.08409,0.08414,0.08353,0.08366,93797,2024-02-18 12:59:59.999,11184308.10446292,1538,38211,4554055.68876342,0
2024-02-18 13:00:00,0.08365,0.08374,0.08328,0.08337,145565,2024-02-18 13:59:59.999,17424430.79972131,2334,73150,8755702.22662626,0
2024-02-18 14:00:00,0.08337,0.08403,0.08337,0.08388,64747,2024-02-18 14:59:59.999,7731331.78271856,1261,35395,4227527.54824483,0
2024-02-18 15:00:00,0.08388,0.08413,0.08379,0.08399,54410,2024-02-18 15:59:59.999,6482140.15217412,1077,21898,2608933.71783951,0
2024-02-18 16:00:00,0.08401,0.08408,0.08372,0.084,67549,2024-02-18 16:59:59.999,8050129.46471577,1261,36924,4400729.61301665,0
2024-02-18 17:00:00,0.084,0.08508,0.08398,0.085,306265,2024-02-18 17:59:59.999,36149926.34679353,4034,153197,18087269.14223706,0
2024-02-18 18:00:00,0.08502,0.08541,0.08481,0.0854,246633,2024-02-18 18:59:59.999,28995633.5886579,3552,137461,16163327.02865884,0
2024-02-18 19:00:00,0.08541,0.08544,0.08501,0.08502,86841,2024-02-18 19:59:59.999,10186771.22746847,1446,43261,5075321.00085723,0
2024-02-18 20:00:00,0.08503,0.08511,0.08454,0.08494,137821,2024-02-18 20:59:59.999,16253164.10814806,1689,70455,8308180.69790666,0
2024-02-18 21:00:00,0.08495,0.08541,0.08483,0.08537,73342,2024-02-18 21:59:59.999,8618552.44979973,1324,45389,5332038.12103539,0
2024-02-18 22:00:00,0.08535,0.08584,0.08533,0.08571,144910,2024-02-18 22:59:59.999,16922405.75488487,2795,74597,8711242.61000176,0
2024-02-18 23:00:00,0.08572,0.08581,0.08515,0.08525,173671,2024-02-18 23:59:59.999,20325175.51146086,2622,70586,8265068.76567562,0
2024-02-19 00:00:00,0.08525,0.08585,0.08519,0.08562,150700,2024-02-19 00:59:59.999,17633252.68968148,2579,89528,10476460.77700531,0
2024-02-19 01:00:00,0.08563,0.08567,0.08513,0.08545,96529,2024-02-19 01:59:59.999,11309781.12843724,1501,45547,5336618.98891753,0
2024-02-19 02:00:00,0.08543,0.08643,0.08543,0.08595,210943,2024-02-19 02:59:59.999,24500887.15985897,3075,99604,11572158.8525636,0
2024-02-19 03:00:00,0.08595,0.0864,0.08593,0.08621,100933,2024-02-19 03:59:59.999,11708497.16019454,1575,49957,5796192.52462366,0
2024-02-19 04:00:00,0.08622,0.08629,0.0858,0.08592,109743,2024-02-19 04:59:59.999,12754038.3645509,1583,51422,5977067.71555343,0
2024-02-19 05:00:00,0.08591,0.08627,0.08559,0.08618,148334,2024-02-19 05:59:59.999,17286620.47287335,2245,68119,7938436.6847744,0
2024-02-19 06:00:00,0.08619,0.08663,0.08619,0.0863,197253,2024-02-19 06:59:59.999,22828827.43681717,2995,101743,11776719.18752005,0
2024-02-19 07:00:00,0.08629,0.08694,0.08625,0.0867,152354,2024-02-19 07:59:59.999,17579056.10810939,2863,85948,9917714.30187426,0
2024-02-19 08:00:00,0.08671,0.08698,0.08589,0.08606,190961,2024-02-19 08:59:59.999,22120458.48856362,2980,77347,8958916.9133506,0
2024-02-19 09:00:00,0.08607,0.08683,0.08597,0.08648,177174,2024-02-19 09:59:59.999,20504079.26890106,2623,88709,10271092.80452446,0
2024-02-19 10:00:00,0.08648,0.08673,0.08585,0.08666,184350,2024-02-19 10:59:59.999,21342445.63478551,2922,78492,9090196.97521825,0
2024-02-19 11:00:00,0.08666,0.08702,0.08653,0.08668,170435,2024-02-19 11:59:59.999,19628902.42967046,2092,79302,9130944.52858678,0
2024-02-19 12:00:00,0.08668,0.08668,0.08627,0.08628,159287,2024-02-19 12:59:59.999,18426904.05831083,1934,68043,7870206.47651777,0
2024-02-19 13:00:00,0.08628,0.08655,0.08595,0.08606,219475,2024-02-19 13:59:59.999,25436119.20933375,2992,95716,11089557.0660179,0
2024-02-19 14:00:00,0.08606,0.08648,0.08554,0.08617,268477,2024-02-19 14:59:59.999,31224369.96928982,3952,124075,14429779.63128072,0
2024-02-19 15:00:00,0.08617,0.08801,0.08617,0.08764,481288,2024-02-19 15:59:59.999,55057975.75854006,7544,244223,27937877.57718246,0
2024-02-19 16:00:00,0.08762,0.08879,0.08711,0.08726,692475,2024-02-19 16:59:59.999,78834660.7890545,10349,322374,36691964.06710149,0
2024-02-19 17:00:00,0.08727,0.08873,0.08686,0.08865,538486,2024-02-19 17:59:59.999,61328953.19543956,9288,267489,30457424.66867886,0
2024-02-19 18:00:00,0.08866,0.0887,0.08775,0.08788,232058,2024-02-19 18:59:59.999,26314032.72841326,3842,115459,13092793.76236714,0
2024-02-19 19:00:00,0.08789,0.08954,0.08785,0.08919,387261,2024-02-19 19:59:59.999,43547640.81461185,5847,185778,20898882.82015257,0
2024-02-19 20:00:00,0.0892,0.08985,0.08897,0.08965,335536,2024-02-19 20:59:59.999,37555430.45483008,4808,180406,20194369.27143148,0
2024-02-19 21:00:00,0.08966,0.08992,0.08895,0.08991,260602,2024-02-19 21:59:59.999,29126154.56588049,3601,118747,13277241.11661993,0
2024-02-19 22:00:00,0.08992,0.09035,0.08943,0.08971,335313,2024-02-19 22:59:59.999,37296814.37383079,4922,167267,18604901.82026794,0
2024-02-19 23:00:00,0.08972,0.09089,0.08918,0.08948,647933,2024-02-19 23:59:59.999,72023829.81468178,8993,334886,37233882.73321133,0
2024-02-20 00:00:00,0.08948,0.09173,0.08906,0.08975,976109,2024-02-20 00:59:59.999,107897563.14414965,17537,487583,53912555.0667802,0
2024-02-20 01:00:00,0.08975,0.09054,0.08861,0.08914,686653,2024-02-20 01:59:59.999,76762373.49796924,11905,312515,34909147.94138545,0
2024-02-20 02:00:00,0.08912,0.08954,0.08852,0.08929,304793,2024-02-20 02:59:59.999,34253208.03223982,5174,141444,15890985.12477143,0
2024-02-20 03:00:00,0.0893,0.08943,0.0878,0.088,323074,2024-02-20 03:59:59.999,36504072.51093852,5072,140068,15824045.2918432,0
2024-02-20 04:00:00,0.08801,0.08864,0.08778,0.08853,260594,2024-02-20 04:59:59.999,29514461.55878568,4603,127739,14467146.27524534,0
2024-02-20 05:00:00,0.08853,0.08881,0.08817,0.08866,207534,2024-02-20 05:59:59.999,23473860.07636544,3115,115477,13062054.60360465,0
2024-02-20 06:00:00,0.08866,0.0887,0.08802,0.08818,191171,2024-02-20 06:59:59.999,21628004.80665688,2830,92004,10411099.67249714,0
2024-02-20 07:00:00,0.08817,0.08829,0.0867,0.08755,343368,2024-02-20 07:59:59.999,39168961.88038985,5476,141590,16153408.33120154,0
2024-02-20 08:00:00,0.08756,0.08756,0.08655,0.08694,509114,2024-02-20 08:59:59.999,58555193.92708678,6881,254135,29229213.39460595,0
2024-02-20 09:00:00,0.08694,0.08704,0.0855,0.08619,499382,2024-02-20 09:59:59.999,57918133.19593767,7584,215588,24998924.75586832,0
2024-02-20 10:00:00,0.08619,0.08724,0.08613,0.08714,254947,2024-02-20 10:59:59.999,29364563.60752154,4064,147470,16987927.37198691,0
2024-02-20 11:00:00,0.08712,0.08755,0.08706,0.08747,165892,2024-02-20 11:59:59.999,19008125.9036375,2816,76607,8777280.07921997,0
2024-02-20 12:00:00,0.08747,0.08769,0.08679,0.08683,223925,2024-02-20 12:59:59.999,25657540.74438219,3336,76994,8819606.18886862,0
2024-02-20 13:00:00,0.08682,0.08817,0.08669,0.08808,422414,2024-02-20 13:59:59.999,48216597.2991069,6962,211172,24104683.25252774,0
2024-02-20 14:00:00,0.08809,0.08814,0.08539,0.0862,778797,2024-02-20 14:59:59.999,90050303.55270477,13697,344697,39839407.3786609,0
2024-02-20 15:00:00,0.0862,0.08624,0.08259,0.08465,1039144,2024-02-20 15:59:59.999,123196883.88897537,23369,454610,53889718.20394923,0
2024-02-20 16:00:00,0.08466,0.08499,0.08391,0.08401,244112,2024-02-20 16:59:59.999,28894405.39103609,4931,111824,13227992.0338698,0
2024-02-20 17:00:00,0.08403,0.08436,0.08321,0.08435,347214,2024-02-20 17:59:59.999,41375093.03773638,6280,149953,17863409.75739432,0
2024-02-20 18:00:00,0.08435,0.08476,0.08421,0.08473,128626,2024-02-20 18:59:59.999,15223473.87755476,2090,63794,7550986.64575782,0
2024-02-20 19:00:00,0.08473,0.08536,0.08446,0.08529,126000,2024-02-20 19:59:59.999,14844937.97115662,2038,57939,6825841.55491381,0
2024-02-20 20:00:00,0.08532,0.0857,0.08508,0.08548,133012,2024-02-20 20:59:59.999,15569728.47062802,2540,66981,7840449.66406849,0
2024-02-20 21:00:00,0.08549,0.08583,0.08537,0.08564,57230,2024-02-20 21:59:59.999,6685105.51043001,1256,25313,2957121.45709902,0
2024-02-20 22:00:00,0.0856,0.08618,0.0856,0.08606,79755,2024-02-20 22:59:59.999,9283339.84187237,1296,52355,6092042.32753441,0
2024-02-20 23:00:00,0.08604,0.08654,0.08602,0.08623,175327,2024-02-20 23:59:59.999,20316402.60711385,2550,77124,8934883.70600231,0
2024-02-21 00:00:00,0.08622,0.08633,0.08531,0.08556,166526,2024-02-21 00:59:59.999,19400084.80299083,2674,63507,7401032.44081009,0
2024-02-21 01:00:00,0.08555,0.08588,0.08533,0.08556,106415,2024-02-21 01:59:59.999,12426289.27738128,2325,57567,6721993.35009026,0
2024-02-21 02:00:00,0.08557,0.08568,0.08517,0.08531,124706,2024-02-21 02:59:59.999,14603405.79843094,2197,60811,7120967.25727988,0
2024-02-21 03:00:00,0.08532,0.08599,0.0853,0.08566,206864,2024-02-21 03:59:59.999,24128529.43605137,2662,122174,14250248.59482995,0
2024-02-21 04:00:00,0.08569,0.08575,0.0849,0.08528,104108,2024-02-21 04:59:59.999,12207062.33177318,2010,35035,4108704.12027655,0
2024-02-21 05:00:00,0.08527,0.0856,0.08492,0.08502,75990,2024-02-21 05:59:59.999,8909916.76198508,1350,32648,3827592.47209318,0
2024-02-21 06:00:00,0.08503,0.08517,0.08445,0.0846,238045,2024-02-21 06:59:59.999,28087635.11432665,3494,108411,12793220.12728384,0
2024-02-21 07:00:00,0.0846,0.0846,0.08401,0.08436,245129,2024-02-21 07:59:59.999,29072364.59964733,4115,121901,14456331.87352389,0
2024-02-21 08:00:00,0.08435,0.08481,0.08428,0.08449,121566,2024-02-21 08:59:59.999,14373215.12234779,2234,60853,7194586.51673319,0
2024-02-21 09:00:00,0.0845,0.0845,0.08278,0.08307,455387,2024-02-21 09:59:59.999,54557383.1756023,6331,206958,24794070.77582102,0
2024-02-21 10:00:00,0.08307,0.0836,0.08241,0.08343,449339,2024-02-21 10:59:59.999,54091476.70782408,7020,223497,26895775.35540816,0
2024-02-21 11:00:00,0.08344,0.08369,0.08295,0.08325,161785,2024-02-21 11:59:59.999,19418943.57559853,3320,75889,9111252.02985193,0
2024-02-21 12:00:00,0.08325,0.08395,0.08249,0.08388,258279,2024-02-21 12:59:59.999,31007546.22653433,4880,129742,15567603.10589259,0
2024-02-21 13:00:00,0.08389,0.08415,0.08318,0.08358,226936,2024-02-21 13:59:59.999,27161616.36579978,4078,113717,13609020.8706752,0
2024-02-21 14:00:00,0.08361,0.08365,0.0825,0.08313,439745,2024-02-21 14:59:59.999,52919142.61378318,8880,231434,27848061.92376168,0
2024-02-21 15:00:00,0.08313,0.08378,0.08273,0.08345,284908,2024-02-21 15:59:59.999,34178463.09779684,5671,141715,17007429.46938471,0
2024-02-21 16:00:00,0.08346,0.08389,0.08316,0.08371,218358,2024-02-21 16:59:59.999,26112308.15248187,3709,95981,11477895.49173369,0
2024-02-21 17:00:00,0.0837,0.08378,0.08281,0.08285,207449,2024-02-21 17:59:59.999,24899992.68528734,3247,91052,10927068.69226713,0
2024-02-21 18:00:00,0.08286,0.08296,0.08202,0.08288,273001,2024-02-21 18:59:59.999,33056350.52090884,5138,130726,15826982.70642144,0
2024-02-21 19:00:00,0.08289,0.08348,0.08265,0.08347,121889,2024-02-21 19:59:59.999,14661509.60115877,2508,67495,8117064.3642282,0
2024-02-21 20:00:00,0.08348,0.08354,0.08313,0.08328,81695,2024-02-21 20:59:59.999,9799923.8600357,1513,37866,4543152.87133288,0
2024-02-21 21:00:00,0.08328,0.08418,0.08321,0.08412,107265,2024-02-21 21:59:59.999,12810526.21946776,2242,60257,7194506.89179125,0
2024-02-21 22:00:00,0.08411,0.08437,0.08385,0.08437,89827,2024-02-21 22:59:59.999,10677476.97097356,1259,43470,5165338.98349018,0
2024-02-21 23:00:00,0.08438,0.08479,0.08434,0.08463,81407,2024-02-21 23:59:59.999,9624421.58555864,1352,32513,3843723.03122924,0
2024-02-22 00:00:00,0.08463,0.08464,0.08414,0.08435,99491,2024-02-22 00:59:59.999,11784789.93768204,1730,39978,4734808.50060643,0
2024-02-22 01:00:00,0.08435,0.08459,0.08312,0.08322,146522,2024-02-22 01:59:59.999,17485655.14068417,2732,61562,7343834.2943175,0
2024-02-22 02:00:00,0.08322,0.08382,0.08322,0.08362,117088,2024-02-22 02:59:59.999,14001829.72769162,2012,51976,6215794.50645852,0
2024-02-22 03:00:00,0.08364,0.0841,0.0835,0.08397,60716,2024-02-22 03:59:59.999,7243737.42653582,1149,26152,3119903.62808921,0
2024-02-22 04:00:00,0.08398,0.08417,0.08368,0.08389,66190,2024-02-22 04:59:59.999,7888206.28313033,1091,27099,3229972.48670959,0
2024-02-22 05:00:00,0.08389,0.08426,0.08382,0.08415,71912,2024-02-22 05:59:59.999,8556039.47403959,962,36103,4294901.07912074,0
2024-02-22 06:00:00,0.08415,0.08486,0.08414,0.08478,124461,2024-02-22 06:59:59.999,14710512.88884969,1860,69836,8252944.93356042,0
2024-02-22 07:00:00,0.08476,0.08546,0.08445,0.08512,240269,2024-02-22 07:59:59.999,28251620.35622696,3365,124842,14679670.56959158,0
2024-02-22 08:00:00,0.08515,0.08557,0.08488,0.08531,270025,2024-02-22 08:59:59.999,31683409.6976144,3759,121654,14271324.56823222,0
2024-02-22 09:00:00,0.08531,0.08555,0.08488,0.08536,166152,2024-02-22 09:59:59.999,19494027.64998577,2708,73002,8567441.36586289,0
2024-02-22 10:00:00,0.08536,0.08536,0.08455,0.08486,142825,2024-02-22 10:59:59.999,16812103.79744916,2449,69586,8192770.82723118,0
2024-02-22 11:00:00,0.08486,0.08494,0.08454,0.0848,106432,2024-02-22 11:59:59.999,12556421.87601861,1680,43872,5175986.24483398,0
2024-02-22 12:00:00,0.08479,0.08515,0.0844,0.08474,127502,2024-02-22 12:59:59.999,15039006.98892133,2104,64375,7591658.31876968,0
2024-02-22 13:00:00,0.08475,0.08476,0.08354,0.08403,295017,2024-02-22 13:59:59.999,35060289.80015255,5485,128134,15233937.94660132,0
2024-02-22 14:00:00,0.08405,0.08451,0.08391,0.08445,158115,2024-02-22 14:59:59.999,18772435.38877856,3313,73643,8742113.59830195,0
2024-02-22 15:00:00,0.08445,0.08508,0.08425,0.08494,311627,2024-02-22 15:59:59.999,36799923.36364909,5058,152026,17959319.23787098,0
2024-02-22 16:00:00,0.08493,0.08506,0.08429,0.08452,217142,2024-02-22 16:59:59.999,25637947.86822037,3425,90841,10727626.84500967,0
2024-02-22 17:00:00,0.08454,0.08506,0.08454,0.08491,85150,2024-02-22 17:59:59.999,10032256.502763,1488,53720,6327750.2244736,0
2024-02-22 18:00:00,0.08491,0.08521,0.08465,0.08516,95681,2024-02-22 18:59:59.999,11263765.66779589,1617,42092,4955090.6154968,0
2024-02-22 19:00:00,0.08515,0.08515,0.08469,0.08492,90959,2024-02-22 19:59:59.999,10707772.91038428,1491,44421,5230083.91245352,0
2024-02-22 20:00:00,0.08494,0.08563,0.08479,0.08551,209588,2024-02-22 20:59:59.999,24557252.23589656,3339,107816,12632302.8461047,0
2024-02-22 21:00:00,0.08551,0.08551,0.08472,0.08509,172698,2024-02-22 21:59:59.999,20294530.65758776,3088,65886,7744486.38676466,0
2024-02-22 22:00:00,0.08509,0.0852,0.08434,0.08474,143274,2024-02-22 22:59:59.999,16895873.33421043,2478,59483,7017336.02550292,0
2024-02-22 23:00:00,0.08474,0.08477,0.08396,0.0841,171125,2024-02-22 23:59:59.999,20311056.56778632,2512,74834,8882648.83255518,0
2024-02-23 00:00:00,0.0841,0.08457,0.08407,0.08451,75649,2024-02-23 00:59:59.999,8972208.31363839,1370,36899,4376155.18868464,0
2024-02-23 01:00:00,0.08452,0.08472,0.08419,0.0842,80733,2024-02-23 01:59:59.999,9549772.62016061,1483,38091,4506439.04679159,0
2024-02-23 02:00:00,0.0842,0.08454,0.08364,0.08377,138707,2024-02-23 02:59:59.999,16494356.30827174,2611,63651,7567312.97737704,0
2024-02-23 03:00:00,0.08377,0.08396,0.08326,0.08396,207391,2024-02-23 03:59:59.999,24826617.4961282,3510,95339,11407989.85003619,0
2024-02-23 04:00:00,0.08397,0.08407,0.08354,0.084,85734,2024-02-23 04:59:59.999,10220233.05977343,1599,35524,4235225.73714598,0
2024-02-23 05:00:00,0.08401,0.08429,0.08393,0.08413,70576,2024-02-23 05:59:59.999,8387277.26991291,997,40890,4858758.22691268,0
2024-02-23 06:00:00,0.08411,0.08434,0.08397,0.0843,67540,2024-02-23 06:59:59.999,8025909.72949148,1076,36969,4392970.00429865,0
2024-02-23 07:00:00,0.08429,0.0843,0.08354,0.08362,100784,2024-02-23 07:59:59.999,12015138.87758685,1660,45945,5477562.66479838,0
2024-02-23 08:00:00,0.08362,0.08402,0.08304,0.08319,270035,2024-02-23 08:59:59.999,32327442.63512082,3963,127221,15229752.35045273,0
2024-02-23 09:00:00,0.08318,0.08358,0.08305,0.08355,132996,2024-02-23 09:59:59.999,15963412.72750237,2403,68822,8263077.02306728,0
2024-02-23 10:00:00,0.08357,0.08396,0.08334,0.08395,144122,2024-02-23 10:59:59.999,17236363.91930894,2362,73249,8760168.1798503,0
2024-02-23 11:00:00,0.08394,0.08422,0.08366,0.08392,124355,2024-02-23 11:59:59.999,14822919.62709037,2107,58758,7005150.70430172,0
2024-02-23 12:00:00,0.0839,0.0839,0.08308,0.08334,79354,2024-02-23 12:59:59.999,9512194.67640388,1763,38659,4635182.80627186,0
2024-02-23 13:00:00,0.08334,0.08387,0.08326,0.08382,95245,2024-02-23 13:59:59.999,11392577.83858112,1815,51259,6130943.71753857,0
2024-02-23 14:00:00,0.08382,0.08459,0.08352,0.08458,314611,2024-02-23 14:59:59.999,37443055.39028583,4385,171799,20451223.95187245,0
2024-02-23 15:00:00,0.08458,0.08536,0.08366,0.08381,848863,2024-02-23 15:59:59.999,100556864.23794971,14489,444038,52619661.55607781,0
2024-02-23 16:00:00,0.08385,0.0848,0.0829,0.08466,686173,2024-02-23 16:59:59.999,82036563.1739717,12328,326028,38966759.34809665,0
2024-02-23 17:00:00,0.08465,0.08535,0.08436,0.08515,204379,2024-02-23 17:59:59.999,24105406.4903333,3858,88007,10377392.97165855,0
2024-02-23 18:00:00,0.08516,0.0854,0.08495,0.08508,180300,2024-02-23 18:59:59.999,21167771.0157072,3244,78797,9252390.20147773,0
2024-02-23 19:00:00,0.08509,0.0854,0.08477,0.08539,139868,2024-02-23 19:59:59.999,16431258.64447024,1989,68986,8102734.93225664,0
2024-02-23 20:00:00,0.0854,0.08559,0.08494,0.08548,85325,2024-02-23 20:59:59.999,10002478.43711432,1358,37855,4437255.85299494,0
2024-02-23 21:00:00,0.08548,0.08553,0.08495,0.08499,77046,2024-02-23 21:59:59.999,9047702.13270137,1264,37253,4375333.32973307,0
2024-02-23 22:00:00,0.085,0.08527,0.08435,0.08447,121054,2024-02-23 22:59:59.999,14297066.92948836,1759,53304,6294189.25346768,0
2024-02-23 23:00:00,0.08447,0.08459,0.08361,0.08453,155785,2024-02-23 23:59:59.999,18528118.36844873,2621,73634,8759447.73349642,0
2024-02-24 00:00:00,0.08456,0.08519,0.08452,0.08505,143189,2024-02-24 00:59:59.999,16864605.80565341,2892,75159,8853470.13446402,0
2024-02-24 01:00:00,0.08504,0.08519,0.08395,0.08408,192261,2024-02-24 01:59:59.999,22758159.82583328,3671,89018,10540082.22500789,0
2024-02-24 02:00:00,0.08409,0.08477,0.08392,0.08477,123454,2024-02-24 02:59:59.999,14629914.93962739,2121,62077,7356725.57565822,0
2024-02-24 03:00:00,0.08476,0.08529,0.08445,0.08526,146016,2024-02-24 03:59:59.999,17182754.59813487,1912,65689,7732122.98939763,0
2024-02-24 04:00:00,0.08526,0.08533,0.08506,0.0852,87198,2024-02-24 04:59:59.999,10235574.17571534,1137,41976,4927556.99510014,0
2024-02-24 05:00:00,0.0852,0.08522,0.08493,0.08493,67991,2024-02-24 05:59:59.999,7994379.38765586,921,29920,3518553.27226644,0
2024-02-24 06:00:00,0.08493,0.08498,0.0847,0.08487,72018,2024-02-24 06:59:59.999,8487238.71127747,911,38669,4558089.78316264,0
2024-02-24 07:00:00,0.08487,0.08521,0.08479,0.08512,126163,2024-02-24 07:59:59.999,14849244.13348449,1322,63851,7514993.23217019,0
2024-02-24 08:00:00,0.08511,0.08519,0.08478,0.08485,166992,2024-02-24 08:59:59.999,19652737.20378258,2434,72361,8516115.08980731,0
2024-02-24 09:00:00,0.08485,0.08533,0.0848,0.08525,147981,2024-02-24 09:59:59.999,17387921.72692381,1694,83568,9821310.63026686,0
2024-02-24 10:00:00,0.08525,0.08543,0.08504,0.08506,125248,2024-02-24 10:59:59.999,14691809.27753594,1440,45776,5369993.50103699,0
2024-02-24 11:00:00,0.08506,0.08546,0.085,0.08541,116310,2024-02-24 11:59:59.999,13642150.82933785,1378,70100,8223468.27034972,0
2024-02-24 12:00:00,0.08541,0.08582,0.08517,0.08534,208258,2024-02-24 12:59:59.999,24366805.35954003,3149,116041,13576953.14565222,0
2024-02-24 13:00:00,0.08531,0.08559,0.08512,0.08555,83990,2024-02-24 13:59:59.999,9832266.14451803,1494,50260,5883836.44945083,0
2024-02-24 14:00:00,0.08555,0.08579,0.08531,0.08568,111022,2024-02-24 14:59:59.999,12978582.24154769,2007,59707,6981203.31755213,0
2024-02-24 15:00:00,0.08568,0.08619,0.08566,0.0858,262725,2024-02-24 15:59:59.999,30557296.0628088,3760,140199,16307373.70371083,0
2024-02-24 16:00:00,0.0858,0.08608,0.08562,0.08605,102715,2024-02-24 16:59:59.999,11961800.09058469,1668,56593,6590028.17701958,0
2024-02-24 17:00:00,0.08604,0.08646,0.08596,0.08616,173806,2024-02-24 17:59:59.999,20156220.13454597,2421,70438,8171416.53757786,0
2024-02-24 18:00:00,0.08615,0.08642,0.08594,0.08604,74889,2024-02-24 18:59:59.999,8689845.57517815,1444,43812,5084060.06328395,0
2024-02-24 19:00:00,0.08606,0.08618,0.08586,0.08589,47231,2024-02-24 19:59:59.999,5491155.96769694,951,14562,1693045.64752446,0
2024-02-24 20:00:00,0.08588,0.08599,0.08555,0.08592,111134,2024-02-24 20:59:59.999,12953122.3427814,1749,55884,6514823.36043898,0
2024-02-24 21:00:00,0.08593,0.0863,0.08573,0.08602,110641,2024-02-24 21:59:59.999,12866406.27314765,1807,62603,7283349.48621847,0
2024-02-24 22:00:00,0.086,0.08635,0.08591,0.08613,86560,2024-02-24 22:59:59.999,10047980.61887311,1339,46505,5398768.47092098,0
2024-02-24 23:00:00,0.08613,0.08627,0.08603,0.08621,31172,2024-02-24 23:59:59.999,3617260.33809698,542,14568,1690871.53443997,0
2024-02-25 00:00:00,0.08621,0.08633,0.08579,0.08595,40209,2024-02-25 00:59:59.999,4674196.13759776,988,20130,2340115.4351683,0
2024-02-25 01:00:00,0.08595,0.08616,0.08576,0.08603,44952,2024-02-25 01:59:59.999,5231462.41895876,1086,20993,2443518.40430962,0
2024-02-25 02:00:00,0.08602,0.08643,0.08587,0.08589,108678,2024-02-25 02:59:59.999,12610519.43969429,2004,49434,5737779.50369825,0
2024-02-25 03:00:00,0.08589,0.08627,0.08527,0.08627,118964,2024-02-25 03:59:59.999,13879918.24984579,2258,54549,6364292.87722132,0
2024-02-25 04:00:00,0.08626,0.08651,0.08577,0.08594,118206,2024-02-25 04:59:59.999,13715500.81054438,2342,53440,6201033.91319304,0
2024-02-25 05:00:00,0.08594,0.08623,0.08587,0.08621,56686,2024-02-25 05:59:59.999,6584734.95937136,1045,32690,3797561.43023621,0
2024-02-25 06:00:00,0.0862,0.08644,0.08608,0.0863,50795,2024-02-25 06:59:59.999,5887625.42564565,1179,23266,2696801.62839065,0
2024-02-25 07:00:00,0.08629,0.08633,0.08602,0.08605,45651,2024-02-25 07:59:59.999,5300447.35941336,998,21120,2452340.61351318,0
2024-02-25 08:00:00,0.08605,0.08692,0.0859,0.08608,250101,2024-02-25 08:59:59.999,28959332.79576205,3295,113062,13084856.57842758,0
2024-02-25 09:00:00,0.08605,0.08641,0.0859,0.08633,77133,2024-02-25 09:59:59.999,8948733.63088656,1379,38893,4512680.05950814,0
2024-02-25 10:00:00,0.08632,0.08641,0.0859,0.08604,54873,2024-02-25 10:59:59.999,6373626.34692027,982,25411,2951383.07921396,0
2024-02-25 11:00:00,0.08602,0.08627,0.08592,0.08625,47392,2024-02-25 11:59:59.999,5500722.07569857,764,23561,2735154.28178821,0
2024-02-25 12:00:00,0.08622,0.08629,0.08592,0.08626,54141,2024-02-25 12:59:59.999,6285553.05069787,947,28106,3262822.11618549,0
2024-02-25 13:00:00,0.08627,0.08642,0.08591,0.08628,67550,2024-02-25 13:59:59.999,7835788.33223227,1159,34263,3975034.1450111,0
2024-02-25 14:00:00,0.08628,0.08686,0.08619,0.08679,219042,2024-02-25 14:59:59.999,25290747.46617985,3313,111480,12871267.0237242,0
2024-02-25 15:00:00,0.08678,0.08685,0.08607,0.08638,145044,2024-02-25 15:59:59.999,16780209.51206645,2532,63118,7303783.99394057,0
2024-02-25 16:00:00,0.08638,0.08638,0.08594,0.08624,105802,2024-02-25 16:59:59.999,12284006.79076818,1908,52775,6127161.7374722,0
2024-02-25 17:00:00,0.08624,0.08636,0.08606,0.08629,57264,2024-02-25 17:59:59.999,6640296.45541771,903,25851,2998011.07358411,0
2024-02-25 18:00:00,0.08631,0.08633,0.08603,0.08631,30649,2024-02-25 18:59:59.999,3557209.6721687,712,17554,2037764.59893863,0
2024-02-25 19:00:00,0.08631,0.08671,0.0862,0.08656,132871,2024-02-25 19:59:59.999,15350655.78395587,1702,72624,8390798.33316718,0
2024-02-25 20:00:00,0.08656,0.08687,0.08629,0.08633,151888,2024-02-25 20:59:59.999,17532685.18759947,2543,62883,7260124.21428084,0
2024-02-25 21:00:00,0.08633,0.08646,0.08608,0.08634,81770,2024-02-25 21:59:59.999,9478749.30636762,1317,43119,4999577.91718788,0
2024-02-25 22:00:00,0.08634,0.08648,0.08613,0.08632,65491,2024-02-25 22:59:59.999,7588210.75064644,1089,31111,3605706.18578361,0
2024-02-25 23:00:00,0.08632,0.08644,0.08618,0.08621,52723,2024-02-25 23:59:59.999,6111262.69900115,1030,26223,3039580.84725729,0
2024-02-26 00:00:00,0.08622,0.08622,0.08593,0.08608,81564,2024-02-26 00:59:59.999,9476502.67964471,1277,44401,5158233.16100012,0
2024-02-26 01:00:00,0.08606,0.08609,0.08552,0.08558,71833,2024-02-26 01:59:59.999,8376186.16034597,1393,29134,3397124.38082681,0
2024-02-26 02:00:00,0.08559,0.08564,0.08512,0.08539,109475,2024-02-26 02:59:59.999,12820354.06374384,1756,41885,4904270.21908304,0
2024-02-26 03:00:00,0.0854,0.08569,0.08535,0.08568,51451,2024-02-26 03:59:59.999,6012122.11182633,757,29222,3414380.2559047,0
2024-02-26 04:00:00,0.08567,0.08571,0.08544,0.08554,71231,2024-02-26 04:59:59.999,8326884.63593349,923,37587,4393694.0965909,0
2024-02-26 05:00:00,0.08554,0.08586,0.08527,0.08585,98044,2024-02-26 05:59:59.999,11457268.02683307,1704,59158,6911077.91369762,0
2024-02-26 06:00:00,0.08586,0.08621,0.08563,0.08617,115347,2024-02-26 06:59:59.999,13424934.53673256,2068,62306,7251888.80305896,0
2024-02-26 07:00:00,0.08617,0.08618,0.08535,0.08557,167302,2024-02-26 07:59:59.999,19504881.87452047,2915,65271,7608150.16685722,0
2024-02-26 08:00:00,0.08557,0.08583,0.08538,0.08557,107820,2024-02-26 08:59:59.999,12589833.99159363,1959,56942,6647616.12524551,0
2024-02-26 09:00:00,0.08558,0.08571,0.08422,0.0844,428582,2024-02-26 09:59:59.999,50576336.4489922,7197,184059,21732510.60244075,0
2024-02-26 10:00:00,0.0844,0.085,0.08436,0.08476,111449,2024-02-26 10:59:59.999,13144093.84322611,1936,45876,5411763.83031799,0
2024-02-26 11:00:00,0.08477,0.0849,0.0844,0.08468,78769,2024-02-26 11:59:59.999,9304132.05359466,1599,39566,4673624.71343114,0
2024-02-26 12:00:00,0.08465,0.08478,0.08425,0.08475,127067,2024-02-26 12:59:59.999,15037714.01882477,2114,57140,6763857.11696171,0
2024-02-26 13:00:00,0.08475,0.08524,0.08459,0.08493,163451,2024-02-26 13:59:59.999,19240690.07663271,2494,94451,11120841.94229746,0
2024-02-26 14:00:00,0.08493,0.08586,0.08493,0.08577,158524,2024-02-26 14:59:59.999,18541851.29956738,2580,95384,11156058.46195342,0
2024-02-26 15:00:00,0.08576,0.0868,0.0857,0.08671,252433,2024-02-26 15:59:59.999,29266017.29580201,4889,123424,14308988.13879982,0
2024-02-26 16:00:00,0.0867,0.0875,0.08657,0.08731,459780,2024-02-26 16:59:59.999,52861041.73103073,7341,224258,25783275.17945414,0
2024-02-26 17:00:00,0.08733,0.08742,0.08279,0.08741,1107498,2024-02-26 17:59:59.999,128470108.8658808,15282,404507,46714232.83221056,0
2024-02-26 18:00:00,0.08742,0.08758,0.08688,0.08711,282945,2024-02-26 18:59:59.999,32433480.07723996,4041,139973,16047120.97988454,0
2024-02-26 19:00:00,0.0871,0.08913,0.08693,0.08892,593344,2024-02-26 19:59:59.999,67520420.97185233,9155,332011,37785610.94411124,0
2024-02-26 20:00:00,0.08892,0.0892,0.08808,0.08833,391745,2024-02-26 20:59:59.999,44191918.14889304,5927,168373,18996361.00968766,0
2024-02-26 21:00:00,0.08834,0.08929,0.08793,0.08883,545778,2024-02-26 21:59:59.999,61568981.03638046,5623,245453,27726311.68932071,0
2024-02-26 22:00:00,0.08884,0.08931,0.08843,0.08901,215753,2024-02-26 22:59:59.999,24263545.81584929,3631,90355,10164992.95806233,0
2024-02-26 23:00:00,0.08901,0.09021,0.0889,0.08938,343782,2024-02-26 23:59:59.999,38334695.23838345,5291,153634,17128598.46323362,0
2024-02-27 00:00:00,0.08938,0.08962,0.08857,0.0888,230519,2024-02-27 00:59:59.999,25879484.84095924,3702,95102,10671157.4226508,0
2024-02-27 01:00:00,0.08881,0.09,0.08871,0.08954,249342,2024-02-27 01:59:59.999,27890904.98334193,4520,135442,15146972.81378155,0
2024-02-27 02:00:00,0.08954,0.09057,0.08923,0.0903,561287,2024-02-27 02:59:59.999,62401806.31794372,10140,268101,29804987.10306279,0
2024-02-27 03:00:00,0.09031,0.09084,0.08931,0.0894,421517,2024-02-27 03:59:59.999,46734023.53882524,8210,196596,21792195.21552517,0
2024-02-27 04:00:00,0.08944,0.09074,0.08928,0.08993,313650,2024-02-27 04:59:59.999,34777439.2107304,5912,153866,17069647.50994977,0
2024-02-27 05:00:00,0.08993,0.09127,0.08986,0.09087,432531,2024-02-27 05:59:59.999,47638691.12275021,6971,216842,23889828.39553775,0
2024-02-27 06:00:00,0.09085,0.09129,0.09061,0.09126,230347,2024-02-27 06:59:59.999,25331977.54778224,3295,112026,12321986.62180276,0
2024-02-27 07:00:00,0.09127,0.09198,0.09072,0.0919,591677,2024-02-27 07:59:59.999,64730761.07826483,8047,292530,32010215.67635911,0
2024-02-27 08:00:00,0.0919,0.09275,0.09142,0.09252,532997,2024-02-27 08:59:59.999,57968358.59607602,7998,286607,31176316.18304082,0
2024-02-27 09:00:00,0.09252,0.09663,0.09238,0.09575,1662904,2024-02-27 09:59:59.999,175752359.94823438,25037,849380,89792032.77179968,0
2024-02-27 10:00:00,0.09576,0.0967,0.09479,0.09618,960921,2024-02-27 10:59:59.999,100355848.14925064,16647,479153,50028750.70933741,0
2024-02-27 11:00:00,0.09619,0.09644,0.09401,0.09448,673487,2024-02-27 11:59:59.999,70843659.62501764,9978,317954,33450289.04243701,0
2024-02-27 12:00:00,0.09449,0.0955,0.09433,0.0946,563031,2024-02-27 12:59:59.999,59321108.46647747,8312,279804,29481998.61858559,0
2024-02-27 13:00:00,0.09462,0.09834,0.09434,0.09811,1327786,2024-02-27 13:59:59.999,137433824.11831117,22373,662103,68531057.09072499,0
2024-02-27 14:00:00,0.09811,0.09811,0.09549,0.09647,899426,2024-02-27 14:59:59.999,93213345.29684708,14511,419746,43482325.16200329,0
2024-02-27 15:00:00,0.09649,0.09814,0.09538,0.09608,1255294,2024-02-27 15:59:59.999,129471193.16483796,19812,574161,59236799.12318275,0
2024-02-27 16:00:00,0.0961,0.09865,0.0946,0.09719,1462124,2024-02-27 16:59:59.999,150664025.47742125,24191,710771,73213637.47598325,0
2024-02-27 17:00:00,0.09722,0.0976,0.09544,0.09588,881358,2024-02-27 17:59:59.999,91206861.96013352,14541,425495,44037483.64376707,0
2024-02-27 18:00:00,0.0959,0.09679,0.09536,0.09679,610155,2024-02-27 18:59:59.999,63604262.88827763,8276,313645,32696990.65740949,0
2024-02-27 19:00:00,0.09679,0.09981,0.09654,0.09892,1532318,2024-02-27 19:59:59.999,155670560.7563152,25274,761262,77328119.2899315,0
2024-02-27 20:00:00,0.09889,0.10075,0.09794,0.09859,1287693,2024-02-27 20:59:59.999,129721249.66927011,24579,642510,64743075.50362817,0
2024-02-27 21:00:00,0.09861,0.09864,0.09642,0.09789,880596,2024-02-27 21:59:59.999,90535206.51255068,14211,427740,44000963.22520114,0
2024-02-27 22:00:00,0.09791,0.09964,0.09772,0.09941,394589,2024-02-27 22:59:59.999,40014844.77716048,7171,205243,20820520.52107187,0
2024-02-27 23:00:00,0.09942,0.09961,0.09771,0.09776,582054,2024-02-27 23:59:59.999,58982628.15462398,10046,264389,26789383.2764209,0
2024-02-28 00:00:00,0.09778,0.09797,0.09678,0.09775,614950,2024-02-28 00:59:59.999,63208021.81003953,8772,327562,33671496.00563612,0
2024-02-28 01:00:00,0.0977,0.0985,0.09621,0.09636,721361,2024-02-28 01:59:59.999,74273417.43774973,10536,336510,34637593.08650199,0
2024-02-28 02:00:00,0.09637,0.09668,0.09552,0.09607,585587,2024-02-28 02:59:59.999,60928042.23800327,7410,278292,28949810.76380809,0
2024-02-28 03:00:00,0.09607,0.09607,0.09438,0.09473,527377,2024-02-28 03:59:59.999,55439836.96391563,7871,218969,23022621.34747683,0
2024-02-28 04:00:00,0.09472,0.0959,0.0947,0.09585,369010,2024-02-28 04:59:59.999,38658495.18592792,4822,225669,23639035.05106801,0
2024-02-28 05:00:00,0.09584,0.09601,0.09524,0.0955,290957,2024-02-28 05:59:59.999,30400324.85507268,4154,161083,16829301.77349511,0
2024-02-28 06:00:00,0.0955,0.09573,0.09502,0.0952,278177,2024-02-28 06:59:59.999,29164181.1389595,4513,110945,11629190.80585737,0
2024-02-28 07:00:00,0.0952,0.09735,0.09473,0.09701,740599,2024-02-28 07:59:59.999,77063349.57524766,9796,400999,41738118.21076255,0
2024-02-28 08:00:00,0.09703,0.10048,0.09669,0.10018,1205909,2024-02-28 08:59:59.999,122370920.60713212,17270,582021,59089944.72882013,0
2024-02-28 09:00:00,0.10017,0.10025,0.09748,0.09877,986528,2024-02-28 09:59:59.999,100202270.7511822,15717,413675,42036608.8579325,0
2024-02-28 10:00:00,0.09877,0.10095,0.09817,0.1008,1293233,2024-02-28 10:59:59.999,130109748.38362104,20268,648411,65285772.02216973,0
2024-02-28 11:00:00,0.10079,0.10092,0.09629,0.09755,1338087,2024-02-28 11:59:59.999,136112471.86009803,21190,613068,62349302.69664572,0
2024-02-28 12:00:00,0.09753,0.09863,0.09741,0.0985,465945,2024-02-28 12:59:59.999,47482069.18870108,9419,226338,23063225.04491504,0
2024-02-28 13:00:00,0.09849,0.09964,0.09818,0.09918,639640,2024-02-28 13:59:59.999,64596128.83367024,12046,309524,31259257.07376891,0
2024-02-28 14:00:00,0.0992,0.10011,0.09777,0.09951,878421,2024-02-28 14:59:59.999,88578555.85953528,13927,392564,39602136.42768981,0
2024-02-28 15:00:00,0.09953,0.10067,0.09881,0.10026,1010125,2024-02-28 15:59:59.999,101255580.45209327,15713,492152,49319158.60661971,0
2024-02-28 16:00:00,0.10026,0.11994,0.09979,0.11894,5935684,2024-02-28 16:59:59.999,542891263.8953965,108741,3022652,276162719.61208904,0
2024-02-28 17:00:00,0.11894,0.12393,0.1,0.10979,6342172,2024-02-28 17:59:59.999,557952553.1195959,127745,3070255,269555092.86053413,0
2024-02-28 18:00:00,0.10973,0.11056,0.10173,0.10944,2808858,2024-02-28 18:59:59.999,262602537.53835368,60223,1401577,130957593.8023334,0
2024-02-28 19:00:00,0.10944,0.11817,0.10941,0.11331,2857133,2024-02-28 19:59:59.999,251647631.39832687,60190,1416808,124761421.5206672,0
2024-02-28 20:00:00,0.11332,0.11586,0.11153,0.11468,1351425,2024-02-28 20:59:59.999,119199197.78059624,26507,711003,62670999.45648994,0
2024-02-28 21:00:00,0.11465,0.11594,0.11258,0.11403,1134242,2024-02-28 21:59:59.999,99207905.73581704,22768,509783,44592701.03522839,0
2024-02-28 22:00:00,0.11404,0.11733,0.11349,0.11604,1094268,2024-02-28 22:59:59.999,94877392.63811606,21093,608159,52755598.55969545,0
2024-02-28 23:00:00,0.11609,0.11991,0.11571,0.11601,1668275,2024-02-28 23:59:59.999,141849918.80286312,33867,770009,65482419.46168042,0
2024-02-29 00:00:00,0.11603,0.11648,0.11302,0.11338,1352475,2024-02-29 00:59:59.999,118188596.88918436,25869,667777,58350038.60968706,0
2024-02-29 01:00:00,0.11337,0.11436,0.11249,0.11349,606110,2024-02-29 01:59:59.999,53425623.42706831,12378,307012,27056633.35243939,0
2024-02-29 02:00:00,0.11347,0.11438,0.11149,0.11298,890137,2024-02-29 02:59:59.999,78893036.25743988,14792,403197,35730982.61685664,0
2024-02-29 03:00:00,0.11296,0.12675,0.11273,0.12452,3173764,2024-02-29 03:59:59.999,262315100.59911552,61550,1592113,131615989.07516068,0
2024-02-29 04:00:00,0.12448,0.13039,0.12338,0.12838,3022212,2024-02-29 04:59:59.999,238546675.99346408,67542,1495453,118015139.25214198,0
2024-02-29 05:00:00,0.12837,0.13117,0.12597,0.12817,2203061,2024-02-29 05:59:59.999,171638142.65310317,45729,1027384,80044858.69117375,0
2024-02-29 06:00:00,0.12817,0.13518,0.1274,0.13294,3065401,2024-02-29 06:59:59.999,232072308.61781737,59276,1485133,112462887.8620493,0
2024-02-29 07:00:00,0.13293,0.13294,0.12758,0.12824,2130031,2024-02-29 07:59:59.999,164182667.9103538,40078,984056,75823510.42992736,0
2024-02-29 08:00:00,0.1283,0.12931,0.12631,0.12735,1348642,2024-02-29 08:59:59.999,105703171.9932278,24351,658944,51620096.89676122,0
2024-02-29 09:00:00,0.12734,0.12892,0.12619,0.12764,947327,2024-02-29 09:59:59.999,74226141.00456165,19665,478457,37478208.70349585,0
2024-02-29 10:00:00,0.12764,0.13032,0.1245,0.12948,1246737,2024-02-29 10:59:59.999,98099352.65439308,25992,668490,52535142.65161267,0
2024-02-29 11:00:00,0.12947,0.1313,0.12833,0.1293,1049266,2024-02-29 11:59:59.999,80826257.00600468,21972,508365,39147675.57789578,0
2024-02-29 12:00:00,0.12928,0.13263,0.12617,0.12673,1864950,2024-02-29 12:59:59.999,144614416.08446035,33763,863827,66995834.14709879,0
2024-02-29 13:00:00,0.12674,0.13032,0.12659,0.1298,1362882,2024-02-29 13:59:59.999,105874971.66563755,28572,664325,51616259.53695609,0
2024-02-29 14:00:00,0.12979,0.13341,0.12815,0.12943,2059888,2024-02-29 14:59:59.999,157453248.31949753,41521,971070,74206344.04180044,0
2024-02-29 15:00:00,0.12943,0.13477,0.12824,0.13436,1835342,2024-02-29 15:59:59.999,138959715.53992763,33799,934220,70784360.33231665,0
2024-02-29 16:00:00,0.13444,0.1353,0.12626,0.12903,2510688,2024-02-29 16:59:59.999,193189697.40891072,47138,1205650,92788624.61080392,0
2024-02-29 17:00:00,0.12903,0.13062,0.125,0.12653,1625419,2024-02-29 17:59:59.999,127233365.20917514,32801,767675,60092229.13097078,0
2024-02-29 18:00:00,0.12653,0.12838,0.12249,0.12523,1555885,2024-02-29 18:59:59.999,124193332.04672617,28258,768066,61315482.88010422,0
2024-02-29 19:00:00,0.12517,0.12709,0.12428,0.1268,645070,2024-02-29 19:59:59.999,51300633.69863429,11524,313439,24925807.98242594,0
2024-02-29 20:00:00,0.12678,0.1282,0.12623,0.12684,698876,2024-02-29 20:59:59.999,54853978.21626383,11194,312942,24561307.69096199,0
2024-02-29 21:00:00,0.12683,0.12725,0.11757,0.12061,2791627,2024-02-29 21:59:59.999,230850527.50437573,41637,1244122,102987880.12877695,0
2024-02-29 22:00:00,0.12064,0.12082,0.11449,0.11678,1619505,2024-02-29 22:59:59.999,137774519.1346698,26044,727230,61836637.15157052,0
2024-02-29 23:00:00,0.11681,0.11916,0.11672,0.11753,1214759,2024-02-29 23:59:59.999,102962329.17275605,15648,598480,50727420.38416209,0
2024-03-01 00:00:00,0.11753,0.1199,0.11726,0.11974,873732,2024-03-01 00:59:59.999,73665179.19287322,16911,534584,45054824.4340907,0
2024-03-01 01:00:00,0.1197,0.12166,0.11816,0.12147,817173,2024-03-01 01:59:59.999,68087781.0821551,14290,423053,35236412.77126832,0
2024-03-01 02:00:00,0.12143,0.1222,0.11942,0.12166,695452,2024-03-01 02:59:59.999,57627040.35320243,14412,332639,27541865.81608539,0
2024-03-01 03:00:00,0.12162,0.12181,0.11911,0.11982,553163,2024-03-01 03:59:59.999,46041717.86910754,9810,240739,20034277.59176743,0
2024-03-01 04:00:00,0.11982,0.12174,0.11973,0.12168,468252,2024-03-01 04:59:59.999,38795708.18723071,7613,242868,20118918.4982248,0
2024-03-01 05:00:00,0.12168,0.12221,0.12042,0.12044,478308,2024-03-01 05:59:59.999,39454806.72206648,7771,226746,18702750.69762478,0
2024-03-01 06:00:00,0.12044,0.12209,0.12007,0.12108,695251,2024-03-01 06:59:59.999,57461446.77801658,9776,325417,26883982.54075163,0
2024-03-01 07:00:00,0.12106,0.12246,0.11827,0.11855,832633,2024-03-01 07:59:59.999,69530945.42811188,13527,368158,30742288.38329451,0
2024-03-01 08:00:00,0.11852,0.12353,0.1184,0.12158,689519,2024-03-01 08:59:59.999,57016036.2969548,13814,345552,28608929.25636907,0
2024-03-01 09:00:00,0.12162,0.12391,0.12137,0.12262,616339,2024-03-01 09:59:59.999,50211229.61151246,11529,321348,26179891.92697302,0
2024-03-01 10:00:00,0.12261,0.1227,0.12079,0.12122,527414,2024-03-01 10:59:59.999,43409700.66301604,7252,230582,18976731.16050777,0
2024-03-01 11:00:00,0.12123,0.12212,0.12082,0.1217,313737,2024-03-01 11:59:59.999,25798494.05178634,5903,165134,13579054.20633049,0
2024-03-01 12:00:00,0.12169,0.12386,0.1214,0.12232,642206,2024-03-01 12:59:59.999,52304441.52671995,9658,322266,26228348.39073648,0
2024-03-01 13:00:00,0.12234,0.128,0.1221,0.12661,1064818,2024-03-01 13:59:59.999,85282802.93327248,18998,623781,49959275.66530746,0
2024-03-01 14:00:00,0.12656,0.13017,0.12435,0.12572,2484564,2024-03-01 14:59:59.999,195995601.2880896,42299,1066624,84082155.2644532,0
2024-03-01 15:00:00,0.12577,0.12697,0.12362,0.12454,1022008,2024-03-01 15:59:59.999,81740558.17165047,19736,474897,37975588.33613503,0
2024-03-01 16:00:00,0.12446,0.13035,0.12445,0.12889,2599147,2024-03-01 16:59:59.999,203146623.08884352,43259,1324915,103634918.8805132,0
2024-03-01 17:00:00,0.12889,0.13367,0.12889,0.13198,2054298,2024-03-01 17:59:59.999,156140065.3734197,35198,993094,75508958.64531992,0
2024-03-01 18:00:00,0.13198,0.13967,0.13108,0.13486,3047847,2024-03-01 18:59:59.999,224381870.82713917,52180,1580600,116373487.97496548,0
2024-03-01 19:00:00,0.13491,0.13615,0.13327,0.13585,1382141,2024-03-01 19:59:59.999,102508916.47531845,19629,671677,49799602.1572609,0
2024-03-01 20:00:00,0.13588,0.14038,0.13574,0.1399,1887662,2024-03-01 20:59:59.999,136790698.76380867,31772,932164,67565042.80368558,0
2024-03-01 21:00:00,0.1399,0.14136,0.13545,0.1413,1928818,2024-03-01 21:59:59.999,139307442.01117364,39382,953540,68869926.13777268,0
2024-03-01 22:00:00,0.14133,0.14595,0.13929,0.14003,2142482,2024-03-01 22:59:59.999,150116850.18502566,46144,1093624,76622877.86783856,0
2024-03-01 23:00:00,0.14,0.1431,0.13825,0.13966,1421841,2024-03-01 23:59:59.999,101071713.67580678,30942,696442,49486000.95630041,0
2024-03-02 00:00:00,0.13966,0.15034,0.13842,0.14693,3189715,2024-03-02 00:59:59.999,218853637.1523409,70914,1604548,110019398.70362972,0
2024-03-02 01:00:00,0.14691,0.14733,0.14002,0.14229,2145343,2024-03-02 01:59:59.999,149959778.836829,45760,1096426,76652573.88629301,0
2024-03-02 02:00:00,0.14227,0.14401,0.13976,0.14046,1303128,2024-03-02 02:59:59.999,91885380.17250976,26212,650988,45895628.65978887,0
2024-03-02 03:00:00,0.14046,0.14353,0.1402,0.14153,796019,2024-03-02 03:59:59.999,56149676.67958617,18560,418624,29526079.59105894,0
2024-03-02 04:00:00,0.14141,0.14357,0.14017,0.14334,833305,2024-03-02 04:59:59.999,58760925.441809,17987,410960,28987178.46643269,0
2024-03-02 05:00:00,0.14336,0.14339,0.13928,0.14266,1087592,2024-03-02 05:59:59.999,77073426.16659315,22240,523232,37074097.53585118,0
2024-03-02 06:00:00,0.14268,0.14342,0.141,0.14314,698649,2024-03-02 06:59:59.999,49084633.70396636,14714,352569,24758891.90328696,0
2024-03-02 07:00:00,0.14316,0.14818,0.14243,0.14716,1803332,2024-03-02 07:59:59.999,124150779.86714683,34312,936018,64445042.56635311,0
2024-03-02 08:00:00,0.14709,0.15132,0.14377,0.14735,3004141,2024-03-02 08:59:59.999,203025538.63403955,58675,1468469,99187596.88366458,0
2024-03-02 09:00:00,0.14735,0.14826,0.14052,0.14277,1727939,2024-03-02 09:59:59.999,120688823.12007752,36956,913688,63780466.59790625,0
2024-03-02 10:00:00,0.14277,0.14539,0.14153,0.14208,995892,2024-03-02 10:59:59.999,69237454.60702775,20974,484731,33686671.86269462,0
2024-03-02 11:00:00,0.14209,0.14421,0.14087,0.14182,696769,2024-03-02 11:59:59.999,48887885.38602748,14639,323477,22691935.44629159,0
2024-03-02 12:00:00,0.14176,0.14426,0.14147,0.14371,831703,2024-03-02 12:59:59.999,58200267.82753964,17048,361349,25295814.70675667,0
2024-03-02 13:00:00,0.14369,0.14369,0.14072,0.14111,685776,2024-03-02 13:59:59.999,48278532.83255625,14402,328446,23130310.21210681,0
2024-03-02 14:00:00,0.14104,0.14111,0.13626,0.13901,1854276,2024-03-02 14:59:59.999,133692135.71053272,33729,827692,59663835.71022474,0
2024-03-02 15:00:00,0.139,0.13994,0.13732,0.13784,802815,2024-03-02 15:59:59.999,57960556.38950528,14675,372569,26892597.46819628,0
2024-03-02 16:00:00,0.13787,0.13988,0.13648,0.13923,853916,2024-03-02 16:59:59.999,61656132.81042336,17479,418895,30233853.66024577,0
2024-03-02 17:00:00,0.1392,0.14069,0.13789,0.13945,623336,2024-03-02 17:59:59.999,44721079.23526709,11683,308731,22143407.60166309,0
2024-03-02 18:00:00,0.13944,0.1432,0.13936,0.14285,943960,2024-03-02 18:59:59.999,66744847.43311966,17144,480658,33980624.37258157,0
2024-03-02 19:00:00,0.14283,0.14327,0.14135,0.14216,457196,2024-03-02 19:59:59.999,32127674.41091159,9562,211252,14842659.45132141,0
2024-03-02 20:00:00,0.14211,0.14232,0.13971,0.14053,506121,2024-03-02 20:59:59.999,35974585.15395414,9614,215927,15348393.12117292,0
2024-03-02 21:00:00,0.14053,0.14315,0.14048,0.14238,401887,2024-03-02 21:59:59.999,28335261.05676666,8064,217339,15329874.37991408,0
2024-03-02 22:00:00,0.14238,0.14344,0.14134,0.14256,373757,2024-03-02 22:59:59.999,26255065.4275904,8186,175108,12309625.96969743,0
2024-03-02 23:00:00,0.14257,0.14483,0.14185,0.14228,789699,2024-03-02 23:59:59.999,55125765.31262655,16903,386477,26966684.79842866,0
2024-03-03 00:00:00,0.14227,0.14433,0.1398,0.14071,1142726,2024-03-03 00:59:59.999,80522397.48926058,25037,542079,38209794.17104144,0
2024-03-03 01:00:00,0.14068,0.14322,0.13953,0.14039,642097,2024-03-03 01:59:59.999,45606851.85735827,15285,312723,22227690.87254514,0
2024-03-03 02:00:00,0.14039,0.14061,0.1383,0.13959,477619,2024-03-03 02:59:59.999,34286741.71213383,10152,227599,16334647.5242916,0
2024-03-03 03:00:00,0.1396,0.14093,0.13853,0.14079,476050,2024-03-03 03:59:59.999,34062587.53676964,8551,198893,14223056.29135058,0
2024-03-03 04:00:00,0.14078,0.14394,0.14065,0.14285,721134,2024-03-03 04:59:59.999,50532246.18236233,14759,312058,21867320.5482108,0
2024-03-03 05:00:00,0.14281,0.14317,0.1401,0.14039,479447,2024-03-03 05:59:59.999,33884594.30691737,9838,209059,14773955.88765386,0
2024-03-03 06:00:00,0.14039,0.14046,0.13729,0.1384,963874,2024-03-03 06:59:59.999,69412687.12933059,19812,462933,33336094.84482597,0
2024-03-03 07:00:00,0.13842,0.1389,0.12093,0.1315,3417662,2024-03-03 07:59:59.999,259105560.5895872,58483,1442475,109404553.92560646,0
2024-03-03 08:00:00,0.1315,0.13474,0.12935,0.13407,2106407,2024-03-03 08:59:59.999,159640858.00748172,35437,1012965,76714960.6467127,0
2024-03-03 09:00:00,0.13404,0.1351,0.13281,0.13397,1193320,2024-03-03 09:59:59.999,89121780.24509515,18586,549272,41014345.15404164,0
2024-03-03 10:00:00,0.13401,0.13702,0.13331,0.13531,1043347,2024-03-03 10:59:59.999,77128563.4587021,18637,492024,36374533.96202297,0
2024-03-03 11:00:00,0.13529,0.14311,0.13431,0.14172,1362918,2024-03-03 11:59:59.999,98044703.13800123,24588,669416,48231340.12200263,0
2024-03-03 12:00:00,0.14172,0.14372,0.13888,0.13984,1796575,2024-03-03 12:59:59.999,126736208.85945168,31569,850413,59981672.21585707,0
2024-03-03 13:00:00,0.13979,0.142,0.13866,0.14065,998230,2024-03-03 13:59:59.999,71174608.10989147,17642,508406,36241670.68575651,0
2024-03-03 14:00:00,0.14059,0.14224,0.13701,0.13806,1590185,2024-03-03 14:59:59.999,113647397.4666188,23375,802752,57292686.70042442,0
2024-03-03 15:00:00,0.13805,0.14071,0.13804,0.14043,779818,2024-03-03 15:59:59.999,55902218.42807312,14061,358918,25735092.2473916,0
2024-03-03 16:00:00,0.14043,0.1425,0.13898,0.14166,1282712,2024-03-03 16:59:59.999,91019372.4790027,26192,589483,41825930.3446101,0
2024-03-03 17:00:00,0.14167,0.14323,0.13955,0.14056,1282538,2024-03-03 17:59:59.999,90812829.77912806,23292,604717,42817720.01356755,0
2024-03-03 18:00:00,0.14062,0.15019,0.14002,0.14907,2504210,2024-03-03 18:59:59.999,171175066.1176892,50605,1252204,85576167.2412248,0
2024-03-03 19:00:00,0.14907,0.15404,0.14619,0.15131,2926878,2024-03-03 19:59:59.999,194926781.471747,60296,1437542,95754574.15777996,0
2024-03-03 20:00:00,0.1513,0.156,0.15081,0.15389,2143993,2024-03-03 20:59:59.999,139185802.0835535,48558,1068160,69336339.47944956,0
2024-03-03 21:00:00,0.15386,0.15466,0.15198,0.15395,914664,2024-03-03 21:59:59.999,59687643.64188758,22209,462408,30176334.8723937,0
2024-03-03 22:00:00,0.15393,0.15648,0.14912,0.15119,1267546,2024-03-03 22:59:59.999,82574640.58731386,31595,543173,35372301.30034231,0
2024-03-03 23:00:00,0.1512,0.15664,0.15041,0.15384,1348607,2024-03-03 23:59:59.999,87467704.54262376,34945,676959,43942821.49838897,0
