open_time,open,high,low,close,volume,close_time,quote_volume,count,taker_buy_volume,taker_buy_quote_volume,ignore
2024-01-01 00:00:00,2283.22,2298.69,2282.72,2297.07,2053984,2024-01-01 00:59:59.999,8956.99732683,9975,1136982,4958.98173363,0
2024-01-01 01:00:00,2297.07,2308.48,2294.59,2305.06,1347841,2024-01-01 01:59:59.999,5853.89559355,7805,781029,3392.66473296,0
2024-01-01 02:00:00,2305.06,2306.09,2293.02,2294.8,862207,2024-01-01 02:59:59.999,3750.41213416,4997,385009,1674.70986374,0
2024-01-01 03:00:00,2294.79,2296.37,2271.88,2275.07,2479786,2024-01-01 03:59:59.999,10868.28199231,10989,1060359,4647.67476167,0
2024-01-01 04:00:00,2275.2,2281.21,2267.0,2281.21,1881768,2024-01-01 04:59:59.999,8270.74763838,10590,946221,4158.94241798,0
2024-01-01 05:00:00,2281.3,2284.88,2274.38,2277.87,944099,2024-01-01 05:59:59.999,4139.51477652,6749,462432,2027.50151877,0
2024-01-01 06:00:00,2277.86,2284.99,2276.12,2283.58,809542,2024-01-01 06:59:59.999,3551.91030565,4482,342682,1503.38394902,0
2024-01-01 07:00:00,2283.57,2289.77,2282.92,2286.09,1480061,2024-01-01 07:59:59.999,6474.13943697,5680,745041,3257.74151443,0
2024-01-01 08:00:00,2286.09,2289.0,2282.0,2288.78,588416,2024-01-01 08:59:59.999,2574.26479752,4153,290650,1271.45052197,0
2024-01-01 09:00:00,2288.78,2301.96,2288.77,2301.83,1401094,2024-01-01 09:59:59.999,6103.46270882,7717,695747,3031.07677927,0
2024-01-01 10:00:00,2301.83,2305.0,2299.59,2303.87,961119,2024-01-01 10:59:59.999,4174.2396855,6138,402271,1747.23511035,0
2024-01-01 11:00:00,2303.87,2307.13,2301.0,2306.27,617952,2024-01-01 11:59:59.999,2681.73930475,5140,283809,1231.66520569,0
2024-01-01 12:00:00,2306.27,2309.45,2301.29,2301.57,1626374,2024-01-01 12:59:59.999,7051.7225786,7170,1080480,4684.11173877,0
2024-01-01 13:00:00,2301.57,2310.34,2300.12,2306.33,672353,2024-01-01 13:59:59.999,2915.40176474,5373,350903,1521.50363152,0
2024-01-01 14:00:00,2306.33,2306.84,2297.1,2303.29,1143786,2024-01-01 14:59:59.999,4968.53209005,6847,491886,2136.57190313,0
2024-01-01 15:00:00,2303.28,2320.74,2301.69,2316.75,2503967,2024-01-01 15:59:59.999,10823.70819443,10005,1335469,5773.4820757,0
2024-01-01 16:00:00,2316.75,2321.86,2308.71,2311.88,2076806,2024-01-01 16:59:59.999,8970.74819397,10227,1067285,4610.0545362,0
2024-01-01 17:00:00,2311.99,2319.2,2308.51,2315.69,1286218,2024-01-01 17:59:59.999,5556.2703764,6586,613443,2650.5361168,0
2024-01-01 18:00:00,2315.83,2334.32,2315.83,2328.91,2842445,2024-01-01 18:59:59.999,12213.29032815,11842,1528066,6568.82850536,0
2024-01-01 19:00:00,2329.18,2343.36,2324.42,2339.59,2046370,2024-01-01 19:59:59.999,8765.57148739,9399,1077715,4616.90123378,0
2024-01-01 20:00:00,2339.97,2351.64,2338.04,2343.72,2377832,2024-01-01 20:59:59.999,10140.61269626,11067,1175220,5011.83002954,0
2024-01-01 21:00:00,2343.73,2348.76,2335.0,2340.74,1497505,2024-01-01 21:59:59.999,6394.83580578,7666,709668,3030.21069199,0
2024-01-01 22:00:00,2340.98,2341.94,2326.51,2337.12,1169159,2024-01-01 22:59:59.999,5009.57750064,7051,612302,2623.78544737,0
2024-01-01 23:00:00,2337.13,2355.53,2337.13,2355.5,2433332,2024-01-01 23:59:59.999,10366.00544252,12771,1350240,5752.20321283,0
2024-01-02 00:00:00,2355.53,2396.49,2350.54,2392.82,8818125,2024-01-02 00:59:59.999,37133.62192994,37963,4694551,19775.45183549,0
2024-01-02 01:00:00,2392.82,2402.77,2373.16,2381.99,7706766,2024-01-02 01:59:59.999,32285.73934955,26569,3249372,13609.76595732,0
2024-01-02 02:00:00,2381.99,2386.24,2377.67,2385.97,2376878,2024-01-02 02:59:59.999,9976.26703074,12355,1246147,5230.21017024,0
2024-01-02 03:00:00,2385.97,2392.04,2374.68,2389.34,3197396,2024-01-02 03:59:59.999,13424.86869983,13307,1662435,6980.00553094,0
2024-01-02 04:00:00,2389.64,2393.94,2381.83,2391.02,2298429,2024-01-02 04:59:59.999,9629.09779134,8945,1054100,4416.32849585,0
2024-01-02 05:00:00,2391.02,2395.98,2380.69,2380.89,1794785,2024-01-02 05:59:59.999,7512.91354015,8336,830731,3477.56542823,0
2024-01-02 06:00:00,2381.16,2387.47,2377.11,2377.11,1376526,2024-01-02 06:59:59.999,5779.0903107,7224,621453,2609.22067512,0
2024-01-02 07:00:00,2377.12,2392.97,2377.12,2389.97,2243494,2024-01-02 07:59:59.999,9405.38003946,9526,1232778,5168.40853233,0
2024-01-02 08:00:00,2389.98,2436.24,2383.94,2431.0,8470093,2024-01-02 08:59:59.999,35009.9109722,34078,4619131,19093.5516086,0
2024-01-02 09:00:00,2431.32,2433.25,2416.21,2418.56,3748563,2024-01-02 09:59:59.999,15459.86621176,14613,1744135,7193.20546826,0
2024-01-02 10:00:00,2418.55,2421.27,2397.19,2402.4,3613908,2024-01-02 10:59:59.999,15005.98047228,15470,1544691,6412.36603785,0
2024-01-02 11:00:00,2402.4,2407.18,2384.32,2395.36,3710043,2024-01-02 11:59:59.999,15483.7931949,15057,1546506,6452.19621755,0
2024-01-02 12:00:00,2395.35,2409.0,2387.11,2391.29,3146311,2024-01-02 12:59:59.999,13120.74179627,14773,1563235,6516.97645052,0
2024-01-02 13:00:00,2391.05,2405.65,2386.87,2402.88,2073277,2024-01-02 13:59:59.999,8645.99762885,10231,1078991,4499.10359574,0
2024-01-02 14:00:00,2402.89,2407.46,2358.8,2370.85,7623913,2024-01-02 14:59:59.999,32071.89551063,30805,3179302,13368.9425385,0
2024-01-02 15:00:00,2370.83,2373.96,2355.07,2360.83,5740062,2024-01-02 15:59:59.999,24271.36359479,24559,2646184,11187.40337205,0
2024-01-02 16:00:00,2360.82,2372.52,2353.04,2370.73,5010308,2024-01-02 16:59:59.999,21215.34911378,19082,2620227,11093.57745908,0
2024-01-02 17:00:00,2370.78,2370.78,2353.76,2359.26,3658736,2024-01-02 17:59:59.999,15484.36766257,15705,1611968,6824.78732839,0
2024-01-02 18:00:00,2359.27,2371.66,2357.34,2367.77,2275596,2024-01-02 18:59:59.999,9623.40739452,11246,1279793,5412.61427381,0
2024-01-02 19:00:00,2367.78,2374.88,2357.02,2371.14,2591580,2024-01-02 19:59:59.999,10950.39546234,13298,1304952,5513.83293407,0
2024-01-02 20:00:00,2371.14,2381.92,2360.66,2361.9,3255783,2024-01-02 20:59:59.999,13736.72407292,14453,1730556,7303.5571448,0
2024-01-02 21:00:00,2361.91,2368.06,2340.0,2368.06,5685880,2024-01-02 21:59:59.999,24123.98579123,21523,2318723,9837.27489092,0
2024-01-02 22:00:00,2368.06,2374.45,2359.5,2361.0,1687341,2024-01-02 22:59:59.999,7126.29590285,7972,763181,3223.17202198,0
2024-01-02 23:00:00,2361.0,2364.78,2352.56,2356.92,2306400,2024-01-02 23:59:59.999,9778.35451225,9616,1204364,5106.83550647,0
2024-01-03 00:00:00,2356.92,2368.93,2348.82,2363.1,3064906,2024-01-03 00:59:59.999,12985.20502621,12945,1559824,6609.12001098,0
2024-01-03 01:00:00,2363.1,2377.6,2362.02,2375.39,2181788,2024-01-03 01:59:59.999,9208.71064257,10122,1192932,5035.52778163,0
2024-01-03 02:00:00,2375.39,2386.84,2369.76,2371.32,3645921,2024-01-03 02:59:59.999,15331.67542997,13316,1820698,7655.90604764,0
2024-01-03 03:00:00,2371.32,2372.83,2366.76,2371.15,1361542,2024-01-03 03:59:59.999,5745.6385055,7472,656622,2770.92990686,0
2024-01-03 04:00:00,2371.15,2376.71,2365.51,2372.88,2008023,2024-01-03 04:59:59.999,8466.33792102,8134,1013471,4272.88836748,0
2024-01-03 05:00:00,2372.89,2381.82,2370.25,2379.4,1989077,2024-01-03 05:59:59.999,8367.10426901,9325,1219541,5130.23831516,0
2024-01-03 06:00:00,2379.24,2383.25,2375.75,2377.45,1667031,2024-01-03 06:59:59.999,7003.76420274,7435,940979,3953.17839845,0
2024-01-03 07:00:00,2377.57,2382.58,2358.0,2363.29,3437670,2024-01-03 07:59:59.999,14497.33971315,12079,1522977,6417.89730942,0
2024-01-03 08:00:00,2363.29,2373.61,2362.94,2372.76,1790595,2024-01-03 08:59:59.999,7562.71790585,8870,965262,4077.2056315,0
2024-01-03 09:00:00,2372.76,2387.47,2372.3,2378.4,2787228,2024-01-03 09:59:59.999,11709.17536735,12012,1505988,6326.67038651,0
2024-01-03 10:00:00,2378.4,2382.86,2362.96,2366.8,2706882,2024-01-03 10:59:59.999,11409.15649448,12254,1243928,5242.53089254,0
2024-01-03 11:00:00,2366.8,2367.76,2292.0,2309.42,15147446,2024-01-03 11:59:59.999,64992.75073221,58283,6438631,27636.06145483,0
2024-01-03 12:00:00,2309.42,2310.05,2069.24,2249.66,73554590,2024-01-03 12:59:59.999,336021.98134485,323222,35560883,162490.27316996,0
2024-01-03 13:00:00,2249.65,2249.66,2208.69,2225.36,13473068,2024-01-03 13:59:59.999,60513.9627699,57737,6440910,28932.22612405,0
2024-01-03 14:00:00,2225.54,2225.78,2192.0,2195.22,9647933,2024-01-03 14:59:59.999,43781.31714145,43956,4782569,21705.58177638,0
2024-01-03 15:00:00,2195.22,2242.07,2192.0,2241.23,7420926,2024-01-03 15:59:59.999,33443.89836777,33260,3736303,16831.50621353,0
2024-01-03 16:00:00,2241.52,2246.41,2223.91,2232.33,10874436,2024-01-03 16:59:59.999,48621.19020473,43880,5331131,23838.1001335,0
2024-01-03 17:00:00,2232.33,2234.8,2213.18,2224.54,4864594,2024-01-03 17:59:59.999,21896.54921305,21882,2181954,9820.02323667,0
2024-01-03 18:00:00,2224.53,2229.0,2186.82,2199.12,5456478,2024-01-03 18:59:59.999,24730.75812071,24962,2588582,11734.82718362,0
2024-01-03 19:00:00,2199.55,2230.98,2198.31,2207.41,6104122,2024-01-03 19:59:59.999,27572.34985447,25271,3047778,13765.08592204,0
2024-01-03 20:00:00,2207.42,2224.51,2206.0,2219.19,2275159,2024-01-03 20:59:59.999,10271.23753703,11771,1193121,5387.02348558,0
2024-01-03 21:00:00,2219.4,2228.99,2212.67,2227.19,2090729,2024-01-03 21:59:59.999,9408.33841901,10908,1006416,4529.39418999,0
2024-01-03 22:00:00,2227.19,2227.64,2200.23,2206.35,2811581,2024-01-03 22:59:59.999,12693.75496966,10200,1441198,6507.6446423,0
2024-01-03 23:00:00,2206.35,2211.37,2196.67,2210.74,2393720,2024-01-03 23:59:59.999,10861.92212516,10183,1129514,5124.99373688,0
2024-01-04 00:00:00,2210.74,2221.14,2207.64,2211.97,2284300,2024-01-04 00:59:59.999,10323.44515431,10186,975656,4409.34279681,0
2024-01-04 01:00:00,2211.96,2215.73,2203.22,2207.81,2005763,2024-01-04 01:59:59.999,9076.85024531,9259,1140796,5162.45592006,0
2024-01-04 02:00:00,2207.89,2234.62,2206.57,2233.08,1699000,2024-01-04 02:59:59.999,7639.97583394,9080,840053,3777.48771102,0
2024-01-04 03:00:00,2233.09,2241.47,2226.43,2232.9,2577048,2024-01-04 03:59:59.999,11542.67801792,9437,1275362,5711.68579211,0
2024-01-04 04:00:00,2232.9,2241.46,2229.61,2239.93,2125183,2024-01-04 04:59:59.999,9505.92867406,8051,1128098,5045.09344726,0
2024-01-04 05:00:00,2240.04,2246.64,2234.47,2238.61,2278605,2024-01-04 05:59:59.999,10168.9105679,10233,1180093,5265.85499207,0
2024-01-04 06:00:00,2238.59,2247.34,2236.82,2240.86,1992870,2024-01-04 06:59:59.999,8891.98210624,9092,945162,4217.51503928,0
2024-01-04 07:00:00,2240.86,2244.0,2223.38,2223.96,3028687,2024-01-04 07:59:59.999,13567.08397295,13768,1418105,6352.86681448,0
2024-01-04 08:00:00,2223.96,2228.61,2213.33,2218.22,2898620,2024-01-04 08:59:59.999,13055.59877589,14615,1394855,6282.17919693,0
2024-01-04 09:00:00,2218.22,2231.99,2217.12,2226.01,1607302,2024-01-04 09:59:59.999,7224.36524406,9602,809141,3637.68645155,0
2024-01-04 10:00:00,2226.01,2228.63,2207.13,2224.75,2544726,2024-01-04 10:59:59.999,11472.21267531,14386,1195893,5390.80550903,0
2024-01-04 11:00:00,2224.75,2232.77,2217.49,2230.06,2570637,2024-01-04 11:59:59.999,11540.98018326,14649,970339,4357.32977259,0
2024-01-04 12:00:00,2230.06,2244.37,2224.29,2237.93,4127581,2024-01-04 12:59:59.999,18456.62285649,16838,2155239,9635.39150974,0
2024-01-04 13:00:00,2237.93,2249.4,2233.39,2240.15,2148648,2024-01-04 13:59:59.999,9594.2869074,10022,1092859,4879.54016608,0
2024-01-04 14:00:00,2240.15,2276.61,2231.83,2275.13,5482211,2024-01-04 14:59:59.999,24323.47030561,23525,2911771,12915.76349132,0
2024-01-04 15:00:00,2275.13,2287.36,2263.61,2278.93,6448898,2024-01-04 15:59:59.999,28339.47109792,26472,3501701,15389.22479193,0
2024-01-04 16:00:00,2279.14,2282.73,2261.06,2271.4,3285913,2024-01-04 16:59:59.999,14482.7493537,16216,1413194,6228.96162891,0
2024-01-04 17:00:00,2271.4,2291.6,2268.7,2277.46,4134080,2024-01-04 17:59:59.999,18123.1814511,18940,2031266,8903.56583297,0
2024-01-04 18:00:00,2277.22,2282.81,2270.2,2275.96,1622367,2024-01-04 18:59:59.999,7125.21898246,8774,871282,3826.5468555,0
2024-01-04 19:00:00,2275.96,2297.04,2273.65,2277.0,3324427,2024-01-04 19:59:59.999,14540.31078891,16933,1762884,7708.73175776,0
2024-01-04 20:00:00,2277.01,2297.35,2274.72,2276.01,4635301,2024-01-04 20:59:59.999,20265.09949164,21124,2369421,10358.24350222,0
2024-01-04 21:00:00,2275.68,2291.05,2271.14,2275.31,3167159,2024-01-04 21:59:59.999,13886.59179812,14347,1570384,6885.60198611,0
2024-01-04 22:00:00,2275.3,2289.77,2265.0,2272.78,3366484,2024-01-04 22:59:59.999,14784.43841304,13255,1599093,7020.28767974,0
2024-01-04 23:00:00,2273.01,2278.29,2268.92,2269.57,1064241,2024-01-04 23:59:59.999,4682.85491203,5586,465157,2047.00580449,0
2024-01-05 00:00:00,2269.64,2277.3,2263.25,2270.26,1670601,2024-01-05 00:59:59.999,7359.94730463,8648,824587,3633.01057944,0
2024-01-05 01:00:00,2270.26,2273.58,2214.0,2240.49,10237232,2024-01-05 01:59:59.999,45758.8463096,42422,4554007,20368.54555595,0
2024-01-05 02:00:00,2240.49,2253.96,2233.62,2242.83,3899229,2024-01-05 02:59:59.999,17373.6298268,21326,1988768,8861.32684537,0
2024-01-05 03:00:00,2242.55,2252.27,2240.79,2243.83,1388496,2024-01-05 03:59:59.999,6180.62139485,8839,604118,2688.80437648,0
2024-01-05 04:00:00,2243.83,2249.39,2235.78,2245.46,2675894,2024-01-05 04:59:59.999,11937.46249341,10897,1157987,5165.54381888,0
2024-01-05 05:00:00,2245.46,2249.31,2242.47,2247.77,902879,2024-01-05 05:59:59.999,4018.96093622,6306,419687,1868.34991655,0
2024-01-05 06:00:00,2247.49,2259.22,2241.18,2256.39,1755710,2024-01-05 06:59:59.999,7800.33105771,9600,975042,4331.69119758,0
2024-01-05 07:00:00,2256.39,2266.35,2253.55,2253.79,1772925,2024-01-05 07:59:59.999,7844.21898373,9737,843371,3730.56496318,0
2024-01-05 08:00:00,2253.8,2261.06,2251.81,2254.2,1602249,2024-01-05 08:59:59.999,7103.43821718,9711,827260,3667.73298415,0
2024-01-05 09:00:00,2254.2,2270.75,2254.2,2266.21,2816403,2024-01-05 09:59:59.999,12439.52774962,14732,1546356,6830.24416261,0
2024-01-05 10:00:00,2266.21,2267.57,2234.06,2240.95,2548473,2024-01-05 10:59:59.999,11320.01456372,14007,1088327,4831.79055369,0
2024-01-05 11:00:00,2240.94,2251.14,2239.54,2243.25,2080975,2024-01-05 11:59:59.999,9268.53715201,10209,1051746,4684.84724744,0
2024-01-05 12:00:00,2243.25,2255.17,2236.01,2243.05,1899335,2024-01-05 12:59:59.999,8458.07500849,11339,951118,4236.07988546,0
2024-01-05 13:00:00,2243.05,2253.35,2238.22,2248.59,2551376,2024-01-05 13:59:59.999,11363.21843136,14780,1281556,5707.85387778,0
2024-01-05 14:00:00,2248.59,2253.94,2220.0,2227.5,6137778,2024-01-05 14:59:59.999,27461.30961887,32293,2913623,13034.61348012,0
2024-01-05 15:00:00,2227.5,2243.41,2219.22,2225.91,4116025,2024-01-05 15:59:59.999,18454.10025385,21335,1982814,8891.04529556,0
2024-01-05 16:00:00,2225.91,2234.46,2210.48,2211.97,3556545,2024-01-05 16:59:59.999,16008.84538311,18645,1597351,7187.91951068,0
2024-01-05 17:00:00,2211.89,2233.51,2206.49,2232.64,4290618,2024-01-05 17:59:59.999,19331.89010408,22723,2177814,9812.09481994,0
2024-01-05 18:00:00,2232.65,2240.02,2224.46,2234.77,2465411,2024-01-05 18:59:59.999,11039.02837146,12018,1306877,5851.51788619,0
2024-01-05 19:00:00,2234.82,2241.82,2231.07,2234.83,2244177,2024-01-05 19:59:59.999,10037.91690102,10525,928784,4154.46295827,0
2024-01-05 20:00:00,2234.83,2261.73,2234.83,2249.24,3980711,2024-01-05 20:59:59.999,17705.34645288,18575,2033971,9048.84474422,0
2024-01-05 21:00:00,2249.25,2249.75,2235.0,2247.26,2043727,2024-01-05 21:59:59.999,9116.17497047,12309,1016389,4534.01889847,0
2024-01-05 22:00:00,2247.26,2250.45,2239.31,2248.78,994928,2024-01-05 22:59:59.999,4430.33842238,6949,473924,2110.41913644,0
2024-01-05 23:00:00,2248.78,2279.29,2248.78,2269.51,5002985,2024-01-05 23:59:59.999,22069.14624621,22153,2706255,11942.67218957,0
2024-01-06 00:00:00,2269.54,2271.14,2259.14,2264.46,1863787,2024-01-06 00:59:59.999,8227.03689394,8587,917537,4050.81641467,0
2024-01-06 01:00:00,2264.46,2264.81,2254.46,2256.44,891879,2024-01-06 01:59:59.999,3948.26706168,6511,392401,1737.10063804,0
2024-01-06 02:00:00,2256.44,2259.44,2252.86,2256.58,862771,2024-01-06 02:59:59.999,3824.26562584,6335,425644,1886.96751016,0
2024-01-06 03:00:00,2256.58,2257.67,2251.55,2254.84,521852,2024-01-06 03:59:59.999,2314.50918953,4595,241429,1070.75886895,0
2024-01-06 04:00:00,2254.85,2257.04,2246.8,2247.78,679918,2024-01-06 04:59:59.999,3019.96654971,4993,343998,1528.11571793,0
2024-01-06 05:00:00,2247.78,2250.62,2231.22,2236.22,2493680,2024-01-06 05:59:59.999,11136.6441425,12537,1193000,5327.23021353,0
2024-01-06 06:00:00,2236.39,2236.79,2217.3,2220.87,2659930,2024-01-06 06:59:59.999,11942.20288321,13775,1201348,5392.98986717,0
2024-01-06 07:00:00,2220.87,2234.4,2217.66,2234.38,1795196,2024-01-06 07:59:59.999,8065.64999216,9207,1097718,4932.41367167,0
2024-01-06 08:00:00,2234.3,2238.73,2229.5,2238.22,830129,2024-01-06 08:59:59.999,3715.39048653,5944,453450,2029.67848645,0
2024-01-06 09:00:00,2238.24,2239.99,2233.99,2235.25,915464,2024-01-06 09:59:59.999,4091.48236261,5945,371844,1661.86727139,0
2024-01-06 10:00:00,2235.25,2239.99,2230.49,2236.67,638298,2024-01-06 10:59:59.999,2855.96902793,5644,314274,1406.30446217,0
2024-01-06 11:00:00,2236.67,2240.0,2231.69,2239.38,398662,2024-01-06 11:59:59.999,1783.0277074,5351,224967,1006.10033712,0
2024-01-06 12:00:00,2239.39,2242.95,2228.79,2232.89,818657,2024-01-06 12:59:59.999,3661.37656195,6249,358205,1601.36520514,0
2024-01-06 13:00:00,2232.89,2239.28,2228.67,2237.48,640598,2024-01-06 13:59:59.999,2865.77394046,7011,383114,1713.71104243,0
2024-01-06 14:00:00,2237.48,2248.87,2236.78,2241.72,1473919,2024-01-06 14:59:59.999,6571.06088871,9121,756406,3372.74181003,0
2024-01-06 15:00:00,2241.73,2248.99,2238.73,2246.73,910613,2024-01-06 15:59:59.999,4056.1756456,6889,511906,2280.20636411,0
2024-01-06 16:00:00,2246.95,2250.8,2243.95,2246.1,754626,2024-01-06 16:59:59.999,3358.15423204,5756,405313,1803.64707813,0
2024-01-06 17:00:00,2246.1,2253.31,2243.59,2249.41,721722,2024-01-06 17:59:59.999,3210.12134041,5500,385892,1716.64898455,0
2024-01-06 18:00:00,2249.41,2255.34,2245.58,2247.6,592535,2024-01-06 18:59:59.999,2633.54227071,4542,265152,1178.61650431,0
2024-01-06 19:00:00,2247.6,2248.41,2237.66,2245.06,1004380,2024-01-06 19:59:59.999,4476.70717327,5838,551209,2456.6848629,0
2024-01-06 20:00:00,2245.07,2247.89,2236.05,2242.09,1162126,2024-01-06 20:59:59.999,5186.92320681,6466,537843,2400.37321709,0
2024-01-06 21:00:00,2242.1,2243.09,2235.98,2240.64,547772,2024-01-06 21:59:59.999,2445.84805019,4574,263015,1174.33189818,0
2024-01-06 22:00:00,2240.65,2241.55,2231.43,2237.87,513486,2024-01-06 22:59:59.999,2295.83777568,4560,236164,1056.05549417,0
2024-01-06 23:00:00,2237.87,2241.22,2231.0,2241.16,824458,2024-01-06 23:59:59.999,3688.07439114,5809,393205,1758.74435576,0
2024-01-07 00:00:00,2240.95,2254.7,2238.85,2249.99,1059969,2024-01-07 00:59:59.999,4715.54524714,7137,572491,2546.70279177,0
2024-01-07 01:00:00,2250.0,2254.63,2240.12,2241.0,1382821,2024-01-07 01:59:59.999,6157.38132336,7305,495942,2206.41945028,0
2024-01-07 02:00:00,2240.99,2249.04,2235.0,2240.15,1890289,2024-01-07 02:59:59.999,8436.50802798,9451,871454,3889.43357504,0
2024-01-07 03:00:00,2240.15,2246.37,2240.15,2242.08,624795,2024-01-07 03:59:59.999,2785.23783236,4493,312597,1393.60303866,0
2024-01-07 04:00:00,2242.08,2248.63,2242.08,2248.63,617730,2024-01-07 04:59:59.999,2750.56488098,4625,312659,1392.53072931,0
2024-01-07 05:00:00,2248.63,2250.57,2241.42,2242.96,506796,2024-01-07 05:59:59.999,2256.72168947,4582,236353,1052.59825331,0
2024-01-07 06:00:00,2242.96,2250.94,2240.86,2250.0,575552,2024-01-07 06:59:59.999,2560.63602728,5414,266569,1185.97858523,0
2024-01-07 07:00:00,2250.0,2251.9,2246.22,2249.41,912643,2024-01-07 07:59:59.999,4057.84901001,5285,370028,1645.418894,0
2024-01-07 08:00:00,2249.41,2253.13,2239.15,2239.95,1184196,2024-01-07 08:59:59.999,5271.27728088,7396,551959,2456.78833711,0
2024-01-07 09:00:00,2240.03,2242.3,2230.56,2233.55,1454001,2024-01-07 09:59:59.999,6503.06402074,8396,629467,2815.65981452,0
2024-01-07 10:00:00,2233.55,2239.76,2233.02,2237.47,758683,2024-01-07 10:59:59.999,3391.24921404,5017,404425,1808.03816764,0
2024-01-07 11:00:00,2237.47,2243.0,2234.52,2237.33,707082,2024-01-07 11:59:59.999,3157.42147689,4909,363324,1622.63287919,0
2024-01-07 12:00:00,2237.32,2242.0,2231.74,2238.45,733757,2024-01-07 12:59:59.999,3279.57480838,5609,423322,1892.14306729,0
2024-01-07 13:00:00,2238.45,2258.12,2237.77,2252.19,2458300,2024-01-07 13:59:59.999,10922.75046304,10580,1361411,6050.03090599,0
2024-01-07 14:00:00,2252.19,2255.33,2244.0,2249.76,1042999,2024-01-07 14:59:59.999,4638.35939862,7582,521284,2318.2634863,0
2024-01-07 15:00:00,2249.75,2250.23,2222.48,2230.8,3941784,2024-01-07 15:59:59.999,17650.95872842,14260,1872389,8387.4526694,0
2024-01-07 16:00:00,2230.8,2235.75,2221.36,2226.41,1945377,2024-01-07 16:59:59.999,8726.83643203,10138,754292,3384.59349441,0
2024-01-07 17:00:00,2226.41,2243.32,2220.92,2239.56,1638796,2024-01-07 17:59:59.999,7336.44945764,8849,879261,3935.98193439,0
2024-01-07 18:00:00,2239.55,2249.5,2236.95,2245.82,1200549,2024-01-07 18:59:59.999,5349.07594506,6430,746100,3323.67440183,0
2024-01-07 19:00:00,2245.82,2250.46,2242.16,2249.16,666470,2024-01-07 19:59:59.999,2966.91165958,4815,324485,1444.28309534,0
2024-01-07 20:00:00,2249.16,2251.83,2239.24,2239.41,764331,2024-01-07 20:59:59.999,3403.55333635,5146,338904,1508.91217684,0
2024-01-07 21:00:00,2239.42,2244.73,2234.67,2240.01,521956,2024-01-07 21:59:59.999,2330.91262586,5113,257423,1149.40875735,0
2024-01-07 22:00:00,2240.01,2240.01,2208.21,2216.7,2755238,2024-01-07 22:59:59.999,12402.12984316,15762,1271518,5722.22072591,0
2024-01-07 23:00:00,2216.71,2225.75,2204.22,2221.94,2867306,2024-01-07 23:59:59.999,12943.96377853,13826,1412046,6374.71036111,0
2024-01-08 00:00:00,2221.94,2224.79,2186.94,2195.01,5397194,2024-01-08 00:59:59.999,24489.41486082,22297,2471624,11212.79483897,0
2024-01-08 01:00:00,2195.06,2210.0,2192.67,2204.17,2472086,2024-01-08 01:59:59.999,11217.29437275,12800,1213171,5505.10100587,0
2024-01-08 02:00:00,2204.17,2208.05,2170.88,2183.73,6776218,2024-01-08 02:59:59.999,30962.39352267,23756,2752508,12577.87238553,0
2024-01-08 03:00:00,2183.72,2192.41,2165.76,2190.9,6266549,2024-01-08 03:59:59.999,28734.69841631,24739,2961176,13578.85648395,0
2024-01-08 04:00:00,2190.89,2198.69,2187.79,2196.79,2274933,2024-01-08 04:59:59.999,10370.8517159,9789,1188072,5415.84026426,0
2024-01-08 05:00:00,2196.79,2197.82,2189.01,2196.6,1539202,2024-01-08 05:59:59.999,7014.15016448,6827,766649,3494.01768702,0
2024-01-08 06:00:00,2196.6,2224.31,2194.57,2213.63,6011171,2024-01-08 06:59:59.999,27150.26402771,23127,3331688,15047.34910857,0
2024-01-08 07:00:00,2213.62,2230.77,2212.7,2224.35,2705322,2024-01-08 07:59:59.999,12176.05820464,12526,1368051,6156.52257023,0
2024-01-08 08:00:00,2224.34,2235.08,2221.03,2222.47,1908238,2024-01-08 08:59:59.999,8560.75692086,9612,1076116,4827.4865868,0
2024-01-08 09:00:00,2222.48,2225.6,2205.01,2211.3,1893326,2024-01-08 09:59:59.999,8542.44819912,8494,576168,2598.99335646,0
2024-01-08 10:00:00,2211.59,2230.0,2208.67,2227.05,1734902,2024-01-08 10:59:59.999,7808.23365047,8512,901879,4059.93236995,0
2024-01-08 11:00:00,2227.05,2242.97,2221.01,2240.86,2322392,2024-01-08 11:59:59.999,10402.67576066,11531,1320344,5913.18711821,0
2024-01-08 12:00:00,2241.5,2270.86,2240.51,2265.95,9234567,2024-01-08 12:59:59.999,40912.02266195,35179,4593743,20360.19036717,0
2024-01-08 13:00:00,2265.94,2276.54,2260.5,2266.54,5384013,2024-01-08 13:59:59.999,23739.07452646,21993,2517445,11098.95026312,0
2024-01-08 14:00:00,2266.54,2273.95,2257.23,2262.43,2159708,2024-01-08 14:59:59.999,9536.29078119,10017,1094016,4830.39632438,0
2024-01-08 15:00:00,2262.44,2285.15,2257.08,2270.65,5016609,2024-01-08 15:59:59.999,22076.04502867,18626,2603373,11451.64031658,0
2024-01-08 16:00:00,2270.72,2285.4,2260.55,2264.3,3115118,2024-01-08 16:59:59.999,13721.59262908,12881,1519068,6688.87399779,0
2024-01-08 17:00:00,2264.3,2309.15,2262.34,2308.61,4282259,2024-01-08 17:59:59.999,18738.15211429,18341,2227015,9749.28350707,0
2024-01-08 18:00:00,2308.4,2343.12,2306.47,2337.74,9089297,2024-01-08 18:59:59.999,39092.1511391,38275,4711390,20265.90479579,0
2024-01-08 19:00:00,2337.74,2360.02,2325.36,2356.4,6292056,2024-01-08 19:59:59.999,26826.94400825,25455,3027859,12906.3920722,0
2024-01-08 20:00:00,2356.41,2359.59,2336.11,2338.21,3038233,2024-01-08 20:59:59.999,12936.35330143,13158,1295759,5516.75499995,0
2024-01-08 21:00:00,2338.21,2348.86,2335.28,2338.96,2308621,2024-01-08 21:59:59.999,9861.81287744,10632,1153114,4926.12805355,0
2024-01-08 22:00:00,2338.85,2344.3,2334.46,2338.85,1357546,2024-01-08 22:59:59.999,5804.35926901,6685,696226,2977.0619989,0
2024-01-08 23:00:00,2338.85,2338.85,2327.39,2332.28,2123621,2024-01-08 23:59:59.999,9105.09253168,9669,1004054,4305.09229131,0
2024-01-09 00:00:00,2332.28,2338.19,2290.65,2308.53,7095218,2024-01-09 00:59:59.999,30711.01058283,28624,3249983,14065.62887841,0
2024-01-09 01:00:00,2308.53,2317.15,2297.91,2310.8,2901025,2024-01-09 01:59:59.999,12568.69835207,13298,1598893,6925.52963645,0
2024-01-09 02:00:00,2310.8,2317.74,2307.32,2313.76,1372925,2024-01-09 02:59:59.999,5934.69904943,6632,659627,2851.67355944,0
2024-01-09 03:00:00,2313.75,2315.75,2308.49,2310.06,1356507,2024-01-09 03:59:59.999,5866.52651734,5831,609636,2636.69163314,0
2024-01-09 04:00:00,2310.37,2318.83,2301.52,2316.13,1157563,2024-01-09 04:59:59.999,5010.95096944,6325,550339,2381.55857667,0
2024-01-09 05:00:00,2316.13,2319.55,2302.45,2309.35,1549167,2024-01-09 05:59:59.999,6705.05383337,6939,824481,3567.6779188,0
2024-01-09 06:00:00,2309.66,2309.99,2297.78,2302.76,1761756,2024-01-09 06:59:59.999,7647.42466253,7142,678664,2944.93120951,0
2024-01-09 07:00:00,2302.76,2310.83,2299.2,2306.6,1021465,2024-01-09 07:59:59.999,4430.00703198,6356,639952,2775.8637122,0
2024-01-09 08:00:00,2306.6,2312.0,2290.02,2291.63,1410416,2024-01-09 08:59:59.999,6132.9063795,8846,642861,2794.677038,0
2024-01-09 09:00:00,2291.63,2297.45,2285.85,2291.78,2261677,2024-01-09 09:59:59.999,9868.33225029,10459,1113518,4858.75827355,0
2024-01-09 10:00:00,2291.78,2302.64,2289.86,2293.18,1440251,2024-01-09 10:59:59.999,6272.4982466,7437,671616,2924.74264076,0
2024-01-09 11:00:00,2293.18,2303.89,2290.0,2299.43,1455005,2024-01-09 11:59:59.999,6334.90487013,8043,771180,3357.43247387,0
2024-01-09 12:00:00,2299.43,2304.99,2214.13,2264.21,12352481,2024-01-09 12:59:59.999,54597.14398371,43739,5720588,25291.03434209,0
2024-01-09 13:00:00,2263.86,2284.48,2260.23,2275.26,10459271,2024-01-09 13:59:59.999,46024.13532877,39138,5055199,22239.55811987,0
2024-01-09 14:00:00,2275.23,2283.52,2241.41,2247.82,5811421,2024-01-09 14:59:59.999,25723.57615914,27391,2654353,11749.29366981,0
2024-01-09 15:00:00,2247.34,2268.64,2241.43,2257.3,4946455,2024-01-09 15:59:59.999,21922.66035666,21071,2627584,11646.41336486,0
2024-01-09 16:00:00,2257.29,2266.45,2243.75,2264.7,6032575,2024-01-09 16:59:59.999,26757.95805238,20950,3083484,13676.92799006,0
2024-01-09 17:00:00,2264.69,2271.45,2256.46,2264.38,1912081,2024-01-09 17:59:59.999,8447.19723782,10229,987631,4363.08952836,0
2024-01-09 18:00:00,2264.38,2278.94,2259.65,2276.09,2179890,2024-01-09 18:59:59.999,9598.48535711,10692,1295363,5702.76001735,0
2024-01-09 19:00:00,2276.09,2278.54,2258.05,2271.25,1589740,2024-01-09 19:59:59.999,7003.73310758,8701,784535,3456.20936389,0
2024-01-09 20:00:00,2271.12,2274.25,2247.46,2250.83,3249916,2024-01-09 20:59:59.999,14381.42082154,13469,1526916,6755.56542556,0
2024-01-09 21:00:00,2250.82,2377.0,2248.0,2317.71,43046561,2024-01-09 21:59:59.999,186962.60635794,185377,22391536,97230.59083157,0
2024-01-09 22:00:00,2317.71,2372.75,2316.45,2342.65,11692978,2024-01-09 22:59:59.999,49788.39105826,48843,6283878,26763.55743295,0
2024-01-09 23:00:00,2342.38,2348.0,2317.96,2345.47,6144130,2024-01-09 23:59:59.999,26316.3460559,21568,3043249,13031.09655385,0
2024-01-10 00:00:00,2345.46,2402.0,2341.06,2400.51,11282507,2024-01-10 00:59:59.999,47433.87375212,46244,5923508,24904.0171931,0
2024-01-10 01:00:00,2400.43,2403.77,2367.1,2378.64,5173302,2024-01-10 01:59:59.999,21720.53925693,24887,2279102,9570.90142664,0
2024-01-10 02:00:00,2378.63,2379.08,2347.22,2349.53,3017892,2024-01-10 02:59:59.999,12778.7882224,14958,1375705,5825.72974443,0
2024-01-10 03:00:00,2349.53,2369.93,2345.77,2363.33,2657263,2024-01-10 03:59:59.999,11265.67516196,11788,1606125,6809.86581253,0
2024-01-10 04:00:00,2363.33,2390.38,2359.2,2381.92,4860064,2024-01-10 04:59:59.999,20460.35191095,17807,2964099,12479.14988632,0
2024-01-10 05:00:00,2382.34,2394.89,2373.31,2388.0,3045916,2024-01-10 05:59:59.999,12778.46786015,14653,1464920,6146.04643599,0
2024-01-10 06:00:00,2388.3,2389.87,2374.29,2382.63,1844677,2024-01-10 06:59:59.999,7748.40629644,10335,842606,3538.92914586,0
2024-01-10 07:00:00,2382.63,2387.9,2366.84,2370.47,2377754,2024-01-10 07:59:59.999,10004.66007828,11584,915975,3852.38328316,0
2024-01-10 08:00:00,2370.47,2385.44,2364.33,2366.95,2301839,2024-01-10 08:59:59.999,9699.22373458,12853,1076834,4537.15694924,0
2024-01-10 09:00:00,2366.9,2432.33,2366.45,2426.95,9133475,2024-01-10 09:59:59.999,37938.59048284,40935,4590027,19049.9181701,0
2024-01-10 10:00:00,2426.71,2428.94,2401.11,2401.28,4245993,2024-01-10 10:59:59.999,17584.63699127,16950,1862961,7716.29874545,0
2024-01-10 11:00:00,2401.28,2409.75,2380.47,2403.1,5879077,2024-01-10 11:59:59.999,24505.22371094,24483,2739751,11417.63163313,0
2024-01-10 12:00:00,2403.09,2419.63,2345.0,2360.6,14306846,2024-01-10 12:59:59.999,60254.39550228,62543,6570459,27672.38937488,0
2024-01-10 13:00:00,2360.93,2392.61,2351.38,2379.08,7510528,2024-01-10 13:59:59.999,31579.73415482,36156,3764143,15826.19673739,0
2024-01-10 14:00:00,2379.07,2396.33,2370.0,2386.34,4771699,2024-01-10 14:59:59.999,20002.48973871,22829,2230515,9348.85012699,0
2024-01-10 15:00:00,2386.34,2461.23,2383.24,2450.43,17353250,2024-01-10 15:59:59.999,71315.92830658,75642,8891304,36540.44531115,0
2024-01-10 16:00:00,2450.16,2459.65,2407.41,2408.81,8122616,2024-01-10 16:59:59.999,33373.41092617,39555,4051240,16642.76193533,0
2024-01-10 17:00:00,2408.8,2446.09,2402.22,2438.27,6340192,2024-01-10 17:59:59.999,26124.61389847,32409,3350271,13807.23547052,0
2024-01-10 18:00:00,2438.03,2444.51,2416.38,2436.41,5307512,2024-01-10 18:59:59.999,21842.72701539,30094,2711361,11158.53831877,0
2024-01-10 19:00:00,2436.41,2483.87,2426.53,2479.43,12540089,2024-01-10 19:59:59.999,50952.45182997,68882,6344499,25774.2196508,0
2024-01-10 20:00:00,2479.32,2492.03,2406.9,2486.64,29371845,2024-01-10 20:59:59.999,119544.98262683,149898,14442659,58766.64780299,0
2024-01-10 21:00:00,2486.63,2535.0,2474.02,2527.35,25022344,2024-01-10 21:59:59.999,99649.93708374,129119,12445851,49565.48745015,0
2024-01-10 22:00:00,2527.36,2557.13,2510.51,2548.06,10362132,2024-01-10 22:59:59.999,40818.95298853,47706,5340175,21037.24624551,0
2024-01-10 23:00:00,2548.05,2646.39,2544.05,2585.45,23986734,2024-01-10 23:59:59.999,92379.85996992,105523,12001641,46238.73341847,0
2024-01-11 00:00:00,2585.45,2609.88,2569.22,2607.31,7394707,2024-01-11 00:59:59.999,28596.81975507,40208,3841350,14854.90733921,0
2024-01-11 01:00:00,2607.32,2608.27,2566.7,2569.63,5670140,2024-01-11 01:59:59.999,21909.85982325,29122,2458032,9496.06335142,0
2024-01-11 02:00:00,2569.64,2587.5,2567.58,2581.6,2541317,2024-01-11 02:59:59.999,9857.7003485,15364,1282986,4976.72321479,0
2024-01-11 03:00:00,2581.6,2616.66,2572.62,2614.19,4006045,2024-01-11 03:59:59.999,15446.85749766,22053,2138149,8240.45113054,0
2024-01-11 04:00:00,2614.54,2631.94,2605.6,2616.38,5442201,2024-01-11 04:59:59.999,20790.75609518,23352,2695791,10295.750835,0
2024-01-11 05:00:00,2616.39,2617.32,2585.0,2598.73,3704315,2024-01-11 05:59:59.999,14244.88900677,20159,1632331,6278.68413359,0
2024-01-11 06:00:00,2598.73,2600.62,2574.15,2578.6,3908813,2024-01-11 06:59:59.999,15133.85018403,21704,1825778,7069.56476662,0
2024-01-11 07:00:00,2578.6,2592.94,2577.36,2590.84,2369172,2024-01-11 07:59:59.999,9164.11539348,12185,1127329,4360.76592196,0
2024-01-11 08:00:00,2590.84,2617.94,2587.71,2616.83,2479291,2024-01-11 08:59:59.999,9515.92663705,12081,1416955,5439.6103377,0
2024-01-11 09:00:00,2616.68,2621.03,2605.64,2609.84,1855708,2024-01-11 09:59:59.999,7102.48448824,10532,820618,3140.75928281,0
2024-01-11 10:00:00,2609.53,2651.39,2608.09,2637.56,5048383,2024-01-11 10:59:59.999,19184.63562204,22726,2612097,9926.75922522,0
2024-01-11 11:00:00,2637.55,2666.8,2628.27,2658.84,5668467,2024-01-11 11:59:59.999,21396.9349404,26889,2630434,9931.69771505,0
2024-01-11 12:00:00,2658.84,2663.87,2636.8,2648.35,5640724,2024-01-11 12:59:59.999,21298.38246161,24532,2527940,9546.26542261,0
2024-01-11 13:00:00,2648.54,2658.44,2625.55,2638.07,6388202,2024-01-11 13:59:59.999,24173.6393531,33613,3011802,11395.86245598,0
2024-01-11 14:00:00,2638.06,2689.92,2618.54,2685.73,14929073,2024-01-11 14:59:59.999,56184.74642168,65460,7396071,27830.49936034,0
2024-01-11 15:00:00,2685.36,2692.49,2596.9,2614.72,19282066,2024-01-11 15:59:59.999,72923.1447289,84511,8586669,32481.47705372,0
2024-01-11 16:00:00,2614.72,2626.76,2570.97,2589.13,12614558,2024-01-11 16:59:59.999,48670.39922694,67089,6585051,25407.67933831,0
2024-01-11 17:00:00,2589.08,2616.0,2574.38,2603.28,7003104,2024-01-11 17:59:59.999,26977.39093644,34066,3914863,15077.75167735,0
2024-01-11 18:00:00,2603.27,2619.58,2590.44,2614.34,4631023,2024-01-11 18:59:59.999,17775.98171482,21580,2457604,9432.0797148,0
2024-01-11 19:00:00,2614.78,2623.76,2598.83,2623.42,2715077,2024-01-11 19:59:59.999,10402.22041785,14163,1439345,5514.9872269,0
2024-01-11 20:00:00,2623.42,2633.64,2588.87,2594.79,5452769,2024-01-11 20:59:59.999,20875.31933704,24230,2375357,9095.32355264,0
2024-01-11 21:00:00,2595.02,2622.65,2593.28,2604.92,3042557,2024-01-11 21:59:59.999,11662.41884069,17269,1555241,5960.67688808,0
2024-01-11 22:00:00,2604.67,2617.04,2596.66,2616.06,2068735,2024-01-11 22:59:59.999,7933.28343025,10556,1001986,3842.06219902,0
2024-01-11 23:00:00,2616.05,2625.99,2611.53,2618.94,2687024,2024-01-11 23:59:59.999,10259.73387214,10388,1305678,4986.05422235,0
2024-01-12 00:00:00,2618.88,2625.87,2592.9,2599.99,6542146,2024-01-12 00:59:59.999,25087.39240412,22788,2277188,8732.96659568,0
2024-01-12 01:00:00,2599.9,2604.1,2580.75,2593.2,2904300,2024-01-12 01:59:59.999,11202.87509473,16817,1460592,5634.59023586,0
2024-01-12 02:00:00,2593.21,2615.62,2591.41,2607.34,2536800,2024-01-12 02:59:59.999,9743.6558144,12535,1195922,4595.5784668,0
2024-01-12 03:00:00,2607.33,2607.87,2587.7,2589.56,2676662,2024-01-12 03:59:59.999,10303.32736952,15203,1255715,4833.98306064,0
2024-01-12 04:00:00,2589.55,2605.06,2585.79,2593.6,2411589,2024-01-12 04:59:59.999,9293.94757233,15189,1186371,4572.32626601,0
2024-01-12 05:00:00,2593.6,2610.0,2590.0,2608.73,2057595,2024-01-12 05:59:59.999,7916.04127199,10358,1173604,4514.15871036,0
2024-01-12 06:00:00,2608.61,2625.71,2607.18,2617.56,2817580,2024-01-12 06:59:59.999,10768.1240541,13508,1611872,6161.06217078,0
2024-01-12 07:00:00,2617.56,2621.3,2591.43,2595.9,4649329,2024-01-12 07:59:59.999,17846.74772668,19467,1962945,7535.16307599,0
2024-01-12 08:00:00,2595.9,2604.93,2584.3,2602.12,3243455,2024-01-12 08:59:59.999,12507.49821676,19228,1758423,6779.96910066,0
2024-01-12 09:00:00,2602.11,2618.89,2585.37,2614.31,4395841,2024-01-12 09:59:59.999,16893.80930102,21370,2279485,8760.02015679,0
2024-01-12 10:00:00,2614.31,2622.84,2611.21,2620.99,3408815,2024-01-12 10:59:59.999,13023.40339281,18459,2057561,7861.2129326,0
2024-01-12 11:00:00,2620.99,2667.75,2618.74,2647.34,11748920,2024-01-12 11:59:59.999,44408.53492816,40940,5818723,22002.10154025,0
2024-01-12 12:00:00,2647.34,2680.0,2633.35,2650.31,10453181,2024-01-12 12:59:59.999,39314.31327213,41361,5004281,18820.65015956,0
2024-01-12 13:00:00,2650.31,2691.25,2645.04,2673.29,9015321,2024-01-12 13:59:59.999,33707.58168094,39388,4541731,16985.22204923,0
2024-01-12 14:00:00,2673.28,2713.15,2661.23,2706.23,15281062,2024-01-12 14:59:59.999,56902.80570943,59610,7878856,29336.38737011,0
2024-01-12 15:00:00,2706.23,2718.19,2636.84,2646.89,22506037,2024-01-12 15:59:59.999,84312.37605862,80313,10660340,39941.91721112,0
2024-01-12 16:00:00,2646.63,2687.79,2601.04,2620.54,22333711,2024-01-12 16:59:59.999,84355.18416354,87616,11588488,43770.41275335,0
2024-01-12 17:00:00,2620.55,2631.33,2556.73,2601.91,19839338,2024-01-12 17:59:59.999,76544.34224549,73925,9725282,37513.59377007,0
2024-01-12 18:00:00,2601.91,2610.14,2577.72,2594.1,6412646,2024-01-12 18:59:59.999,24685.25665111,30262,3186762,12269.02352618,0
2024-01-12 19:00:00,2594.1,2612.29,2581.13,2583.19,3563723,2024-01-12 19:59:59.999,13720.08412299,22153,1849439,7119.64765907,0
2024-01-12 20:00:00,2583.19,2598.68,2566.01,2570.39,4534192,2024-01-12 20:59:59.999,17561.93193273,25963,2204588,8538.32400817,0
2024-01-12 21:00:00,2570.53,2576.81,2501.6,2526.49,15428393,2024-01-12 21:59:59.999,60864.5392365,59921,6742897,26602.21453479,0
2024-01-12 22:00:00,2526.5,2529.19,2456.03,2498.16,24800004,2024-01-12 22:59:59.999,99383.07978332,86889,13642907,54648.80658476,0
2024-01-12 23:00:00,2498.15,2530.39,2496.64,2521.95,7420818,2024-01-12 23:59:59.999,29489.57400885,32448,3836692,15245.97784258,0
2024-01-13 00:00:00,2522.04,2537.15,2516.0,2517.39,3575576,2024-01-13 00:59:59.999,14147.65450825,18910,1740964,6888.00382415,0
2024-01-13 01:00:00,2517.26,2527.85,2497.04,2524.76,5495839,2024-01-13 01:59:59.999,21877.14075203,28077,2690577,10709.10551901,0
2024-01-13 02:00:00,2524.77,2553.6,2518.84,2544.86,6597970,2024-01-13 02:59:59.999,25974.78041718,26468,2963313,11673.45439278,0
2024-01-13 03:00:00,2544.86,2555.62,2536.16,2547.58,3004164,2024-01-13 03:59:59.999,11799.20654166,15360,1404632,5517.07307098,0
2024-01-13 04:00:00,2547.65,2548.56,2538.33,2546.71,2258068,2024-01-13 04:59:59.999,8877.54972997,12565,1150654,4523.11704598,0
2024-01-13 05:00:00,2546.54,2554.48,2538.88,2553.53,2285568,2024-01-13 05:59:59.999,8974.39230529,12184,1130433,4438.60987529,0
2024-01-13 06:00:00,2553.53,2553.54,2541.0,2551.04,4047178,2024-01-13 06:59:59.999,15891.49845104,14144,1911568,7506.86349591,0
2024-01-13 07:00:00,2551.05,2560.55,2546.88,2549.94,2881332,2024-01-13 07:59:59.999,11283.09845469,11457,1589657,6225.69751998,0
2024-01-13 08:00:00,2549.95,2559.75,2548.92,2554.8,2824051,2024-01-13 08:59:59.999,11058.41447367,11632,1290779,5055.23557892,0
2024-01-13 09:00:00,2554.8,2556.68,2537.37,2540.43,3904210,2024-01-13 09:59:59.999,15344.63367474,17346,1698136,6674.26770953,0
2024-01-13 10:00:00,2540.43,2541.69,2517.5,2530.84,7189103,2024-01-13 10:59:59.999,28423.85883091,22487,2818826,11141.42369418,0
2024-01-13 11:00:00,2530.85,2545.0,2529.24,2542.5,2841693,2024-01-13 11:59:59.999,11195.30018137,15583,1409431,5553.35399039,0
2024-01-13 12:00:00,2542.32,2551.27,2535.46,2542.26,4212980,2024-01-13 12:59:59.999,16556.24144078,15010,2153540,8463.34818805,0
2024-01-13 13:00:00,2542.25,2549.28,2537.19,2542.03,2521520,2024-01-13 13:59:59.999,9910.02881266,11524,1278842,5026.2919657,0
2024-01-13 14:00:00,2542.03,2545.11,2531.3,2538.96,9306667,2024-01-13 14:59:59.999,36668.86458479,21874,4745503,18699.84710532,0
2024-01-13 15:00:00,2538.95,2565.48,2538.95,2563.28,4454690,2024-01-13 15:59:59.999,17421.8429478,16859,2441712,9548.46291203,0
2024-01-13 16:00:00,2563.27,2571.7,2550.0,2556.65,8241837,2024-01-13 16:59:59.999,32189.29688913,26174,4095158,15994.46491244,0
2024-01-13 17:00:00,2556.65,2565.99,2548.78,2555.09,12718554,2024-01-13 17:59:59.999,49713.01254389,23206,6306702,24654.09856692,0
2024-01-13 18:00:00,2555.09,2572.96,2551.52,2560.51,4217746,2024-01-13 18:59:59.999,16484.59674882,11793,2135788,8348.12922279,0
2024-01-13 19:00:00,2560.03,2579.52,2559.29,2571.06,5173513,2024-01-13 19:59:59.999,20125.73542237,17313,2766613,10762.43621781,0
2024-01-13 20:00:00,2571.06,2580.75,2566.08,2568.05,2175624,2024-01-13 20:59:59.999,8458.39959202,10769,1048010,4075.44225784,0
2024-01-13 21:00:00,2568.05,2573.95,2562.39,2572.83,1000783,2024-01-13 21:59:59.999,3897.22273188,7928,472591,1840.19004609,0
2024-01-13 22:00:00,2572.84,2577.36,2566.1,2577.35,772371,2024-01-13 22:59:59.999,3003.93375396,6676,352194,1369.63342776,0
2024-01-13 23:00:00,2577.36,2589.67,2572.59,2577.71,2532590,2024-01-13 23:59:59.999,9809.18633491,13331,1018591,3945.88509093,0
2024-01-14 00:00:00,2577.71,2578.4,2560.58,2564.24,2290231,2024-01-14 00:59:59.999,8914.06108734,13726,1073700,4179.5958444,0
2024-01-14 01:00:00,2564.0,2574.53,2561.99,2569.14,1352747,2024-01-14 01:59:59.999,5265.40239716,10023,705928,2748.23846313,0
2024-01-14 02:00:00,2569.14,2570.89,2555.22,2560.39,1330569,2024-01-14 02:59:59.999,5196.9638135,9467,572804,2237.18261802,0
2024-01-14 03:00:00,2560.2,2564.51,2549.89,2550.71,3224212,2024-01-14 03:59:59.999,12614.70912059,15100,1520198,5947.68682307,0
2024-01-14 04:00:00,2550.71,2555.76,2542.25,2543.97,2472364,2024-01-14 04:59:59.999,9699.39341104,13397,1169426,4587.63359599,0
2024-01-14 05:00:00,2543.97,2555.56,2543.14,2552.2,1198139,2024-01-14 05:59:59.999,4698.22442915,8415,659413,2586.06038534,0
2024-01-14 06:00:00,2552.19,2555.7,2548.0,2552.25,737464,2024-01-14 06:59:59.999,2888.87665982,6407,393171,1540.29537955,0
2024-01-14 07:00:00,2552.25,2553.75,2543.76,2550.62,1363054,2024-01-14 07:59:59.999,5347.64318766,8844,756602,2968.6739451,0
2024-01-14 08:00:00,2550.62,2553.13,2544.55,2553.13,1260087,2024-01-14 08:59:59.999,4944.88793588,8576,716786,2812.67168409,0
2024-01-14 09:00:00,2553.13,2553.59,2539.48,2553.59,1135152,2024-01-14 09:59:59.999,4456.22474025,7831,527614,2070.84210087,0
2024-01-14 10:00:00,2553.59,2553.75,2538.85,2541.85,1054446,2024-01-14 10:59:59.999,4141.82665405,7382,469302,1843.31738321,0
2024-01-14 11:00:00,2541.84,2546.7,2534.15,2537.0,1815933,2024-01-14 11:59:59.999,7148.36572199,9670,867631,3414.51195996,0
2024-01-14 12:00:00,2537.0,2546.24,2533.26,2536.77,1273538,2024-01-14 12:59:59.999,5014.59986663,9115,681987,2685.35858416,0
2024-01-14 13:00:00,2536.77,2538.39,2524.0,2533.61,2633950,2024-01-14 13:59:59.999,10395.97838279,12466,1290200,5091.94038935,0
2024-01-14 14:00:00,2533.61,2542.8,2530.76,2541.16,1900739,2024-01-14 14:59:59.999,7491.3863746,11225,977588,3853.4759074,0
2024-01-14 15:00:00,2541.17,2545.78,2535.21,2537.89,1491807,2024-01-14 15:59:59.999,5872.44179733,9286,772274,3039.87262714,0
2024-01-14 16:00:00,2537.89,2544.44,2521.33,2528.19,3685691,2024-01-14 16:59:59.999,14538.2239359,16605,1524079,6013.51757906,0
2024-01-14 17:00:00,2528.07,2539.16,2524.81,2531.61,3101234,2024-01-14 17:59:59.999,12245.47340903,12651,1473193,5816.63743602,0
2024-01-14 18:00:00,2531.6,2538.05,2522.15,2532.04,1666577,2024-01-14 18:59:59.999,6587.71786571,10635,922184,3645.49708477,0
2024-01-14 19:00:00,2532.04,2533.19,2500.0,2501.33,3579229,2024-01-14 19:59:59.999,14248.4152557,17136,1336300,5318.43963966,0
2024-01-14 20:00:00,2501.34,2519.48,2480.0,2509.08,4810030,2024-01-14 20:59:59.999,19233.25702806,23512,2389830,9547.73635218,0
2024-01-14 21:00:00,2509.08,2527.58,2498.71,2527.19,2692288,2024-01-14 21:59:59.999,10720.19424034,16373,1281527,5101.98239576,0
2024-01-14 22:00:00,2527.19,2531.84,2502.66,2508.6,2055852,2024-01-14 22:59:59.999,8165.86582787,12390,1069237,4246.68706533,0
2024-01-14 23:00:00,2508.61,2511.1,2469.85,2473.01,9643364,2024-01-14 23:59:59.999,38829.69920629,40085,4433821,17855.58967874,0
2024-01-15 00:00:00,2473.0,2503.27,2471.41,2495.77,5338004,2024-01-15 00:59:59.999,21434.56855761,23134,2936600,11793.17035573,0
2024-01-15 01:00:00,2495.96,2514.02,2488.4,2506.51,6576310,2024-01-15 01:59:59.999,26273.57102043,19771,3320343,13264.94188761,0
2024-01-15 02:00:00,2506.5,2507.28,2494.68,2506.42,2844826,2024-01-15 02:59:59.999,11370.28310445,12066,1484018,5931.25861897,0
2024-01-15 03:00:00,2506.41,2515.34,2503.49,2504.26,2451077,2024-01-15 03:59:59.999,9768.10510255,11670,1518653,6052.53913397,0
2024-01-15 04:00:00,2504.28,2513.39,2504.27,2510.69,884735,2024-01-15 04:59:59.999,3526.95751975,7385,537928,2144.59642234,0
2024-01-15 05:00:00,2510.69,2519.98,2510.45,2518.99,2258456,2024-01-15 05:59:59.999,8977.72744046,10571,1230725,4891.39349688,0
2024-01-15 06:00:00,2518.99,2521.78,2511.47,2513.71,1461755,2024-01-15 06:59:59.999,5809.19813714,8346,651861,2590.29463638,0
2024-01-15 07:00:00,2513.71,2517.12,2503.62,2513.71,1186432,2024-01-15 07:59:59.999,4725.5215871,8667,495847,1975.11047338,0
2024-01-15 08:00:00,2513.72,2518.46,2507.55,2513.4,1023683,2024-01-15 08:59:59.999,4072.62808041,7852,573674,2282.33780909,0
2024-01-15 09:00:00,2513.35,2533.42,2510.05,2527.93,1461658,2024-01-15 09:59:59.999,5791.11579128,9656,767669,3042.07340717,0
2024-01-15 10:00:00,2528.07,2542.02,2525.64,2535.15,2159182,2024-01-15 10:59:59.999,8523.76131353,11107,1002450,3956.9165421,0
2024-01-15 11:00:00,2535.15,2542.68,2532.0,2539.25,1448382,2024-01-15 11:59:59.999,5708.05044297,9217,727051,2865.70447151,0
2024-01-15 12:00:00,2539.25,2547.72,2533.57,2540.83,2096699,2024-01-15 12:59:59.999,8249.25856343,12788,926109,3643.61211886,0
2024-01-15 13:00:00,2540.83,2549.16,2535.25,2538.91,1647408,2024-01-15 13:59:59.999,6481.33692056,11493,800645,3150.25839666,0
2024-01-15 14:00:00,2538.91,2540.2,2504.56,2507.77,6074631,2024-01-15 14:59:59.999,24091.00026998,21764,2439589,9673.76572187,0
2024-01-15 15:00:00,2507.77,2524.93,2507.77,2514.33,2418262,2024-01-15 15:59:59.999,9613.79638109,12500,1334351,5304.86602198,0
2024-01-15 16:00:00,2514.32,2527.0,2514.02,2524.05,1877166,2024-01-15 16:59:59.999,7449.5196079,10464,850958,3376.58850779,0
2024-01-15 17:00:00,2523.73,2536.6,2523.73,2531.78,1259980,2024-01-15 17:59:59.999,4976.88302287,9244,639096,2524.79328506,0
2024-01-15 18:00:00,2531.79,2553.46,2531.79,2539.47,3532750,2024-01-15 18:59:59.999,13887.21290998,16939,1890244,7430.5995716,0
2024-01-15 19:00:00,2539.47,2545.57,2530.27,2534.22,2074587,2024-01-15 19:59:59.999,8176.18795664,10014,920493,3627.62024434,0
2024-01-15 20:00:00,2534.22,2538.93,2524.86,2529.85,859555,2024-01-15 20:59:59.999,3395.93381229,7248,424748,1678.21084914,0
2024-01-15 21:00:00,2529.81,2529.81,2520.8,2521.12,997462,2024-01-15 21:59:59.999,3951.98271599,6669,538344,2133.26831151,0
2024-01-15 22:00:00,2521.13,2524.47,2498.72,2513.03,2579483,2024-01-15 22:59:59.999,10275.44141891,12451,1291367,5145.06794051,0
2024-01-15 23:00:00,2513.06,2519.18,2510.05,2511.39,1409530,2024-01-15 23:59:59.999,5605.40603924,8781,705616,2806.13886831,0
2024-01-16 00:00:00,2511.17,2515.64,2505.51,2508.31,1277869,2024-01-16 00:59:59.999,5090.91153933,9894,581400,2316.5690271,0
2024-01-16 01:00:00,2508.3,2522.41,2503.7,2512.7,2049504,2024-01-16 01:59:59.999,8154.68914398,11642,1288922,5128.31925298,0
2024-01-16 02:00:00,2513.05,2527.8,2511.5,2516.94,1357105,2024-01-16 02:59:59.999,5385.69491076,9937,728020,2889.66009679,0
2024-01-16 03:00:00,2516.94,2537.87,2515.75,2537.46,3453795,2024-01-16 03:59:59.999,13673.81488,13258,2018789,7994.05910624,0
2024-01-16 04:00:00,2537.37,2539.15,2526.0,2529.76,1166869,2024-01-16 04:59:59.999,4608.26973499,8388,548982,2167.98100242,0
2024-01-16 05:00:00,2529.76,2541.77,2527.08,2530.04,1163687,2024-01-16 05:59:59.999,4591.8337286,8734,494669,1952.25148716,0
2024-01-16 06:00:00,2530.03,2536.65,2525.76,2534.37,1201717,2024-01-16 06:59:59.999,4749.42308648,6352,525742,2077.46814,0
2024-01-16 07:00:00,2534.46,2536.34,2521.81,2527.38,1042995,2024-01-16 07:59:59.999,4124.9696838,6471,495559,1960.21985201,0
2024-01-16 08:00:00,2527.39,2544.52,2522.29,2543.33,1840870,2024-01-16 08:59:59.999,7266.62548929,10560,1079684,4261.80923637,0
2024-01-16 09:00:00,2543.34,2549.0,2536.71,2541.59,1759543,2024-01-16 09:59:59.999,6920.31343134,11551,852064,3350.95582502,0
2024-01-16 10:00:00,2541.59,2542.72,2528.22,2532.35,1662333,2024-01-16 10:59:59.999,6562.59502209,10408,545520,2153.07304008,0
2024-01-16 11:00:00,2532.35,2536.4,2520.91,2529.77,1801891,2024-01-16 11:59:59.999,7128.11116767,10065,694723,2747.85175583,0
2024-01-16 12:00:00,2529.77,2547.94,2528.0,2547.0,2551634,2024-01-16 12:59:59.999,10044.46055521,13416,1684341,6629.26630567,0
2024-01-16 13:00:00,2547.0,2547.73,2523.67,2525.46,3056224,2024-01-16 13:59:59.999,12054.25962088,15857,1158096,4567.84002992,0
2024-01-16 14:00:00,2525.46,2538.15,2498.96,2533.9,7951274,2024-01-16 14:59:59.999,31573.28616034,37538,3561513,14139.66711355,0
2024-01-16 15:00:00,2534.83,2570.7,2525.28,2559.53,8404502,2024-01-16 15:59:59.999,32915.90653027,42367,3989863,15627.60100072,0
2024-01-16 16:00:00,2559.53,2579.12,2548.27,2575.76,5058784,2024-01-16 16:59:59.999,19745.5615086,29211,2402757,9374.42448645,0
2024-01-16 17:00:00,2575.76,2579.0,2561.24,2563.44,3052062,2024-01-16 17:59:59.999,11882.57745871,14779,1200165,4673.3953414,0
2024-01-16 18:00:00,2563.44,2569.08,2554.54,2558.89,2253251,2024-01-16 18:59:59.999,8795.07627942,13281,1061672,4143.9568921,0
2024-01-16 19:00:00,2559.07,2576.0,2555.29,2573.92,1404045,2024-01-16 19:59:59.999,5473.4082227,11648,707932,2759.72716181,0
2024-01-16 20:00:00,2574.21,2588.6,2571.64,2586.68,3361605,2024-01-16 20:59:59.999,13017.99564471,19018,1544364,5981.73977442,0
2024-01-16 21:00:00,2586.59,2613.54,2584.59,2606.7,3920843,2024-01-16 21:59:59.999,15084.14042901,23629,1853420,7131.84658112,0
2024-01-16 22:00:00,2606.7,2611.63,2592.79,2593.12,2503100,2024-01-16 22:59:59.999,9616.60842748,12749,1150231,4418.85841437,0
2024-01-16 23:00:00,2593.12,2604.24,2584.51,2586.47,3741969,2024-01-16 23:59:59.999,14428.34835097,16521,1500396,5784.78459602,0
2024-01-17 00:00:00,2586.47,2591.28,2578.6,2588.12,3090579,2024-01-17 00:59:59.999,11958.44584471,14130,1437666,5563.56325475,0
2024-01-17 01:00:00,2588.11,2591.75,2576.73,2578.15,1923247,2024-01-17 01:59:59.999,7440.1277351,11550,900812,3484.35676252,0
2024-01-17 02:00:00,2578.15,2582.44,2572.48,2576.11,2293684,2024-01-17 02:59:59.999,8897.76905238,11735,1250214,4849.39214844,0
2024-01-17 03:00:00,2576.11,2578.32,2570.32,2570.58,1361699,2024-01-17 03:59:59.999,5289.06910292,8412,678787,2636.17948615,0
2024-01-17 04:00:00,2570.59,2574.57,2561.14,2567.55,1446188,2024-01-17 04:59:59.999,5633.73213657,8569,640109,2493.67420553,0
2024-01-17 05:00:00,2567.54,2571.93,2558.02,2560.92,2622825,2024-01-17 05:59:59.999,10230.29295827,11119,903813,3523.39821622,0
2024-01-17 06:00:00,2560.92,2570.59,2559.46,2561.68,2946990,2024-01-17 06:59:59.999,11483.9548282,12592,1927054,7508.31290474,0
2024-01-17 07:00:00,2561.68,2564.8,2550.69,2551.28,3014476,2024-01-17 07:59:59.999,11791.31007022,13504,1510370,5908.61557173,0
2024-01-17 08:00:00,2551.19,2552.94,2533.33,2544.84,3407756,2024-01-17 08:59:59.999,13406.52860906,17807,1490748,5865.69715382,0
2024-01-17 09:00:00,2544.84,2550.01,2541.05,2542.52,1524139,2024-01-17 09:59:59.999,5986.14122501,10005,859733,3376.41415921,0
2024-01-17 10:00:00,2542.52,2551.25,2538.31,2551.24,2140086,2024-01-17 10:59:59.999,8406.63147336,11190,1303119,5118.55542228,0
2024-01-17 11:00:00,2551.24,2551.97,2539.53,2541.46,1560717,2024-01-17 11:59:59.999,6132.22319501,9806,759435,2983.9951095,0
2024-01-17 12:00:00,2541.46,2551.94,2530.73,2550.71,3658830,2024-01-17 12:59:59.999,14405.83505731,18069,1764875,6948.19312992,0
2024-01-17 13:00:00,2550.71,2551.31,2539.2,2541.64,2137778,2024-01-17 13:59:59.999,8400.39927873,14338,920191,3616.47565589,0
2024-01-17 14:00:00,2541.64,2573.29,2536.49,2548.48,6778483,2024-01-17 14:59:59.999,26563.97022342,28502,3085437,12086.74798698,0
2024-01-17 15:00:00,2548.52,2562.3,2533.59,2538.1,7313601,2024-01-17 15:59:59.999,28705.8871328,29898,3485506,13676.81492456,0
2024-01-17 16:00:00,2537.86,2544.0,2520.47,2533.43,4019418,2024-01-17 16:59:59.999,15860.99311191,21937,1851564,7305.91066132,0
2024-01-17 17:00:00,2533.2,2535.66,2521.62,2528.05,2473830,2024-01-17 17:59:59.999,9783.7651645,12943,1223962,4840.66745379,0
2024-01-17 18:00:00,2528.07,2532.12,2515.0,2530.62,2524838,2024-01-17 18:59:59.999,9999.2398655,13545,1259943,4989.80492644,0
2024-01-17 19:00:00,2530.79,2537.87,2527.14,2531.74,1767705,2024-01-17 19:59:59.999,6978.65246301,10983,868354,3428.43175241,0
2024-01-17 20:00:00,2531.88,2541.65,2528.91,2538.33,2806009,2024-01-17 20:59:59.999,11068.44712785,14082,1314395,5185.13384284,0
2024-01-17 21:00:00,2538.58,2543.46,2522.48,2524.8,1620791,2024-01-17 21:59:59.999,6394.32813755,10920,738808,2914.64743028,0
2024-01-17 22:00:00,2524.81,2529.34,2504.32,2527.03,2652736,2024-01-17 22:59:59.999,10542.20029062,12560,1127536,4481.47320007,0
2024-01-17 23:00:00,2526.66,2530.33,2519.28,2528.6,1301444,2024-01-17 23:59:59.999,5155.87336614,8085,716853,2840.01329287,0
2024-01-18 00:00:00,2528.64,2530.65,2522.82,2528.4,1469996,2024-01-18 00:59:59.999,5816.21181286,8609,728383,2882.35979441,0
2024-01-18 01:00:00,2528.61,2532.04,2508.15,2521.39,1945982,2024-01-18 01:59:59.999,7729.38609842,12840,902476,3585.25336868,0
2024-01-18 02:00:00,2521.39,2530.87,2521.01,2527.21,1235260,2024-01-18 02:59:59.999,4889.11238867,9197,619595,2452.63522278,0
2024-01-18 03:00:00,2527.0,2530.26,2523.88,2527.91,1947065,2024-01-18 03:59:59.999,7703.35245346,9641,937621,3709.93715831,0
2024-01-18 04:00:00,2527.91,2537.49,2525.76,2528.62,2193602,2024-01-18 04:59:59.999,8666.03285598,10886,1257066,4966.27150833,0
2024-01-18 05:00:00,2528.62,2529.94,2523.36,2528.22,1109426,2024-01-18 05:59:59.999,4391.00013328,7912,524932,2077.77447093,0
2024-01-18 06:00:00,2528.22,2534.18,2527.0,2531.75,1031011,2024-01-18 06:59:59.999,4074.50303804,7295,460978,1821.98616187,0
2024-01-18 07:00:00,2531.75,2537.0,2530.22,2536.78,1431616,2024-01-18 07:59:59.999,5649.2579172,7688,705507,2784.17916119,0
2024-01-18 08:00:00,2536.78,2540.77,2534.29,2535.74,1505427,2024-01-18 08:59:59.999,5931.8625219,8241,653634,2575.5215385,0
2024-01-18 09:00:00,2535.74,2547.64,2533.88,2537.56,2392503,2024-01-18 09:59:59.999,9411.77023655,12722,1321753,5199.55542237,0
2024-01-18 10:00:00,2537.55,2539.68,2512.99,2514.33,2287581,2024-01-18 10:59:59.999,9061.48058332,11842,1035998,4104.82316179,0
2024-01-18 11:00:00,2514.29,2522.02,2513.4,2520.76,1625212,2024-01-18 11:59:59.999,6456.72150318,10421,846122,3361.62967649,0
2024-01-18 12:00:00,2520.76,2521.14,2503.36,2511.67,2713480,2024-01-18 12:59:59.999,10807.22703385,14329,1147935,4571.79926572,0
2024-01-18 13:00:00,2511.66,2521.52,2501.12,2514.05,2395362,2024-01-18 13:59:59.999,9537.24417977,13900,1388542,5526.70257033,0
2024-01-18 14:00:00,2514.05,2532.58,2512.29,2532.35,2427721,2024-01-18 14:59:59.999,9620.66013577,13104,1282372,5080.12050977,0
2024-01-18 15:00:00,2532.36,2534.43,2522.73,2524.21,1509045,2024-01-18 15:59:59.999,5968.4817791,10371,710276,2809.32930303,0
2024-01-18 16:00:00,2524.35,2524.79,2478.89,2486.15,8526047,2024-01-18 16:59:59.999,34174.00703363,34720,3707568,14864.10155889,0
2024-01-18 17:00:00,2486.25,2496.86,2462.79,2479.52,7095202,2024-01-18 17:59:59.999,28633.56580266,32954,3258469,13143.53686751,0
2024-01-18 18:00:00,2479.35,2483.03,2453.92,2461.08,4874155,2024-01-18 18:59:59.999,19786.0355789,25859,2297103,9324.44321772,0
2024-01-18 19:00:00,2461.08,2473.2,2425.0,2437.27,7264621,2024-01-18 19:59:59.999,29669.70812871,33554,3054107,12467.70513819,0
2024-01-18 20:00:00,2437.23,2459.95,2424.66,2443.98,5806853,2024-01-18 20:59:59.999,23789.50422263,30142,2947457,12070.9649425,0
2024-01-18 21:00:00,2443.81,2462.22,2439.56,2455.55,3132620,2024-01-18 21:59:59.999,12774.63474263,17935,1572877,6414.52894085,0
2024-01-18 22:00:00,2455.54,2471.0,2453.32,2469.3,1857422,2024-01-18 22:59:59.999,7543.00993825,8453,1087033,4415.58844564,0
2024-01-18 23:00:00,2469.3,2470.22,2463.9,2469.95,1475873,2024-01-18 23:59:59.999,5982.06420773,7375,723572,2933.17418494,0
2024-01-19 00:00:00,2469.95,2473.23,2461.2,2467.03,2051713,2024-01-19 00:59:59.999,8318.63402143,10974,1040600,4219.04470166,0
2024-01-19 01:00:00,2466.83,2467.85,2456.06,2461.92,1248720,2024-01-19 01:59:59.999,5070.32695397,7183,606330,2462.05120585,0
2024-01-19 02:00:00,2461.92,2464.04,2450.19,2451.44,1455291,2024-01-19 02:59:59.999,5924.56599133,8662,616371,2509.17779905,0
2024-01-19 03:00:00,2451.39,2461.53,2441.03,2458.74,2988035,2024-01-19 03:59:59.999,12192.13482616,15103,1431351,5839.31120496,0
2024-01-19 04:00:00,2458.74,2464.41,2455.1,2460.34,1195014,2024-01-19 04:59:59.999,4856.79200969,7520,646424,2627.3614709,0
2024-01-19 05:00:00,2460.34,2466.77,2457.49,2462.95,835599,2024-01-19 05:59:59.999,3392.07078752,4628,458925,1863.10523378,0
2024-01-19 06:00:00,2462.95,2471.96,2460.59,2469.52,1194985,2024-01-19 06:59:59.999,4844.94114851,6966,608755,2468.2489909,0
2024-01-19 07:00:00,2469.53,2472.95,2462.24,2462.67,2374467,2024-01-19 07:59:59.999,9620.22566252,9700,1035181,4192.62882834,0
2024-01-19 08:00:00,2462.67,2475.0,2458.21,2471.33,1341345,2024-01-19 08:59:59.999,5442.13345172,9014,710849,2883.52590728,0
2024-01-19 09:00:00,2471.33,2481.7,2470.67,2480.44,1748307,2024-01-19 09:59:59.999,7059.06013609,11289,930912,3759.06949509,0
2024-01-19 10:00:00,2480.43,2492.71,2479.49,2488.69,2152500,2024-01-19 10:59:59.999,8653.1540403,11528,1148237,4616.29969169,0
2024-01-19 11:00:00,2488.69,2491.3,2483.4,2487.07,1026630,2024-01-19 11:59:59.999,4127.51056406,7450,469854,1889.00443184,0
2024-01-19 12:00:00,2487.08,2487.57,2479.7,2484.19,1322466,2024-01-19 12:59:59.999,5325.27082405,8056,583734,2350.76335032,0
2024-01-19 13:00:00,2484.19,2495.85,2481.82,2495.85,1867532,2024-01-19 13:59:59.999,7506.10628219,9308,1019964,4099.65614914,0
2024-01-19 14:00:00,2495.85,2498.53,2468.28,2473.08,3961524,2024-01-19 14:59:59.999,15974.65754221,19857,1786783,7204.94539636,0
2024-01-19 15:00:00,2473.08,2480.94,2458.67,2461.4,6604308,2024-01-19 15:59:59.999,26762.28868945,26696,3046238,12344.50233491,0
2024-01-19 16:00:00,2461.41,2466.72,2412.6,2427.21,10913692,2024-01-19 16:59:59.999,44785.37179151,46203,4894454,20083.63947631,0
2024-01-19 17:00:00,2427.22,2470.39,2415.18,2469.5,8701530,2024-01-19 17:59:59.999,35547.16449074,37543,4983905,20349.00449998,0
2024-01-19 18:00:00,2469.49,2503.27,2460.15,2494.53,6146533,2024-01-19 18:59:59.999,24751.17007652,28102,3256065,13114.13848199,0
2024-01-19 19:00:00,2494.53,2496.47,2479.85,2491.54,2922355,2024-01-19 19:59:59.999,11742.63835588,16136,1486953,5975.84860997,0
2024-01-19 20:00:00,2491.54,2502.85,2481.02,2483.47,3188047,2024-01-19 20:59:59.999,12795.64899094,16502,1383499,5551.66214786,0
2024-01-19 21:00:00,2483.47,2491.67,2479.57,2487.88,1788726,2024-01-19 21:59:59.999,7199.28522945,10425,943443,3797.63122218,0
2024-01-19 22:00:00,2487.73,2492.34,2482.27,2489.45,551940,2024-01-19 22:59:59.999,2220.48440937,5544,292436,1176.61803723,0
2024-01-19 23:00:00,2489.45,2496.32,2484.88,2490.5,1419977,2024-01-19 23:59:59.999,5700.28268867,8415,726054,2915.04535804,0
2024-01-20 00:00:00,2490.51,2490.53,2473.56,2474.79,1434135,2024-01-20 00:59:59.999,5778.69357554,8335,613335,2471.63046997,0
2024-01-20 01:00:00,2474.79,2489.81,2474.25,2488.39,1105665,2024-01-20 01:59:59.999,4451.05952989,8360,612217,2464.95794681,0
2024-01-20 02:00:00,2488.39,2488.61,2479.61,2485.0,795315,2024-01-20 02:59:59.999,3202.85691948,7092,341872,1377.1200499,0
2024-01-20 03:00:00,2485.0,2485.38,2475.0,2480.47,821864,2024-01-20 03:59:59.999,3315.67720137,6501,386056,1557.71127008,0
2024-01-20 04:00:00,2480.64,2483.77,2477.24,2482.44,650207,2024-01-20 04:59:59.999,2620.79728004,5080,332065,1338.39742056,0
2024-01-20 05:00:00,2482.44,2483.68,2474.57,2476.87,740798,2024-01-20 05:59:59.999,2989.50966209,5403,309385,1248.39977097,0
2024-01-20 06:00:00,2476.86,2483.93,2476.26,2482.14,766636,2024-01-20 06:59:59.999,3089.43801435,6066,510552,2057.27329667,0
2024-01-20 07:00:00,2482.13,2486.39,2477.87,2478.08,741461,2024-01-20 07:59:59.999,2986.58953309,4886,315458,1270.35956274,0
2024-01-20 08:00:00,2478.21,2479.89,2470.51,2473.67,2164331,2024-01-20 08:59:59.999,8749.58612322,10695,698777,2824.95075609,0
2024-01-20 09:00:00,2473.67,2476.44,2461.5,2464.84,1633265,2024-01-20 09:59:59.999,6618.40509561,9078,651219,2638.27807227,0
2024-01-20 10:00:00,2464.84,2473.66,2464.61,2469.47,745718,2024-01-20 10:59:59.999,3020.41001738,5469,465922,1887.39857573,0
2024-01-20 11:00:00,2469.46,2471.84,2464.79,2469.83,326735,2024-01-20 11:59:59.999,1323.82305287,4839,164232,665.45174635,0
2024-01-20 12:00:00,2469.83,2475.13,2465.94,2467.22,751543,2024-01-20 12:59:59.999,3042.44711922,6596,349848,1416.21332389,0
2024-01-20 13:00:00,2467.22,2473.28,2466.52,2471.13,649653,2024-01-20 13:59:59.999,2629.76167897,5340,326028,1319.79289613,0
2024-01-20 14:00:00,2471.13,2471.99,2458.62,2465.26,1309331,2024-01-20 14:59:59.999,5313.31386351,7286,576263,2338.46218738,0
2024-01-20 15:00:00,2465.41,2473.05,2456.09,2462.73,1307956,2024-01-20 15:59:59.999,5307.02008202,8323,633761,2571.12624006,0
2024-01-20 16:00:00,2462.73,2466.9,2455.41,2457.71,1157038,2024-01-20 16:59:59.999,4700.24735873,6532,569200,2312.12803639,0
2024-01-20 17:00:00,2457.7,2463.2,2455.81,2461.25,1016935,2024-01-20 17:59:59.999,4134.27630234,5888,558599,2270.4296452,0
2024-01-20 18:00:00,2461.25,2461.25,2452.73,2456.5,1115338,2024-01-20 18:59:59.999,4540.22521283,6682,448464,1825.68846032,0
2024-01-20 19:00:00,2456.5,2462.17,2456.4,2460.1,525766,2024-01-20 19:59:59.999,2137.74821862,5855,239883,975.44178144,0
2024-01-20 20:00:00,2460.1,2471.31,2458.57,2465.51,846480,2024-01-20 20:59:59.999,3431.86287914,6369,507250,2056.73434734,0
2024-01-20 21:00:00,2465.5,2471.38,2463.78,2463.78,557562,2024-01-20 21:59:59.999,2259.22657904,5302,260466,1055.42739377,0
2024-01-20 22:00:00,2463.79,2472.26,2463.78,2470.23,559787,2024-01-20 22:59:59.999,2268.12480296,5253,295962,1199.37930021,0
2024-01-20 23:00:00,2470.23,2473.08,2466.89,2470.71,578680,2024-01-20 23:59:59.999,2342.40377908,5356,242519,981.74498795,0
2024-01-21 00:00:00,2470.71,2470.71,2463.65,2464.42,421950,2024-01-21 00:59:59.999,1710.61781129,4678,206985,839.19175439,0
2024-01-21 01:00:00,2464.42,2472.0,2463.96,2468.16,597616,2024-01-21 01:59:59.999,2421.98038095,5389,339864,1377.60317522,0
2024-01-21 02:00:00,2468.16,2476.32,2468.09,2476.32,556314,2024-01-21 02:59:59.999,2249.66442554,5213,307604,1244.05191608,0
2024-01-21 03:00:00,2476.32,2480.59,2472.42,2474.58,786698,2024-01-21 03:59:59.999,3176.07406737,6749,422852,1706.98117508,0
2024-01-21 04:00:00,2474.58,2475.03,2471.86,2473.49,284904,2024-01-21 04:59:59.999,1151.9235227,4415,132027,533.82412092,0
2024-01-21 05:00:00,2473.49,2474.97,2472.13,2472.6,303549,2024-01-21 05:59:59.999,1227.15923454,3826,143728,581.12590445,0
2024-01-21 06:00:00,2472.59,2474.36,2468.25,2469.22,339955,2024-01-21 06:59:59.999,1375.69195463,3893,139063,562.71205177,0
2024-01-21 07:00:00,2469.22,2474.74,2465.76,2474.74,321070,2024-01-21 07:59:59.999,1299.7473624,3334,184588,747.21096788,0
2024-01-21 08:00:00,2474.74,2478.59,2471.52,2473.6,543982,2024-01-21 08:59:59.999,2197.68967892,4170,236747,956.47987348,0
2024-01-21 09:00:00,2473.6,2477.23,2472.54,2477.11,290679,2024-01-21 09:59:59.999,1174.47258545,2963,164898,666.26179085,0
2024-01-21 10:00:00,2477.12,2482.12,2475.48,2479.69,774497,2024-01-21 10:59:59.999,3123.24655824,5099,424265,1710.89115867,0
2024-01-21 11:00:00,2479.69,2480.93,2472.0,2473.5,476779,2024-01-21 11:59:59.999,1925.12920597,4129,227193,917.49804141,0
2024-01-21 12:00:00,2473.5,2474.83,2471.0,2471.14,524914,2024-01-21 12:59:59.999,2122.75885023,3847,253774,1026.29535795,0
2024-01-21 13:00:00,2471.14,2479.82,2471.14,2478.65,698970,2024-01-21 13:59:59.999,2822.68120272,4733,394152,1591.57859161,0
2024-01-21 14:00:00,2478.66,2480.33,2473.51,2476.86,815601,2024-01-21 14:59:59.999,3292.76654501,5520,267884,1081.40714197,0
2024-01-21 15:00:00,2476.86,2479.46,2462.27,2466.45,1143289,2024-01-21 15:59:59.999,4630.41048335,7008,461274,1867.65180762,0
2024-01-21 16:00:00,2466.44,2472.73,2462.9,2470.44,684397,2024-01-21 16:59:59.999,2773.21437657,6058,307827,1247.2040438,0
2024-01-21 17:00:00,2470.43,2475.15,2470.01,2473.17,432332,2024-01-21 17:59:59.999,1748.06290984,3754,215667,872.03444112,0
2024-01-21 18:00:00,2473.17,2477.54,2469.98,2473.48,450940,2024-01-21 18:59:59.999,1822.18914095,3768,253765,1025.35655387,0
2024-01-21 19:00:00,2473.6,2474.0,2470.0,2473.18,451442,2024-01-21 19:59:59.999,1826.29654541,3338,224958,910.14430138,0
2024-01-21 20:00:00,2473.17,2474.28,2465.37,2465.91,487450,2024-01-21 20:59:59.999,1972.97749795,3979,155746,630.37845554,0
2024-01-21 21:00:00,2465.91,2472.89,2464.19,2472.13,378248,2024-01-21 21:59:59.999,1532.69576363,3894,168514,682.78377511,0
2024-01-21 22:00:00,2472.13,2472.33,2458.51,2460.59,874720,2024-01-21 22:59:59.999,3551.52533318,6001,368030,1494.24175637,0
2024-01-21 23:00:00,2460.59,2462.24,2450.0,2455.49,1659215,2024-01-21 23:59:59.999,6759.05060341,9159,730793,2976.97409362,0
2024-01-22 00:00:00,2455.49,2463.04,2450.68,2460.54,1591314,2024-01-22 00:59:59.999,6477.85763778,8616,788695,3210.41628493,0
2024-01-22 01:00:00,2460.53,2464.51,2433.97,2437.83,4840492,2024-01-22 01:59:59.999,19814.71378932,19736,2214456,9066.12761622,0
2024-01-22 02:00:00,2437.83,2444.98,2431.01,2435.04,1703827,2024-01-22 02:59:59.999,6992.4195653,9361,828149,3398.70727627,0
2024-01-22 03:00:00,2435.04,2438.25,2422.55,2435.66,2402766,2024-01-22 03:59:59.999,9886.66285396,10446,1118047,4600.38484202,0
2024-01-22 04:00:00,2435.66,2436.87,2414.52,2415.06,3418606,2024-01-22 04:59:59.999,14113.4398929,14202,1479611,6108.35417853,0
2024-01-22 05:00:00,2415.07,2429.75,2401.0,2424.81,5647825,2024-01-22 05:59:59.999,23406.81094889,21639,2780687,11522.11707817,0
2024-01-22 06:00:00,2424.82,2433.63,2418.83,2428.64,3104792,2024-01-22 06:59:59.999,12789.3830456,10931,1372338,5654.22456558,0
2024-01-22 07:00:00,2428.64,2429.1,2416.16,2418.95,1626684,2024-01-22 07:59:59.999,6710.1546674,7313,853790,3521.38674397,0
2024-01-22 08:00:00,2418.95,2418.95,2393.15,2409.72,5658728,2024-01-22 08:59:59.999,23537.40045393,20914,2562196,10655.64688642,0
2024-01-22 09:00:00,2409.72,2415.0,2382.89,2387.37,6286529,2024-01-22 09:59:59.999,26218.827264,21230,3239856,13514.16874151,0
2024-01-22 10:00:00,2387.36,2390.92,2360.0,2380.04,9548798,2024-01-22 10:59:59.999,40200.58411421,33900,4256027,17919.37595235,0
2024-01-22 11:00:00,2380.04,2389.26,2375.14,2379.52,2406136,2024-01-22 11:59:59.999,10096.88789887,12478,1148723,4820.81504905,0
2024-01-22 12:00:00,2379.52,2382.35,2366.52,2376.04,3425942,2024-01-22 12:59:59.999,14432.85560456,14595,1576245,6640.84856053,0
2024-01-22 13:00:00,2376.04,2403.37,2375.35,2386.65,4492743,2024-01-22 13:59:59.999,18799.8607612,19161,2234967,9353.17279876,0
2024-01-22 14:00:00,2386.65,2389.76,2354.23,2369.18,7151055,2024-01-22 14:59:59.999,30174.3739984,26726,3291692,13889.10790527,0
2024-01-22 15:00:00,2369.18,2383.15,2352.08,2377.9,7355414,2024-01-22 15:59:59.999,31109.98822884,28318,3576212,15120.12097933,0
2024-01-22 16:00:00,2378.08,2383.74,2360.65,2364.65,3457990,2024-01-22 16:59:59.999,14588.03604358,16433,1688008,7121.72615652,0
2024-01-22 17:00:00,2364.65,2380.71,2357.1,2375.23,3258973,2024-01-22 17:59:59.999,13751.57220487,15181,1759440,7424.40176617,0
2024-01-22 18:00:00,2375.37,2380.5,2352.0,2365.93,5884915,2024-01-22 18:59:59.999,24869.70025996,21121,2912331,12306.41430308,0
2024-01-22 19:00:00,2366.11,2376.88,2302.85,2319.78,17603179,2024-01-22 19:59:59.999,75402.27917799,60071,8148095,34896.27124855,0
2024-01-22 20:00:00,2319.77,2349.61,2317.02,2339.25,5520174,2024-01-22 20:59:59.999,23622.32037404,25173,2761494,11820.60480546,0
2024-01-22 21:00:00,2339.26,2339.26,2321.4,2325.6,2925609,2024-01-22 21:59:59.999,12556.20517141,15009,1382517,5934.84661479,0
2024-01-22 22:00:00,2325.6,2333.22,2301.01,2318.84,3701827,2024-01-22 22:59:59.999,15965.48437458,15769,1787712,7709.09661284,0
2024-01-22 23:00:00,2318.84,2325.34,2306.77,2312.29,3539049,2024-01-22 23:59:59.999,15292.68982811,16622,1717296,7421.35599556,0
2024-01-23 00:00:00,2312.28,2328.23,2310.65,2324.04,3245645,2024-01-23 00:59:59.999,13986.11814376,18228,1505266,6487.89884574,0
2024-01-23 01:00:00,2324.05,2334.34,2322.21,2332.47,2508674,2024-01-23 01:59:59.999,10779.40388541,12705,1349903,5800.6719825,0
2024-01-23 02:00:00,2332.48,2337.31,2326.76,2336.96,2360613,2024-01-23 02:59:59.999,10119.09694871,10640,1056978,4530.43531711,0
2024-01-23 03:00:00,2336.97,2340.8,2335.45,2337.12,1182818,2024-01-23 03:59:59.999,5059.92680859,6920,577972,2472.52816684,0
2024-01-23 04:00:00,2337.17,2349.77,2337.17,2342.8,1528574,2024-01-23 04:59:59.999,6517.32334968,6946,741543,3162.54029101,0
2024-01-23 05:00:00,2342.8,2348.5,2342.18,2346.66,912644,2024-01-23 05:59:59.999,3890.89192799,6369,473239,2017.67994109,0
2024-01-23 06:00:00,2346.66,2349.18,2342.0,2344.44,883798,2024-01-23 06:59:59.999,3768.19289724,6179,400815,1709.02786011,0
2024-01-23 07:00:00,2344.44,2346.09,2315.0,2322.42,3585446,2024-01-23 07:59:59.999,15397.26874807,16941,1686413,7242.30472485,0
2024-01-23 08:00:00,2322.41,2325.68,2284.14,2292.48,7848331,2024-01-23 08:59:59.999,34083.01457956,35774,3255109,14131.93894687,0
2024-01-23 09:00:00,2292.47,2295.66,2210.01,2214.1,20096354,2024-01-23 09:59:59.999,89407.6302341,85963,8861332,39421.24929175,0
2024-01-23 10:00:00,2214.1,2238.89,2212.56,2221.8,5834265,2024-01-23 10:59:59.999,26199.91308457,29229,2994613,13448.47497695,0
2024-01-23 11:00:00,2221.8,2232.5,2199.37,2215.25,9549220,2024-01-23 11:59:59.999,43193.75237189,33573,4071936,18410.08423133,0
2024-01-23 12:00:00,2215.25,2224.37,2197.28,2222.37,5499731,2024-01-23 12:59:59.999,24863.44509136,27502,2742574,12398.13762423,0
2024-01-23 13:00:00,2222.3,2222.95,2195.33,2197.47,3568898,2024-01-23 13:59:59.999,16148.96010255,18719,1750143,7919.20062815,0
2024-01-23 14:00:00,2197.46,2197.46,2165.0,2192.29,13772626,2024-01-23 14:59:59.999,63141.73737162,59879,6437603,29515.23136148,0
2024-01-23 15:00:00,2192.12,2230.1,2191.92,2217.26,9817056,2024-01-23 15:59:59.999,44371.15607582,45001,5781347,26133.13743323,0
2024-01-23 16:00:00,2217.1,2218.55,2189.04,2214.02,5654623,2024-01-23 16:59:59.999,25655.30670718,29476,2653028,12039.50003093,0
2024-01-23 17:00:00,2214.11,2228.98,2203.56,2206.26,5843071,2024-01-23 17:59:59.999,26345.11843186,29842,3182143,14344.87364886,0
2024-01-23 18:00:00,2206.26,2222.92,2186.25,2187.68,2986047,2024-01-23 18:59:59.999,13537.51517171,20516,1248726,5658.53717183,0
2024-01-23 19:00:00,2187.62,2194.88,2178.95,2183.73,3684634,2024-01-23 19:59:59.999,16846.02945787,21603,1898555,8679.4719407,0
2024-01-23 20:00:00,2183.74,2201.55,2181.18,2197.14,2821005,2024-01-23 20:59:59.999,12862.33500037,17801,1443609,6583.14133473,0
2024-01-23 21:00:00,2197.09,2204.22,2187.17,2201.21,1933659,2024-01-23 21:59:59.999,8806.21979913,13945,977548,4452.55300498,0
2024-01-23 22:00:00,2201.1,2228.35,2200.73,2224.49,2531846,2024-01-23 22:59:59.999,11421.30755194,12168,1361706,6143.65027901,0
2024-01-23 23:00:00,2224.56,2245.84,2224.56,2241.31,4747032,2024-01-23 23:59:59.999,21214.93656013,19626,2621430,11716.33354706,0
2024-01-24 00:00:00,2241.22,2254.78,2230.77,2243.62,4034867,2024-01-24 00:59:59.999,18001.7299046,19442,2159576,9633.49747749,0
2024-01-24 01:00:00,2243.63,2243.86,2219.05,2222.06,5326160,2024-01-24 01:59:59.999,23895.64988731,21361,1911955,8580.24311229,0
2024-01-24 02:00:00,2222.06,2231.64,2220.11,2221.35,1451583,2024-01-24 02:59:59.999,6521.93105367,8602,729947,3278.96070138,0
2024-01-24 03:00:00,2221.35,2224.02,2211.01,2212.34,1661477,2024-01-24 03:59:59.999,7498.63077355,12472,765298,3454.25701174,0
2024-01-24 04:00:00,2212.34,2220.53,2212.27,2213.35,1585947,2024-01-24 04:59:59.999,7153.66568173,9203,1084997,4894.092278,0
2024-01-24 05:00:00,2213.35,2228.44,2213.35,2225.69,1441734,2024-01-24 05:59:59.999,6486.16745848,9046,831540,3741.8265256,0
2024-01-24 06:00:00,2225.69,2232.02,2218.97,2230.88,1406283,2024-01-24 06:59:59.999,6315.76224197,9648,731890,3287.08401255,0
2024-01-24 07:00:00,2230.88,2243.32,2225.88,2232.9,2297882,2024-01-24 07:59:59.999,10275.19355904,13877,1307902,5847.9382489,0
2024-01-24 08:00:00,2233.11,2239.5,2227.53,2234.85,1297257,2024-01-24 08:59:59.999,5807.4520209,11335,590319,2643.18086693,0
2024-01-24 09:00:00,2234.84,2244.79,2232.72,2237.79,1554497,2024-01-24 09:59:59.999,6943.83593638,11570,762954,3408.61276882,0
2024-01-24 10:00:00,2237.77,2263.27,2234.59,2254.74,2570956,2024-01-24 10:59:59.999,11419.42274111,16479,1306658,5804.41529046,0
2024-01-24 11:00:00,2254.78,2255.61,2237.61,2243.1,1822377,2024-01-24 11:59:59.999,8119.04378523,13734,874406,3896.09334959,0
2024-01-24 12:00:00,2243.1,2247.12,2231.9,2233.5,2295063,2024-01-24 12:59:59.999,10242.2838367,13026,1264970,5644.31935421,0
2024-01-24 13:00:00,2233.5,2237.89,2221.21,2227.24,2954534,2024-01-24 13:59:59.999,13243.73742987,13828,1390967,6234.09805104,0
2024-01-24 14:00:00,2227.24,2244.33,2217.45,2229.58,3814131,2024-01-24 14:59:59.999,17101.53940675,21576,1940239,8698.29022978,0
2024-01-24 15:00:00,2229.58,2239.33,2223.56,2234.07,2258587,2024-01-24 15:59:59.999,10120.70627221,15127,1209459,5421.08812454,0
2024-01-24 16:00:00,2233.99,2243.92,2225.6,2241.01,1926854,2024-01-24 16:59:59.999,8622.75724941,12781,1016478,4549.48895931,0
2024-01-24 17:00:00,2241.07,2241.8,2230.66,2236.14,1886632,2024-01-24 17:59:59.999,8436.82468173,12131,920770,4117.58829094,0
2024-01-24 18:00:00,2236.14,2236.35,2201.45,2215.97,4242216,2024-01-24 18:59:59.999,19152.90157815,21364,1856131,8380.95092264,0
2024-01-24 19:00:00,2215.97,2220.97,2204.64,2211.84,2033051,2024-01-24 19:59:59.999,9191.08015311,11594,796005,3597.70027357,0
2024-01-24 20:00:00,2211.83,2224.72,2195.07,2199.31,3252553,2024-01-24 20:59:59.999,14725.49556982,19506,1591374,7202.85481162,0
2024-01-24 21:00:00,2199.2,2216.43,2197.93,2216.43,1908203,2024-01-24 21:59:59.999,8639.85607021,12360,1001736,4534.8544796,0
2024-01-24 22:00:00,2216.45,2222.86,2212.42,2220.39,972386,2024-01-24 22:59:59.999,4382.81421898,7293,427821,1928.82169982,0
2024-01-24 23:00:00,2220.39,2238.74,2219.22,2233.93,1557858,2024-01-24 23:59:59.999,6981.87021905,11269,706445,3166.47939473,0
2024-01-25 00:00:00,2234.0,2239.99,2227.81,2234.31,2977839,2024-01-25 00:59:59.999,13325.91001999,14357,1752488,7840.87767157,0
2024-01-25 01:00:00,2234.31,2234.96,2208.29,2212.89,1938148,2024-01-25 01:59:59.999,8730.16770102,11655,933071,4203.2985961,0
2024-01-25 02:00:00,2212.84,2218.33,2205.62,2208.92,1153900,2024-01-25 02:59:59.999,5214.36446217,8917,536914,2426.8666686,0
2024-01-25 03:00:00,2209.05,2220.27,2208.82,2216.06,1357380,2024-01-25 03:59:59.999,6126.69251614,8092,766673,3460.39754035,0
2024-01-25 04:00:00,2216.06,2217.97,2208.3,2212.52,697930,2024-01-25 04:59:59.999,3152.65989639,7223,267277,1207.49713724,0
2024-01-25 05:00:00,2212.51,2212.52,2202.42,2209.65,1312395,2024-01-25 05:59:59.999,5947.8053192,10244,631761,2863.68084359,0
2024-01-25 06:00:00,2209.64,2225.1,2208.88,2222.9,1264115,2024-01-25 06:59:59.999,5702.05364929,9343,743713,3354.41021422,0
2024-01-25 07:00:00,2222.9,2226.99,2218.56,2226.87,1115007,2024-01-25 07:59:59.999,5016.7095723,8642,604069,2717.66824516,0
2024-01-25 08:00:00,2226.83,2231.9,2219.9,2225.21,1392728,2024-01-25 08:59:59.999,6257.63336523,9499,603433,2710.93724388,0
2024-01-25 09:00:00,2225.2,2230.8,2219.28,2221.89,1074051,2024-01-25 09:59:59.999,4827.03076181,9331,558467,2509.9894346,0
2024-01-25 10:00:00,2221.89,2239.79,2216.57,2237.88,2909196,2024-01-25 10:59:59.999,13054.64588384,14234,1847285,8286.80837787,0
2024-01-25 11:00:00,2237.88,2242.36,2228.5,2230.95,2624258,2024-01-25 11:59:59.999,11736.96669848,16172,1262042,5644.24884213,0
2024-01-25 12:00:00,2230.95,2233.71,2204.25,2208.38,3095686,2024-01-25 12:59:59.999,13974.21363247,19790,1247177,5633.39347318,0
2024-01-25 13:00:00,2208.4,2210.63,2196.91,2204.91,2337304,2024-01-25 13:59:59.999,10606.83265156,17820,1036721,4705.55435046,0
2024-01-25 14:00:00,2204.91,2215.54,2199.99,2210.97,2715760,2024-01-25 14:59:59.999,12296.57645623,17151,1470585,6655.7945368,0
2024-01-25 15:00:00,2211.04,2212.53,2180.66,2187.01,5432520,2024-01-25 15:59:59.999,24776.33934322,23535,2156731,9840.4987476,0
2024-01-25 16:00:00,2187.03,2193.68,2181.78,2184.65,2045637,2024-01-25 16:59:59.999,9350.62378982,15242,1055773,4826.07665431,0
2024-01-25 17:00:00,2184.65,2202.36,2168.96,2202.03,4832686,2024-01-25 17:59:59.999,22133.59591171,23370,2591588,11862.93279837,0
2024-01-25 18:00:00,2202.1,2222.12,2202.1,2210.34,3467393,2024-01-25 18:59:59.999,15676.54978235,21913,1740149,7867.62005006,0
2024-01-25 19:00:00,2210.3,2223.76,2203.13,2217.48,1536856,2024-01-25 19:59:59.999,6941.17696163,12882,871511,3935.50638675,0
2024-01-25 20:00:00,2217.47,2222.1,2210.85,2221.21,1540727,2024-01-25 20:59:59.999,6948.59723538,11360,784220,3537.09027773,0
2024-01-25 21:00:00,2221.22,2229.66,2215.9,2218.2,1697080,2024-01-25 21:59:59.999,7633.06016806,13192,959655,4315.54945721,0
2024-01-25 22:00:00,2218.27,2222.47,2212.53,2220.5,1231215,2024-01-25 22:59:59.999,5555.69609772,7855,605326,2731.16460359,0
2024-01-25 23:00:00,2220.51,2223.66,2216.16,2217.54,753568,2024-01-25 23:59:59.999,3396.284946,8076,358542,1615.97218831,0
2024-01-26 00:00:00,2217.54,2217.94,2210.41,2215.14,723404,2024-01-26 00:59:59.999,3267.13131415,7556,410733,1855.14070444,0
2024-01-26 01:00:00,2215.14,2225.85,2209.65,2223.15,1087969,2024-01-26 01:59:59.999,4906.69410287,9788,643340,2900.49945709,0
2024-01-26 02:00:00,2223.15,2236.86,2222.94,2226.9,2221217,2024-01-26 02:59:59.999,9954.84685554,14607,1241453,5563.63267638,0
2024-01-26 03:00:00,2226.9,2229.88,2220.56,2222.13,720805,2024-01-26 03:59:59.999,3240.4883047,7486,296470,1332.87363487,0
2024-01-26 04:00:00,2222.19,2228.59,2221.28,2223.23,533115,2024-01-26 04:59:59.999,2396.73162686,6618,298962,1344.00492696,0
2024-01-26 05:00:00,2223.23,2224.34,2217.62,2220.11,930054,2024-01-26 05:59:59.999,4187.50583326,7620,381408,1716.98846119,0
2024-01-26 06:00:00,2220.11,2222.72,2210.09,2211.89,1575819,2024-01-26 06:59:59.999,7108.69867712,8406,740286,3339.23908787,0
2024-01-26 07:00:00,2211.88,2213.13,2194.72,2196.35,3434960,2024-01-26 07:59:59.999,15584.27120543,14240,1514042,6870.59678555,0
2024-01-26 08:00:00,2196.36,2214.91,2194.83,2208.26,2205397,2024-01-26 08:59:59.999,9991.19722764,14059,1277296,5787.28895106,0
2024-01-26 09:00:00,2208.26,2223.24,2203.18,2205.14,2374763,2024-01-26 09:59:59.999,10728.34114522,12345,1138702,5142.59960658,0
2024-01-26 10:00:00,2205.14,2239.25,2204.28,2236.75,4687716,2024-01-26 10:59:59.999,21056.82930499,24281,2665814,11978.78117198,0
2024-01-26 11:00:00,2236.75,2259.32,2236.48,2252.94,5593736,2024-01-26 11:59:59.999,24869.07496602,31755,2823586,12552.75491863,0
2024-01-26 12:00:00,2252.94,2264.63,2243.35,2246.46,4801342,2024-01-26 12:59:59.999,21318.14775182,26078,2449304,10872.24033777,0
2024-01-26 13:00:00,2246.52,2250.63,2233.18,2239.87,2179603,2024-01-26 13:59:59.999,9723.59239445,13008,1069870,4771.98229198,0
2024-01-26 14:00:00,2239.87,2257.49,2239.12,2257.49,1403445,2024-01-26 14:59:59.999,6244.49793518,12554,817645,3638.6212562,0
2024-01-26 15:00:00,2257.49,2258.75,2249.0,2256.86,1920572,2024-01-26 15:59:59.999,8520.66039288,16100,801419,3555.66515183,0
2024-01-26 16:00:00,2256.86,2281.99,2255.6,2279.04,5935687,2024-01-26 16:59:59.999,26157.68505398,28271,3378520,14892.16000555,0
2024-01-26 17:00:00,2279.04,2282.02,2266.67,2268.53,2170635,2024-01-26 17:59:59.999,9555.37755206,15815,1035106,4556.63092106,0
2024-01-26 18:00:00,2268.54,2276.16,2263.13,2266.26,1967767,2024-01-26 18:59:59.999,8678.17566359,13696,910895,4017.19730128,0
2024-01-26 19:00:00,2266.26,2266.59,2249.36,2258.18,2682445,2024-01-26 19:59:59.999,11875.27241312,13884,1249010,5530.14454728,0
2024-01-26 20:00:00,2258.18,2262.08,2252.1,2258.3,1649503,2024-01-26 20:59:59.999,7309.01962515,11079,933170,4134.76163355,0
2024-01-26 21:00:00,2258.3,2260.37,2251.67,2259.24,1075725,2024-01-26 21:59:59.999,4770.15401657,6704,524952,2327.78729868,0
2024-01-26 22:00:00,2259.39,2271.42,2257.91,2267.55,1331486,2024-01-26 22:59:59.999,5877.81707506,8089,722383,3189.66602337,0
2024-01-26 23:00:00,2267.55,2269.99,2263.31,2267.15,933067,2024-01-26 23:59:59.999,4116.91578098,6999,384282,1695.53259571,0
2024-01-27 00:00:00,2267.15,2280.0,2264.8,2279.99,1161263,2024-01-27 00:59:59.999,5110.77516842,9195,603416,2655.80398269,0
2024-01-27 01:00:00,2279.99,2282.74,2267.84,2270.12,978243,2024-01-27 01:59:59.999,4299.42741505,8256,438029,1924.97157104,0
2024-01-27 02:00:00,2270.12,2275.0,2269.84,2274.24,397508,2024-01-27 02:59:59.999,1749.26421888,4792,213329,938.80835409,0
2024-01-27 03:00:00,2274.31,2276.25,2271.29,2273.77,589701,2024-01-27 03:59:59.999,2593.17946167,5949,258028,1134.61693861,0
2024-01-27 04:00:00,2273.77,2275.99,2272.64,2274.34,552650,2024-01-27 04:59:59.999,2429.89522722,4532,316889,1393.26436656,0
2024-01-27 05:00:00,2274.34,2274.59,2260.24,2263.22,1228849,2024-01-27 05:59:59.999,5420.89346092,7151,457343,2018.42669136,0
2024-01-27 06:00:00,2263.22,2266.86,2262.3,2263.69,630646,2024-01-27 06:59:59.999,2784.34160123,4876,451234,1992.14914694,0
2024-01-27 07:00:00,2263.69,2266.04,2252.29,2257.89,1255773,2024-01-27 07:59:59.999,5562.91402739,7486,446565,1978.01383612,0
2024-01-27 08:00:00,2257.89,2259.74,2250.36,2253.04,987605,2024-01-27 08:59:59.999,4380.12306275,6912,482897,2141.62521999,0
2024-01-27 09:00:00,2253.04,2267.12,2250.93,2265.32,687806,2024-01-27 09:59:59.999,3041.43921994,6279,385646,1705.61140389,0
2024-01-27 10:00:00,2265.32,2271.24,2262.11,2262.49,623685,2024-01-27 10:59:59.999,2751.84191656,5591,311313,1373.27364976,0
2024-01-27 11:00:00,2262.49,2270.01,2261.03,2264.9,532662,2024-01-27 11:59:59.999,2351.55208985,4318,310503,1370.96220521,0
2024-01-27 12:00:00,2264.97,2269.62,2261.37,2262.93,372135,2024-01-27 12:59:59.999,1642.50549848,4770,208589,920.5625577,0
2024-01-27 13:00:00,2262.93,2267.81,2261.73,2266.73,249370,2024-01-27 13:59:59.999,1100.8245318,3677,116328,513.50502385,0
2024-01-27 14:00:00,2266.73,2274.44,2266.45,2268.58,663826,2024-01-27 14:59:59.999,2925.07421913,5780,384386,1693.56960089,0
2024-01-27 15:00:00,2268.58,2273.3,2266.63,2269.32,475237,2024-01-27 15:59:59.999,2093.78654654,4870,178936,788.2703372,0
2024-01-27 16:00:00,2269.32,2272.96,2262.12,2263.59,983093,2024-01-27 16:59:59.999,4333.51592586,5812,386353,1703.09047288,0
2024-01-27 17:00:00,2263.59,2266.86,2260.63,2264.8,613151,2024-01-27 17:59:59.999,2708.31934329,5141,352335,1556.14171742,0
2024-01-27 18:00:00,2264.8,2270.25,2263.11,2266.15,322328,2024-01-27 18:59:59.999,1421.11038353,4317,168052,740.91564512,0
2024-01-27 19:00:00,2266.15,2276.84,2266.15,2271.94,626690,2024-01-27 19:59:59.999,2756.75059064,6065,391491,1722.15195348,0
2024-01-27 20:00:00,2271.94,2275.09,2269.26,2270.81,284334,2024-01-27 20:59:59.999,1251.70928559,5005,129700,571.0000575,0
2024-01-27 21:00:00,2270.81,2273.93,2266.61,2272.03,595265,2024-01-27 21:59:59.999,2622.35466857,6629,276277,1217.43302951,0
2024-01-27 22:00:00,2272.03,2272.56,2263.87,2265.81,591754,2024-01-27 22:59:59.999,2610.01517606,5604,168461,743.17416424,0
2024-01-27 23:00:00,2265.81,2268.16,2260.95,2267.25,585564,2024-01-27 23:59:59.999,2585.630889,6910,333172,1471.08621815,0
2024-01-28 00:00:00,2267.25,2268.01,2262.5,2266.85,537319,2024-01-28 00:59:59.999,2371.90052049,6282,248254,1095.99702059,0
2024-01-28 01:00:00,2266.93,2288.88,2266.93,2278.69,2502066,2024-01-28 01:59:59.999,10969.66724681,15261,1505158,6597.29304712,0
2024-01-28 02:00:00,2278.69,2284.01,2275.85,2278.88,721992,2024-01-28 02:59:59.999,3165.81721229,7272,364567,1598.69505376,0
2024-01-28 03:00:00,2278.88,2288.46,2277.79,2286.6,767920,2024-01-28 03:59:59.999,3364.63890802,7029,348032,1524.45328712,0
2024-01-28 04:00:00,2286.59,2304.71,2284.24,2303.33,2377159,2024-01-28 04:59:59.999,10363.47611338,15426,1353856,5902.81646498,0
2024-01-28 05:00:00,2303.34,2308.26,2286.58,2290.77,2138077,2024-01-28 05:59:59.999,9306.36000867,14710,1041215,4533.53645868,0
2024-01-28 06:00:00,2290.78,2291.73,2283.58,2287.5,954865,2024-01-28 06:59:59.999,4173.01049339,7463,420226,1836.73603953,0
2024-01-28 07:00:00,2287.5,2293.23,2281.36,2282.58,988245,2024-01-28 07:59:59.999,4319.33884301,6626,490340,2142.87606577,0
2024-01-28 08:00:00,2282.58,2290.52,2277.24,2285.78,1170139,2024-01-28 08:59:59.999,5123.70865754,9062,580305,2540.43477562,0
2024-01-28 09:00:00,2285.78,2301.5,2284.36,2294.66,1463704,2024-01-28 09:59:59.999,6379.32052419,9137,776194,3383.395028,0
2024-01-28 10:00:00,2294.66,2295.7,2288.37,2293.45,700960,2024-01-28 10:59:59.999,3057.56999321,7199,401002,1749.18425696,0
2024-01-28 11:00:00,2293.45,2293.95,2276.15,2280.71,1106131,2024-01-28 11:59:59.999,4846.73484485,8713,469180,2056.22872635,0
2024-01-28 12:00:00,2280.72,2282.02,2268.34,2276.24,1910671,2024-01-28 12:59:59.999,8400.64470637,14265,856182,3764.06700495,0
2024-01-28 13:00:00,2276.24,2281.0,2270.58,2278.56,601089,2024-01-28 13:59:59.999,2640.00463876,7931,305502,1341.89067002,0
2024-01-28 14:00:00,2278.56,2285.71,2262.9,2267.07,1341462,2024-01-28 14:59:59.999,5897.80336653,10838,595961,2619.53242548,0
2024-01-28 15:00:00,2267.07,2274.82,2261.56,2269.57,1112729,2024-01-28 15:59:59.999,4903.59710996,10355,529872,2335.27762071,0
2024-01-28 16:00:00,2269.57,2275.49,2266.57,2274.1,554358,2024-01-28 16:59:59.999,2440.67264034,6773,290054,1276.98677752,0
2024-01-28 17:00:00,2274.09,2274.1,2262.0,2268.92,681282,2024-01-28 17:59:59.999,3004.79356285,8739,324363,1430.67750249,0
2024-01-28 18:00:00,2268.92,2269.89,2256.35,2260.66,1328549,2024-01-28 18:59:59.999,5876.49851196,11200,602204,2663.73819522,0
2024-01-28 19:00:00,2260.65,2265.66,2244.77,2253.31,2194758,2024-01-28 19:59:59.999,9742.06501417,14711,854425,3791.70232253,0
2024-01-28 20:00:00,2253.31,2262.66,2248.54,2261.38,1270563,2024-01-28 20:59:59.999,5631.42226949,10791,797424,3533.5710808,0
2024-01-28 21:00:00,2261.38,2265.76,2257.71,2262.88,570368,2024-01-28 21:59:59.999,2521.77704392,6803,254857,1126.90338466,0
2024-01-28 22:00:00,2262.88,2263.19,2238.99,2248.46,1440969,2024-01-28 22:59:59.999,6407.68755229,9463,612973,2727.15073884,0
2024-01-28 23:00:00,2248.54,2259.18,2244.72,2256.36,1156721,2024-01-28 23:59:59.999,5137.74228057,8177,561398,2493.7835468,0
2024-01-29 00:00:00,2256.35,2261.08,2249.96,2256.85,1315532,2024-01-29 00:59:59.999,5832.64109125,8947,711591,3155.08212317,0
2024-01-29 01:00:00,2256.86,2273.48,2256.38,2263.89,1328451,2024-01-29 01:59:59.999,5858.64515733,10521,768888,3391.3201669,0
2024-01-29 02:00:00,2263.89,2270.78,2262.53,2267.77,654314,2024-01-29 02:59:59.999,2886.2099488,6157,321751,1419.43084767,0
2024-01-29 03:00:00,2267.77,2277.37,2267.77,2271.44,1101432,2024-01-29 03:59:59.999,4843.98284177,8381,566112,2489.82835087,0
2024-01-29 04:00:00,2271.43,2273.65,2265.76,2267.8,614087,2024-01-29 04:59:59.999,2706.15079941,5408,254413,1121.49460434,0
2024-01-29 05:00:00,2267.8,2269.82,2262.92,2263.96,551761,2024-01-29 05:59:59.999,2435.64150617,5637,254691,1124.34534296,0
2024-01-29 06:00:00,2263.96,2269.4,2263.69,2266.51,627910,2024-01-29 06:59:59.999,2770.19809757,5563,369772,1631.32677073,0
2024-01-29 07:00:00,2266.51,2270.31,2257.43,2258.49,1136179,2024-01-29 07:59:59.999,5022.65957842,8027,513944,2271.69766093,0
2024-01-29 08:00:00,2258.5,2263.86,2253.18,2262.65,1225169,2024-01-29 08:59:59.999,5425.20258443,10092,636472,2817.88927846,0
2024-01-29 09:00:00,2262.65,2273.15,2254.59,2273.15,1605351,2024-01-29 09:59:59.999,7086.20253049,10369,836864,3693.87311308,0
2024-01-29 10:00:00,2273.16,2276.74,2269.33,2275.07,1236557,2024-01-29 10:59:59.999,5438.73254921,8904,628942,2766.07011919,0
2024-01-29 11:00:00,2275.07,2275.78,2260.88,2263.73,775286,2024-01-29 11:59:59.999,3418.52671003,6857,412363,1818.78128411,0
2024-01-29 12:00:00,2263.74,2268.94,2254.96,2255.47,1132900,2024-01-29 12:59:59.999,5010.26036543,10494,571294,2526.77885727,0
2024-01-29 13:00:00,2255.47,2255.74,2238.5,2243.6,3138849,2024-01-29 13:59:59.999,13974.29018286,19395,1366453,6083.71459302,0
2024-01-29 14:00:00,2243.65,2251.42,2232.95,2243.25,2316671,2024-01-29 14:59:59.999,10332.71519366,15421,951020,4241.20381572,0
2024-01-29 15:00:00,2243.26,2275.6,2238.77,2275.23,3208893,2024-01-29 15:59:59.999,14213.86728432,19730,1902449,8427.65982138,0
2024-01-29 16:00:00,2275.23,2301.99,2264.49,2299.1,6370470,2024-01-29 16:59:59.999,27903.63122911,35056,3190823,13974.50839173,0
2024-01-29 17:00:00,2299.05,2314.27,2295.97,2302.39,5280008,2024-01-29 17:59:59.999,22910.25481915,26120,2822894,12245.91197856,0
2024-01-29 18:00:00,2302.39,2312.72,2294.76,2299.79,1880168,2024-01-29 18:59:59.999,8159.31244253,15120,907434,3938.17061635,0
2024-01-29 19:00:00,2299.79,2304.71,2291.85,2292.7,1303090,2024-01-29 19:59:59.999,5666.02316884,10458,582314,2531.39396848,0
2024-01-29 20:00:00,2292.7,2304.0,2291.87,2302.54,1089554,2024-01-29 20:59:59.999,4741.99195315,11358,565008,2459.70180258,0
2024-01-29 21:00:00,2302.54,2311.1,2300.6,2305.79,1290561,2024-01-29 21:59:59.999,5595.40103796,10035,740493,3210.61669091,0
2024-01-29 22:00:00,2305.79,2322.44,2305.22,2311.09,1523390,2024-01-29 22:59:59.999,6581.35041893,10560,801985,3464.13700511,0
2024-01-29 23:00:00,2311.09,2317.47,2309.46,2317.12,1460549,2024-01-29 23:59:59.999,6314.74886204,9204,799696,3457.66981179,0
2024-01-30 00:00:00,2317.11,2317.76,2304.45,2304.71,1576774,2024-01-30 00:59:59.999,6826.06047413,9810,688201,2979.69207125,0
2024-01-30 01:00:00,2304.71,2325.6,2303.78,2314.71,2839314,2024-01-30 01:59:59.999,12265.47170091,13807,1709852,7387.50645857,0
2024-01-30 02:00:00,2314.71,2327.78,2314.71,2317.41,2071584,2024-01-30 02:59:59.999,8925.1444454,12683,1060586,4569.15485898,0
2024-01-30 03:00:00,2317.41,2319.5,2309.6,2310.56,1051362,2024-01-30 03:59:59.999,4545.08197877,10007,523149,2261.65803544,0
2024-01-30 04:00:00,2310.57,2313.58,2308.0,2310.82,1200707,2024-01-30 04:59:59.999,5198.15022619,7676,427121,1848.89003501,0
2024-01-30 05:00:00,2310.82,2312.81,2303.35,2304.19,797886,2024-01-30 05:59:59.999,3457.95441174,6729,325844,1411.54827461,0
2024-01-30 06:00:00,2304.19,2308.45,2299.55,2303.31,1115905,2024-01-30 06:59:59.999,4845.09265131,7467,401660,1743.46919916,0
2024-01-30 07:00:00,2303.31,2313.56,2301.97,2308.35,1103323,2024-01-30 07:59:59.999,4778.39683698,7464,707418,3063.92213553,0
2024-01-30 08:00:00,2308.35,2312.0,2302.01,2307.6,765751,2024-01-30 08:59:59.999,3319.17950885,7615,397755,1724.11991939,0
2024-01-30 09:00:00,2307.6,2308.23,2302.89,2303.54,656445,2024-01-30 09:59:59.999,2847.38007234,6688,281182,1219.5109774,0
2024-01-30 10:00:00,2303.57,2315.52,2302.24,2314.13,1056125,2024-01-30 10:59:59.999,4572.89448099,7251,597777,2588.97128032,0
2024-01-30 11:00:00,2314.13,2316.77,2310.13,2313.25,545617,2024-01-30 11:59:59.999,2358.69630971,7063,230969,998.56927839,0
2024-01-30 12:00:00,2313.25,2331.57,2297.0,2305.97,5284812,2024-01-30 12:59:59.999,22832.17992612,28857,2456528,10612.32001623,0
2024-01-30 13:00:00,2305.95,2313.08,2295.45,2304.92,2407781,2024-01-30 13:59:59.999,10453.81810169,17565,1214310,5271.33827788,0
2024-01-30 14:00:00,2304.92,2315.0,2297.93,2312.53,1879526,2024-01-30 14:59:59.999,8146.44936694,15263,933238,4044.95539228,0
2024-01-30 15:00:00,2312.56,2347.0,2302.5,2341.13,5912185,2024-01-30 15:59:59.999,25369.95352468,31342,3100579,13304.58972979,0
2024-01-30 16:00:00,2341.11,2369.5,2335.29,2369.05,6826799,2024-01-30 16:59:59.999,29009.03418948,38474,3693273,15687.9658015,0
2024-01-30 17:00:00,2369.05,2380.0,2363.81,2369.96,4223604,2024-01-30 17:59:59.999,17800.65119783,25660,1895405,7987.84250841,0
2024-01-30 18:00:00,2369.96,2380.38,2363.82,2376.23,2197749,2024-01-30 18:59:59.999,9265.48700618,15765,1120040,4722.15606092,0
2024-01-30 19:00:00,2376.23,2377.91,2368.89,2374.29,1177834,2024-01-30 19:59:59.999,4964.66172271,9686,502998,2120.4595484,0
2024-01-30 20:00:00,2374.3,2384.74,2373.26,2373.31,1775341,2024-01-30 20:59:59.999,7461.53711139,14448,845434,3553.23467312,0
2024-01-30 21:00:00,2373.31,2392.04,2369.32,2379.61,1596756,2024-01-30 21:59:59.999,6705.47843248,13430,819151,3439.7818804,0
2024-01-30 22:00:00,2379.61,2381.32,2364.08,2364.57,902288,2024-01-30 22:59:59.999,3802.9850458,8670,356408,1501.68281728,0
2024-01-30 23:00:00,2364.56,2367.57,2335.75,2342.46,4256478,2024-01-30 23:59:59.999,18120.48946614,24454,1804738,7682.746847,0
2024-02-01 00:00:00,2281.11,2288.22,2270.04,2282.4,2312811,2024-02-01 00:59:59.999,10136.58689174,12894,1051743,4609.49205881,0
2024-02-01 01:00:00,2282.4,2282.93,2237.82,2243.54,7151686,2024-02-01 01:59:59.999,31736.25177022,32039,3313118,14702.25589283,0
2024-02-01 02:00:00,2243.54,2258.79,2241.47,2258.79,2375806,2024-02-01 02:59:59.999,10557.71331595,13877,1326385,5894.51584109,0
2024-02-01 03:00:00,2258.79,2261.36,2254.23,2255.38,1061305,2024-02-01 03:59:59.999,4700.75513752,8552,449195,1989.67933175,0
2024-02-01 04:00:00,2255.37,2266.1,2250.13,2260.77,1879181,2024-02-01 04:59:59.999,8320.04855571,10524,1071225,4744.24093229,0
2024-02-01 05:00:00,2260.76,2266.77,2260.0,2266.43,934492,2024-02-01 05:59:59.999,4128.16120138,6559,509024,2248.68509001,0
2024-02-01 06:00:00,2266.43,2272.48,2265.81,2272.48,1189849,2024-02-01 06:59:59.999,5243.6302046,8114,649333,2861.41200948,0
2024-02-01 07:00:00,2272.49,2275.68,2269.01,2269.61,1008894,2024-02-01 07:59:59.999,4439.3159299,6475,428683,1886.12323783,0
2024-02-01 08:00:00,2269.61,2271.44,2263.82,2270.3,785306,2024-02-01 08:59:59.999,3461.6611643,7624,404613,1783.61818685,0
2024-02-01 09:00:00,2270.3,2274.0,2263.37,2266.02,721577,2024-02-01 09:59:59.999,3181.31550182,7300,352587,1554.435139,0
2024-02-01 10:00:00,2266.02,2276.29,2264.15,2265.79,1288670,2024-02-01 10:59:59.999,5678.18859715,8675,567217,2498.2992526,0
2024-02-01 11:00:00,2265.8,2270.59,2263.28,2264.65,673898,2024-02-01 11:59:59.999,2973.49565619,7305,355708,1569.65711073,0
2024-02-01 12:00:00,2264.64,2272.66,2261.0,2268.65,1918262,2024-02-01 12:59:59.999,8457.71001961,11944,1084195,4779.62856972,0
2024-02-01 13:00:00,2268.65,2275.44,2260.33,2270.4,1776675,2024-02-01 13:59:59.999,7834.52505525,11120,808161,3563.3821315,0
2024-02-01 14:00:00,2270.4,2298.46,2268.35,2295.47,4083324,2024-02-01 14:59:59.999,17847.47747934,20970,2149395,9395.79468346,0
2024-02-01 15:00:00,2295.52,2306.52,2286.08,2287.05,3576394,2024-02-01 15:59:59.999,15566.60003234,21422,1536623,6687.80849158,0
2024-02-01 16:00:00,2287.06,2292.01,2267.04,2290.34,2729112,2024-02-01 16:59:59.999,11961.27774156,16490,1260324,5522.25341913,0
2024-02-01 17:00:00,2290.34,2310.64,2289.68,2303.2,3376212,2024-02-01 17:59:59.999,14665.59222812,19325,1758751,7640.11025513,0
2024-02-01 18:00:00,2303.31,2306.09,2291.71,2294.71,1686025,2024-02-01 18:59:59.999,7334.21457432,11385,814099,3541.81824681,0
2024-02-01 19:00:00,2294.71,2307.95,2290.02,2303.47,1615300,2024-02-01 19:59:59.999,7027.66241856,10656,926033,4029.53165614,0
2024-02-01 20:00:00,2303.47,2305.2,2294.63,2297.91,1005704,2024-02-01 20:59:59.999,4372.28008387,9078,505249,2196.58764305,0
2024-02-01 21:00:00,2297.91,2308.32,2295.41,2302.93,1070651,2024-02-01 21:59:59.999,4650.40701102,9156,554723,2409.77708177,0
2024-02-01 22:00:00,2302.93,2303.17,2285.06,2295.85,976274,2024-02-01 22:59:59.999,4255.14605397,6850,412976,1800.03901664,0
2024-02-01 23:00:00,2295.84,2303.28,2293.62,2302.56,750499,2024-02-01 23:59:59.999,3266.03627769,6564,404378,1760.00274144,0
2024-02-02 00:00:00,2302.56,2319.13,2299.26,2309.39,1805717,2024-02-02 00:59:59.999,7814.88344241,11805,932307,4034.88434261,0
2024-02-02 01:00:00,2309.39,2316.25,2305.05,2305.19,1145346,2024-02-02 01:59:59.999,4958.25969291,6948,404005,1748.97732887,0
2024-02-02 02:00:00,2305.19,2306.43,2296.86,2300.89,828696,2024-02-02 02:59:59.999,3599.83643408,6496,368218,1599.61938483,0
2024-02-02 03:00:00,2300.89,2303.68,2299.78,2300.17,456999,2024-02-02 03:59:59.999,1985.69758913,4181,221015,960.3116153,0
2024-02-02 04:00:00,2300.17,2303.48,2295.2,2296.65,622369,2024-02-02 04:59:59.999,2707.42989809,5040,269799,1173.5834852,0
2024-02-02 05:00:00,2296.65,2305.14,2295.28,2303.11,493496,2024-02-02 05:59:59.999,2146.57019265,4217,278682,1212.14127973,0
2024-02-02 06:00:00,2303.11,2312.23,2302.39,2308.18,746412,2024-02-02 06:59:59.999,3237.23085095,5757,393213,1705.46443446,0
2024-02-02 07:00:00,2308.19,2317.88,2306.21,2311.76,1871571,2024-02-02 07:59:59.999,8093.07915405,9226,856729,3704.64832915,0
2024-02-02 08:00:00,2311.77,2313.01,2303.97,2308.43,994026,2024-02-02 08:59:59.999,4305.71723336,6714,525826,2277.80240409,0
2024-02-02 09:00:00,2308.43,2311.35,2305.37,2307.72,814330,2024-02-02 09:59:59.999,3527.17860517,6113,365674,1583.70882503,0
2024-02-02 10:00:00,2307.72,2310.88,2303.28,2309.84,734249,2024-02-02 10:59:59.999,3182.30279153,4916,336388,1458.05863688,0
2024-02-02 11:00:00,2309.84,2317.53,2307.49,2316.78,827558,2024-02-02 11:59:59.999,3578.26259102,5559,442376,1912.96989327,0
2024-02-02 12:00:00,2316.79,2323.67,2312.28,2313.43,1681896,2024-02-02 12:59:59.999,7253.92509181,9626,958478,4133.58842168,0
2024-02-02 13:00:00,2313.43,2314.6,2286.84,2289.91,4050095,2024-02-02 13:59:59.999,17616.54430906,20081,1698697,7390.05808411,0
2024-02-02 14:00:00,2289.9,2296.4,2279.55,2290.37,2833079,2024-02-02 14:59:59.999,12387.95028917,17126,1351156,5906.84127741,0
2024-02-02 15:00:00,2290.38,2316.57,2289.16,2312.26,2950107,2024-02-02 15:59:59.999,12805.1737665,19136,1617000,7019.57222333,0
2024-02-02 16:00:00,2312.27,2323.0,2298.88,2303.95,3392195,2024-02-02 16:59:59.999,14684.9132755,16192,1683405,7287.34880498,0
2024-02-02 17:00:00,2303.92,2309.96,2287.8,2291.13,1659492,2024-02-02 17:59:59.999,7218.45523518,11388,810725,3525.39279893,0
2024-02-02 18:00:00,2291.07,2294.55,2285.0,2292.89,1196149,2024-02-02 18:59:59.999,5221.35645464,10638,608184,2654.86319218,0
2024-02-02 19:00:00,2292.89,2299.65,2290.92,2299.65,826613,2024-02-02 19:59:59.999,3600.47593375,7156,503861,2194.56121005,0
2024-02-02 20:00:00,2299.65,2301.83,2293.68,2296.52,671647,2024-02-02 20:59:59.999,2922.12024901,6184,318335,1385.14765459,0
2024-02-02 21:00:00,2296.51,2300.47,2294.92,2294.93,361001,2024-02-02 21:59:59.999,1571.14694044,4291,140562,611.80672303,0
2024-02-02 22:00:00,2294.92,2308.78,2294.37,2307.3,633295,2024-02-02 22:59:59.999,2748.76825467,5608,387297,1680.87662494,0
2024-02-02 23:00:00,2307.3,2308.22,2303.51,2307.31,393389,2024-02-02 23:59:59.999,1706.16718582,4414,173902,754.30142494,0
2024-02-03 00:00:00,2307.31,2319.57,2305.36,2312.19,789926,2024-02-03 00:59:59.999,3414.17522507,6710,365949,1582.27913061,0
2024-02-03 01:00:00,2312.2,2328.52,2312.11,2323.67,1688626,2024-02-03 01:59:59.999,7270.15336469,9717,855636,3684.240884,0
2024-02-03 02:00:00,2323.67,2325.14,2317.16,2320.91,810905,2024-02-03 02:59:59.999,3493.7958893,6797,380573,1639.68435419,0
2024-02-03 03:00:00,2320.91,2324.68,2318.82,2319.54,441884,2024-02-03 03:59:59.999,1903.61837927,4887,220224,948.7206766,0
2024-02-03 04:00:00,2319.5,2323.56,2318.94,2319.64,366179,2024-02-03 04:59:59.999,1577.84116924,4084,191487,825.15910456,0
2024-02-03 05:00:00,2319.64,2323.48,2319.23,2322.6,624057,2024-02-03 05:59:59.999,2688.55127025,4998,231051,995.47738107,0
2024-02-03 06:00:00,2322.6,2322.74,2315.12,2319.48,1189689,2024-02-03 06:59:59.999,5131.3109192,6142,463613,1999.57638672,0
2024-02-03 07:00:00,2319.48,2319.82,2311.53,2312.71,542293,2024-02-03 07:59:59.999,2341.86711167,5042,224824,971.11668992,0
2024-02-03 08:00:00,2312.71,2314.78,2305.41,2306.87,546646,2024-02-03 08:59:59.999,2365.74488726,5885,212682,920.44054638,0
2024-02-03 09:00:00,2306.87,2314.71,2306.87,2313.53,472156,2024-02-03 09:59:59.999,2043.02986381,3996,276798,1197.62568697,0
2024-02-03 10:00:00,2313.53,2313.53,2309.35,2312.45,301318,2024-02-03 10:59:59.999,1303.32525708,4085,152050,657.73923224,0
2024-02-03 11:00:00,2312.45,2312.45,2298.02,2301.77,1534404,2024-02-03 11:59:59.999,6664.08869251,8831,513854,2231.79728843,0
2024-02-03 12:00:00,2301.77,2305.28,2300.1,2303.13,899870,2024-02-03 12:59:59.999,3907.29094679,6726,438632,1904.68027341,0
2024-02-03 13:00:00,2303.13,2306.41,2301.21,2305.49,383947,2024-02-03 13:59:59.999,1666.45428473,3984,196009,850.80289326,0
2024-02-03 14:00:00,2305.48,2305.49,2300.0,2300.5,666652,2024-02-03 14:59:59.999,2895.78888219,6087,327250,1421.58121462,0
2024-02-03 15:00:00,2300.51,2307.85,2291.22,2302.01,1698675,2024-02-03 15:59:59.999,7393.40290392,11101,874302,3805.65027659,0
2024-02-03 16:00:00,2302.0,2312.28,2301.97,2304.35,1448617,2024-02-03 16:59:59.999,6278.2010668,8195,669270,2899.82786403,0
2024-02-03 17:00:00,2304.34,2310.41,2302.89,2307.24,477578,2024-02-03 17:59:59.999,2070.0922925,5465,252391,1094.00711402,0
2024-02-03 18:00:00,2307.34,2307.34,2295.22,2297.05,693416,2024-02-03 18:59:59.999,3013.57406759,7157,278924,1212.3451439,0
2024-02-03 19:00:00,2297.05,2301.61,2295.21,2301.6,319341,2024-02-03 19:59:59.999,1389.17437241,4396,175074,761.57436411,0
2024-02-03 20:00:00,2301.6,2303.92,2298.26,2301.0,345959,2024-02-03 20:59:59.999,1503.38211561,4235,206519,897.47190683,0
2024-02-03 21:00:00,2301.0,2303.49,2294.94,2298.77,446165,2024-02-03 21:59:59.999,1941.08185041,4167,147621,642.22596723,0
2024-02-03 22:00:00,2298.78,2299.9,2295.56,2296.76,186833,2024-02-03 22:59:59.999,813.31921956,2935,71604,311.75165221,0
2024-02-03 23:00:00,2296.76,2299.08,2292.0,2294.86,395012,2024-02-03 23:59:59.999,1721.61119948,4699,194822,849.10511395,0
2024-02-04 00:00:00,2294.86,2297.93,2289.38,2297.93,727611,2024-02-04 00:59:59.999,3173.19060505,6724,435172,1897.79076872,0
2024-02-04 01:00:00,2297.93,2304.8,2294.68,2303.52,599561,2024-02-04 01:59:59.999,2606.61262412,5907,331412,1440.60494743,0
2024-02-04 02:00:00,2303.52,2304.95,2301.46,2301.99,178357,2024-02-04 02:59:59.999,774.51887749,3879,89452,388.48568053,0
2024-02-04 03:00:00,2301.99,2303.75,2300.98,2301.21,219069,2024-02-04 03:59:59.999,951.43257834,4163,109698,476.45479588,0
2024-02-04 04:00:00,2301.21,2301.57,2292.17,2295.52,411575,2024-02-04 04:59:59.999,1791.95487094,6456,220982,962.12062902,0
2024-02-04 05:00:00,2295.52,2302.09,2295.12,2298.45,519680,2024-02-04 05:59:59.999,2260.5384331,5477,310303,1349.86182851,0
2024-02-04 06:00:00,2298.44,2301.09,2285.54,2285.93,864547,2024-02-04 06:59:59.999,3771.73664879,7544,279777,1220.31249269,0
2024-02-04 07:00:00,2285.93,2291.82,2285.52,2288.93,780804,2024-02-04 07:59:59.999,3411.60441432,6598,507114,2215.79407399,0
2024-02-04 08:00:00,2288.93,2291.25,2288.04,2288.38,364618,2024-02-04 08:59:59.999,1592.77678465,3615,175877,768.34813755,0
2024-02-04 09:00:00,2288.38,2303.95,2284.62,2301.7,1127019,2024-02-04 09:59:59.999,4908.02015465,8158,526902,2294.29835211,0
2024-02-04 10:00:00,2301.7,2303.17,2294.99,2299.05,692108,2024-02-04 10:59:59.999,3011.51690935,6349,225656,981.63184654,0
2024-02-04 11:00:00,2299.05,2308.59,2297.86,2304.27,774462,2024-02-04 11:59:59.999,3358.43891079,6454,534847,2319.05266588,0
2024-02-04 12:00:00,2304.27,2308.11,2301.61,2301.61,530359,2024-02-04 12:59:59.999,2300.57251133,5002,195648,848.83871028,0
2024-02-04 13:00:00,2301.61,2305.69,2301.45,2302.81,333297,2024-02-04 13:59:59.999,1447.39751861,3680,186578,810.26103694,0
2024-02-04 14:00:00,2302.81,2306.0,2295.87,2297.68,547688,2024-02-04 14:59:59.999,2380.33253535,5369,254045,1104.28357929,0
2024-02-04 15:00:00,2297.69,2303.92,2295.92,2300.1,664327,2024-02-04 15:59:59.999,2888.18406031,6227,379128,1648.14751401,0
2024-02-04 16:00:00,2300.1,2302.04,2297.24,2302.04,461266,2024-02-04 16:59:59.999,2005.95662149,4563,224180,974.8769836,0
2024-02-04 17:00:00,2302.03,2306.62,2296.48,2304.9,913189,2024-02-04 17:59:59.999,3966.43967525,6052,410834,1785.14881324,0
2024-02-04 18:00:00,2304.9,2306.76,2291.76,2292.82,813747,2024-02-04 18:59:59.999,3540.21930769,5977,299840,1304.90131388,0
2024-02-04 19:00:00,2292.82,2293.81,2263.52,2277.71,3955286,2024-02-04 19:59:59.999,17375.24229645,21448,1632676,7176.16514625,0
2024-02-04 20:00:00,2277.71,2309.44,2271.69,2301.96,3079747,2024-02-04 20:59:59.999,13428.6699862,15222,1996207,8700.71557427,0
2024-02-04 21:00:00,2301.96,2308.19,2298.49,2298.79,1168401,2024-02-04 21:59:59.999,5071.56336933,10316,488854,2121.79720623,0
2024-02-04 22:00:00,2298.79,2301.28,2274.22,2286.1,2083610,2024-02-04 22:59:59.999,9114.93869905,13720,776658,3397.57035487,0
2024-02-04 23:00:00,2286.1,2289.83,2282.0,2288.05,1069930,2024-02-04 23:59:59.999,4678.1413677,7726,692374,3027.21447964,0
2024-02-05 00:00:00,2288.05,2293.18,2276.46,2278.65,1715163,2024-02-05 00:59:59.999,7508.89224946,10702,783224,3426.02738636,0
2024-02-05 01:00:00,2278.56,2282.39,2267.04,2280.75,1242269,2024-02-05 01:59:59.999,5459.03986466,12567,621515,2731.029629,0
2024-02-05 02:00:00,2280.75,2280.96,2275.01,2279.25,458243,2024-02-05 02:59:59.999,2010.99801135,5486,228762,1003.92467177,0
2024-02-05 03:00:00,2279.25,2295.85,2279.07,2294.11,830959,2024-02-05 03:59:59.999,3634.6106341,6155,515937,2256.33610795,0
2024-02-05 04:00:00,2294.09,2297.3,2289.44,2292.56,844715,2024-02-05 04:59:59.999,3683.69722976,6476,400535,1746.51781808,0
2024-02-05 05:00:00,2292.57,2293.02,2287.0,2293.02,558631,2024-02-05 05:59:59.999,2439.29904627,4746,294987,1288.06377674,0
2024-02-05 06:00:00,2293.01,2299.64,2291.64,2298.76,728315,2024-02-05 06:59:59.999,3173.43719591,5479,376602,1640.74012471,0
2024-02-05 07:00:00,2298.76,2309.74,2296.12,2307.87,1321785,2024-02-05 07:59:59.999,5737.69773088,9177,716180,3109.24100285,0
2024-02-05 08:00:00,2307.87,2322.55,2307.87,2319.94,1917986,2024-02-05 08:59:59.999,8283.61655792,13217,966282,4174.13964057,0
2024-02-05 09:00:00,2319.94,2322.94,2313.02,2318.62,1187523,2024-02-05 09:59:59.999,5124.52093646,8424,516711,2229.46544456,0
2024-02-05 10:00:00,2318.62,2331.35,2318.62,2321.11,2338425,2024-02-05 10:59:59.999,10056.04814849,12017,1166236,5016.06963511,0
2024-02-05 11:00:00,2321.11,2328.32,2320.63,2327.91,1390412,2024-02-05 11:59:59.999,5980.25622468,7118,662778,2850.85261086,0
2024-02-05 12:00:00,2327.89,2330.0,2321.27,2323.83,1314030,2024-02-05 12:59:59.999,5651.08606378,7469,681319,2930.52284061,0
2024-02-05 13:00:00,2323.83,2337.42,2321.27,2328.48,1948154,2024-02-05 13:59:59.999,8363.7850331,12012,1114131,4782.80993179,0
2024-02-05 14:00:00,2328.48,2332.08,2315.71,2317.38,1748274,2024-02-05 14:59:59.999,7527.42410948,11057,748176,3220.94894767,0
2024-02-05 15:00:00,2317.38,2317.38,2291.36,2296.19,4695664,2024-02-05 15:59:59.999,20378.35683419,25494,2394019,10387.68825996,0
2024-02-05 16:00:00,2296.2,2300.0,2288.18,2298.92,2531200,2024-02-05 16:59:59.999,11034.64833815,17540,1421429,6196.08416525,0
2024-02-05 17:00:00,2298.92,2305.31,2294.63,2299.94,751611,2024-02-05 17:59:59.999,3268.53601579,7691,396790,1725.42326407,0
2024-02-05 18:00:00,2299.94,2302.36,2292.26,2299.27,880400,2024-02-05 18:59:59.999,3834.82304928,7157,449632,1958.60728812,0
2024-02-05 19:00:00,2299.17,2310.4,2298.44,2302.56,860225,2024-02-05 19:59:59.999,3732.39460552,6333,355367,1541.62507924,0
2024-02-05 20:00:00,2302.56,2303.84,2281.52,2292.27,1823434,2024-02-05 20:59:59.999,7967.32521774,14392,785085,3430.62438408,0
2024-02-05 21:00:00,2292.27,2293.33,2284.02,2287.11,707006,2024-02-05 21:59:59.999,3089.25182976,7749,336934,1472.21438818,0
2024-02-05 22:00:00,2287.11,2294.0,2284.21,2292.43,679077,2024-02-05 22:59:59.999,2965.87330312,6160,348179,1521.02375216,0
2024-02-05 23:00:00,2292.44,2299.74,2289.26,2299.53,631781,2024-02-05 23:59:59.999,2752.9920363,5771,343558,1496.8924794,0
2024-02-06 00:00:00,2299.53,2300.0,2296.98,2299.99,713819,2024-02-06 00:59:59.999,3105.08860514,5089,359756,1564.95143218,0
2024-02-06 01:00:00,2299.99,2309.99,2298.35,2305.12,1263410,2024-02-06 01:59:59.999,5484.81158974,7736,732724,3182.2452053,0
2024-02-06 02:00:00,2305.12,2327.59,2303.84,2322.05,2213176,2024-02-06 02:59:59.999,9547.83038113,13166,1205454,5199.77375295,0
2024-02-06 03:00:00,2322.05,2326.46,2310.73,2314.79,1266804,2024-02-06 03:59:59.999,5461.74756507,7810,571768,2465.35435716,0
2024-02-06 04:00:00,2314.79,2317.5,2310.29,2312.46,1043831,2024-02-06 04:59:59.999,4510.33823554,5625,641006,2769.54617041,0
2024-02-06 05:00:00,2312.46,2313.59,2305.94,2311.56,580578,2024-02-06 05:59:59.999,2513.9246749,5682,285060,1234.43749134,0
2024-02-06 06:00:00,2311.57,2314.82,2307.2,2314.54,695607,2024-02-06 06:59:59.999,3011.0620119,5732,350093,1515.45364255,0
2024-02-06 07:00:00,2314.54,2325.37,2309.4,2324.51,1540934,2024-02-06 07:59:59.999,6646.74380261,9001,911156,3930.34698391,0
2024-02-06 08:00:00,2324.51,2335.5,2320.88,2334.84,3880035,2024-02-06 08:59:59.999,16665.15463465,16588,1963856,8434.40541391,0
2024-02-06 09:00:00,2334.84,2336.15,2326.76,2333.44,1701985,2024-02-06 09:59:59.999,7297.95254843,9782,774606,3321.2561831,0
2024-02-06 10:00:00,2333.44,2342.59,2314.91,2325.25,3812196,2024-02-06 10:59:59.999,16367.35205154,19674,1805277,7747.25747112,0
2024-02-06 11:00:00,2325.25,2329.0,2316.57,2323.89,2164788,2024-02-06 11:59:59.999,9321.100623,13000,945376,4071.27506133,0
2024-02-06 12:00:00,2323.89,2330.58,2310.22,2323.74,3105291,2024-02-06 12:59:59.999,13382.12540766,17664,1445996,6232.25915195,0
2024-02-06 13:00:00,2323.74,2347.9,2317.84,2336.25,4597685,2024-02-06 13:59:59.999,19676.08887793,21712,2502319,10708.59709225,0
2024-02-06 14:00:00,2336.25,2345.75,2329.43,2337.14,3135870,2024-02-06 14:59:59.999,13408.45252816,15837,1159674,4959.53661235,0
2024-02-06 15:00:00,2337.15,2345.69,2329.79,2342.39,2182174,2024-02-06 15:59:59.999,9330.83905477,15630,1183636,5060.96424355,0
2024-02-06 16:00:00,2342.38,2361.12,2339.39,2346.05,4472608,2024-02-06 16:59:59.999,19021.57877425,21751,2363830,10055.38908761,0
2024-02-06 17:00:00,2346.06,2364.51,2343.58,2353.0,1715899,2024-02-06 17:59:59.999,7291.65408647,12313,978230,4157.08660788,0
2024-02-06 18:00:00,2353.0,2364.61,2347.89,2363.02,1500107,2024-02-06 18:59:59.999,6370.20630403,11844,711861,3022.05912934,0
2024-02-06 19:00:00,2363.01,2378.79,2359.04,2377.89,2316048,2024-02-06 19:59:59.999,9777.1503544,15228,1254357,5293.60863307,0
2024-02-06 20:00:00,2377.9,2391.56,2375.33,2379.64,3280203,2024-02-06 20:59:59.999,13761.83976188,19196,1474398,6185.22002618,0
2024-02-06 21:00:00,2379.38,2385.45,2374.25,2379.85,1624769,2024-02-06 21:59:59.999,6824.40035723,10954,774077,3251.15525212,0
2024-02-06 22:00:00,2379.7,2383.4,2375.21,2380.22,1279904,2024-02-06 22:59:59.999,5379.25480008,6324,548050,2303.21211011,0
2024-02-06 23:00:00,2380.23,2382.82,2370.51,2371.37,2010814,2024-02-06 23:59:59.999,8469.0150795,8507,827912,3486.93525696,0
2024-02-07 00:00:00,2371.37,2390.13,2370.83,2378.62,1896152,2024-02-07 00:59:59.999,7961.13405183,10722,1059272,4445.82845591,0
2024-02-07 01:00:00,2378.62,2386.51,2374.31,2374.8,1268587,2024-02-07 01:59:59.999,5327.32717844,8219,576505,2420.39440389,0
2024-02-07 02:00:00,2374.81,2379.12,2373.08,2374.41,644292,2024-02-07 02:59:59.999,2711.77945735,5556,292380,1230.61026114,0
2024-02-07 03:00:00,2374.41,2375.6,2360.98,2362.91,1644117,2024-02-07 03:59:59.999,6943.63012128,10257,594923,2513.02336288,0
2024-02-07 04:00:00,2362.9,2367.36,2353.97,2358.89,2060498,2024-02-07 04:59:59.999,8730.05382882,10450,836081,3542.24739091,0
2024-02-07 05:00:00,2358.89,2365.94,2355.23,2364.0,1064747,2024-02-07 05:59:59.999,4506.88371701,7777,682612,2889.28828949,0
2024-02-07 06:00:00,2364.0,2364.31,2358.0,2361.56,815837,2024-02-07 06:59:59.999,3454.95439549,5678,464821,1968.36144,0
2024-02-07 07:00:00,2361.56,2365.83,2357.68,2360.39,529908,2024-02-07 07:59:59.999,2244.01069742,4139,257878,1091.90780846,0
2024-02-07 08:00:00,2360.4,2363.13,2354.36,2361.4,1152970,2024-02-07 08:59:59.999,4888.71522659,7541,561381,2379.68282225,0
2024-02-07 09:00:00,2361.39,2375.15,2359.4,2369.18,1390974,2024-02-07 09:59:59.999,5873.08349396,8848,746772,3152.56378602,0
2024-02-07 10:00:00,2369.19,2369.78,2351.6,2353.21,1626388,2024-02-07 10:59:59.999,6887.76607958,8846,737478,3121.65188191,0
2024-02-07 11:00:00,2353.2,2360.71,2352.34,2359.6,1075888,2024-02-07 11:59:59.999,4564.61980482,7948,591137,2508.10880644,0
2024-02-07 12:00:00,2359.6,2372.19,2359.04,2371.33,1414523,2024-02-07 12:59:59.999,5978.24891837,8348,924016,3904.44597761,0
2024-02-07 13:00:00,2371.33,2374.61,2363.53,2370.97,1873410,2024-02-07 13:59:59.999,7905.97314779,9749,973244,4106.83741699,0
2024-02-07 14:00:00,2370.97,2383.89,2360.23,2363.74,4032255,2024-02-07 14:59:59.999,16996.88728034,18433,1969552,8298.46892625,0
2024-02-07 15:00:00,2363.81,2374.56,2359.47,2367.48,1958295,2024-02-07 15:59:59.999,8282.0863026,13653,920047,3890.14464049,0
2024-02-07 16:00:00,2367.48,2397.97,2366.48,2396.09,4922083,2024-02-07 16:59:59.999,20615.94293648,22161,2759675,11560.14429653,0
2024-02-07 17:00:00,2396.11,2422.4,2394.27,2408.6,8064517,2024-02-07 17:59:59.999,33427.14017331,36623,4282245,17752.50674021,0
2024-02-07 18:00:00,2408.59,2417.39,2404.3,2416.11,2016612,2024-02-07 18:59:59.999,8365.24486976,11882,1061798,4404.80027241,0
2024-02-07 19:00:00,2416.11,2425.18,2411.61,2418.62,1927708,2024-02-07 19:59:59.999,7970.2318937,11989,1064588,4400.9137892,0
2024-02-07 20:00:00,2418.63,2444.84,2418.63,2438.63,5203649,2024-02-07 20:59:59.999,21388.595995,25622,2907091,11949.66947482,0
2024-02-07 21:00:00,2438.49,2438.72,2425.08,2429.43,2589103,2024-02-07 21:59:59.999,10646.21616959,13725,1168581,4805.21634492,0
2024-02-07 22:00:00,2429.43,2430.64,2421.18,2424.39,850541,2024-02-07 22:59:59.999,3505.88351759,6507,372952,1537.14526354,0
2024-02-07 23:00:00,2424.39,2428.56,2421.76,2423.99,997790,2024-02-07 23:59:59.999,4114.97885507,6115,529461,2183.48529525,0
2024-02-08 00:00:00,2423.99,2436.84,2422.81,2434.12,2939646,2024-02-08 00:59:59.999,12098.02289643,14341,1580255,6503.62463222,0
2024-02-08 01:00:00,2434.13,2442.98,2429.46,2441.0,2593241,2024-02-08 01:59:59.999,10643.43894048,14553,1310786,5379.83263072,0
2024-02-08 02:00:00,2441.04,2443.78,2429.74,2433.87,1820153,2024-02-08 02:59:59.999,7476.32860409,10724,831512,3415.47484402,0
2024-02-08 03:00:00,2433.87,2435.87,2431.29,2432.59,763166,2024-02-08 03:59:59.999,3135.80803678,6775,296086,1216.67289462,0
2024-02-08 04:00:00,2432.6,2434.49,2425.17,2426.24,902946,2024-02-08 04:59:59.999,3717.49443145,6152,327850,1349.56897932,0
2024-02-08 05:00:00,2426.24,2427.77,2421.51,2422.46,921315,2024-02-08 05:59:59.999,3799.77399561,6025,411791,1698.29131384,0
2024-02-08 06:00:00,2422.46,2422.8,2419.12,2419.49,657385,2024-02-08 06:59:59.999,2714.8615442,4953,307383,1269.44530523,0
2024-02-08 07:00:00,2419.48,2424.4,2411.01,2420.47,1947469,2024-02-08 07:59:59.999,8053.51067261,8701,1070003,4424.49573745,0
2024-02-08 08:00:00,2420.47,2427.37,2420.47,2423.55,1063755,2024-02-08 08:59:59.999,4389.09120606,7314,571187,2356.9493284,0
2024-02-08 09:00:00,2423.55,2426.19,2420.03,2423.24,729752,2024-02-08 09:59:59.999,3011.32383744,6085,391878,1617.07651095,0
2024-02-08 10:00:00,2423.24,2428.96,2420.29,2422.11,1294871,2024-02-08 10:59:59.999,5340.29976999,7377,646712,2666.97750762,0
2024-02-08 11:00:00,2422.1,2425.06,2415.2,2424.18,1260220,2024-02-08 11:59:59.999,5205.08429346,7808,541249,2235.17280852,0
2024-02-08 12:00:00,2424.18,2428.69,2416.59,2421.38,1922931,2024-02-08 12:59:59.999,7939.68397955,10057,878417,3626.59924342,0
2024-02-08 13:00:00,2421.39,2424.38,2415.8,2424.38,2061851,2024-02-08 13:59:59.999,8518.23434832,9846,1129819,4667.39446394,0
2024-02-08 14:00:00,2424.38,2443.24,2419.41,2437.6,4507427,2024-02-08 14:59:59.999,18536.34852724,22637,2436599,10022.56577415,0
2024-02-08 15:00:00,2437.62,2463.51,2428.4,2454.0,8337760,2024-02-08 15:59:59.999,33992.13300756,31520,4404106,17958.97662296,0
2024-02-08 16:00:00,2454.0,2455.85,2412.22,2424.25,6902615,2024-02-08 16:59:59.999,28364.11168452,26101,3005888,12352.22858217,0
2024-02-08 17:00:00,2424.25,2436.84,2417.81,2424.36,3063096,2024-02-08 17:59:59.999,12622.71808131,16427,1422273,5861.12954582,0
2024-02-08 18:00:00,2424.36,2432.79,2421.12,2430.84,1898203,2024-02-08 18:59:59.999,7818.24074969,10356,1020883,4205.07138402,0
2024-02-08 19:00:00,2430.84,2432.84,2421.21,2421.63,1187645,2024-02-08 19:59:59.999,4892.64776905,8986,629941,2595.17154338,0
2024-02-08 20:00:00,2421.63,2434.39,2421.36,2428.36,1780164,2024-02-08 20:59:59.999,7331.01636593,12449,958154,3946.40101602,0
2024-02-08 21:00:00,2428.2,2429.44,2422.21,2425.87,1002020,2024-02-08 21:59:59.999,4130.49094206,7402,531437,2190.49107141,0
2024-02-08 22:00:00,2425.95,2431.41,2423.34,2424.58,830365,2024-02-08 22:59:59.999,3420.25574589,5354,371786,1531.16551675,0
2024-02-08 23:00:00,2424.58,2428.77,2418.57,2419.93,857896,2024-02-08 23:59:59.999,3541.25017038,6412,356095,1469.82765998,0
2024-02-09 00:00:00,2419.93,2424.93,2419.61,2424.2,599468,2024-02-09 00:59:59.999,2475.26992134,5508,308630,1274.30062432,0
2024-02-09 01:00:00,2424.2,2428.77,2422.61,2425.71,1248037,2024-02-09 01:59:59.999,5144.25206968,6819,574196,2366.74457696,0
2024-02-09 02:00:00,2425.71,2459.67,2424.2,2458.18,5342568,2024-02-09 02:59:59.999,21850.47565853,22098,2936534,12012.63890957,0
2024-02-09 03:00:00,2458.08,2467.84,2442.16,2448.73,4292808,2024-02-09 03:59:59.999,17483.54471075,21596,1954257,7955.06797344,0
2024-02-09 04:00:00,2448.74,2456.59,2443.31,2445.88,1626669,2024-02-09 04:59:59.999,6642.35862392,11221,770960,3148.48638828,0
2024-02-09 05:00:00,2445.88,2454.9,2440.2,2453.95,1817751,2024-02-09 05:59:59.999,7424.64355855,12751,936415,3824.78065646,0
2024-02-09 06:00:00,2453.95,2454.07,2446.81,2449.4,885108,2024-02-09 06:59:59.999,3611.4026597,7304,534475,2180.92462105,0
2024-02-09 07:00:00,2449.4,2464.19,2448.68,2453.38,2193149,2024-02-09 07:59:59.999,8925.43590235,12577,984034,4004.79179401,0
2024-02-09 08:00:00,2453.38,2477.8,2453.21,2477.01,2978974,2024-02-09 08:59:59.999,12077.62133454,17568,1769267,7173.26834413,0
2024-02-09 09:00:00,2477.0,2480.79,2466.86,2467.36,3543178,2024-02-09 09:59:59.999,14320.31876989,17238,1855676,7498.27305603,0
2024-02-09 10:00:00,2467.36,2474.99,2462.33,2474.99,1708325,2024-02-09 10:59:59.999,6923.79747715,8493,851335,3449.80655223,0
2024-02-09 11:00:00,2475.0,2508.01,2466.28,2503.13,7019163,2024-02-09 11:59:59.999,28210.24838471,23645,4130720,16599.67747949,0
2024-02-09 12:00:00,2503.12,2525.88,2498.59,2514.73,9031850,2024-02-09 12:59:59.999,35952.60779846,35432,4673557,18604.96283284,0
2024-02-09 13:00:00,2514.74,2521.3,2510.51,2512.99,3608696,2024-02-09 13:59:59.999,14335.1186383,16892,1716175,6817.55738481,0
2024-02-09 14:00:00,2513.0,2519.55,2478.6,2494.0,9664537,2024-02-09 14:59:59.999,38734.26680909,38013,4432548,17761.16892431,0
2024-02-09 15:00:00,2494.0,2501.36,2476.8,2495.88,6877348,2024-02-09 15:59:59.999,27625.41665304,23078,3206101,12880.23706187,0
2024-02-09 16:00:00,2495.88,2504.28,2479.09,2487.48,4114393,2024-02-09 16:59:59.999,16499.00487056,16287,2430000,9738.5421011,0
2024-02-09 17:00:00,2487.4,2501.77,2485.34,2498.1,3053216,2024-02-09 17:59:59.999,12229.69024286,17944,1625093,6510.35213909,0
2024-02-09 18:00:00,2498.1,2524.06,2494.62,2501.75,8243708,2024-02-09 18:59:59.999,32866.59021174,32522,4247269,16937.04312347,0
2024-02-09 19:00:00,2501.5,2502.59,2481.6,2485.48,6422584,2024-02-09 19:59:59.999,25803.86244807,19175,3417698,13732.57367408,0
2024-02-09 20:00:00,2485.43,2495.39,2485.43,2489.73,2585031,2024-02-09 20:59:59.999,10382.89416422,11843,1402850,5635.12861417,0
2024-02-09 21:00:00,2489.87,2507.5,2483.47,2502.81,2343414,2024-02-09 21:59:59.999,9391.80908897,10948,1303486,5223.72048447,0
2024-02-09 22:00:00,2502.79,2505.76,2486.68,2495.4,1701165,2024-02-09 22:59:59.999,6809.67781329,9294,784091,3139.01854861,0
2024-02-09 23:00:00,2495.39,2498.75,2485.13,2486.31,1574022,2024-02-09 23:59:59.999,6321.26728235,8644,567620,2279.3724148,0
2024-02-10 00:00:00,2486.33,2496.61,2484.33,2485.84,1704878,2024-02-10 00:59:59.999,6845.56510997,9677,935775,3757.51102414,0
2024-02-10 01:00:00,2485.85,2505.15,2483.0,2498.41,1539600,2024-02-10 01:59:59.999,6173.84673104,9186,833611,3342.34134713,0
2024-02-10 02:00:00,2498.4,2506.59,2496.59,2506.19,931496,2024-02-10 02:59:59.999,3722.33962899,6011,527435,2107.44098244,0
2024-02-10 03:00:00,2506.19,2515.16,2506.19,2512.76,785738,2024-02-10 03:59:59.999,3129.08109307,5476,416457,1658.45695809,0
2024-02-10 04:00:00,2512.79,2516.56,2506.81,2507.01,936857,2024-02-10 04:59:59.999,3730.09952919,6052,449266,1788.53765237,0
2024-02-10 05:00:00,2507.01,2508.79,2501.18,2504.42,1061629,2024-02-10 05:59:59.999,4238.67873537,5581,470713,1879.34020945,0
2024-02-10 06:00:00,2504.42,2508.04,2503.81,2504.64,1125699,2024-02-10 06:59:59.999,4492.1352016,5507,648641,2588.50675977,0
2024-02-10 07:00:00,2504.64,2507.16,2494.06,2495.39,1606121,2024-02-10 07:59:59.999,6424.71481913,6895,444617,1777.94697776,0
2024-02-10 08:00:00,2495.29,2499.19,2485.04,2485.61,1360668,2024-02-10 08:59:59.999,5459.45456492,7675,515408,2067.96889601,0
2024-02-10 09:00:00,2485.6,2494.8,2485.6,2487.82,1134605,2024-02-10 09:59:59.999,4555.33672034,7676,658577,2644.34514946,0
2024-02-10 10:00:00,2487.82,2492.61,2471.99,2475.14,3020393,2024-02-10 10:59:59.999,12170.3712255,13504,1428192,5753.29692159,0
2024-02-10 11:00:00,2475.15,2484.16,2473.91,2484.16,1424598,2024-02-10 11:59:59.999,5744.55412365,10169,853016,3439.8372404,0
2024-02-10 12:00:00,2484.16,2492.89,2481.68,2488.81,1437880,2024-02-10 12:59:59.999,5781.06391865,8646,876547,3524.38899543,0
2024-02-10 13:00:00,2488.81,2493.4,2481.04,2490.9,1727637,2024-02-10 13:59:59.999,6943.05150288,8402,881584,3542.15707443,0
2024-02-10 14:00:00,2490.9,2497.18,2489.1,2492.88,747347,2024-02-10 14:59:59.999,2998.73118451,6188,378079,1517.02906077,0
2024-02-10 15:00:00,2492.88,2496.89,2488.68,2490.95,666080,2024-02-10 15:59:59.999,2671.50729608,4798,297619,1193.74610449,0
2024-02-10 16:00:00,2490.83,2495.13,2487.8,2491.98,772294,2024-02-10 16:59:59.999,3100.04769523,5963,372956,1497.19074053,0
2024-02-10 17:00:00,2491.99,2493.19,2484.2,2485.29,960264,2024-02-10 17:59:59.999,3860.75226695,6353,384078,1544.66173215,0
2024-02-10 18:00:00,2485.29,2493.69,2484.19,2491.62,531733,2024-02-10 18:59:59.999,2136.2189924,4956,290584,1167.31630268,0
2024-02-10 19:00:00,2491.62,2497.8,2489.47,2497.8,747599,2024-02-10 19:59:59.999,2997.51745866,5939,397043,1591.98812887,0
2024-02-10 20:00:00,2497.8,2511.98,2493.6,2506.38,1665591,2024-02-10 20:59:59.999,6650.83341604,9686,858322,3428.58548512,0
2024-02-10 21:00:00,2506.38,2516.99,2506.38,2510.94,1891418,2024-02-10 21:59:59.999,7527.87771511,11480,730078,2905.84550669,0
2024-02-10 22:00:00,2510.94,2511.24,2492.13,2496.2,1932281,2024-02-10 22:59:59.999,7731.42226024,10832,845077,3383.20050625,0
2024-02-10 23:00:00,2496.2,2505.99,2494.09,2500.34,949998,2024-02-10 23:59:59.999,3799.62153053,7110,456182,1824.47789537,0
2024-02-11 00:00:00,2500.35,2504.7,2494.06,2504.53,919884,2024-02-11 00:59:59.999,3680.51604588,7726,440451,1762.41346697,0
2024-02-11 01:00:00,2504.41,2515.16,2503.17,2507.11,1471854,2024-02-11 01:59:59.999,5867.50768067,9213,692715,2761.44228236,0
2024-02-11 02:00:00,2507.11,2512.22,2505.22,2506.17,664151,2024-02-11 02:59:59.999,2647.77993683,5015,308792,1231.1669659,0
2024-02-11 03:00:00,2506.17,2529.95,2504.81,2529.81,3473434,2024-02-11 03:59:59.999,13789.71418976,15591,2178463,8649.76391299,0
2024-02-11 04:00:00,2529.8,2538.89,2514.24,2517.39,6414986,2024-02-11 04:59:59.999,25402.04800747,18912,2489878,9850.36238765,0
2024-02-11 05:00:00,2517.24,2525.39,2516.84,2522.95,1143039,2024-02-11 05:59:59.999,4533.41190442,7818,520877,2066.05776509,0
2024-02-11 06:00:00,2522.96,2533.68,2521.26,2530.26,1235456,2024-02-11 06:59:59.999,4888.57696178,7712,639980,2532.53618746,0
2024-02-11 07:00:00,2530.39,2532.69,2522.8,2527.8,1218196,2024-02-11 07:59:59.999,4821.16663644,8087,465501,1842.55544807,0
2024-02-11 08:00:00,2527.8,2539.74,2520.83,2523.8,2665436,2024-02-11 08:59:59.999,10545.63086413,11586,806605,3187.9737219,0
2024-02-11 09:00:00,2523.8,2528.21,2520.81,2523.06,2011455,2024-02-11 09:59:59.999,7967.40227646,11571,1077610,4269.02369075,0
2024-02-11 10:00:00,2523.06,2524.02,2512.2,2521.49,1838872,2024-02-11 10:59:59.999,7301.6256486,11897,1043492,4143.12673402,0
2024-02-11 11:00:00,2521.49,2531.9,2520.4,2531.6,1423454,2024-02-11 11:59:59.999,5636.34657855,9823,948777,3757.19215991,0
2024-02-11 12:00:00,2531.47,2532.5,2522.22,2522.4,1167748,2024-02-11 12:59:59.999,4620.33778187,9196,534351,2114.04631989,0
2024-02-11 13:00:00,2522.4,2524.53,2509.29,2510.61,1797195,2024-02-11 13:59:59.999,7141.65518103,11381,827076,3286.29854681,0
2024-02-11 14:00:00,2510.61,2514.46,2504.81,2513.8,3650206,2024-02-11 14:59:59.999,14546.67406793,13665,1910348,7611.0274747,0
2024-02-11 15:00:00,2513.8,2513.8,2504.41,2508.11,999401,2024-02-11 15:59:59.999,3984.13305954,8793,422096,1682.66269483,0
2024-02-11 16:00:00,2508.11,2511.58,2500.57,2507.49,1769651,2024-02-11 16:59:59.999,7058.88028562,10445,912043,3637.99467295,0
2024-02-11 17:00:00,2507.49,2520.06,2507.48,2510.52,1503721,2024-02-11 17:59:59.999,5978.4535651,10992,749717,2981.16156708,0
2024-02-11 18:00:00,2510.51,2512.29,2495.56,2506.12,1892266,2024-02-11 18:59:59.999,7560.47362295,12153,929118,3711.82280136,0
2024-02-11 19:00:00,2506.11,2509.94,2504.49,2507.07,547086,2024-02-11 19:59:59.999,2182.00159944,6722,282897,1128.32935489,0
2024-02-11 20:00:00,2507.07,2513.71,2492.8,2497.12,1695557,2024-02-11 20:59:59.999,6776.58634056,11516,735702,2941.074156,0
2024-02-11 21:00:00,2497.13,2504.36,2496.44,2503.8,939989,2024-02-11 21:59:59.999,3760.19444007,8362,558705,2234.89426544,0
2024-02-11 22:00:00,2503.8,2507.24,2499.12,2499.95,703818,2024-02-11 22:59:59.999,2810.57572302,6676,321265,1282.79709671,0
2024-02-11 23:00:00,2499.95,2507.22,2498.08,2507.13,1214474,2024-02-11 23:59:59.999,4854.72039681,7737,545082,2178.69599995,0
2024-02-12 00:00:00,2507.14,2525.66,2505.11,2514.41,3059602,2024-02-12 00:59:59.999,12158.55398032,15743,1482034,5890.2166319,0
2024-02-12 01:00:00,2514.41,2515.86,2505.17,2515.03,1791712,2024-02-12 01:59:59.999,7137.46713756,10234,1090329,4342.57830101,0
2024-02-12 02:00:00,2515.03,2517.99,2493.12,2503.34,1803354,2024-02-12 02:59:59.999,7205.68603789,11587,774892,3096.76934586,0
2024-02-12 03:00:00,2503.33,2504.55,2497.21,2499.9,1017061,2024-02-12 03:59:59.999,4066.66769791,6531,472295,1888.35285087,0
2024-02-12 04:00:00,2499.9,2501.44,2494.31,2494.8,641693,2024-02-12 04:59:59.999,2568.80644025,6341,294222,1177.71972806,0
2024-02-12 05:00:00,2494.8,2500.4,2494.21,2494.56,610034,2024-02-12 05:59:59.999,2442.00827773,5463,327850,1312.19819061,0
2024-02-12 06:00:00,2494.55,2498.6,2480.53,2494.3,3961909,2024-02-12 06:59:59.999,15927.27969402,14388,1768799,7114.04067519,0
2024-02-12 07:00:00,2494.31,2505.0,2491.68,2501.95,1492936,2024-02-12 07:59:59.999,5974.90385708,10671,837457,3351.8144681,0
2024-02-12 08:00:00,2501.95,2505.6,2489.13,2490.21,974129,2024-02-12 08:59:59.999,3900.40247429,8763,410462,1643.17333373,0
2024-02-12 09:00:00,2490.21,2490.8,2472.31,2477.56,3900550,2024-02-12 09:59:59.999,15722.66861248,14886,1449155,5840.04929798,0
2024-02-12 10:00:00,2477.56,2485.68,2472.96,2480.9,1854751,2024-02-12 10:59:59.999,7476.51937345,11795,964947,3888.7850683,0
2024-02-12 11:00:00,2480.91,2488.57,2477.27,2488.55,1135114,2024-02-12 11:59:59.999,4575.38135314,8385,579068,2333.32565166,0
2024-02-12 12:00:00,2488.55,2489.87,2481.6,2489.28,627828,2024-02-12 12:59:59.999,2525.15391964,6390,315775,1270.01690104,0
2024-02-12 13:00:00,2489.4,2489.4,2483.41,2487.4,682990,2024-02-12 13:59:59.999,2746.57406742,6718,298363,1199.91705864,0
2024-02-12 14:00:00,2487.4,2530.6,2486.6,2529.33,5275365,2024-02-12 14:59:59.999,21016.2742834,24337,2835510,11298.1621041,0
2024-02-12 15:00:00,2529.33,2564.07,2521.22,2558.93,12681287,2024-02-12 15:59:59.999,49949.71120383,51441,6216297,24479.84390572,0
2024-02-12 16:00:00,2558.94,2560.84,2537.05,2553.6,6191926,2024-02-12 16:59:59.999,24292.5340299,28780,2726575,10696.89534125,0
2024-02-12 17:00:00,2553.59,2619.18,2551.42,2611.05,15457142,2024-02-12 17:59:59.999,59586.94147133,54377,8569363,33045.36370693,0
2024-02-12 18:00:00,2611.01,2635.29,2605.6,2623.6,6226385,2024-02-12 18:59:59.999,23769.54908035,30323,3224096,12306.50742915,0
2024-02-12 19:00:00,2623.6,2641.61,2609.4,2611.4,6086673,2024-02-12 19:59:59.999,23194.33971411,27293,2378642,9061.09726467,0
2024-02-12 20:00:00,2611.4,2651.0,2611.4,2644.41,4378956,2024-02-12 20:59:59.999,16628.91258363,20563,2581669,9805.95722416,0
2024-02-12 21:00:00,2644.41,2655.18,2630.89,2633.24,4174670,2024-02-12 21:59:59.999,15797.09287402,19741,1684108,6374.24029727,0
2024-02-12 22:00:00,2633.4,2667.77,2633.4,2656.94,2721720,2024-02-12 22:59:59.999,10254.24294504,14871,1386255,5224.89469843,0
2024-02-12 23:00:00,2656.94,2665.4,2648.0,2661.6,2860523,2024-02-12 23:59:59.999,10770.48916701,15399,1480596,5575.43850965,0
2024-02-13 00:00:00,2661.6,2688.65,2661.6,2670.01,5648758,2024-02-13 00:59:59.999,21109.55867207,24718,2614980,9772.61093524,0
2024-02-13 01:00:00,2670.01,2683.8,2666.28,2680.46,2585516,2024-02-13 01:59:59.999,9672.00630154,14281,1383150,5174.27853495,0
2024-02-13 02:00:00,2680.45,2683.67,2656.83,2658.18,2453381,2024-02-13 02:59:59.999,9200.96337053,14172,1094455,4103.83518114,0
2024-02-13 03:00:00,2658.19,2660.8,2638.7,2643.19,3442068,2024-02-13 03:59:59.999,12995.5890187,14533,1274544,4812.60194016,0
2024-02-13 04:00:00,2643.18,2654.76,2640.61,2649.23,2790590,2024-02-13 04:59:59.999,10538.50791834,9634,1629130,6151.60163916,0
2024-02-13 05:00:00,2649.23,2655.84,2645.17,2654.33,1621520,2024-02-13 05:59:59.999,6116.90137442,7682,948031,3575.93089951,0
2024-02-13 06:00:00,2654.32,2656.39,2647.3,2649.2,1023747,2024-02-13 06:59:59.999,3860.63132862,5118,425201,1603.51989751,0
2024-02-13 07:00:00,2649.2,2654.88,2642.63,2651.2,1384233,2024-02-13 07:59:59.999,5224.17047278,9054,719255,2714.78378647,0
2024-02-13 08:00:00,2651.2,2666.92,2649.55,2665.4,2881999,2024-02-13 08:59:59.999,10839.26872519,12331,1770893,6661.1618178,0
2024-02-13 09:00:00,2665.4,2684.96,2658.49,2679.72,3305885,2024-02-13 09:59:59.999,12374.91093913,15050,1770456,6623.75903504,0
2024-02-13 10:00:00,2679.72,2681.76,2666.44,2669.57,3730483,2024-02-13 10:59:59.999,13953.81073959,18380,1630250,6098.41155856,0
2024-02-13 11:00:00,2669.57,2688.3,2660.0,2683.32,4280662,2024-02-13 11:59:59.999,16005.3112435,19875,2037069,7614.09074681,0
2024-02-13 12:00:00,2683.6,2688.32,2667.32,2676.2,3247934,2024-02-13 12:59:59.999,12134.86280564,16009,1546547,5777.12192501,0
2024-02-13 13:00:00,2676.19,2678.89,2613.74,2644.85,15305027,2024-02-13 13:59:59.999,57895.44999238,48234,7127978,26964.62426537,0
2024-02-13 14:00:00,2644.66,2655.56,2590.8,2636.4,27330305,2024-02-13 14:59:59.999,104079.5225419,83316,14483992,55154.50209962,0
2024-02-13 15:00:00,2636.52,2646.8,2612.39,2633.99,6601447,2024-02-13 15:59:59.999,25080.67900796,37500,3152512,11977.81217529,0
2024-02-13 16:00:00,2634.0,2643.59,2603.19,2605.2,4920501,2024-02-13 16:59:59.999,18755.9326805,26335,2240119,8536.79323684,0
2024-02-13 17:00:00,2605.24,2622.19,2594.87,2622.02,6408129,2024-02-13 17:59:59.999,24568.80332761,26991,3196088,12250.80968289,0
2024-02-13 18:00:00,2622.02,2638.67,2620.15,2632.31,2763205,2024-02-13 18:59:59.999,10507.95542118,16974,1426045,5422.66949515,0
2024-02-13 19:00:00,2632.3,2637.25,2611.9,2613.4,2239873,2024-02-13 19:59:59.999,8530.34972123,14235,1000012,3807.16740365,0
2024-02-13 20:00:00,2613.4,2633.62,2612.81,2630.37,2769029,2024-02-13 20:59:59.999,10546.07141751,15483,1411317,5375.75276251,0
2024-02-13 21:00:00,2630.37,2651.99,2629.84,2633.97,2662402,2024-02-13 21:59:59.999,10079.5426698,14816,1233772,4670.35420241,0
2024-02-13 22:00:00,2633.99,2639.36,2620.02,2637.94,1965345,2024-02-13 22:59:59.999,7477.29166633,11166,956960,3640.75996725,0
2024-02-13 23:00:00,2637.88,2645.04,2629.41,2642.2,1212009,2024-02-13 23:59:59.999,4596.31016708,8393,636395,2413.85529373,0
2024-02-14 00:00:00,2642.2,2643.48,2625.78,2633.1,2201193,2024-02-14 00:59:59.999,8357.62029094,12432,1138090,4321.78238529,0
2024-02-14 01:00:00,2633.2,2638.62,2623.21,2624.91,1325204,2024-02-14 01:59:59.999,5039.91327257,10891,618544,2352.28162864,0
2024-02-14 02:00:00,2624.9,2637.0,2620.59,2636.34,1095753,2024-02-14 02:59:59.999,4167.07075842,8745,539150,2050.64071293,0
2024-02-14 03:00:00,2636.34,2646.8,2635.91,2639.69,1690153,2024-02-14 03:59:59.999,6397.98315571,9145,867395,3284.15856221,0
2024-02-14 04:00:00,2639.69,2643.39,2623.22,2629.39,2112560,2024-02-14 04:59:59.999,8029.63858895,10837,1046789,3978.78557758,0
2024-02-14 05:00:00,2629.38,2645.68,2629.38,2644.0,1002608,2024-02-14 05:59:59.999,3800.43630685,8451,565516,2144.59979067,0
2024-02-14 06:00:00,2644.0,2652.57,2642.2,2647.47,1713264,2024-02-14 06:59:59.999,6473.0783503,8812,668185,2524.46005934,0
2024-02-14 07:00:00,2647.47,2657.43,2647.47,2655.4,1839428,2024-02-14 07:59:59.999,6931.53187078,10155,1133349,4270.92560799,0
2024-02-14 08:00:00,2655.41,2715.78,2650.33,2710.9,7846683,2024-02-14 08:59:59.999,29210.01857873,26927,4291621,15976.11783168,0
2024-02-14 09:00:00,2710.9,2750.0,2710.09,2748.91,16071731,2024-02-14 09:59:59.999,58836.88821647,61500,7871290,28814.74875395,0
2024-02-14 10:00:00,2748.9,2764.08,2741.32,2756.0,7988685,2024-02-14 10:59:59.999,29015.65537395,32172,4102138,14898.80402684,0
2024-02-14 11:00:00,2755.99,2760.91,2737.5,2758.01,10035468,2024-02-14 11:59:59.999,36509.17247443,30525,4299845,15633.6248305,0
2024-02-14 12:00:00,2758.01,2761.26,2734.2,2741.12,5222817,2024-02-14 12:59:59.999,19004.57745509,21610,2156017,7845.33149877,0
2024-02-14 13:00:00,2741.23,2773.88,2740.44,2767.16,6180923,2024-02-14 13:59:59.999,22410.09657382,21414,3490049,12654.06391889,0
2024-02-14 14:00:00,2767.16,2775.0,2752.79,2761.51,8605629,2024-02-14 14:59:59.999,31148.03684783,32760,4275216,15467.62012844,0
2024-02-14 15:00:00,2761.52,2763.39,2732.22,2752.6,8960348,2024-02-14 15:59:59.999,32582.23759041,34309,5031992,18297.27586963,0
2024-02-14 16:00:00,2752.65,2753.51,2731.32,2742.03,4121543,2024-02-14 16:59:59.999,15018.73560772,23987,2015288,7343.34976068,0
2024-02-14 17:00:00,2742.03,2752.28,2737.08,2744.13,2698552,2024-02-14 17:59:59.999,9830.98573912,16072,1318858,4804.50707939,0
2024-02-14 18:00:00,2744.19,2754.8,2729.48,2753.2,2896954,2024-02-14 18:59:59.999,10574.50453361,15426,1527181,5574.18307283,0
2024-02-14 19:00:00,2753.2,2768.84,2743.4,2764.94,5575164,2024-02-14 19:59:59.999,20218.00875545,19936,2970850,10771.17878155,0
2024-02-14 20:00:00,2764.94,2771.2,2758.63,2768.09,2595588,2024-02-14 20:59:59.999,9388.53591703,14591,1188540,4298.94257306,0
2024-02-14 21:00:00,2768.07,2790.71,2759.32,2782.48,3223180,2024-02-14 21:59:59.999,11612.84376253,16127,1750138,6304.06727414,0
2024-02-14 22:00:00,2782.47,2786.74,2767.8,2775.81,1962966,2024-02-14 22:59:59.999,7072.56974546,11290,1158415,4173.89057088,0
2024-02-14 23:00:00,2775.81,2787.62,2771.61,2778.97,1981360,2024-02-14 23:59:59.999,7126.11739459,12115,1104423,3972.04417024,0
2024-02-15 00:00:00,2778.96,2831.29,2775.28,2822.45,9365436,2024-02-15 00:59:59.999,33337.42158386,35139,5121286,18238.36640353,0
2024-02-15 01:00:00,2822.45,2822.45,2774.83,2782.22,6323997,2024-02-15 01:59:59.999,22640.80259383,27444,2803864,10038.2937114,0
2024-02-15 02:00:00,2782.4,2801.2,2777.66,2790.2,4972761,2024-02-15 02:59:59.999,17832.34249281,19332,2189131,7846.06380589,0
2024-02-15 03:00:00,2790.21,2807.1,2789.8,2805.39,1962661,2024-02-15 03:59:59.999,7012.55862256,12034,1008423,3603.08683572,0
2024-02-15 04:00:00,2805.39,2807.71,2787.44,2800.44,3873564,2024-02-15 04:59:59.999,13846.56883051,16338,1904376,6808.45343411,0
2024-02-15 05:00:00,2800.21,2800.78,2761.86,2774.64,4850500,2024-02-15 05:59:59.999,17454.26171176,20163,1938227,6975.75111155,0
2024-02-15 06:00:00,2774.63,2786.49,2773.2,2781.79,3558262,2024-02-15 06:59:59.999,12801.27678727,15405,1862069,6699.75156647,0
2024-02-15 07:00:00,2781.69,2790.28,2764.21,2776.01,3131034,2024-02-15 07:59:59.999,11271.2907347,14112,1609036,5791.99028676,0
2024-02-15 08:00:00,2776.01,2787.16,2772.02,2785.15,1922693,2024-02-15 08:59:59.999,6915.70169394,11490,932272,3352.57180281,0
2024-02-15 09:00:00,2785.0,2798.42,2783.6,2793.36,3753420,2024-02-15 09:59:59.999,13446.52784798,15783,1684933,6035.23215267,0
2024-02-15 10:00:00,2793.37,2806.07,2790.0,2803.8,3348908,2024-02-15 10:59:59.999,11960.22489703,15566,1784589,6374.57294285,0
2024-02-15 11:00:00,2803.8,2805.4,2787.5,2796.78,2678001,2024-02-15 11:59:59.999,9574.22069511,13516,1126113,4026.55557364,0
2024-02-15 12:00:00,2796.63,2807.39,2779.56,2800.99,3585291,2024-02-15 12:59:59.999,12835.38563702,19214,1844821,6604.15244452,0
2024-02-15 13:00:00,2801.06,2818.51,2793.16,2814.17,6436151,2024-02-15 13:59:59.999,22930.96602081,26403,3089838,11006.08296176,0
2024-02-15 14:00:00,2814.18,2863.04,2803.23,2857.77,18381324,2024-02-15 14:59:59.999,64658.03180009,50449,10096781,35513.67155678,0
2024-02-15 15:00:00,2857.78,2873.44,2819.74,2832.17,29175504,2024-02-15 15:59:59.999,102546.49736332,78186,14779227,51954.09564769,0
2024-02-15 16:00:00,2832.17,2848.03,2807.55,2834.6,13124565,2024-02-15 16:59:59.999,46363.15445005,44735,6239292,22039.37846009,0
2024-02-15 17:00:00,2834.6,2840.6,2816.94,2819.32,7299158,2024-02-15 17:59:59.999,25800.60309273,25040,3053662,10794.26204226,0
2024-02-15 18:00:00,2819.35,2836.85,2812.35,2828.7,4837294,2024-02-15 18:59:59.999,17114.13522812,20247,2532051,8957.72800716,0
2024-02-15 19:00:00,2828.77,2843.57,2814.8,2839.4,6092044,2024-02-15 19:59:59.999,21539.2004276,22265,3042204,10757.13915389,0
2024-02-15 20:00:00,2839.4,2847.54,2818.45,2833.37,3738256,2024-02-15 20:59:59.999,13197.39938694,18198,1755388,6198.00850336,0
2024-02-15 21:00:00,2833.37,2850.25,2790.4,2798.24,7168286,2024-02-15 21:59:59.999,25414.62804754,27025,3372112,11950.8231789,0
2024-02-15 22:00:00,2798.24,2827.16,2795.62,2818.05,3485392,2024-02-15 22:59:59.999,12401.50573484,17228,1898875,6755.33598478,0
2024-02-15 23:00:00,2818.04,2830.3,2814.97,2827.42,1805544,2024-02-15 23:59:59.999,6390.82368039,10029,914081,3236.28739223,0
2024-02-16 00:00:00,2827.42,2847.74,2825.68,2843.31,2815510,2024-02-16 00:59:59.999,9921.26167596,14656,1304448,4597.0133488,0
2024-02-16 01:00:00,2843.39,2863.09,2841.83,2847.6,4189310,2024-02-16 01:59:59.999,14686.61786441,17049,2096932,7350.73076777,0
2024-02-16 02:00:00,2847.6,2854.59,2841.02,2851.6,1828117,2024-02-16 02:59:59.999,6419.71403102,10185,898660,3155.61291225,0
2024-02-16 03:00:00,2851.6,2861.36,2844.3,2850.8,3336797,2024-02-16 03:59:59.999,11698.29856181,13823,1506635,5282.50427291,0
2024-02-16 04:00:00,2850.81,2855.37,2839.56,2841.82,2205863,2024-02-16 04:59:59.999,7750.2915061,10354,747109,2624.88700644,0
2024-02-16 05:00:00,2841.82,2851.48,2839.55,2845.59,1800079,2024-02-16 05:59:59.999,6325.06064773,9907,1034310,3634.50913133,0
2024-02-16 06:00:00,2845.59,2856.39,2834.03,2836.51,2711081,2024-02-16 06:59:59.999,9524.39390317,13553,1349888,4741.61069919,0
2024-02-16 07:00:00,2836.51,2838.87,2816.14,2819.36,4503412,2024-02-16 07:59:59.999,15931.79271115,20045,2219522,7854.16280651,0
2024-02-16 08:00:00,2819.36,2832.8,2817.66,2820.34,4833783,2024-02-16 08:59:59.999,17118.17439156,16650,2446159,8662.79130838,0
2024-02-16 09:00:00,2820.35,2821.68,2796.99,2813.29,5014719,2024-02-16 09:59:59.999,17836.74729787,22026,2312390,8225.24447679,0
2024-02-16 10:00:00,2813.29,2832.74,2808.78,2832.1,4138399,2024-02-16 10:59:59.999,14658.26244293,17805,2289494,8110.29846459,0
2024-02-16 11:00:00,2832.09,2838.6,2822.8,2826.95,4590101,2024-02-16 11:59:59.999,16213.4686312,19823,2307134,8148.13872561,0
2024-02-16 12:00:00,2826.8,2852.07,2821.8,2847.91,3749357,2024-02-16 12:59:59.999,13201.67750454,18513,1893975,6668.41660995,0
2024-02-16 13:00:00,2847.92,2851.0,2830.02,2843.99,4637682,2024-02-16 13:59:59.999,16318.91372508,21783,2118057,7453.23851841,0
2024-02-16 14:00:00,2843.99,2847.91,2787.31,2801.2,10824945,2024-02-16 14:59:59.999,38456.10014242,40440,4818679,17119.57869795,0
2024-02-16 15:00:00,2801.19,2801.19,2742.0,2779.16,13327528,2024-02-16 15:59:59.999,48031.00018869,48938,6299996,22702.36416868,0
2024-02-16 16:00:00,2779.16,2810.52,2775.87,2788.28,6447879,2024-02-16 16:59:59.999,23076.34925413,30968,3179406,11379.80353866,0
2024-02-16 17:00:00,2788.28,2793.79,2768.74,2780.72,4010360,2024-02-16 17:59:59.999,14427.73932874,21185,1918740,6902.15594253,0
2024-02-16 18:00:00,2780.72,2785.0,2768.01,2783.99,3378178,2024-02-16 18:59:59.999,12157.65461569,17358,1862200,6701.53929755,0
2024-02-16 19:00:00,2783.99,2788.21,2759.01,2765.46,3112722,2024-02-16 19:59:59.999,11215.02365227,17222,1422909,5126.55489684,0
2024-02-16 20:00:00,2765.4,2785.33,2760.51,2785.33,4621009,2024-02-16 20:59:59.999,16650.0908153,19583,2954192,10645.89769382,0
2024-02-16 21:00:00,2785.32,2795.28,2778.29,2794.2,2314175,2024-02-16 21:59:59.999,8295.4761696,13523,1249821,4479.84579754,0
2024-02-16 22:00:00,2794.2,2794.4,2788.81,2792.89,999317,2024-02-16 22:59:59.999,3579.07295048,8956,447947,1604.4995214,0
2024-02-16 23:00:00,2792.89,2814.53,2790.88,2805.93,2298137,2024-02-16 23:59:59.999,8195.19022843,13836,1321277,4713.15929179,0
2024-02-17 00:00:00,2805.94,2808.37,2799.89,2799.89,1274889,2024-02-17 00:59:59.999,4546.33400942,10820,576853,2057.13195721,0
2024-02-17 01:00:00,2799.9,2801.04,2780.77,2790.41,2308784,2024-02-17 01:59:59.999,8271.94731578,14044,1050802,3764.98172983,0
2024-02-17 02:00:00,2790.41,2798.98,2789.41,2792.54,1338645,2024-02-17 02:59:59.999,4791.59143448,10029,687213,2460.02194518,0
2024-02-17 03:00:00,2792.54,2797.6,2788.99,2796.59,1252262,2024-02-17 03:59:59.999,4483.26177924,9808,722923,2587.83715336,0
2024-02-17 04:00:00,2796.6,2799.6,2791.77,2796.39,1301864,2024-02-17 04:59:59.999,4658.0463576,9115,654896,2343.42456315,0
2024-02-17 05:00:00,2796.39,2797.8,2781.69,2787.77,3269878,2024-02-17 05:59:59.999,11736.63435959,13237,1284530,4610.97687216,0
2024-02-17 06:00:00,2787.77,2793.15,2785.34,2790.2,1029853,2024-02-17 06:59:59.999,3691.96388808,8594,560753,2010.15065998,0
2024-02-17 07:00:00,2790.2,2800.15,2788.58,2797.38,1875635,2024-02-17 07:59:59.999,6707.17368699,10329,933202,3337.33117506,0
2024-02-17 08:00:00,2797.38,2797.38,2774.42,2776.79,3620227,2024-02-17 08:59:59.999,13003.55778811,18486,1521616,5466.08706002,0
2024-02-17 09:00:00,2776.79,2784.37,2770.21,2778.43,5099994,2024-02-17 09:59:59.999,18351.01937538,20736,3298812,11868.97945479,0
2024-02-17 10:00:00,2778.43,2783.58,2767.19,2783.41,4308721,2024-02-17 10:59:59.999,15530.33434453,16913,1949813,7025.89980985,0
2024-02-17 11:00:00,2783.41,2789.0,2781.61,2784.08,2358758,2024-02-17 11:59:59.999,8470.37523611,13054,1194576,4289.71380619,0
2024-02-17 12:00:00,2784.07,2790.96,2776.9,2786.79,3087232,2024-02-17 12:59:59.999,11086.00536061,13118,1568248,5631.29883518,0
2024-02-17 13:00:00,2786.79,2786.93,2742.2,2746.0,11228587,2024-02-17 13:59:59.999,40697.15926902,35620,4497372,16306.51054139,0
2024-02-17 14:00:00,2746.0,2757.29,2720.0,2742.78,12313801,2024-02-17 14:59:59.999,44992.20929658,42001,6727020,24572.9027561,0
2024-02-17 15:00:00,2742.79,2760.0,2733.86,2757.21,4148950,2024-02-17 15:59:59.999,15091.25101443,21980,2218535,8068.01132726,0
2024-02-17 16:00:00,2757.21,2761.21,2745.39,2758.21,2249147,2024-02-17 16:59:59.999,8170.41447332,13732,958755,3482.766168,0
2024-02-17 17:00:00,2758.2,2773.25,2758.2,2770.79,2237200,2024-02-17 17:59:59.999,8086.31057663,12855,1035226,3741.97713233,0
2024-02-17 18:00:00,2770.79,2774.0,2767.26,2771.19,1872663,2024-02-17 18:59:59.999,6759.94686429,11253,828413,2990.70260182,0
2024-02-17 19:00:00,2771.19,2779.13,2769.8,2776.87,1150650,2024-02-17 19:59:59.999,4146.35465288,9425,579776,2089.29280135,0
2024-02-17 20:00:00,2776.87,2782.8,2774.2,2781.59,1056251,2024-02-17 20:59:59.999,3801.40200557,8695,628800,2262.92090244,0
2024-02-17 21:00:00,2781.59,2804.42,2777.44,2788.31,3217769,2024-02-17 21:59:59.999,11524.99400574,17279,1599599,5730.2944107,0
2024-02-17 22:00:00,2788.31,2793.16,2782.14,2787.19,2115070,2024-02-17 22:59:59.999,7590.04324423,12483,871466,3127.97462337,0
2024-02-17 23:00:00,2787.19,2791.02,2782.28,2788.39,1087744,2024-02-17 23:59:59.999,3903.4439849,9163,543944,1952.03347329,0
2024-02-18 00:00:00,2788.39,2794.28,2781.02,2791.06,1257371,2024-02-18 00:59:59.999,4511.01486159,9845,630568,2262.32579932,0
2024-02-18 01:00:00,2791.06,2800.05,2779.56,2782.41,1922617,2024-02-18 01:59:59.999,6884.36784497,13172,939579,3364.37610826,0
2024-02-18 02:00:00,2782.41,2784.25,2766.89,2774.38,2516466,2024-02-18 02:59:59.999,9069.71905286,15110,1222981,4408.41036762,0
2024-02-18 03:00:00,2774.38,2785.18,2771.4,2784.95,1443348,2024-02-18 03:59:59.999,5194.60900304,11098,816257,2937.6699949,0
2024-02-18 04:00:00,2784.94,2801.63,2784.94,2799.38,3260259,2024-02-18 04:59:59.999,11658.97499343,16556,1610326,5759.70058086,0
2024-02-18 05:00:00,2799.38,2807.48,2797.41,2805.6,2879463,2024-02-18 05:59:59.999,10273.32461874,14996,1577010,5626.52010948,0
2024-02-18 06:00:00,2805.61,2809.96,2781.26,2790.17,4510619,2024-02-18 06:59:59.999,16137.64081731,19387,2221218,7945.90831353,0
2024-02-18 07:00:00,2790.17,2808.88,2785.07,2803.8,3398989,2024-02-18 07:59:59.999,12142.98591719,17429,1725198,6163.70075879,0
2024-02-18 08:00:00,2803.8,2808.74,2799.51,2807.67,1503726,2024-02-18 08:59:59.999,5362.21062984,11300,740283,2639.65106533,0
2024-02-18 09:00:00,2807.67,2825.41,2807.67,2822.61,4321874,2024-02-18 09:59:59.999,15335.11722712,21794,2385962,8466.43614762,0
2024-02-18 10:00:00,2822.6,2826.4,2808.12,2813.01,3309446,2024-02-18 10:59:59.999,11746.17480465,16198,1411904,5012.23147748,0
2024-02-18 11:00:00,2813.0,2813.2,2799.81,2805.39,4339865,2024-02-18 11:59:59.999,15473.70794348,17737,1502638,5357.49522478,0
2024-02-18 12:00:00,2805.39,2809.69,2792.14,2794.41,3095763,2024-02-18 12:59:59.999,11049.60008142,16426,1350867,4820.99407807,0
2024-02-18 13:00:00,2794.4,2799.86,2787.61,2789.09,2406136,2024-02-18 13:59:59.999,8611.51279824,14633,1187410,4249.59646312,0
2024-02-18 14:00:00,2789.09,2816.27,2789.09,2812.01,3436366,2024-02-18 14:59:59.999,12257.71831737,18047,2033913,7254.68535517,0
2024-02-18 15:00:00,2812.01,2812.15,2802.39,2808.8,2147874,2024-02-18 15:59:59.999,7651.83794847,14218,912928,3252.65545251,0
2024-02-18 16:00:00,2808.92,2809.4,2796.27,2807.61,2500145,2024-02-18 16:59:59.999,8922.34148348,13862,1226435,4376.74765422,0
2024-02-18 17:00:00,2807.61,2825.48,2807.21,2815.3,5355929,2024-02-18 17:59:59.999,19003.13205371,21088,3425970,12157.99766419,0
2024-02-18 18:00:00,2815.3,2838.59,2809.91,2837.94,4117688,2024-02-18 18:59:59.999,14587.80242352,19965,2167105,7676.9481628,0
2024-02-18 19:00:00,2837.94,2848.01,2825.26,2830.91,2946077,2024-02-18 19:59:59.999,10380.69087597,18066,1485945,5235.91368413,0
2024-02-18 20:00:00,2830.76,2835.79,2819.03,2830.2,2051343,2024-02-18 20:59:59.999,7256.0323333,14716,977779,3459.07587711,0
2024-02-18 21:00:00,2830.21,2849.8,2825.61,2849.28,2201323,2024-02-18 21:59:59.999,7754.66759545,14095,1086423,3827.16766973,0
2024-02-18 22:00:00,2849.28,2899.69,2846.62,2884.2,13548642,2024-02-18 22:59:59.999,47041.01653372,41005,6808991,23639.73441901,0
2024-02-18 23:00:00,2884.19,2895.4,2868.58,2884.01,7857352,2024-02-18 23:59:59.999,27263.91020255,29736,3758554,13043.58600715,0
2024-02-19 00:00:00,2884.01,2896.9,2864.72,2874.15,9199771,2024-02-19 00:59:59.999,31963.09839573,28939,3605978,12516.64448682,0
2024-02-19 01:00:00,2874.15,2874.8,2858.28,2869.6,3097134,2024-02-19 01:59:59.999,10802.88411631,13135,1485360,5180.47870661,0
2024-02-19 02:00:00,2869.6,2892.49,2869.6,2885.0,5100179,2024-02-19 02:59:59.999,17695.08844663,16974,2789260,9678.45763244,0
2024-02-19 03:00:00,2885.11,2891.99,2878.53,2889.44,2297022,2024-02-19 03:59:59.999,7960.39675202,13540,1108922,3842.5583283,0
2024-02-19 04:00:00,2889.5,2905.57,2883.46,2899.2,4926070,2024-02-19 04:59:59.999,17011.15122224,19974,2572221,8881.42625164,0
2024-02-19 05:00:00,2899.2,2914.0,2885.79,2910.4,5022945,2024-02-19 05:59:59.999,17335.29453083,21571,2589213,8935.76135965,0
2024-02-19 06:00:00,2910.4,2935.2,2908.63,2924.55,8508708,2024-02-19 06:59:59.999,29097.97971631,40191,4728268,16172.69318257,0
2024-02-19 07:00:00,2924.54,2932.99,2921.26,2929.05,2706619,2024-02-19 07:59:59.999,9246.47470617,23429,1497730,5116.52636158,0
2024-02-19 08:00:00,2929.05,2931.0,2905.59,2910.19,4813310,2024-02-19 08:59:59.999,16500.41628026,31119,2037279,6983.57571812,0
2024-02-19 09:00:00,2910.2,2923.49,2908.17,2911.11,4014437,2024-02-19 09:59:59.999,13768.32084272,36098,2092770,7177.76580006,0
2024-02-19 10:00:00,2911.12,2920.77,2892.99,2913.29,5413544,2024-02-19 10:59:59.999,18606.95641373,31606,2267163,7795.3473678,0
2024-02-19 11:00:00,2913.29,2919.54,2908.6,2915.09,3168471,2024-02-19 11:59:59.999,10871.49176832,22207,1373631,4712.99029794,0
2024-02-19 12:00:00,2915.09,2921.33,2907.19,2907.6,4250225,2024-02-19 12:59:59.999,14591.4557516,27257,1577545,5415.88932468,0
2024-02-19 13:00:00,2907.61,2914.58,2893.55,2895.8,6480498,2024-02-19 13:59:59.999,22317.54116511,42029,2843698,9793.48996809,0
2024-02-19 14:00:00,2895.8,2909.14,2888.63,2902.81,5032958,2024-02-19 14:59:59.999,17361.23669678,30774,2167476,7476.2684527,0
2024-02-19 15:00:00,2902.81,2922.81,2900.36,2910.26,3651602,2024-02-19 15:59:59.999,12548.1165403,23684,2106148,7236.88759456,0
2024-02-19 16:00:00,2910.26,2939.8,2893.09,2899.15,8802878,2024-02-19 16:59:59.999,30203.68310472,41593,3921814,13449.68734903,0
2024-02-19 17:00:00,2899.16,2948.0,2888.21,2945.71,8984785,2024-02-19 17:59:59.999,30724.25358332,48997,4622008,15803.48520013,0
2024-02-19 18:00:00,2945.72,2957.05,2931.98,2935.65,6229231,2024-02-19 18:59:59.999,21149.02934045,34644,2955967,10036.56521703,0
2024-02-19 19:00:00,2935.43,2938.59,2922.49,2936.21,2958120,2024-02-19 19:59:59.999,10094.46941889,22640,1427166,4869.98923806,0
2024-02-19 20:00:00,2936.21,2944.08,2928.99,2936.59,1811108,2024-02-19 20:59:59.999,6167.88581732,17114,860571,2930.8603153,0
2024-02-19 21:00:00,2936.59,2972.64,2935.0,2971.0,4871589,2024-02-19 21:59:59.999,16483.49061132,30449,2464640,8338.20601539,0
2024-02-19 22:00:00,2970.99,2988.0,2962.98,2964.37,6235023,2024-02-19 22:59:59.999,20946.66034717,32425,2927388,9834.19127257,0
2024-02-19 23:00:00,2964.37,2966.4,2936.27,2946.87,5163244,2024-02-19 23:59:59.999,17490.9919993,28587,2377970,8051.44199179,0
2024-02-20 00:00:00,2946.87,2958.57,2930.81,2937.0,5155358,2024-02-20 00:59:59.999,17502.72069444,32028,2610291,8859.92753715,0
2024-02-20 01:00:00,2937.0,2946.64,2904.73,2923.61,8611892,2024-02-20 01:59:59.999,29476.66958777,45885,3816432,13060.61817327,0
2024-02-20 02:00:00,2923.61,2932.09,2917.75,2928.59,3182116,2024-02-20 02:59:59.999,10880.51322088,17844,1722266,5888.84996037,0
2024-02-20 03:00:00,2928.8,2932.95,2907.6,2909.11,2706204,2024-02-20 03:59:59.999,9269.38221759,16097,1276172,4370.33367245,0
2024-02-20 04:00:00,2909.1,2928.0,2905.33,2925.84,4864802,2024-02-20 04:59:59.999,16669.88056717,27187,2333029,7994.48889545,0
2024-02-20 05:00:00,2925.84,2936.85,2924.4,2928.8,2419874,2024-02-20 05:59:59.999,8258.28754801,18665,1265911,4320.01992193,0
2024-02-20 06:00:00,2928.79,2936.39,2926.83,2931.95,1272533,2024-02-20 06:59:59.999,4338.21156423,13012,573028,1953.62756992,0
2024-02-20 07:00:00,2931.95,2932.99,2917.58,2922.74,2371075,2024-02-20 07:59:59.999,8103.83207421,17377,1091844,3732.1935614,0
2024-02-20 08:00:00,2922.73,2924.85,2905.91,2917.88,3195984,2024-02-20 08:59:59.999,10962.49576515,21605,1563121,5361.56838793,0
2024-02-20 09:00:00,2917.84,2922.29,2872.64,2901.95,12418452,2024-02-20 09:59:59.999,42886.28442656,50274,5304525,18319.3337951,0
2024-02-20 10:00:00,2901.95,2925.53,2901.95,2921.31,4984492,2024-02-20 10:59:59.999,17094.21535112,31097,2551686,8752.08389151,0
2024-02-20 11:00:00,2921.31,2943.62,2921.31,2937.49,6855941,2024-02-20 11:59:59.999,23366.78316348,36466,3617769,12331.45789928,0
2024-02-20 12:00:00,2937.49,2959.13,2933.95,2934.76,10226145,2024-02-20 12:59:59.999,34694.99095798,42559,6285298,21319.40693875,0
2024-02-20 13:00:00,2934.76,3008.36,2930.69,3002.4,27657920,2024-02-20 13:59:59.999,92812.36567207,107068,14910787,50056.15887204,0
2024-02-20 14:00:00,3002.39,3009.56,2920.35,2941.22,26052211,2024-02-20 14:59:59.999,88092.57551664,99798,11576701,39160.32613866,0
2024-02-20 15:00:00,2941.22,2942.2,2901.81,2926.79,17060941,2024-02-20 15:59:59.999,58412.23822042,72454,8215376,28129.70924788,0
2024-02-20 16:00:00,2927.2,2936.33,2895.56,2898.77,6134177,2024-02-20 16:59:59.999,21025.03071697,42875,2723293,9331.20752086,0
2024-02-20 17:00:00,2898.76,2920.38,2888.0,2919.14,7705731,2024-02-20 17:59:59.999,26529.94543859,50790,3792531,13055.87547022,0
2024-02-20 18:00:00,2918.98,2932.05,2909.72,2931.39,4800922,2024-02-20 18:59:59.999,16435.10635714,31456,2019647,6913.39137378,0
2024-02-20 19:00:00,2931.39,2988.89,2928.45,2987.56,10240625,2024-02-20 19:59:59.999,34622.59049478,48745,5546414,18758.67148224,0
2024-02-20 20:00:00,2987.57,2990.45,2968.07,2979.8,7814450,2024-02-20 20:59:59.999,26235.7357011,42671,3679574,12354.3515615,0
2024-02-20 21:00:00,2979.81,2997.0,2971.37,2989.59,5495849,2024-02-20 21:59:59.999,18396.85136654,36722,2307000,7721.47896479,0
2024-02-20 22:00:00,2989.59,3004.6,2985.2,2997.84,3134988,2024-02-20 22:59:59.999,10467.15718393,20381,1794158,5990.05499611,0
2024-02-20 23:00:00,2997.84,3036.45,2997.2,3016.41,8816828,2024-02-20 23:59:59.999,29218.60643927,49814,4397730,14576.13193097,0
2024-02-21 00:00:00,3016.41,3019.31,3000.89,3005.78,4892358,2024-02-21 00:59:59.999,16254.09409613,30860,2111930,7015.90019684,0
2024-02-21 01:00:00,3005.78,3006.39,2990.0,3002.05,3461448,2024-02-21 01:59:59.999,11542.23018629,27163,1575703,5253.91711843,0
2024-02-21 02:00:00,3002.05,3014.8,2993.86,3011.8,3453750,2024-02-21 02:59:59.999,11494.73855631,25630,1864604,6205.53400872,0
2024-02-21 03:00:00,3011.79,3014.92,3002.54,3007.79,5159291,2024-02-21 03:59:59.999,17144.27041047,23685,2772136,9211.63583476,0
2024-02-21 04:00:00,3007.79,3012.2,2986.46,2999.41,8025499,2024-02-21 04:59:59.999,26788.96176295,33011,2587411,8633.25687346,0
2024-02-21 05:00:00,2999.21,3010.79,2970.91,2977.4,7239288,2024-02-21 05:59:59.999,24242.77441585,34238,2825832,9457.05852809,0
2024-02-21 06:00:00,2977.4,2981.16,2945.0,2950.8,10029750,2024-02-21 06:59:59.999,33844.31665386,41892,4084097,13777.68507639,0
2024-02-21 07:00:00,2950.79,2950.8,2920.11,2940.04,8600991,2024-02-21 07:59:59.999,29302.8986895,43629,4612959,15714.61050804,0
2024-02-21 08:00:00,2940.19,2956.79,2933.8,2941.61,5617788,2024-02-21 08:59:59.999,19079.24316037,31654,3027738,10281.86983001,0
2024-02-21 09:00:00,2941.61,2941.73,2887.7,2901.19,13254586,2024-02-21 09:59:59.999,45501.16184417,63693,5990246,20560.99298913,0
2024-02-21 10:00:00,2901.19,2926.2,2888.45,2916.94,8913721,2024-02-21 10:59:59.999,30659.06230497,45889,4904540,16862.9279909,0
2024-02-21 11:00:00,2916.94,2927.08,2887.47,2899.74,6380024,2024-02-21 11:59:59.999,21949.24989395,41973,2812416,9673.9860184,0
2024-02-21 12:00:00,2899.75,2926.0,2878.7,2921.8,9586651,2024-02-21 12:59:59.999,32990.91809612,52007,4856512,16704.61615669,0
2024-02-21 13:00:00,2921.8,2930.02,2873.21,2908.0,11217659,2024-02-21 13:59:59.999,38663.21891422,50175,5352414,18428.35775855,0
2024-02-21 14:00:00,2908.0,2912.19,2866.36,2892.54,12732264,2024-02-21 14:59:59.999,44061.08657822,67994,6081628,21037.72516688,0
2024-02-21 15:00:00,2892.54,2923.18,2879.14,2915.6,13952840,2024-02-21 15:59:59.999,47966.21065496,55375,8489159,29178.66294909,0
2024-02-21 16:00:00,2915.6,2940.0,2900.22,2932.86,8710403,2024-02-21 16:59:59.999,29804.92958525,44143,4598008,15733.30257978,0
2024-02-21 17:00:00,2932.86,2936.36,2896.59,2899.01,5186623,2024-02-21 17:59:59.999,17797.49996059,35293,2165099,7429.8356912,0
2024-02-21 18:00:00,2899.02,2909.61,2887.3,2901.3,4534413,2024-02-21 18:59:59.999,15641.74323189,33415,2361782,8148.22132842,0
2024-02-21 19:00:00,2901.3,2917.09,2890.77,2914.2,4772628,2024-02-21 19:59:59.999,16423.54919766,31451,2282202,7852.31202422,0
2024-02-21 20:00:00,2914.19,2918.43,2897.84,2907.54,3987494,2024-02-21 20:59:59.999,13709.95643477,23980,1838197,6320.35985828,0
2024-02-21 21:00:00,2907.54,2929.34,2901.83,2929.34,6512930,2024-02-21 21:59:59.999,22312.37327804,36070,3647496,12496.96102174,0
2024-02-21 22:00:00,2929.4,2938.35,2914.81,2935.2,2792955,2024-02-21 22:59:59.999,9546.10491592,19614,1474122,5038.20007709,0
2024-02-21 23:00:00,2935.2,2983.23,2933.73,2971.0,12643005,2024-02-21 23:59:59.999,42667.05843766,51779,7624086,25732.55537438,0
2024-02-22 00:00:00,2971.0,2971.74,2940.84,2943.6,4633168,2024-02-22 00:59:59.999,15667.78795015,32130,1906997,6449.49660823,0
2024-02-22 01:00:00,2943.6,2952.6,2907.4,2912.18,6097018,2024-02-22 01:59:59.999,20825.69948098,36973,2570049,8774.01531474,0
2024-02-22 02:00:00,2912.18,2928.6,2911.52,2921.75,3956486,2024-02-22 02:59:59.999,13547.57991215,24484,1754296,6006.66072932,0
2024-02-22 03:00:00,2921.79,2942.0,2918.29,2936.41,2109442,2024-02-22 03:59:59.999,7193.60879776,18281,1260133,4296.66558784,0
2024-02-22 04:00:00,2936.41,2941.49,2922.22,2928.38,2537451,2024-02-22 04:59:59.999,8659.27867484,18540,1289770,4401.9290531,0
2024-02-22 05:00:00,2928.38,2946.94,2928.38,2935.1,4200364,2024-02-22 05:59:59.999,14292.69019757,25568,2466507,8391.80159435,0
2024-02-22 06:00:00,2935.1,2965.35,2932.6,2961.98,5568055,2024-02-22 06:59:59.999,18856.7743825,27209,2935696,9939.85069206,0
2024-02-22 07:00:00,2962.02,2999.62,2957.13,2995.4,8189903,2024-02-22 07:59:59.999,27500.87127911,44797,4172437,14011.87235397,0
2024-02-22 08:00:00,2995.4,3025.33,2989.63,3022.88,9850024,2024-02-22 08:59:59.999,32729.74315247,54931,4752893,15789.01429127,0
2024-02-22 09:00:00,3022.87,3035.4,3000.33,3025.79,8531638,2024-02-22 09:59:59.999,28263.72122029,47411,4287478,14202.64069542,0
2024-02-22 10:00:00,3025.8,3025.91,2988.71,2997.0,8575670,2024-02-22 10:59:59.999,28535.4465789,42660,2592405,8626.8793578,0
2024-02-22 11:00:00,2996.99,2998.3,2970.0,2990.31,11795589,2024-02-22 11:59:59.999,39536.84730244,52396,4565406,15299.2746644,0
2024-02-22 12:00:00,2990.31,3004.93,2970.79,2982.12,6180789,2024-02-22 12:59:59.999,20689.99655205,37413,2886098,9660.81189014,0
2024-02-22 13:00:00,2982.12,2984.9,2931.0,2943.9,11911772,2024-02-22 13:59:59.999,40329.84666505,63419,6047620,20471.67795688,0
2024-02-22 14:00:00,2943.9,2969.34,2939.0,2965.41,4811076,2024-02-22 14:59:59.999,16279.86837687,38159,2667142,9025.49500945,0
2024-02-22 15:00:00,2965.41,3005.99,2961.0,2988.48,14939683,2024-02-22 15:59:59.999,50009.83150126,55954,10139345,33935.93038389,0
2024-02-22 16:00:00,2988.47,2991.53,2963.37,2971.6,5795891,2024-02-22 16:59:59.999,19473.94619054,35462,2367422,7954.05581772,0
2024-02-22 17:00:00,2971.6,2991.74,2971.6,2987.0,2668738,2024-02-22 17:59:59.999,8939.8628353,23886,1366014,4575.69696508,0
2024-02-22 18:00:00,2987.11,3004.99,2978.04,2995.41,4177528,2024-02-22 18:59:59.999,13964.1190462,26875,2138236,7146.55590569,0
2024-02-22 19:00:00,2995.41,2997.18,2980.91,2989.0,1981995,2024-02-22 19:59:59.999,6629.87680559,21094,907939,3037.04748029,0
2024-02-22 20:00:00,2989.19,3040.81,2982.0,3015.81,10898855,2024-02-22 20:59:59.999,36150.07101393,54887,5529634,18338.84055011,0
2024-02-22 21:00:00,3015.8,3016.29,2974.47,2986.25,4914923,2024-02-22 21:59:59.999,16434.73042841,32820,2266106,7577.42759822,0
2024-02-22 22:00:00,2986.26,2993.99,2970.05,2989.02,3860932,2024-02-22 22:59:59.999,12945.04771443,26074,1745523,5852.57347774,0
2024-02-22 23:00:00,2989.02,2992.69,2968.59,2971.37,3206420,2024-02-22 23:59:59.999,10772.01065679,25383,1522182,5114.26822728,0
2024-02-23 00:00:00,2971.4,2993.65,2970.4,2989.48,2285109,2024-02-23 00:59:59.999,7662.34177909,19741,1172867,3931.60867237,0
2024-02-23 01:00:00,2989.48,2993.95,2975.8,2979.39,2353655,2024-02-23 01:59:59.999,7886.13147785,20965,1035885,3470.4392086,0
2024-02-23 02:00:00,2979.39,2991.38,2929.55,2943.2,14627705,2024-02-23 02:59:59.999,49537.14648979,49470,4417375,14947.60364761,0
2024-02-23 03:00:00,2943.2,2955.54,2930.59,2954.31,6950846,2024-02-23 03:59:59.999,23618.39398289,36646,3281989,11150.22661079,0
2024-02-23 04:00:00,2954.31,2961.61,2946.26,2951.93,3012794,2024-02-23 04:59:59.999,10196.3563253,20162,1701196,5756.98947322,0
2024-02-23 05:00:00,2951.93,2961.84,2948.1,2958.4,1617893,2024-02-23 05:59:59.999,5473.62038628,14139,912555,3087.1839095,0
2024-02-23 06:00:00,2958.4,2967.49,2956.0,2964.0,2245463,2024-02-23 06:59:59.999,7582.55146982,16244,1364586,4607.53861745,0
2024-02-23 07:00:00,2964.0,2964.0,2921.41,2932.55,10819297,2024-02-23 07:59:59.999,36815.94120388,38347,4602199,15663.62527314,0
2024-02-23 08:00:00,2932.55,2946.08,2912.4,2923.22,8558412,2024-02-23 08:59:59.999,29219.46076067,39166,4282534,14616.77881737,0
2024-02-23 09:00:00,2923.22,2940.61,2916.22,2939.07,6016205,2024-02-23 09:59:59.999,20513.7783388,28139,4354403,14844.32458801,0
2024-02-23 10:00:00,2939.07,2949.05,2932.99,2942.56,4455151,2024-02-23 10:59:59.999,15137.16022238,21174,2914935,9902.62849298,0
2024-02-23 11:00:00,2942.56,2950.96,2938.0,2944.6,2671299,2024-02-23 11:59:59.999,9071.52190542,16026,1528020,5188.28733949,0
2024-02-23 12:00:00,2944.6,2945.29,2924.8,2929.4,2392584,2024-02-23 12:59:59.999,8154.43263892,19563,1052381,3586.45670557,0
2024-02-23 13:00:00,2929.41,2945.0,2927.57,2943.63,2037580,2024-02-23 13:59:59.999,6936.36822895,16994,1165245,3966.80343495,0
2024-02-23 14:00:00,2943.63,2963.6,2932.23,2949.36,7873851,2024-02-23 14:59:59.999,26711.44924085,41494,3913974,13274.58400724,0
2024-02-23 15:00:00,2949.36,2950.36,2913.43,2916.6,6345202,2024-02-23 15:59:59.999,21685.03012778,42008,2678865,9152.80752465,0
2024-02-23 16:00:00,2916.5,2939.13,2906.81,2934.56,5911447,2024-02-23 16:59:59.999,20252.54029303,40158,3002488,10283.05660981,0
2024-02-23 17:00:00,2934.56,2947.63,2930.81,2946.07,2671742,2024-02-23 17:59:59.999,9088.8391118,18632,1393310,4738.41673466,0
2024-02-23 18:00:00,2946.07,2951.47,2933.8,2945.8,2109177,2024-02-23 18:59:59.999,7164.76020998,16814,1036753,3520.74399745,0
2024-02-23 19:00:00,2945.8,2951.84,2939.05,2946.14,2009963,2024-02-23 19:59:59.999,6824.3270854,14881,757986,2572.91320848,0
2024-02-23 20:00:00,2946.14,2954.2,2939.0,2952.19,1229023,2024-02-23 20:59:59.999,4172.61257692,12939,661490,2245.69223069,0
2024-02-23 21:00:00,2951.91,2953.8,2941.24,2943.21,787922,2024-02-23 21:59:59.999,2673.29580686,10333,348854,1183.70183604,0
2024-02-23 22:00:00,2943.1,2947.92,2920.45,2923.27,2069503,2024-02-23 22:59:59.999,7058.38200227,14403,841167,2869.46598955,0
2024-02-23 23:00:00,2923.27,2930.91,2906.6,2922.59,2953205,2024-02-23 23:59:59.999,10116.83740101,20307,1523286,5217.00434039,0
2024-02-24 00:00:00,2922.59,2938.0,2918.3,2934.39,1617967,2024-02-24 00:59:59.999,5522.67484917,15025,930071,3174.03812785,0
2024-02-24 01:00:00,2934.39,2934.39,2907.05,2910.4,2348749,2024-02-24 01:59:59.999,8053.37298376,19141,982403,3368.86565212,0
2024-02-24 02:00:00,2910.4,2925.0,2909.8,2924.8,1412843,2024-02-24 02:59:59.999,4840.77422591,14719,873964,2994.67876448,0
2024-02-24 03:00:00,2924.8,2934.77,2919.02,2931.94,1907264,2024-02-24 03:59:59.999,6518.32250146,12690,966615,3303.6887275,0
2024-02-24 04:00:00,2931.94,2955.87,2930.76,2949.0,2928199,2024-02-24 04:59:59.999,9942.7032596,17862,1763346,5987.5947834,0
2024-02-24 05:00:00,2949.0,2954.07,2944.0,2949.94,1759684,2024-02-24 05:59:59.999,5965.41000909,12565,978610,3317.66875378,0
2024-02-24 06:00:00,2949.94,2953.19,2946.11,2949.2,990297,2024-02-24 06:59:59.999,3357.67241527,9663,474142,1607.66945864,0
2024-02-24 07:00:00,2949.19,2966.86,2946.51,2964.79,3211831,2024-02-24 07:59:59.999,10855.56870294,16772,1832608,6192.55190855,0
2024-02-24 08:00:00,2964.8,2965.9,2948.71,2951.81,1914209,2024-02-24 08:59:59.999,6473.54253945,14058,820262,2773.42157968,0
2024-02-24 09:00:00,2951.81,2964.02,2951.4,2960.6,1160954,2024-02-24 09:59:59.999,3924.10956727,10750,671834,2270.76971614,0
2024-02-24 10:00:00,2960.6,2967.96,2956.4,2960.08,1012252,2024-02-24 10:59:59.999,3417.84745219,10764,414075,1397.82342576,0
2024-02-24 11:00:00,2960.08,2965.35,2953.38,2962.6,1165164,2024-02-24 11:59:59.999,3935.39053171,10287,530110,1790.51506998,0
2024-02-24 12:00:00,2962.6,2963.8,2955.6,2958.8,791163,2024-02-24 12:59:59.999,2673.60722942,9364,400878,1354.89674958,0
2024-02-24 13:00:00,2958.8,2968.81,2956.01,2967.99,986656,2024-02-24 13:59:59.999,3329.47290792,9816,491916,1659.78746395,0
2024-02-24 14:00:00,2967.99,2970.4,2954.83,2961.85,1521204,2024-02-24 14:59:59.999,5137.63744692,12137,700254,2365.06659705,0
2024-02-24 15:00:00,2961.85,2963.2,2955.77,2956.8,662092,2024-02-24 15:59:59.999,2236.88766371,9032,324419,1096.13316554,0
2024-02-24 16:00:00,2956.8,2967.67,2956.8,2964.99,1040492,2024-02-24 16:59:59.999,3511.14267515,10598,556377,1877.48053357,0
2024-02-24 17:00:00,2964.99,3008.59,2964.56,2995.45,7332272,2024-02-24 17:59:59.999,24511.57792156,35128,3416924,11427.59849054,0
2024-02-24 18:00:00,2995.45,3006.2,2980.01,2983.81,3522502,2024-02-24 18:59:59.999,11760.04182716,20443,1585447,5293.18459996,0
2024-02-24 19:00:00,2983.8,2993.22,2980.05,2989.2,1787660,2024-02-24 19:59:59.999,5984.26852135,13404,980228,3281.49220958,0
2024-02-24 20:00:00,2989.2,2991.0,2980.87,2988.86,1543788,2024-02-24 20:59:59.999,5168.72838525,13264,637510,2134.42951607,0
2024-02-24 21:00:00,2988.86,2993.48,2980.85,2986.43,1858548,2024-02-24 21:59:59.999,6226.83975693,13599,775928,2599.6471052,0
2024-02-24 22:00:00,2986.43,2996.79,2986.15,2989.6,979377,2024-02-24 22:59:59.999,3273.28567965,9716,575714,1924.2750309,0
2024-02-24 23:00:00,2989.6,2995.71,2985.2,2993.5,1005144,2024-02-24 23:59:59.999,3361.01576733,10215,548592,1834.48401103,0
2024-02-25 00:00:00,2993.5,2997.47,2984.73,2995.36,1437817,2024-02-25 00:59:59.999,4808.52010918,10381,665312,2224.3411028,0
2024-02-25 01:00:00,2995.36,3020.47,2988.09,3019.22,2573324,2024-02-25 01:59:59.999,8558.7648256,18421,1484795,4936.67837327,0
2024-02-25 02:00:00,3019.02,3052.58,3014.37,3033.2,9363657,2024-02-25 02:59:59.999,30854.28998954,44370,4827040,15904.79353789,0
2024-02-25 03:00:00,3033.21,3033.21,3009.55,3027.6,9926704,2024-02-25 03:59:59.999,32854.93530195,34762,5130723,16970.70780072,0
2024-02-25 04:00:00,3027.6,3028.19,3015.0,3024.2,2280361,2024-02-25 04:59:59.999,7550.03473281,15930,943641,3124.04619986,0
2024-02-25 05:00:00,3024.2,3039.0,3020.41,3035.42,2131662,2024-02-25 05:59:59.999,7037.33260447,14903,1177058,3885.90352551,0
2024-02-25 06:00:00,3035.42,3051.0,3026.2,3036.26,8865632,2024-02-25 06:59:59.999,29184.33729321,29793,3512808,11559.86166915,0
2024-02-25 07:00:00,3036.21,3039.6,3029.6,3031.49,1722373,2024-02-25 07:59:59.999,5676.50480393,12764,756301,2492.23109709,0
2024-02-25 08:00:00,3031.49,3040.62,3013.9,3018.4,6780302,2024-02-25 08:59:59.999,22427.00820162,25538,2135900,7060.6823203,0
2024-02-25 09:00:00,3018.4,3023.58,3010.04,3021.23,2631145,2024-02-25 09:59:59.999,8720.14218004,15415,1322413,4382.15635761,0
2024-02-25 10:00:00,3021.23,3030.69,3021.08,3026.58,2416494,2024-02-25 10:59:59.999,7985.12128432,14324,1383757,4572.5988693,0
2024-02-25 11:00:00,3026.58,3042.4,3024.47,3041.09,3189010,2024-02-25 11:59:59.999,10509.71498557,16042,1445391,4764.02863439,0
2024-02-25 12:00:00,3041.14,3047.8,3027.06,3043.79,4117883,2024-02-25 12:59:59.999,13559.47812602,20675,1834252,6037.89834612,0
2024-02-25 13:00:00,3043.79,3051.2,3029.8,3039.19,6158834,2024-02-25 13:59:59.999,20249.58723294,23740,3513826,11549.84964655,0
2024-02-25 14:00:00,3039.19,3077.21,3037.3,3069.27,9264668,2024-02-25 14:59:59.999,30251.55199921,38709,4839731,15803.16147951,0
2024-02-25 15:00:00,3069.27,3072.72,3034.59,3044.55,8493222,2024-02-25 15:59:59.999,27819.44956117,34417,3475841,11381.21491832,0
2024-02-25 16:00:00,3044.21,3052.81,3028.0,3040.62,6687561,2024-02-25 16:59:59.999,22005.79148035,29766,3319767,10923.1766482,0
2024-02-25 17:00:00,3040.62,3067.66,3040.62,3063.28,3752872,2024-02-25 17:59:59.999,12292.60705806,21598,2320024,7600.9579579,0
2024-02-25 18:00:00,3063.28,3069.2,3052.0,3066.86,3548308,2024-02-25 18:59:59.999,11592.07394612,18491,2244390,7331.26034489,0
2024-02-25 19:00:00,3066.85,3090.37,3062.4,3084.0,5495060,2024-02-25 19:59:59.999,17842.78434893,25842,2893589,9397.21057048,0
2024-02-25 20:00:00,3084.0,3129.23,3083.92,3102.2,11183038,2024-02-25 20:59:59.999,35978.50422514,46298,5568726,17918.3590436,0
2024-02-25 21:00:00,3102.21,3116.47,3090.62,3113.33,3285603,2024-02-25 21:59:59.999,10594.48609889,19579,1699242,5479.10739004,0
2024-02-25 22:00:00,3113.33,3117.6,3100.92,3105.75,2296421,2024-02-25 22:59:59.999,7382.54849702,15375,1012965,3256.42768883,0
2024-02-25 23:00:00,3105.75,3117.36,3101.04,3114.4,4518894,2024-02-25 23:59:59.999,14533.02519366,19548,2242192,7211.11491978,0
2024-02-26 00:00:00,3114.4,3137.81,3104.43,3117.2,4064257,2024-02-26 00:59:59.999,13018.69432911,26357,1974432,6324.81920192,0
2024-02-26 01:00:00,3117.2,3123.99,3104.0,3107.96,3242118,2024-02-26 01:59:59.999,10416.99337547,20177,1301092,4179.90928057,0
2024-02-26 02:00:00,3107.97,3110.91,3090.5,3094.3,4429979,2024-02-26 02:59:59.999,14281.84776071,18445,1734134,5589.49307302,0
2024-02-26 03:00:00,3094.3,3111.46,3086.0,3109.8,3896263,2024-02-26 03:59:59.999,12578.02104832,18324,2347161,7573.730761,0
2024-02-26 04:00:00,3109.63,3110.8,3098.01,3105.04,2792144,2024-02-26 04:59:59.999,8995.55002756,12355,1918674,6181.70238443,0
2024-02-26 05:00:00,3105.04,3113.04,3098.0,3109.19,2844195,2024-02-26 05:59:59.999,9153.59810932,16794,1641766,5284.0512726,0
2024-02-26 06:00:00,3109.18,3118.2,3101.28,3115.99,1813983,2024-02-26 06:59:59.999,5834.30700619,13490,1076720,3462.97769949,0
2024-02-26 07:00:00,3116.0,3116.36,3088.13,3089.22,3042542,2024-02-26 07:59:59.999,9813.02553241,16303,1324772,4273.14920004,0
2024-02-26 08:00:00,3089.22,3104.9,3088.65,3094.41,3054829,2024-02-26 08:59:59.999,9863.66393821,14315,1661024,5363.13436653,0
2024-02-26 09:00:00,3094.4,3096.4,3038.88,3043.24,15604886,2024-02-26 09:59:59.999,51027.13625194,51618,7183897,23509.20438291,0
2024-02-26 10:00:00,3043.21,3079.05,3042.4,3059.59,10189368,2024-02-26 10:59:59.999,33237.92446578,31569,6502241,21208.75714803,0
2024-02-26 11:00:00,3059.59,3068.29,3049.0,3059.6,3388630,2024-02-26 11:59:59.999,11076.5351795,18725,1654652,5408.12439685,0
2024-02-26 12:00:00,3059.6,3068.14,3040.0,3065.86,6857162,2024-02-26 12:59:59.999,22455.69308763,25438,3825090,12525.56988038,0
2024-02-26 13:00:00,3065.87,3081.2,3060.8,3063.75,4706150,2024-02-26 13:59:59.999,15321.99805263,22673,2413542,7857.75052649,0
2024-02-26 14:00:00,3063.75,3109.99,3062.2,3105.92,5865996,2024-02-26 14:59:59.999,18972.36905603,28168,3169807,10255.38483125,0
2024-02-26 15:00:00,3106.0,3150.32,3100.43,3149.68,14280707,2024-02-26 15:59:59.999,45702.05688754,53275,7336183,23475.8576051,0
2024-02-26 16:00:00,3149.86,3171.69,3139.06,3157.7,14845648,2024-02-26 16:59:59.999,47012.48623608,65303,6906051,21868.13298077,0
2024-02-26 17:00:00,3157.69,3166.99,3149.04,3153.8,5490833,2024-02-26 17:59:59.999,17386.41773331,24356,2364114,7486.23368952,0
2024-02-26 18:00:00,3153.83,3159.29,3133.4,3141.34,4439733,2024-02-26 18:59:59.999,14111.4714845,25686,2215714,7042.2196075,0
2024-02-26 19:00:00,3141.26,3188.88,3131.15,3184.56,12176430,2024-02-26 19:59:59.999,38439.26853349,49149,5921728,18696.87497968,0
2024-02-26 20:00:00,3184.56,3202.29,3171.4,3189.1,11831336,2024-02-26 20:59:59.999,37090.69371497,40439,5631104,17657.21643141,0
2024-02-26 21:00:00,3189.1,3195.8,3180.92,3190.12,3502432,2024-02-26 21:59:59.999,10985.88948098,17297,1585878,4973.963993,0
2024-02-26 22:00:00,3190.12,3195.0,3166.18,3189.11,6483756,2024-02-26 22:59:59.999,20407.78606845,23663,2042221,6422.42621544,0
2024-02-26 23:00:00,3189.1,3189.1,3172.38,3180.28,2124127,2024-02-26 23:59:59.999,6684.34163984,13933,1009260,3176.03914083,0
2024-02-27 00:00:00,3180.28,3184.12,3170.0,3172.59,2768086,2024-02-27 00:59:59.999,8716.8980942,15703,1248426,3931.26385926,0
2024-02-27 01:00:00,3172.59,3240.0,3170.8,3228.48,10618030,2024-02-27 01:59:59.999,33069.04760464,38582,5729541,17850.66760158,0
2024-02-27 02:00:00,3228.48,3291.06,3218.91,3247.78,20610037,2024-02-27 02:59:59.999,63385.49106262,79331,10327910,31765.49026227,0
2024-02-27 03:00:00,3247.78,3259.53,3210.53,3223.25,7791813,2024-02-27 03:59:59.999,24060.75891983,33465,3327011,10273.34980445,0
2024-02-27 04:00:00,3223.24,3233.99,3205.5,3214.49,13154677,2024-02-27 04:59:59.999,40823.69701907,38755,4861185,15083.84760386,0
2024-02-27 05:00:00,3214.48,3224.44,3210.76,3224.36,3542513,2024-02-27 05:59:59.999,11006.5451062,15815,1947345,6050.89130986,0
2024-02-27 06:00:00,3224.36,3240.87,3224.0,3234.31,4701652,2024-02-27 06:59:59.999,14542.00711658,16499,2690437,8321.70270769,0
2024-02-27 07:00:00,3234.3,3235.41,3213.86,3220.25,6600439,2024-02-27 07:59:59.999,20470.34090051,23325,2666766,8270.32470482,0
2024-02-27 08:00:00,3220.25,3235.79,3220.0,3222.76,5070874,2024-02-27 08:59:59.999,15709.31322552,17153,2358763,7306.23487133,0
2024-02-27 09:00:00,3222.76,3264.37,3222.75,3263.87,14698836,2024-02-27 09:59:59.999,45206.12906995,39790,10242054,31503.02668991,0
2024-02-27 10:00:00,3263.86,3274.99,3252.68,3266.3,7166542,2024-02-27 10:59:59.999,21965.67684093,27741,4195387,12859.79156878,0
2024-02-27 11:00:00,3266.3,3270.6,3253.0,3261.62,3464296,2024-02-27 11:59:59.999,10623.19002976,17483,1300758,3988.79344208,0
2024-02-27 12:00:00,3261.7,3295.0,3255.0,3262.81,9697636,2024-02-27 12:59:59.999,29594.01936966,35290,4857160,14819.45597019,0
2024-02-27 13:00:00,3262.81,3286.11,3246.96,3271.64,14144827,2024-02-27 13:59:59.999,43320.15142596,50180,6385617,19550.14208833,0
2024-02-27 14:00:00,3271.65,3279.53,3240.07,3257.25,8198934,2024-02-27 14:59:59.999,25159.37369745,36095,3747637,11499.83483986,0
2024-02-27 15:00:00,3257.3,3266.4,3223.08,3233.03,6351027,2024-02-27 15:59:59.999,19557.89400281,29703,2796769,8609.07882257,0
2024-02-27 16:00:00,3232.81,3258.67,3206.88,3242.4,13277826,2024-02-27 16:59:59.999,40999.83593892,47062,7302379,22538.36503885,0
2024-02-27 17:00:00,3242.4,3250.8,3215.2,3229.4,6546441,2024-02-27 17:59:59.999,20250.97245721,28264,3135848,9699.70461745,0
2024-02-27 18:00:00,3229.59,3245.43,3224.68,3239.36,2376358,2024-02-27 18:59:59.999,7339.75679664,15767,1123865,3471.98383333,0
2024-02-27 19:00:00,3239.36,3265.47,3235.23,3254.96,4612845,2024-02-27 19:59:59.999,14181.78350714,21428,2498763,7681.60230614,0
2024-02-27 20:00:00,3255.08,3260.69,3238.42,3258.0,5818164,2024-02-27 20:59:59.999,17901.31544111,26250,2737698,8422.48003634,0
2024-02-27 21:00:00,3257.99,3259.79,3247.27,3252.6,1960632,2024-02-27 21:59:59.999,6025.51061688,13239,973695,2992.49164793,0
2024-02-27 22:00:00,3252.59,3274.76,3248.64,3252.09,2755835,2024-02-27 22:59:59.999,8447.73827407,14575,1379840,4230.13482128,0
2024-02-27 23:00:00,3252.09,3254.07,3241.0,3246.26,2122570,2024-02-27 23:59:59.999,6536.50782355,12563,1044311,3215.48418717,0
2024-02-28 00:00:00,3246.27,3259.64,3240.2,3258.27,1995284,2024-02-28 00:59:59.999,6139.49747515,12842,1089166,3350.6711809,0
2024-02-28 01:00:00,3258.27,3262.59,3237.01,3239.53,1947141,2024-02-28 01:59:59.999,5994.15354232,11875,851981,2622.35538499,0
2024-02-28 02:00:00,3239.53,3253.77,3235.2,3247.99,1439565,2024-02-28 02:59:59.999,4435.68892346,11077,728405,2244.73555468,0
2024-02-28 03:00:00,3247.99,3254.96,3236.6,3253.33,2160994,2024-02-28 03:59:59.999,6657.56466585,11305,1010851,3113.77101569,0
2024-02-28 04:00:00,3253.37,3275.0,3248.8,3272.07,3141925,2024-02-28 04:59:59.999,9625.87456751,14442,1724944,5283.46702573,0
2024-02-28 05:00:00,3272.07,3272.55,3255.68,3256.8,2358131,2024-02-28 05:59:59.999,7224.36798136,12865,988901,3029.80825695,0
2024-02-28 06:00:00,3256.8,3266.71,3254.8,3263.2,2078831,2024-02-28 06:59:59.999,6376.25664809,12957,1089166,3341.13070293,0
2024-02-28 07:00:00,3263.2,3311.8,3262.04,3308.61,9023863,2024-02-28 07:59:59.999,27416.28087291,30508,4942894,15020.3167417,0
2024-02-28 08:00:00,3308.61,3341.22,3287.47,3337.57,15917024,2024-02-28 08:59:59.999,48034.16529069,54061,8005618,24154.13842232,0
2024-02-28 09:00:00,3337.56,3369.37,3307.46,3365.37,16669372,2024-02-28 09:59:59.999,49928.04806662,50216,8586408,25705.79409496,0
2024-02-28 10:00:00,3365.36,3375.59,3340.73,3350.22,8049277,2024-02-28 10:59:59.999,23999.40122265,30966,3971238,11839.62430425,0
2024-02-28 11:00:00,3350.22,3356.6,3283.34,3301.38,14661865,2024-02-28 11:59:59.999,44153.95967925,47773,6007075,18095.51462076,0
2024-02-28 12:00:00,3301.38,3322.0,3287.14,3315.85,20902594,2024-02-28 12:59:59.999,63225.52726498,53093,8244552,24927.8617995,0
2024-02-28 13:00:00,3315.85,3364.0,3313.91,3358.8,15470886,2024-02-28 13:59:59.999,46265.31684602,55288,7499305,22423.55844201,0
2024-02-28 14:00:00,3358.79,3371.73,3323.0,3360.26,14463441,2024-02-28 14:59:59.999,43193.64948183,55008,7264732,21692.46183132,0
2024-02-28 15:00:00,3359.97,3381.45,3338.66,3352.41,13272780,2024-02-28 15:59:59.999,39492.68622896,47960,6547448,19477.97731509,0
2024-02-28 16:00:00,3352.41,3435.61,3351.59,3431.57,22917956,2024-02-28 16:59:59.999,67425.1767631,69016,11690559,34391.67276185,0
2024-02-28 17:00:00,3431.56,3501.0,3187.8,3347.49,86103851,2024-02-28 17:59:59.999,254900.16508447,275364,41060750,121478.82793335,0
2024-02-28 18:00:00,3347.63,3365.8,3202.44,3323.23,43527265,2024-02-28 18:59:59.999,132422.67967056,163852,22228678,67618.27299072,0
2024-02-28 19:00:00,3323.23,3337.56,3280.84,3303.17,13823010,2024-02-28 19:59:59.999,41699.58136779,50506,6591232,19881.23491621,0
2024-02-28 20:00:00,3303.14,3306.48,3256.81,3303.57,14654804,2024-02-28 20:59:59.999,44689.95382746,49505,6859463,20909.26879237,0
2024-02-28 21:00:00,3303.32,3333.33,3277.44,3328.0,8714138,2024-02-28 21:59:59.999,26303.8838553,34312,4675692,14109.85632544,0
2024-02-28 22:00:00,3328.0,3350.56,3324.21,3345.3,5757651,2024-02-28 22:59:59.999,17231.32481967,23903,3225217,9652.45646944,0
2024-02-28 23:00:00,3345.3,3391.36,3344.21,3390.21,7780117,2024-02-28 23:59:59.999,23067.2430795,30736,3886230,11522.4262569,0
2024-02-29 00:00:00,3390.2,3475.73,3377.82,3457.21,20334878,2024-02-29 00:59:59.999,59173.14103763,63224,9062685,26377.96284995,0
2024-02-29 01:00:00,3457.21,3459.19,3415.02,3423.83,11074810,2024-02-29 01:59:59.999,32263.11091506,40202,4854854,14139.13421253,0
2024-02-29 02:00:00,3423.83,3435.97,3397.7,3408.5,7356589,2024-02-29 02:59:59.999,21581.54418862,28856,3608087,10583.88357651,0
2024-02-29 03:00:00,3408.5,3423.04,3396.47,3412.35,4984064,2024-02-29 03:59:59.999,14616.58965654,23627,2389982,7008.22281513,0
2024-02-29 04:00:00,3412.36,3462.1,3402.83,3452.0,8755452,2024-02-29 04:59:59.999,25451.64621901,30962,5338387,15518.67260389,0
2024-02-29 05:00:00,3452.0,3480.0,3434.38,3473.85,7961528,2024-02-29 05:59:59.999,23036.60374188,32141,3855183,11150.73887061,0
2024-02-29 06:00:00,3473.85,3500.49,3470.0,3485.57,8904102,2024-02-29 06:59:59.999,25556.71437981,37806,4594586,13184.99296702,0
2024-02-29 07:00:00,3485.39,3486.07,3452.51,3471.58,9141827,2024-02-29 07:59:59.999,26346.42525821,30846,4322684,12456.1151161,0
2024-02-29 08:00:00,3471.6,3508.18,3460.74,3483.8,12734537,2024-02-29 08:59:59.999,36575.65976395,55121,6481559,18616.12097158,0
2024-02-29 09:00:00,3483.79,3496.44,3445.84,3468.04,7914845,2024-02-29 09:59:59.999,22823.34593833,39319,3769388,10869.07281684,0
2024-02-29 10:00:00,3468.02,3484.0,3448.16,3477.61,5367263,2024-02-29 10:59:59.999,15495.14009547,30719,2554870,7374.4660927,0
2024-02-29 11:00:00,3477.6,3530.46,3470.12,3520.71,12720371,2024-02-29 11:59:59.999,36230.63828404,53162,6519809,18577.70475171,0
2024-02-29 12:00:00,3520.71,3524.23,3447.13,3469.34,12259813,2024-02-29 12:59:59.999,35261.65327311,52058,5951345,17120.1580102,0
2024-02-29 13:00:00,3469.35,3497.77,3445.34,3483.2,9467270,2024-02-29 13:59:59.999,27236.42706065,43569,4800076,13804.67362133,0
2024-02-29 14:00:00,3483.21,3504.07,3455.22,3474.46,12003177,2024-02-29 14:59:59.999,34500.41852199,48803,6227530,17892.93771443,0
2024-02-29 15:00:00,3474.48,3491.39,3461.0,3472.42,7018610,2024-02-29 15:59:59.999,20187.18261127,35429,3446492,9913.38265844,0
2024-02-29 16:00:00,3472.41,3475.0,3400.12,3446.01,15558470,2024-02-29 16:59:59.999,45243.07994191,64435,6904027,20075.84431846,0
2024-02-29 17:00:00,3446.02,3457.58,3353.17,3389.54,19990979,2024-02-29 17:59:59.999,58778.87368341,78379,8879295,26105.61976051,0
2024-02-29 18:00:00,3389.53,3416.09,3355.71,3375.32,11574433,2024-02-29 18:59:59.999,34186.86596757,55028,5685927,16794.17689268,0
2024-02-29 19:00:00,3375.32,3410.91,3363.2,3409.32,6918143,2024-02-29 19:59:59.999,20390.55703692,33343,3883057,11440.87898568,0
2024-02-29 20:00:00,3409.39,3420.75,3398.56,3398.8,6680752,2024-02-29 20:59:59.999,19585.93106437,30989,3309498,9701.72644627,0
2024-02-29 21:00:00,3398.79,3403.18,3314.85,3353.74,16014936,2024-02-29 21:59:59.999,47833.44844717,64657,8058149,24077.68782083,0
2024-02-29 22:00:00,3353.75,3363.75,3304.0,3327.85,7845202,2024-02-29 22:59:59.999,23552.99802844,40239,3642362,10934.9455028,0
2024-02-29 23:00:00,3327.85,3363.98,3324.86,3345.54,5602794,2024-02-29 23:59:59.999,16731.18475558,25857,2711389,8098.58226767,0
2024-03-01 00:00:00,3345.54,3386.98,3344.75,3384.55,6543332,2024-03-01 00:59:59.999,19411.8902825,28621,3382151,10031.81854246,0
2024-03-01 01:00:00,3384.55,3393.26,3370.01,3379.74,3983429,2024-03-01 01:59:59.999,11779.73161024,25178,1790031,5292.75521804,0
2024-03-01 02:00:00,3379.75,3385.99,3357.01,3371.01,3510040,2024-03-01 02:59:59.999,10416.62667822,25453,1553455,4610.51187171,0
2024-03-01 03:00:00,3371.01,3382.6,3359.79,3371.94,3001727,2024-03-01 03:59:59.999,8902.83840482,21148,1562076,4632.47028942,0
2024-03-01 04:00:00,3371.93,3386.6,3369.16,3381.06,2724629,2024-03-01 04:59:59.999,8065.13437393,19102,1316626,3897.629705,0
2024-03-01 05:00:00,3381.2,3391.09,3371.79,3373.16,3951794,2024-03-01 05:59:59.999,11690.74876824,21754,1772167,5241.43152178,0
2024-03-01 06:00:00,3373.16,3403.4,3372.05,3390.12,5297715,2024-03-01 06:59:59.999,15620.67660051,25169,2793721,8238.29257579,0
2024-03-01 07:00:00,3390.12,3399.0,3367.23,3368.3,6221580,2024-03-01 07:59:59.999,18406.69712091,26870,2628294,7777.1448065,0
2024-03-01 08:00:00,3368.31,3441.66,3357.8,3425.67,13477574,2024-03-01 08:59:59.999,39495.8586715,50130,6564431,19259.75913375,0
2024-03-01 09:00:00,3425.67,3436.4,3420.6,3433.59,4768838,2024-03-01 09:59:59.999,13910.5078674,25574,2430553,7090.82364927,0
2024-03-01 10:00:00,3433.6,3433.6,3405.68,3411.34,4558539,2024-03-01 10:59:59.999,13331.40826393,24220,2061171,6025.8537326,0
2024-03-01 11:00:00,3411.34,3422.35,3403.2,3415.39,2896384,2024-03-01 11:59:59.999,8484.8571134,21638,1473877,4317.2997703,0
2024-03-01 12:00:00,3415.39,3442.17,3414.71,3429.06,3243459,2024-03-01 12:59:59.999,9451.71756429,23607,1636297,4769.02558002,0
2024-03-01 13:00:00,3429.06,3455.0,3427.8,3443.35,3700601,2024-03-01 13:59:59.999,10744.23268752,25197,1695532,4922.82520857,0
2024-03-01 14:00:00,3443.34,3455.0,3388.0,3420.91,13602708,2024-03-01 14:59:59.999,39779.01649175,55231,6119235,17885.09421552,0
2024-03-01 15:00:00,3420.99,3434.13,3384.0,3395.01,10085530,2024-03-01 15:59:59.999,29595.5096302,48440,4467926,13102.75149174,0
2024-03-01 16:00:00,3395.01,3408.64,3385.39,3392.07,5860887,2024-03-01 16:59:59.999,17248.15292417,32922,3144285,9251.35607813,0
2024-03-01 17:00:00,3392.08,3429.39,3392.08,3423.2,5963402,2024-03-01 17:59:59.999,17457.39994557,31525,3083295,9029.26211524,0
2024-03-01 18:00:00,3423.2,3438.52,3414.28,3436.19,4390019,2024-03-01 18:59:59.999,12804.60296892,25013,2132421,6220.16646217,0
2024-03-01 19:00:00,3436.19,3440.2,3424.55,3433.02,3485013,2024-03-01 19:59:59.999,10158.10867375,22206,1423982,4151.29770528,0
2024-03-01 20:00:00,3433.2,3456.62,3425.82,3450.39,5595653,2024-03-01 20:59:59.999,16284.31297731,26974,3158769,9192.13658828,0
2024-03-01 21:00:00,3450.03,3456.0,3429.63,3432.26,3807034,2024-03-01 21:59:59.999,11061.9341732,24619,1731377,5031.30090242,0
2024-03-01 22:00:00,3432.27,3443.99,3429.9,3438.7,1748137,2024-03-01 22:59:59.999,5083.83056017,13753,836867,2433.76922063,0
2024-03-01 23:00:00,3438.7,3455.01,3433.77,3438.51,2832346,2024-03-01 23:59:59.999,8225.28253569,17846,1222396,3550.10831953,0
2024-03-02 00:00:00,3438.51,3467.67,3432.61,3464.2,5710248,2024-03-02 00:59:59.999,16533.24378131,28405,2879266,8335.48688673,0
2024-03-02 01:00:00,3464.2,3464.99,3431.0,3448.28,4343492,2024-03-02 01:59:59.999,12609.52961207,28645,2096060,6086.07281502,0
2024-03-02 02:00:00,3448.28,3452.27,3434.41,3443.59,2729695,2024-03-02 02:59:59.999,7930.2046664,20096,1191976,3463.42074811,0
2024-03-02 03:00:00,3443.6,3450.59,3433.48,3448.38,2679337,2024-03-02 03:59:59.999,7782.5128441,17562,1274782,3702.62137662,0
2024-03-02 04:00:00,3448.4,3451.0,3432.8,3432.8,2905294,2024-03-02 04:59:59.999,8444.58285735,17580,1178119,3424.08278806,0
2024-03-02 05:00:00,3432.8,3436.39,3400.48,3425.17,7612573,2024-03-02 05:59:59.999,22275.90937301,30078,3422061,10014.23336292,0
2024-03-02 06:00:00,3425.17,3457.48,3421.0,3444.0,7174618,2024-03-02 06:59:59.999,20813.15798213,31005,3873519,11239.04604255,0
2024-03-02 07:00:00,3444.0,3447.8,3428.57,3435.93,3476612,2024-03-02 07:59:59.999,10114.88118118,21392,1543401,4490.45178157,0
2024-03-02 08:00:00,3435.94,3441.32,3411.5,3423.59,4593987,2024-03-02 08:59:59.999,13413.16867462,22497,1880940,5492.43272879,0
2024-03-02 09:00:00,3423.6,3428.78,3401.0,3410.2,5687399,2024-03-02 09:59:59.999,16666.40531117,28806,3021621,8855.69588201,0
2024-03-02 10:00:00,3410.21,3422.0,3408.61,3415.18,2695509,2024-03-02 10:59:59.999,7889.6380713,18728,1455408,4259.97427922,0
2024-03-02 11:00:00,3415.17,3424.68,3411.73,3411.8,2432391,2024-03-02 11:59:59.999,7114.84094956,17649,1180775,3453.65767111,0
2024-03-02 12:00:00,3411.8,3435.5,3411.49,3428.0,3385421,2024-03-02 12:59:59.999,9876.68785009,19558,2035875,5940.05528336,0
2024-03-02 13:00:00,3428.0,3430.95,3416.3,3417.09,2563986,2024-03-02 13:59:59.999,7488.233253,16802,1258829,3676.64752778,0
2024-03-02 14:00:00,3417.09,3423.59,3401.0,3419.4,4950716,2024-03-02 14:59:59.999,14509.32061028,29239,2415140,7077.42954504,0
2024-03-02 15:00:00,3419.4,3430.25,3415.19,3425.4,3964159,2024-03-02 15:59:59.999,11580.34151858,22232,2033387,5939.84848458,0
2024-03-02 16:00:00,3425.4,3433.13,3415.98,3431.95,3484886,2024-03-02 16:59:59.999,10177.89284211,18435,1292620,3774.43011885,0
2024-03-02 17:00:00,3431.94,3439.0,3420.68,3420.68,3160051,2024-03-02 17:59:59.999,9210.46069562,18341,1358482,3959.07337791,0
2024-03-02 18:00:00,3420.68,3437.5,3420.0,3437.5,1298419,2024-03-02 18:59:59.999,3785.06068899,13414,730558,2129.7258315,0
2024-03-02 19:00:00,3437.5,3437.99,3430.1,3432.46,969712,2024-03-02 19:59:59.999,2824.15674284,12690,487101,1418.72307445,0
2024-03-02 20:00:00,3432.46,3437.92,3410.1,3411.92,3941510,2024-03-02 20:59:59.999,11532.94922894,21422,1650101,4828.9130228,0
2024-03-02 21:00:00,3411.92,3419.52,3408.46,3414.17,1691821,2024-03-02 21:59:59.999,4956.83067653,13312,948878,2780.03013413,0
2024-03-02 22:00:00,3414.17,3416.55,3409.19,3410.64,1407442,2024-03-02 22:59:59.999,4123.25035947,12776,524595,1537.35607167,0
2024-03-02 23:00:00,3410.64,3427.66,3410.64,3427.66,1977048,2024-03-02 23:59:59.999,5779.22940877,14807,1119557,3273.27846136,0
2024-03-03 00:00:00,3427.66,3438.49,3415.45,3434.31,4712875,2024-03-03 00:59:59.999,13739.68344316,22951,2684778,7826.09155239,0
2024-03-03 01:00:00,3434.31,3440.73,3429.79,3437.41,2329310,2024-03-03 01:59:59.999,6780.22021105,15870,1294715,3768.63431145,0
2024-03-03 02:00:00,3437.41,3437.59,3417.06,3422.7,1905477,2024-03-03 02:59:59.999,5562.19239491,15596,812386,2371.90977916,0
2024-03-03 03:00:00,3422.7,3437.59,3421.4,3437.59,1758298,2024-03-03 03:59:59.999,5122.71751871,14083,978551,2851.01240612,0
2024-03-03 04:00:00,3437.59,3452.6,3434.79,3446.39,3742051,2024-03-03 04:59:59.999,10858.90039899,18984,2009930,5833.14624732,0
2024-03-03 05:00:00,3446.39,3449.52,3426.2,3426.91,3034491,2024-03-03 05:59:59.999,8833.29885453,16376,1201208,3496.64118433,0
2024-03-03 06:00:00,3426.91,3431.2,3414.2,3417.4,3801550,2024-03-03 06:59:59.999,11112.47798737,20772,1973073,5767.55679944,0
2024-03-03 07:00:00,3417.39,3419.8,3362.46,3397.79,18831304,2024-03-03 07:59:59.999,55579.33324131,55481,8056116,23773.17152567,0
2024-03-03 08:00:00,3397.66,3406.63,3379.7,3400.33,7259225,2024-03-03 08:59:59.999,21382.57812344,32158,3576697,10533.55499813,0
2024-03-03 09:00:00,3400.33,3420.58,3397.0,3412.74,5852400,2024-03-03 09:59:59.999,17150.48699084,25565,2895385,8484.58952339,0
2024-03-03 10:00:00,3412.74,3415.39,3401.1,3405.4,2947209,2024-03-03 10:59:59.999,8648.42305052,19498,1234969,3623.27554116,0
2024-03-03 11:00:00,3405.4,3419.19,3400.8,3418.6,1792058,2024-03-03 11:59:59.999,5253.09120677,14329,1037681,3041.4487502,0
2024-03-03 12:00:00,3418.6,3453.91,3416.46,3425.8,11408146,2024-03-03 12:59:59.999,33169.95367989,37464,6039456,17561.3133696,0
2024-03-03 13:00:00,3425.8,3434.44,3410.01,3434.01,5213911,2024-03-03 13:59:59.999,15233.8322036,25773,2433028,7108.13987782,0
2024-03-03 14:00:00,3434.01,3441.42,3420.4,3423.01,2990074,2024-03-03 14:59:59.999,8713.70916233,19501,1259505,3670.00827303,0
2024-03-03 15:00:00,3423.0,3435.97,3422.0,3426.6,2322393,2024-03-03 15:59:59.999,6772.05974147,17748,1090225,3178.97764787,0
2024-03-03 16:00:00,3426.6,3492.0,3423.2,3487.99,13604456,2024-03-03 16:59:59.999,39238.72070188,45386,7394517,21329.80059929,0
2024-03-03 17:00:00,3488.0,3492.37,3461.04,3466.88,6618981,2024-03-03 17:59:59.999,19032.72656676,28913,3332595,9582.03560235,0
2024-03-03 18:00:00,3466.88,3480.45,3463.75,3476.4,3599474,2024-03-03 18:59:59.999,10361.44913052,18541,1954548,5624.88364476,0
2024-03-03 19:00:00,3476.4,3481.16,3468.07,3470.6,3319193,2024-03-03 19:59:59.999,9555.07084125,17933,1402324,4036.39469905,0
2024-03-03 20:00:00,3470.6,3479.82,3464.2,3473.95,3053244,2024-03-03 20:59:59.999,8790.48754854,17585,1610149,4635.5925325,0
2024-03-03 21:00:00,3473.95,3484.38,3467.61,3481.79,1723062,2024-03-03 21:59:59.999,4956.2581618,14561,815868,2346.81979844,0
2024-03-03 22:00:00,3481.8,3497.8,3466.2,3479.09,5429825,2024-03-03 22:59:59.999,15580.00966427,25407,2756054,7908.85604203,0
2024-03-03 23:00:00,3479.09,3497.32,3470.67,3494.09,5782648,2024-03-03 23:59:59.999,16598.11787397,26041,3133380,8992.55789363,0
