open_time,open,high,low,close,volume,close_time,quote_volume,count,taker_buy_volume,taker_buy_quote_volume,ignore
2024-01-01 00:00:00,101.777,102.856,101.629,102.034,348170,2024-01-01 00:59:59.999,34057.25745991,6730,180675,17670.83201862,0
2024-01-01 01:00:00,102.031,104.854,101.645,104.204,435827,2024-01-01 01:59:59.999,42069.20917827,8578,209439,20219.78518564,0
2024-01-01 02:00:00,104.202,104.448,103.313,103.788,338672,2024-01-01 02:59:59.999,32601.75041023,6252,144032,13870.53862355,0
2024-01-01 03:00:00,103.786,104.095,102.662,103.176,378447,2024-01-01 03:59:59.999,36685.87052308,7420,171069,16586.70472113,0
2024-01-01 04:00:00,103.179,104.08,101.629,102.701,332681,2024-01-01 04:59:59.999,32449.55709392,8027,143900,14034.17655461,0
2024-01-01 05:00:00,102.715,102.899,101.538,101.727,186893,2024-01-01 05:59:59.999,18287.96219646,4037,88446,8656.12845032,0
2024-01-01 06:00:00,101.706,102.614,101.618,102.436,241890,2024-01-01 06:59:59.999,23692.90195688,4337,121665,11921.23909033,0
2024-01-01 07:00:00,102.416,103.347,101.939,102.612,259653,2024-01-01 07:59:59.999,25308.80313532,5366,115811,11290.43757719,0
2024-01-01 08:00:00,102.597,103.068,102.058,102.636,201629,2024-01-01 08:59:59.999,19657.83078458,3943,97753,9530.21864842,0
2024-01-01 09:00:00,102.634,104.469,101.9,104.19,509143,2024-01-01 09:59:59.999,49229.22298592,8563,251857,24346.06768152,0
2024-01-01 10:00:00,104.174,105.0,104.097,104.287,407266,2024-01-01 10:59:59.999,38957.56670309,6963,201376,19261.06409899,0
2024-01-01 11:00:00,104.249,104.74,103.87,104.492,204919,2024-01-01 11:59:59.999,19650.07006119,3972,91818,8804.90725786,0
2024-01-01 12:00:00,104.493,106.24,103.992,104.918,543753,2024-01-01 12:59:59.999,51734.72658873,8787,317318,30190.72907154,0
2024-01-01 13:00:00,104.961,105.941,104.502,105.422,414250,2024-01-01 13:59:59.999,39315.10506103,7574,216748,20569.87690448,0
2024-01-01 14:00:00,105.416,105.543,104.42,104.537,347080,2024-01-01 14:59:59.999,33113.16661768,7718,191174,18233.54615908,0
2024-01-01 15:00:00,104.494,106.524,104.359,106.113,530225,2024-01-01 15:59:59.999,50121.41395202,10429,271084,25632.88468872,0
2024-01-01 16:00:00,106.142,108.562,106.016,106.751,814594,2024-01-01 16:59:59.999,75813.89489158,17406,436836,40668.23605965,0
2024-01-01 17:00:00,106.751,107.302,106.208,107.194,345477,2024-01-01 17:59:59.999,32384.00886195,7352,149113,13974.72225528,0
2024-01-01 18:00:00,107.207,108.629,107.207,108.002,483218,2024-01-01 18:59:59.999,44714.32974283,11395,241505,22345.20650193,0
2024-01-01 19:00:00,108.006,109.256,107.583,108.928,444720,2024-01-01 19:59:59.999,40949.10093095,10032,239212,22020.00590776,0
2024-01-01 20:00:00,108.951,109.604,107.704,108.081,492573,2024-01-01 20:59:59.999,45281.1811515,11258,245194,22536.28174498,0
2024-01-01 21:00:00,108.103,108.49,107.692,108.221,248968,2024-01-01 21:59:59.999,23036.97931884,5966,119997,11103.45158188,0
2024-01-01 22:00:00,108.244,108.347,107.372,108.281,184304,2024-01-01 22:59:59.999,17090.37359088,4622,92007,8531.03635922,0
2024-01-01 23:00:00,108.281,110.33,108.271,110.108,473004,2024-01-01 23:59:59.999,43307.61276182,10118,266644,24408.8347261,0
2024-01-02 00:00:00,110.107,111.147,108.663,110.791,844603,2024-01-02 00:59:59.999,77090.89071634,18481,373677,34083.95661087,0
2024-01-02 01:00:00,110.788,113.443,110.768,111.411,1214229,2024-01-02 01:59:59.999,108370.97917472,29339,590270,52685.72323649,0
2024-01-02 02:00:00,111.403,112.177,111.224,112.175,528788,2024-01-02 02:59:59.999,47338.72840566,11045,263163,23561.78636391,0
2024-01-02 03:00:00,112.172,112.288,110.883,111.635,487089,2024-01-02 03:59:59.999,43711.68571101,10083,251824,22594.56890137,0
2024-01-02 04:00:00,111.635,113.034,111.135,112.699,351022,2024-01-02 04:59:59.999,31367.96651764,8384,199307,17808.86014556,0
2024-01-02 05:00:00,112.697,113.406,112.368,112.84,490211,2024-01-02 05:59:59.999,43430.10807987,10364,207780,18406.44047347,0
2024-01-02 06:00:00,112.821,113.544,111.985,112.816,393973,2024-01-02 06:59:59.999,34962.29573471,8466,199671,17717.61889418,0
2024-01-02 07:00:00,112.842,114.886,112.814,114.631,667645,2024-01-02 07:59:59.999,58520.44737308,14811,337248,29561.92277282,0
2024-01-02 08:00:00,114.66,115.305,113.804,114.677,663466,2024-01-02 08:59:59.999,57802.86683248,14566,328230,28588.4288584,0
2024-01-02 09:00:00,114.743,117.184,114.598,116.088,783136,2024-01-02 09:59:59.999,67401.89274992,13333,399346,34377.44830267,0
2024-01-02 10:00:00,116.065,116.919,114.696,115.6,873676,2024-01-02 10:59:59.999,75540.92202945,14191,394999,34146.10964351,0
2024-01-02 11:00:00,115.589,115.961,112.76,114.175,955332,2024-01-02 11:59:59.999,83397.785577,16131,355713,31042.42628258,0
2024-01-02 12:00:00,114.192,114.682,113.076,113.267,526047,2024-01-02 12:59:59.999,46186.21922939,11258,259662,22788.03703115,0
2024-01-02 13:00:00,113.277,114.338,113.166,113.626,421556,2024-01-02 13:59:59.999,37008.52485352,9887,202584,17780.33642547,0
2024-01-02 14:00:00,113.62,114.101,109.411,110.323,1368321,2024-01-02 14:59:59.999,122761.39081169,28039,575949,51656.35112548,0
2024-01-02 15:00:00,110.298,110.879,107.69,109.789,1313710,2024-01-02 15:59:59.999,120046.97518651,27402,583407,53264.97870765,0
2024-01-02 16:00:00,109.775,110.613,108.695,110.294,617593,2024-01-02 16:59:59.999,56329.13817408,14664,311445,28400.04751404,0
2024-01-02 17:00:00,110.327,110.592,106.573,107.824,1044358,2024-01-02 17:59:59.999,96493.05305001,20588,453147,41866.52998351,0
2024-01-02 18:00:00,107.83,108.591,107.548,107.94,444292,2024-01-02 18:59:59.999,41085.63951727,9798,220142,20357.6918296,0
2024-01-02 19:00:00,107.982,109.25,107.123,107.816,521931,2024-01-02 19:59:59.999,48295.44823651,12319,262027,24243.23573109,0
2024-01-02 20:00:00,107.837,108.884,107.092,107.198,447940,2024-01-02 20:59:59.999,41470.32140587,10734,222885,20636.88683247,0
2024-01-02 21:00:00,107.179,108.213,106.715,108.16,449945,2024-01-02 21:59:59.999,41884.13323502,10873,223200,20767.31280735,0
2024-01-02 22:00:00,108.136,109.056,107.68,108.137,413036,2024-01-02 22:59:59.999,38093.76377067,8746,204810,18884.24899485,0
2024-01-02 23:00:00,108.141,108.169,106.16,106.908,333596,2024-01-02 23:59:59.999,31156.54586266,8136,168789,15757.48110842,0
2024-01-03 00:00:00,106.918,108.168,106.709,107.493,548344,2024-01-03 00:59:59.999,50981.90205321,12875,273189,25401.96061154,0
2024-01-03 01:00:00,107.498,108.71,106.812,108.339,438946,2024-01-03 01:59:59.999,40758.08243098,9881,224740,20853.61121833,0
2024-01-03 02:00:00,108.348,108.862,107.615,107.85,288901,2024-01-03 02:59:59.999,26687.45480039,6881,144933,13390.73811265,0
2024-01-03 03:00:00,107.839,108.323,107.304,108.267,273907,2024-01-03 03:59:59.999,25415.49432738,6359,125112,11606.07033296,0
2024-01-03 04:00:00,108.269,108.546,107.228,108.119,526761,2024-01-03 04:59:59.999,48850.22334641,9348,243859,22616.85165656,0
2024-01-03 05:00:00,108.141,109.098,107.857,108.508,484365,2024-01-03 05:59:59.999,44582.29786877,9357,234813,21609.78755569,0
2024-01-03 06:00:00,108.498,109.906,108.054,109.384,526253,2024-01-03 06:59:59.999,48210.87196402,11193,283763,25988.91323863,0
2024-01-03 07:00:00,109.411,110.047,107.587,107.912,510874,2024-01-03 07:59:59.999,46933.78249255,11174,234240,21525.87734869,0
2024-01-03 08:00:00,107.927,108.728,107.711,108.498,307128,2024-01-03 08:59:59.999,28386.51988223,7413,141408,13066.44919428,0
2024-01-03 09:00:00,108.502,109.568,108.373,109.123,416083,2024-01-03 09:59:59.999,38184.99574066,10387,212198,19476.81248457,0
2024-01-03 10:00:00,109.119,109.514,106.465,107.445,767435,2024-01-03 10:59:59.999,71201.37676773,16610,323762,30045.15819508,0
2024-01-03 11:00:00,107.43,107.57,102.142,103.526,1900964,2024-01-03 11:59:59.999,181237.10218536,38964,802646,76417.13264806,0
2024-01-03 12:00:00,103.561,103.592,81.076,100.403,8180726,2024-01-03 12:59:59.999,860944.2623505,210562,3593979,377513.73699742,0
2024-01-03 13:00:00,100.412,100.412,96.534,98.577,2473957,2024-01-03 13:59:59.999,250595.0949895,81813,1145174,116002.36521937,0
2024-01-03 14:00:00,98.583,98.698,94.801,96.635,2030187,2024-01-03 14:59:59.999,209492.09910584,61066,932293,96208.41797661,0
2024-01-03 15:00:00,96.616,102.167,96.519,102.167,1785729,2024-01-03 15:59:59.999,181063.07027799,61592,858760,87018.24108119,0
2024-01-03 16:00:00,102.152,103.2,98.556,99.683,2303117,2024-01-03 16:59:59.999,228898.71985954,75454,1051733,104517.77010507,0
2024-01-03 17:00:00,99.7,99.791,96.607,97.814,1012191,2024-01-03 17:59:59.999,103212.60035922,28308,450365,45908.25743319,0
2024-01-03 18:00:00,97.807,98.908,95.0,96.893,1048620,2024-01-03 18:59:59.999,107768.21475848,28884,526977,54109.5672683,0
2024-01-03 19:00:00,96.899,98.559,96.541,97.467,723198,2024-01-03 19:59:59.999,74085.99556648,20788,331726,33968.82236871,0
2024-01-03 20:00:00,97.451,99.823,97.282,99.66,589423,2024-01-03 20:59:59.999,59629.71584401,14145,298449,30197.26347245,0
2024-01-03 21:00:00,99.662,100.616,98.486,100.334,600256,2024-01-03 21:59:59.999,60188.94858664,15760,308044,30871.06867215,0
2024-01-03 22:00:00,100.336,100.367,98.248,98.907,377265,2024-01-03 22:59:59.999,37970.90667518,9731,183611,18480.18644122,0
2024-01-03 23:00:00,98.884,99.054,97.83,98.608,326825,2024-01-03 23:59:59.999,33237.30812224,7773,143588,14602.83418211,0
2024-01-04 00:00:00,98.586,100.436,98.248,100.221,503892,2024-01-04 00:59:59.999,50559.15508392,12891,255412,25625.72769941,0
2024-01-04 01:00:00,100.231,100.489,97.646,98.482,488219,2024-01-04 01:59:59.999,49352.30019976,14484,210757,21315.79543565,0
2024-01-04 02:00:00,98.462,101.242,98.15,101.0,405475,2024-01-04 02:59:59.999,40550.99828394,10699,192027,19200.556938,0
2024-01-04 03:00:00,101.006,102.072,100.266,101.184,457186,2024-01-04 03:59:59.999,45146.70810587,11434,208208,20565.13161535,0
2024-01-04 04:00:00,101.185,101.534,100.331,100.647,289093,2024-01-04 04:59:59.999,28684.5919844,7341,120639,11966.26597647,0
2024-01-04 05:00:00,100.635,101.8,99.75,101.321,510613,2024-01-04 05:59:59.999,50617.11490379,12002,245294,24314.05655636,0
2024-01-04 06:00:00,101.337,101.62,100.507,100.839,295202,2024-01-04 06:59:59.999,29225.44266667,6860,152410,15092.62997978,0
2024-01-04 07:00:00,100.857,101.335,98.845,98.963,695666,2024-01-04 07:59:59.999,69661.31326469,17999,306699,30686.85890339,0
2024-01-04 08:00:00,98.992,99.374,97.359,98.187,715433,2024-01-04 08:59:59.999,72739.58032789,15714,332718,33835.50335477,0
2024-01-04 09:00:00,98.17,99.235,98.14,98.583,367656,2024-01-04 09:59:59.999,37269.05628575,7936,185304,18784.05311752,0
2024-01-04 10:00:00,98.575,99.131,96.669,98.439,759160,2024-01-04 10:59:59.999,77553.73523826,16511,372481,38058.93443234,0
2024-01-04 11:00:00,98.458,99.013,97.653,98.615,426355,2024-01-04 11:59:59.999,43338.59791656,10598,218488,22207.37593315,0
2024-01-04 12:00:00,98.622,99.957,98.242,99.475,591062,2024-01-04 12:59:59.999,59524.9728597,15671,311399,31359.18555489,0
2024-01-04 13:00:00,99.515,100.616,98.204,100.028,488783,2024-01-04 13:59:59.999,49169.76739956,14307,222082,22336.6648123,0
2024-01-04 14:00:00,99.994,102.403,99.489,102.403,722183,2024-01-04 14:59:59.999,71587.01728658,19040,380900,37738.60760793,0
2024-01-04 15:00:00,102.394,104.544,101.682,103.801,1257541,2024-01-04 15:59:59.999,121689.32052309,33008,596655,57730.21115474,0
2024-01-04 16:00:00,103.801,104.156,101.8,102.149,803449,2024-01-04 16:59:59.999,78263.99892807,21803,357951,34870.07502663,0
2024-01-04 17:00:00,102.161,103.885,101.654,103.23,736338,2024-01-04 17:59:59.999,71562.09503711,18584,396721,38548.12066646,0
2024-01-04 18:00:00,103.211,104.129,102.789,103.781,436040,2024-01-04 18:59:59.999,42139.65833711,10736,213427,20627.56492519,0
2024-01-04 19:00:00,103.762,107.034,103.699,105.347,1304322,2024-01-04 19:59:59.999,123476.33858031,32603,672951,63705.31166342,0
2024-01-04 20:00:00,105.328,108.375,105.327,106.485,1406708,2024-01-04 20:59:59.999,131387.95871124,33952,739657,69107.13154386,0
2024-01-04 21:00:00,106.486,107.285,105.418,105.785,848092,2024-01-04 21:59:59.999,79776.14920712,19748,432163,40649.39306542,0
2024-01-04 22:00:00,105.796,107.027,104.542,104.965,711295,2024-01-04 22:59:59.999,67087.07015015,15086,284592,26829.24877057,0
2024-01-04 23:00:00,104.982,105.555,104.577,105.068,290933,2024-01-04 23:59:59.999,27696.93420524,6635,153389,14601.57903835,0
2024-01-05 00:00:00,105.088,105.654,102.897,104.257,557627,2024-01-05 00:59:59.999,53527.20567793,14438,261624,25104.22364372,0
2024-01-05 01:00:00,104.247,104.801,98.334,101.161,1263690,2024-01-05 01:59:59.999,124657.23010282,38719,566444,55811.09584018,0
2024-01-05 02:00:00,101.148,102.681,100.599,101.172,831706,2024-01-05 02:59:59.999,81809.6746345,23829,387407,38100.71460006,0
2024-01-05 03:00:00,101.17,102.114,100.537,101.133,349309,2024-01-05 03:59:59.999,34489.14887657,10531,161829,15969.24978556,0
2024-01-05 04:00:00,101.112,101.537,100.15,100.913,500127,2024-01-05 04:59:59.999,49613.08954991,13421,249518,24748.28813306,0
2024-01-05 05:00:00,100.919,102.32,100.72,101.514,588856,2024-01-05 05:59:59.999,58040.47607748,11777,344416,33950.52744811,0
2024-01-05 06:00:00,101.518,101.882,100.642,101.668,339780,2024-01-05 06:59:59.999,33527.58177644,8131,156036,15398.517209,0
2024-01-05 07:00:00,101.676,102.196,101.188,101.224,282663,2024-01-05 07:59:59.999,27816.66710835,7280,141077,13883.00680191,0
2024-01-05 08:00:00,101.243,102.441,101.235,101.629,317102,2024-01-05 08:59:59.999,31165.49174417,7603,155116,15247.37231639,0
2024-01-05 09:00:00,101.63,103.2,101.556,102.721,744354,2024-01-05 09:59:59.999,72619.13766633,16624,392478,38280.38665348,0
2024-01-05 10:00:00,102.73,102.919,99.174,100.192,715261,2024-01-05 10:59:59.999,70885.37241088,16418,338997,33584.90431782,0
2024-01-05 11:00:00,100.19,100.825,99.379,99.702,734761,2024-01-05 11:59:59.999,73363.69895241,16506,301808,30115.67224489,0
2024-01-05 12:00:00,99.712,101.103,98.775,100.663,760564,2024-01-05 12:59:59.999,76112.73302761,15184,347047,34682.64360458,0
2024-01-05 13:00:00,100.672,101.483,99.909,100.843,566077,2024-01-05 13:59:59.999,56211.1218546,13691,288803,28681.54056747,0
2024-01-05 14:00:00,100.841,101.297,96.924,97.535,1669136,2024-01-05 14:59:59.999,169049.44377714,31484,723496,73220.29703901,0
2024-01-05 15:00:00,97.546,99.161,97.393,98.124,819643,2024-01-05 15:59:59.999,83475.92848936,20466,420028,42776.32955126,0
2024-01-05 16:00:00,98.143,98.55,95.883,96.187,739742,2024-01-05 16:59:59.999,75904.0192374,17148,351327,36041.60919822,0
2024-01-05 17:00:00,96.197,98.106,94.761,97.893,1029968,2024-01-05 17:59:59.999,106646.3213275,20176,473490,48966.57080979,0
2024-01-05 18:00:00,97.899,98.405,97.167,98.06,320566,2024-01-05 18:59:59.999,32780.39889459,6044,151043,15442.88796603,0
2024-01-05 19:00:00,98.054,98.972,97.715,98.028,321085,2024-01-05 19:59:59.999,32662.55385392,7173,167107,17002.81512806,0
2024-01-05 20:00:00,98.042,100.297,98.042,99.728,503574,2024-01-05 20:59:59.999,50789.7868906,10663,286573,28909.4618775,0
2024-01-05 21:00:00,99.701,99.703,98.221,99.255,431737,2024-01-05 21:59:59.999,43659.24839037,8205,168454,17023.89151516,0
2024-01-05 22:00:00,99.246,99.984,97.933,99.296,313762,2024-01-05 22:59:59.999,31682.77875453,6311,137616,13882.21430978,0
2024-01-05 23:00:00,99.305,100.5,99.305,100.0,463191,2024-01-05 23:59:59.999,46281.96871157,8428,212673,21248.12366006,0
2024-01-06 00:00:00,100.0,100.392,98.561,99.181,308882,2024-01-06 00:59:59.999,31074.40204042,6840,134994,13576.72485222,0
2024-01-06 01:00:00,99.175,99.176,97.885,98.453,323682,2024-01-06 01:59:59.999,32919.83119498,6728,136966,13923.15322292,0
2024-01-06 02:00:00,98.451,99.261,98.1,98.869,156873,2024-01-06 02:59:59.999,15898.46137711,4336,72768,7374.70632929,0
2024-01-06 03:00:00,98.871,99.62,98.27,98.778,256510,2024-01-06 03:59:59.999,25920.23594888,5431,101738,10280.24245859,0
2024-01-06 04:00:00,98.781,99.036,97.401,97.44,217686,2024-01-06 04:59:59.999,22159.58045116,5575,95059,9671.73157458,0
2024-01-06 05:00:00,97.451,97.643,93.621,94.497,883110,2024-01-06 05:59:59.999,92427.35654687,20517,411078,42955.86841729,0
2024-01-06 06:00:00,94.515,94.74,91.622,92.147,1285450,2024-01-06 06:59:59.999,138116.35698711,30184,559646,60099.31478392,0
2024-01-06 07:00:00,92.142,94.587,92.099,94.558,581683,2024-01-06 07:59:59.999,62379.67165285,12078,333110,35737.12164465,0
2024-01-06 08:00:00,94.572,95.361,93.78,95.334,529170,2024-01-06 08:59:59.999,55986.35058035,9013,272258,28797.39492838,0
2024-01-06 09:00:00,95.343,95.789,94.767,95.063,282336,2024-01-06 09:59:59.999,29626.08248561,5797,150491,15792.29083601,0
2024-01-06 10:00:00,95.076,95.42,94.468,94.686,272415,2024-01-06 10:59:59.999,28717.6144505,5508,130407,13745.064985,0
2024-01-06 11:00:00,94.694,95.048,93.962,94.515,254120,2024-01-06 11:59:59.999,26906.65507512,5066,119753,12678.21565545,0
2024-01-06 12:00:00,94.539,95.228,93.306,93.713,305286,2024-01-06 12:59:59.999,32376.56000054,6988,145666,15442.85286931,0
2024-01-06 13:00:00,93.726,94.658,92.837,94.324,335374,2024-01-06 13:59:59.999,35739.12975633,6593,146320,15580.77008215,0
2024-01-06 14:00:00,94.311,96.502,94.279,95.996,454173,2024-01-06 14:59:59.999,47394.31122198,9767,269253,28098.09611123,0
2024-01-06 15:00:00,96.036,96.226,94.88,95.22,260535,2024-01-06 15:59:59.999,27265.60777977,6895,121538,12722.12331084,0
2024-01-06 16:00:00,95.231,96.258,94.989,95.646,284712,2024-01-06 16:59:59.999,29785.93939989,6983,143717,15034.67535823,0
2024-01-06 17:00:00,95.624,97.319,95.198,96.802,378647,2024-01-06 17:59:59.999,39312.43024659,8982,200336,20791.94939267,0
2024-01-06 18:00:00,96.835,97.286,96.085,96.246,247973,2024-01-06 18:59:59.999,25676.73379339,5877,116901,12107.52758481,0
2024-01-06 19:00:00,96.235,96.249,94.588,95.11,347487,2024-01-06 19:59:59.999,36472.57000531,8420,161421,16939.22546811,0
2024-01-06 20:00:00,95.123,95.72,94.072,94.531,336147,2024-01-06 20:59:59.999,35529.18065962,8034,156429,16532.01400244,0
2024-01-06 21:00:00,94.545,94.767,93.303,94.703,393778,2024-01-06 21:59:59.999,41853.56148437,8182,181087,19245.04404516,0
2024-01-06 22:00:00,94.717,94.743,93.017,93.495,233201,2024-01-06 22:59:59.999,24851.78146006,5599,107683,11473.48350437,0
2024-01-06 23:00:00,93.494,93.955,92.31,93.855,427208,2024-01-06 23:59:59.999,45885.70918896,8856,219045,23517.80355934,0
2024-01-07 00:00:00,93.854,96.382,93.66,95.621,401106,2024-01-07 00:59:59.999,42155.75401825,9327,220604,23201.15313153,0
2024-01-07 01:00:00,95.659,95.799,94.169,94.223,278123,2024-01-07 01:59:59.999,29282.34014353,6306,127393,13412.29383591,0
2024-01-07 02:00:00,94.227,95.162,91.352,92.445,562837,2024-01-07 02:59:59.999,60614.68126356,13445,258051,27784.43368951,0
2024-01-07 03:00:00,92.424,93.555,92.34,92.955,268301,2024-01-07 03:59:59.999,28883.29202811,6060,145240,15633.72275751,0
2024-01-07 04:00:00,92.971,94.81,92.92,94.409,425811,2024-01-07 04:59:59.999,45332.75897986,8681,209439,22321.32209169,0
2024-01-07 05:00:00,94.434,95.668,93.659,94.049,563823,2024-01-07 05:59:59.999,59630.13900695,11312,249148,26338.90967868,0
2024-01-07 06:00:00,94.066,95.341,93.722,94.736,412923,2024-01-07 06:59:59.999,43665.89997534,8976,197797,20922.48576798,0
2024-01-07 07:00:00,94.742,95.42,94.326,95.317,421857,2024-01-07 07:59:59.999,44476.94377578,7425,224861,23711.08029553,0
2024-01-07 08:00:00,95.322,95.659,93.693,94.008,359308,2024-01-07 08:59:59.999,37926.550925,7458,172533,18217.39218891,0
2024-01-07 09:00:00,93.997,94.409,93.001,93.268,413454,2024-01-07 09:59:59.999,44219.26752455,8719,187026,20001.0573946,0
2024-01-07 10:00:00,93.257,94.221,93.208,93.978,214628,2024-01-07 10:59:59.999,22884.45969929,4339,112924,12040.91264205,0
2024-01-07 11:00:00,93.976,95.121,93.705,94.609,271549,2024-01-07 11:59:59.999,28736.81333911,5491,140595,14881.71339793,0
2024-01-07 12:00:00,94.603,95.149,93.705,94.944,353829,2024-01-07 12:59:59.999,37369.69258303,7984,187906,19846.91314597,0
2024-01-07 13:00:00,94.955,96.464,94.878,96.289,472482,2024-01-07 13:59:59.999,49269.33753278,9444,247595,25826.54334464,0
2024-01-07 14:00:00,96.289,96.809,95.4,96.131,579295,2024-01-07 14:59:59.999,60315.71561987,10151,286307,29805.94176563,0
2024-01-07 15:00:00,96.159,96.159,93.33,93.968,624035,2024-01-07 15:59:59.999,65933.95070293,10876,248687,26267.8303827,0
2024-01-07 16:00:00,93.97,94.896,93.025,93.407,490961,2024-01-07 16:59:59.999,52176.90674301,9862,267331,28381.14728753,0
2024-01-07 17:00:00,93.423,94.76,93.083,94.378,253861,2024-01-07 17:59:59.999,26977.13563363,6107,130354,13853.60990422,0
2024-01-07 18:00:00,94.371,95.031,94.164,94.531,221541,2024-01-07 18:59:59.999,23384.61627049,4319,100805,10640.58622741,0
2024-01-07 19:00:00,94.537,95.025,94.075,94.822,197194,2024-01-07 19:59:59.999,20865.67721877,4067,92246,9761.52219973,0
2024-01-07 20:00:00,94.83,95.361,93.894,93.915,205040,2024-01-07 20:59:59.999,21665.44508539,4393,93959,9921.62858817,0
2024-01-07 21:00:00,93.917,94.44,92.109,92.876,401540,2024-01-07 21:59:59.999,43118.48110319,8367,191716,20582.31685982,0
2024-01-07 22:00:00,92.869,92.869,87.874,89.32,1318449,2024-01-07 22:59:59.999,146133.66731867,25293,558078,61804.72982679,0
2024-01-07 23:00:00,89.31,90.623,87.705,89.447,970967,2024-01-07 23:59:59.999,109345.93530008,20454,456547,51359.25183348,0
2024-01-08 00:00:00,89.447,90.058,87.753,88.495,1003101,2024-01-08 00:59:59.999,112794.47365092,21321,509330,57191.66697899,0
2024-01-08 01:00:00,88.501,90.898,88.26,90.288,534784,2024-01-08 01:59:59.999,59380.7658326,14357,279267,31010.32962109,0
2024-01-08 02:00:00,90.298,90.593,87.22,88.098,729409,2024-01-08 02:59:59.999,82286.84126785,18537,302333,34108.9289553,0
2024-01-08 03:00:00,88.091,88.51,85.0,87.269,1524357,2024-01-08 03:59:59.999,176217.89941662,30370,604608,69869.58699002,0
2024-01-08 04:00:00,87.241,89.54,86.905,89.082,633014,2024-01-08 04:59:59.999,71685.54133042,10332,355974,40285.12510152,0
2024-01-08 05:00:00,89.072,89.605,88.323,89.286,451542,2024-01-08 05:59:59.999,50728.95597807,8635,228138,25631.92879014,0
2024-01-08 06:00:00,89.286,90.766,88.721,89.148,777007,2024-01-08 06:59:59.999,86605.53049339,18804,375117,41789.20135068,0
2024-01-08 07:00:00,89.125,90.688,88.793,89.693,619922,2024-01-08 07:59:59.999,69091.2020205,10434,328897,36676.80085386,0
2024-01-08 08:00:00,89.686,91.136,89.598,90.088,370959,2024-01-08 08:59:59.999,41016.0131797,7107,189409,20942.15242378,0
2024-01-08 09:00:00,90.048,90.586,88.621,89.275,419709,2024-01-08 09:59:59.999,46778.01830745,7817,172850,19246.60695673,0
2024-01-08 10:00:00,89.273,91.042,88.946,90.751,373784,2024-01-08 10:59:59.999,41484.41858705,7443,191690,21274.36498941,0
2024-01-08 11:00:00,90.759,92.225,90.122,92.225,579824,2024-01-08 11:59:59.999,63618.50972128,11405,309225,33897.97190282,0
2024-01-08 12:00:00,92.197,94.362,92.197,94.077,1283808,2024-01-08 12:59:59.999,137352.98790696,25252,577676,61816.71650228,0
2024-01-08 13:00:00,94.058,95.067,93.384,93.891,881810,2024-01-08 13:59:59.999,93356.83972359,15655,401134,42477.30541836,0
2024-01-08 14:00:00,93.898,95.597,93.514,94.207,596884,2024-01-08 14:59:59.999,63024.93145314,11518,283133,29914.60014897,0
2024-01-08 15:00:00,94.238,95.251,93.659,94.686,642234,2024-01-08 15:59:59.999,68060.91091598,13593,286784,30372.61010496,0
2024-01-08 16:00:00,94.684,95.863,93.746,95.005,584338,2024-01-08 16:59:59.999,61597.29834961,11081,313791,33063.53967769,0
2024-01-08 17:00:00,95.007,96.75,94.572,96.635,630597,2024-01-08 17:59:59.999,65991.49572443,12300,331723,34696.91810192,0
2024-01-08 18:00:00,96.668,99.413,96.472,98.332,1442978,2024-01-08 18:59:59.999,147330.55170301,31893,771841,78776.49328671,0
2024-01-08 19:00:00,98.302,99.972,97.653,99.299,858630,2024-01-08 19:59:59.999,86798.86256346,18337,417044,42146.67658991,0
2024-01-08 20:00:00,99.306,99.491,96.733,96.98,799446,2024-01-08 20:59:59.999,81673.31357538,16125,349190,35666.83340459,0
2024-01-08 21:00:00,96.991,98.23,96.54,96.845,514320,2024-01-08 21:59:59.999,52798.22845617,9802,263993,27094.43413832,0
2024-01-08 22:00:00,96.803,98.14,96.568,98.097,407407,2024-01-08 22:59:59.999,41933.51733495,7721,211735,21783.22069774,0
2024-01-08 23:00:00,98.096,98.715,97.266,98.007,363554,2024-01-08 23:59:59.999,37102.05824839,7603,193454,19742.57480805,0
2024-01-09 00:00:00,97.985,98.892,95.272,97.557,943338,2024-01-09 00:59:59.999,97069.24825192,24033,470074,48334.22270713,0
2024-01-09 01:00:00,97.557,98.155,96.47,97.114,595004,2024-01-09 01:59:59.999,61140.86243462,13781,340221,34954.19179411,0
2024-01-09 02:00:00,97.12,99.144,96.619,98.611,512069,2024-01-09 02:59:59.999,52047.18923439,10315,249968,25406.94072919,0
2024-01-09 03:00:00,98.608,99.872,97.895,99.844,452024,2024-01-09 03:59:59.999,45662.89248086,11602,241334,24375.02647991,0
2024-01-09 04:00:00,99.861,104.0,99.545,103.462,1395295,2024-01-09 04:59:59.999,136911.34507312,29864,699043,68571.02038494,0
2024-01-09 05:00:00,103.463,103.888,101.523,102.223,743526,2024-01-09 05:59:59.999,72464.12199582,16621,329954,32163.06551076,0
2024-01-09 06:00:00,102.201,102.851,101.234,101.758,430301,2024-01-09 06:59:59.999,42181.94931998,8954,209270,20518.62912628,0
2024-01-09 07:00:00,101.755,102.338,100.773,101.949,439342,2024-01-09 07:59:59.999,43251.32383938,8605,220841,21729.57428989,0
2024-01-09 08:00:00,101.948,102.737,100.641,100.936,471725,2024-01-09 08:59:59.999,46353.40809427,10792,198693,19511.71182142,0
2024-01-09 09:00:00,100.915,101.621,99.508,100.313,614695,2024-01-09 09:59:59.999,61042.94590826,13351,296298,29410.96431871,0
2024-01-09 10:00:00,100.326,101.369,99.853,100.56,465703,2024-01-09 10:59:59.999,46319.21503263,8844,219094,21781.42838483,0
2024-01-09 11:00:00,100.545,102.408,100.453,101.939,494792,2024-01-09 11:59:59.999,48691.984007,9337,258037,25397.44569506,0
2024-01-09 12:00:00,101.943,102.442,94.322,98.49,1497484,2024-01-09 12:59:59.999,150533.56276469,34050,627466,62991.69292692,0
2024-01-09 13:00:00,98.501,101.587,98.134,100.848,1415520,2024-01-09 13:59:59.999,141399.71511026,29466,690711,68968.11979008,0
2024-01-09 14:00:00,100.852,102.286,99.006,99.347,985370,2024-01-09 14:59:59.999,97816.60844292,21621,464510,46104.99961977,0
2024-01-09 15:00:00,99.326,100.566,98.563,99.845,891325,2024-01-09 15:59:59.999,89452.24016461,18043,439857,44158.44256999,0
2024-01-09 16:00:00,99.818,101.5,99.45,100.916,1115751,2024-01-09 16:59:59.999,111261.63484651,18543,456343,45480.95789734,0
2024-01-09 17:00:00,100.926,101.341,99.479,99.932,531492,2024-01-09 17:59:59.999,52957.33482219,12801,262293,26138.48772409,0
2024-01-09 18:00:00,99.927,100.783,99.365,100.109,474834,2024-01-09 18:59:59.999,47399.22838455,10046,227941,22758.52493748,0
2024-01-09 19:00:00,100.119,100.409,98.059,99.339,466984,2024-01-09 19:59:59.999,46988.67801459,10428,216323,21746.58546533,0
2024-01-09 20:00:00,99.354,99.528,96.528,96.845,798022,2024-01-09 20:59:59.999,81736.89913807,15356,314363,32152.15153118,0
2024-01-09 21:00:00,96.848,105.85,95.538,96.284,3122374,2024-01-09 21:59:59.999,313702.84875784,94046,1525499,153130.04145806,0
2024-01-09 22:00:00,96.269,100.0,95.794,99.587,951278,2024-01-09 22:59:59.999,96897.27779776,20888,473850,48253.82516472,0
2024-01-09 23:00:00,99.539,99.661,97.402,99.385,540807,2024-01-09 23:59:59.999,54890.90383752,10810,281828,28605.60638467,0
2024-01-10 00:00:00,99.348,100.25,98.041,98.165,644961,2024-01-10 00:59:59.999,64968.7458726,12573,340013,34265.39802985,0
2024-01-10 01:00:00,98.189,99.344,97.513,99.226,357863,2024-01-10 01:59:59.999,36382.08627183,6806,180273,18322.37381894,0
2024-01-10 02:00:00,99.195,100.074,98.586,98.952,325688,2024-01-10 02:59:59.999,32769.77807009,6907,155198,15621.97364965,0
2024-01-10 03:00:00,98.952,99.985,98.739,99.709,230492,2024-01-10 03:59:59.999,23134.85236992,4792,112127,11254.00442859,0
2024-01-10 04:00:00,99.7,100.448,98.694,98.846,258883,2024-01-10 04:59:59.999,25989.26686656,5808,119619,12009.12969496,0
2024-01-10 05:00:00,98.871,99.527,98.718,99.383,166206,2024-01-10 05:59:59.999,16774.72473251,4156,80359,8111.94945418,0
2024-01-10 06:00:00,99.391,99.391,98.073,98.908,177260,2024-01-10 06:59:59.999,17970.72790844,4282,92832,9413.19566128,0
2024-01-10 07:00:00,98.864,99.011,98.079,98.164,183754,2024-01-10 07:59:59.999,18683.22245629,4043,83820,8521.96077211,0
2024-01-10 08:00:00,98.184,98.29,96.665,96.787,481459,2024-01-10 08:59:59.999,49498.33715284,7504,206235,21200.93998175,0
2024-01-10 09:00:00,96.803,97.712,96.28,97.06,769858,2024-01-10 09:59:59.999,79284.76575921,14556,332822,34267.52331752,0
2024-01-10 10:00:00,97.064,98.327,96.92,97.477,259074,2024-01-10 10:59:59.999,26566.00123941,5995,127707,13100.08786119,0
2024-01-10 11:00:00,97.509,97.931,96.528,97.386,355089,2024-01-10 11:59:59.999,36530.24838324,8135,169262,17413.91852221,0
2024-01-10 12:00:00,97.376,97.823,92.163,93.575,1906365,2024-01-10 12:59:59.999,201516.02105589,39644,904993,95658.00835259,0
2024-01-10 13:00:00,93.575,95.105,92.875,93.752,798278,2024-01-10 13:59:59.999,84815.32166041,14355,403744,42881.51767928,0
2024-01-10 14:00:00,93.738,94.335,92.294,92.644,624853,2024-01-10 14:59:59.999,66949.01628267,11758,307085,32890.20603469,0
2024-01-10 15:00:00,92.634,95.196,92.223,94.806,919461,2024-01-10 15:59:59.999,98152.04099781,20590,508462,54275.5415606,0
2024-01-10 16:00:00,94.814,95.126,94.03,94.523,501314,2024-01-10 16:59:59.999,53017.64928949,9848,254607,26924.67294066,0
2024-01-10 17:00:00,94.512,96.904,94.008,96.851,639189,2024-01-10 17:59:59.999,66813.58343276,11733,342981,35812.63131542,0
2024-01-10 18:00:00,96.844,98.3,96.359,97.894,784527,2024-01-10 18:59:59.999,80524.93747225,17485,376700,38665.08876996,0
2024-01-10 19:00:00,97.882,98.325,95.127,96.318,848375,2024-01-10 19:59:59.999,87721.16195078,19684,398536,41193.91379363,0
2024-01-10 20:00:00,96.331,96.948,92.88,96.584,1384832,2024-01-10 20:59:59.999,145789.35001587,39862,680592,71634.90804407,0
2024-01-10 21:00:00,96.517,102.0,95.312,101.717,2138692,2024-01-10 21:59:59.999,217763.18513224,49252,1127923,114708.69790946,0
2024-01-10 22:00:00,101.733,104.561,100.284,103.38,1515569,2024-01-10 22:59:59.999,147272.50136981,35602,738314,71693.99016277,0
2024-01-10 23:00:00,103.431,105.633,101.346,102.152,1563759,2024-01-10 23:59:59.999,150930.49906226,37477,738187,71206.71974662,0
2024-01-11 00:00:00,102.176,102.306,99.636,100.697,954880,2024-01-11 00:59:59.999,94787.61391808,20737,423909,42059.57373334,0
2024-01-11 01:00:00,100.717,101.328,99.283,99.453,637503,2024-01-11 01:59:59.999,63539.44573757,11788,313247,31202.74133267,0
2024-01-11 02:00:00,99.452,100.477,99.304,100.265,273202,2024-01-11 02:59:59.999,27307.19022877,5754,142809,14273.87424062,0
2024-01-11 03:00:00,100.255,100.571,99.367,100.384,414342,2024-01-11 03:59:59.999,41402.58158619,8221,211391,21123.7237581,0
2024-01-11 04:00:00,100.414,101.848,99.877,101.258,524675,2024-01-11 04:59:59.999,51877.45949713,8900,223575,22116.46152436,0
2024-01-11 05:00:00,101.236,101.274,99.022,99.891,498573,2024-01-11 05:59:59.999,49883.72710575,9922,219509,21953.91543002,0
2024-01-11 06:00:00,99.885,100.019,97.959,99.132,627197,2024-01-11 06:59:59.999,63509.67428137,11052,279974,28347.35739792,0
2024-01-11 07:00:00,99.14,100.776,99.122,99.803,475558,2024-01-11 07:59:59.999,47570.51326885,8188,252100,25208.70298886,0
2024-01-11 08:00:00,99.795,100.764,99.666,100.634,214378,2024-01-11 08:59:59.999,21379.44484424,4509,103188,10290.28682536,0
2024-01-11 09:00:00,100.653,101.274,100.307,100.578,284066,2024-01-11 09:59:59.999,28165.78850944,5611,137996,13681.83378401,0
2024-01-11 10:00:00,100.578,104.074,100.578,104.011,634066,2024-01-11 10:59:59.999,61913.84370968,12340,347887,33982.10312652,0
2024-01-11 11:00:00,103.989,104.718,103.043,104.509,769062,2024-01-11 11:59:59.999,74048.65171474,14396,349410,33642.563458,0
2024-01-11 12:00:00,104.567,107.298,103.937,106.907,1273196,2024-01-11 12:59:59.999,120170.50498142,21327,653297,61681.09688672,0
2024-01-11 13:00:00,106.908,107.0,103.792,105.805,1503508,2024-01-11 13:59:59.999,142694.73811905,32556,674323,64001.0476986,0
2024-01-11 14:00:00,105.814,107.376,103.897,105.546,1797265,2024-01-11 14:59:59.999,169601.70694236,38557,830083,78329.32684236,0
2024-01-11 15:00:00,105.517,105.796,99.666,100.817,2206345,2024-01-11 15:59:59.999,214931.57515743,49595,1021631,99500.25086977,0
2024-01-11 16:00:00,100.838,101.554,97.582,99.391,1633237,2024-01-11 16:59:59.999,164498.00138726,34790,763127,76826.71607179,0
2024-01-11 17:00:00,99.378,100.969,98.422,100.857,597129,2024-01-11 17:59:59.999,59954.86029185,11396,302865,30401.03326801,0
2024-01-11 18:00:00,100.879,101.112,99.95,100.743,478424,2024-01-11 18:59:59.999,47603.60669945,8449,235791,23462.51416972,0
2024-01-11 19:00:00,100.741,101.587,100.098,101.409,321311,2024-01-11 19:59:59.999,31885.57225161,6473,162431,16118.20869804,0
2024-01-11 20:00:00,101.414,102.45,99.806,100.101,596133,2024-01-11 20:59:59.999,58944.92431849,11618,292036,28851.86838404,0
2024-01-11 21:00:00,100.102,100.85,99.453,99.807,380481,2024-01-11 21:59:59.999,37938.88338701,7101,189103,18857.36857764,0
2024-01-11 22:00:00,99.803,100.444,99.132,100.369,296888,2024-01-11 22:59:59.999,29743.47342675,5669,168090,16837.81636921,0
2024-01-11 23:00:00,100.384,101.02,99.673,99.996,341380,2024-01-11 23:59:59.999,34003.96509859,6635,179000,17827.31825351,0
2024-01-12 00:00:00,99.997,100.409,99.066,99.841,441821,2024-01-12 00:59:59.999,44299.73548546,7942,204188,20467.53708029,0
2024-01-12 01:00:00,99.838,100.008,97.522,98.772,440727,2024-01-12 01:59:59.999,44722.36709018,8499,208636,21158.94190893,0
2024-01-12 02:00:00,98.809,99.557,98.318,99.289,234353,2024-01-12 02:59:59.999,23696.66963862,4693,123173,12453.89349851,0
2024-01-12 03:00:00,99.303,99.303,97.788,97.818,316867,2024-01-12 03:59:59.999,32142.50431201,5915,147928,15003.78011905,0
2024-01-12 04:00:00,97.813,98.799,97.752,97.961,241126,2024-01-12 04:59:59.999,24549.00731114,5539,115167,11723.31044798,0
2024-01-12 05:00:00,97.981,99.75,97.868,99.579,201108,2024-01-12 05:59:59.999,20313.46588537,4755,99936,10092.11328971,0
2024-01-12 06:00:00,99.578,100.538,99.123,99.157,318178,2024-01-12 06:59:59.999,31848.02855237,6500,135641,13573.11657321,0
2024-01-12 07:00:00,99.16,99.35,98.196,98.939,262310,2024-01-12 07:59:59.999,26558.28554993,5854,128267,12981.85991771,0
2024-01-12 08:00:00,98.942,98.992,97.785,98.548,286111,2024-01-12 08:59:59.999,29103.38426307,6183,125917,12804.80301688,0
2024-01-12 09:00:00,98.555,98.955,97.696,98.415,359212,2024-01-12 09:59:59.999,36484.95316889,6751,178976,18171.69130651,0
2024-01-12 10:00:00,98.398,98.819,97.87,98.312,272440,2024-01-12 10:59:59.999,27711.28528792,5698,131532,13379.47732849,0
2024-01-12 11:00:00,98.317,99.25,98.187,98.315,297344,2024-01-12 11:59:59.999,30138.22423547,6613,153402,15548.2812106,0
2024-01-12 12:00:00,98.317,99.419,96.445,97.594,703517,2024-01-12 12:59:59.999,71791.11073411,12501,325599,33199.86582745,0
2024-01-12 13:00:00,97.614,98.753,97.309,98.189,330240,2024-01-12 13:59:59.999,33652.50069892,6413,165041,16820.30971262,0
2024-01-12 14:00:00,98.169,99.011,97.66,98.506,503704,2024-01-12 14:59:59.999,51193.24662059,9882,248182,25219.90346946,0
2024-01-12 15:00:00,98.497,98.593,95.117,95.358,1520618,2024-01-12 15:59:59.999,158105.47289305,24441,704054,73230.83263414,0
2024-01-12 16:00:00,95.354,96.7,93.067,95.001,1497517,2024-01-12 16:59:59.999,157294.58801333,28588,733037,76983.85394233,0
2024-01-12 17:00:00,94.999,95.627,92.67,95.415,986724,2024-01-12 17:59:59.999,104687.32592972,21767,486194,51575.93507393,0
2024-01-12 18:00:00,95.414,96.182,94.192,95.091,769009,2024-01-12 18:59:59.999,80685.20903691,14346,364969,38283.14956462,0
2024-01-12 19:00:00,95.08,95.734,94.523,95.19,266431,2024-01-12 19:59:59.999,28010.59145846,6814,136133,14311.24563286,0
2024-01-12 20:00:00,95.183,95.963,95.066,95.177,284271,2024-01-12 20:59:59.999,29765.63409673,5885,145313,15211.78654242,0
2024-01-12 21:00:00,95.181,95.473,91.668,93.058,1050296,2024-01-12 21:59:59.999,112844.90725497,21177,386932,41535.83660498,0
2024-01-12 22:00:00,93.044,93.141,86.198,90.189,2367729,2024-01-12 22:59:59.999,264202.30046816,53826,1028622,114798.036032,0
2024-01-12 23:00:00,90.188,92.063,90.045,92.063,423361,2024-01-12 23:59:59.999,46466.97105614,10263,233646,25640.40011253,0
2024-01-13 00:00:00,92.076,92.58,90.87,90.957,436782,2024-01-13 00:59:59.999,47589.89209679,9577,206160,22450.89680246,0
2024-01-13 01:00:00,90.937,91.797,89.493,91.322,557325,2024-01-13 01:59:59.999,61412.45238724,12340,264213,29111.74384389,0
2024-01-13 02:00:00,91.318,92.045,90.976,91.1,253235,2024-01-13 02:59:59.999,27671.91508267,5730,149170,16296.7470245,0
2024-01-13 03:00:00,91.1,91.462,90.37,91.06,262135,2024-01-13 03:59:59.999,28869.5034085,5381,131724,14510.88954176,0
2024-01-13 04:00:00,91.095,91.85,90.92,91.611,133419,2024-01-13 04:59:59.999,14603.84263571,3687,68357,7483.35620407,0
2024-01-13 05:00:00,91.634,92.657,91.314,92.523,336464,2024-01-13 05:59:59.999,36532.13011874,6312,196547,21336.66219866,0
2024-01-13 06:00:00,92.558,93.1,92.274,92.863,372781,2024-01-13 06:59:59.999,40194.63655615,5871,206914,22312.60445157,0
2024-01-13 07:00:00,92.891,93.316,92.451,92.535,348678,2024-01-13 07:59:59.999,37553.62350301,5587,182282,19629.15933177,0
2024-01-13 08:00:00,92.577,93.18,92.521,92.946,161349,2024-01-13 08:59:59.999,17361.89613258,3715,69716,7503.71736523,0
2024-01-13 09:00:00,92.968,93.075,92.069,92.584,185466,2024-01-13 09:59:59.999,20045.45827442,4100,87456,9451.35527102,0
2024-01-13 10:00:00,92.588,92.633,91.531,91.674,358300,2024-01-13 10:59:59.999,38970.29713597,6014,189476,20608.94732711,0
2024-01-13 11:00:00,91.697,92.354,91.53,92.224,367381,2024-01-13 11:59:59.999,39936.49951868,5577,193309,21025.26911208,0
2024-01-13 12:00:00,92.214,92.5,91.656,92.33,388332,2024-01-13 12:59:59.999,42067.66167612,7061,224253,24286.39430858,0
2024-01-13 13:00:00,92.335,92.6,91.831,92.174,319299,2024-01-13 13:59:59.999,34558.99179247,5443,195823,21187.21811642,0
2024-01-13 14:00:00,92.177,92.225,91.065,91.694,280185,2024-01-13 14:59:59.999,30580.5733011,6153,125394,13687.19863921,0
2024-01-13 15:00:00,91.689,93.33,91.659,92.834,399284,2024-01-13 15:59:59.999,43075.85251293,8206,208434,22494.06604227,0
2024-01-13 16:00:00,92.861,93.001,92.0,92.111,310979,2024-01-13 16:59:59.999,33635.6552245,6793,169718,18357.15729685,0
2024-01-13 17:00:00,92.123,93.158,91.537,92.787,227499,2024-01-13 17:59:59.999,24612.61017354,5314,110636,11967.95011157,0
2024-01-13 18:00:00,92.779,93.206,92.275,93.11,169422,2024-01-13 18:59:59.999,18270.84269281,3963,81214,8759.25631104,0
2024-01-13 19:00:00,93.104,95.647,93.104,94.719,515322,2024-01-13 19:59:59.999,54482.73443663,9858,275568,29126.42626464,0
2024-01-13 20:00:00,94.719,96.856,94.58,96.579,599078,2024-01-13 20:59:59.999,62596.62186818,11370,302862,31639.63504611,0
2024-01-13 21:00:00,96.578,97.0,95.559,96.473,499605,2024-01-13 21:59:59.999,51822.5358941,9587,252854,26227.84690304,0
2024-01-13 22:00:00,96.484,96.651,95.062,96.11,409920,2024-01-13 22:59:59.999,42710.20887215,7398,215333,22438.95660642,0
2024-01-13 23:00:00,96.115,96.411,95.329,95.821,300955,2024-01-13 23:59:59.999,31435.91527313,6280,132502,13838.92278027,0
2024-01-14 00:00:00,95.824,96.069,94.315,94.494,468166,2024-01-14 00:59:59.999,49194.2641522,8987,204625,21507.94753539,0
2024-01-14 01:00:00,94.49,96.248,94.489,96.036,298627,2024-01-14 01:59:59.999,31296.99608508,7294,147059,15422.50405254,0
2024-01-14 02:00:00,96.048,96.543,94.624,95.773,340981,2024-01-14 02:59:59.999,35617.17973937,8301,168060,17556.24923507,0
2024-01-14 03:00:00,95.768,97.0,95.106,96.982,355243,2024-01-14 03:59:59.999,36975.44554574,8890,175471,18254.41698189,0
2024-01-14 04:00:00,96.981,97.277,96.002,96.236,522450,2024-01-14 04:59:59.999,54125.5532708,10752,300421,31113.64116391,0
2024-01-14 05:00:00,96.235,98.339,96.179,97.528,482367,2024-01-14 05:59:59.999,49464.63994105,10234,261848,26862.45521936,0
2024-01-14 06:00:00,97.54,98.9,97.386,97.872,449335,2024-01-14 06:59:59.999,45721.99070966,9092,227280,23131.07881975,0
2024-01-14 07:00:00,97.869,98.303,97.269,98.277,526810,2024-01-14 07:59:59.999,53885.2734513,9263,200993,20548.48217113,0
2024-01-14 08:00:00,98.277,98.616,97.291,97.637,276071,2024-01-14 08:59:59.999,28253.03006254,5406,125895,12882.525229,0
2024-01-14 09:00:00,97.636,98.272,97.01,97.912,294588,2024-01-14 09:59:59.999,30223.19967529,5378,136683,14016.74152012,0
2024-01-14 10:00:00,97.922,97.957,97.072,97.277,190980,2024-01-14 10:59:59.999,19590.55007893,3760,97288,9979.6683987,0
2024-01-14 11:00:00,97.269,97.269,96.619,96.736,184171,2024-01-14 11:59:59.999,19007.57550939,3809,75547,7796.17797376,0
2024-01-14 12:00:00,96.764,97.322,96.292,96.452,195513,2024-01-14 12:59:59.999,20178.02722501,4233,91026,9392.27157115,0
2024-01-14 13:00:00,96.468,97.99,96.292,97.762,288009,2024-01-14 13:59:59.999,29703.90128451,5382,161385,16648.59913642,0
2024-01-14 14:00:00,97.771,98.961,97.626,98.072,489558,2024-01-14 14:59:59.999,49838.19497972,8154,204399,20807.23467066,0
2024-01-14 15:00:00,98.072,99.75,98.019,99.498,475012,2024-01-14 15:59:59.999,47954.49215658,8425,225578,22777.95727915,0
2024-01-14 16:00:00,99.482,102.9,99.208,101.57,1379936,2024-01-14 16:59:59.999,136058.74769379,26429,719266,70970.31548883,0
2024-01-14 17:00:00,101.582,101.812,100.221,100.636,569959,2024-01-14 17:59:59.999,56470.11761458,9859,281190,27856.24881181,0
2024-01-14 18:00:00,100.655,101.167,98.26,99.181,803672,2024-01-14 18:59:59.999,80927.84236,12991,385128,38765.40573608,0
2024-01-14 19:00:00,99.181,99.456,96.067,96.183,765826,2024-01-14 19:59:59.999,78506.40898806,14925,322395,33028.19095699,0
2024-01-14 20:00:00,96.188,97.349,95.148,96.36,737739,2024-01-14 20:59:59.999,76523.03812644,14802,346446,35922.42394379,0
2024-01-14 21:00:00,96.357,97.445,95.339,97.282,407896,2024-01-14 21:59:59.999,42379.72254556,9939,200526,20835.32016315,0
2024-01-14 22:00:00,97.269,97.69,96.097,96.687,472934,2024-01-14 22:59:59.999,48806.56983178,8680,261122,26953.18222623,0
2024-01-14 23:00:00,96.69,96.833,93.62,93.8,1184362,2024-01-14 23:59:59.999,124934.76731464,20533,543454,57280.69110266,0
2024-01-15 00:00:00,93.801,96.146,93.789,95.719,417637,2024-01-15 00:59:59.999,43851.7370391,8629,219485,23054.62894661,0
2024-01-15 01:00:00,95.729,96.28,95.274,95.722,236977,2024-01-15 01:59:59.999,24739.18120192,5306,115146,12019.83037091,0
2024-01-15 02:00:00,95.724,96.749,95.512,96.649,219102,2024-01-15 02:59:59.999,22813.17153763,4513,110268,11478.77857076,0
2024-01-15 03:00:00,96.626,96.936,95.588,95.879,527908,2024-01-15 03:59:59.999,54754.1081962,7558,212109,21995.43247157,0
2024-01-15 04:00:00,95.907,96.315,95.278,96.215,306824,2024-01-15 04:59:59.999,32021.38345243,5248,111776,11665.28295841,0
2024-01-15 05:00:00,96.21,96.792,95.589,96.002,207788,2024-01-15 05:59:59.999,21615.07045455,4342,105976,11024.54632074,0
2024-01-15 06:00:00,95.986,96.367,95.441,95.755,143454,2024-01-15 06:59:59.999,14978.25023621,3439,66036,6893.73473212,0
2024-01-15 07:00:00,95.759,96.007,94.97,95.584,245584,2024-01-15 07:59:59.999,25721.39135157,4396,120593,12629.1008362,0
2024-01-15 08:00:00,95.588,95.708,94.789,94.94,210057,2024-01-15 08:59:59.999,22053.28288858,4129,91088,9562.27150977,0
2024-01-15 09:00:00,94.939,95.92,94.427,95.657,221286,2024-01-15 09:59:59.999,23300.56659394,4224,108853,11459.26060653,0
2024-01-15 10:00:00,95.652,95.972,95.116,95.457,175644,2024-01-15 10:59:59.999,18364.94260219,3787,82531,8627.87531273,0
2024-01-15 11:00:00,95.451,95.587,94.835,95.496,360099,2024-01-15 11:59:59.999,37859.39963212,5860,126123,13260.29066664,0
2024-01-15 12:00:00,95.499,95.593,94.508,94.981,263213,2024-01-15 12:59:59.999,27653.7877048,5270,133542,14022.92379316,0
2024-01-15 13:00:00,95.012,95.78,94.629,95.483,255262,2024-01-15 13:59:59.999,26808.12250921,4594,133971,14067.31762163,0
2024-01-15 14:00:00,95.488,95.574,93.133,93.626,574102,2024-01-15 14:59:59.999,60917.63876351,10844,277545,29437.01965642,0
2024-01-15 15:00:00,93.653,94.444,93.0,93.5,502476,2024-01-15 15:59:59.999,53632.34105673,8301,225647,24072.69502608,0
2024-01-15 16:00:00,93.489,94.862,93.272,94.496,351198,2024-01-15 16:59:59.999,37320.81017837,6112,176573,18760.93645162,0
2024-01-15 17:00:00,94.47,95.502,94.47,95.254,226220,2024-01-15 17:59:59.999,23809.76994533,4691,126792,13346.24017254,0
2024-01-15 18:00:00,95.251,96.691,95.243,95.566,495586,2024-01-15 18:59:59.999,51578.46642546,8797,265537,27632.00701212,0
2024-01-15 19:00:00,95.574,96.4,95.377,96.026,329441,2024-01-15 19:59:59.999,34326.42032255,5373,179007,18650.45648978,0
2024-01-15 20:00:00,96.029,96.509,95.032,95.277,277714,2024-01-15 20:59:59.999,29029.57527951,4047,129816,13565.58692116,0
2024-01-15 21:00:00,95.289,95.289,94.485,94.555,255616,2024-01-15 21:59:59.999,26965.90779219,3979,124143,13101.00298849,0
2024-01-15 22:00:00,94.545,94.777,93.258,94.191,313710,2024-01-15 22:59:59.999,33364.07495457,6577,146478,15575.92554258,0
2024-01-15 23:00:00,94.222,94.635,93.889,94.37,113671,2024-01-15 23:59:59.999,12057.47230484,3026,58217,6175.55862084,0
2024-01-16 00:00:00,94.354,95.129,94.354,94.903,141019,2024-01-16 00:59:59.999,14871.19128603,3033,62749,6614.27346685,0
2024-01-16 01:00:00,94.917,95.923,94.893,95.553,303749,2024-01-16 01:59:59.999,31786.49173962,5655,152336,15944.06087231,0
2024-01-16 02:00:00,95.553,96.221,95.107,95.482,156923,2024-01-16 02:59:59.999,16412.24460698,3735,76892,8041.02933191,0
2024-01-16 03:00:00,95.459,96.195,95.405,96.184,200214,2024-01-16 03:59:59.999,20882.27141207,4502,102178,10659.17445094,0
2024-01-16 04:00:00,96.2,96.299,95.674,95.758,153972,2024-01-16 04:59:59.999,16038.76026714,3179,69694,7260.12234272,0
2024-01-16 05:00:00,95.759,96.446,95.375,95.412,129136,2024-01-16 05:59:59.999,13465.17327109,2907,51437,5362.0882687,0
2024-01-16 06:00:00,95.443,95.852,95.298,95.804,139996,2024-01-16 06:59:59.999,14646.64516498,2695,81395,8514.63519432,0
2024-01-16 07:00:00,95.807,98.219,95.806,97.695,573806,2024-01-16 07:59:59.999,59022.96296,9270,273634,28146.31138948,0
2024-01-16 08:00:00,97.695,98.292,97.004,97.755,556486,2024-01-16 08:59:59.999,57027.46161855,8421,269766,27643.55062524,0
2024-01-16 09:00:00,97.687,98.149,97.203,97.422,269308,2024-01-16 09:59:59.999,27583.88939828,4834,132006,13521.8216096,0
2024-01-16 10:00:00,97.416,97.539,96.466,96.833,439430,2024-01-16 10:59:59.999,45373.85880845,6449,176512,18221.39777896,0
2024-01-16 11:00:00,96.809,97.367,96.242,96.696,203211,2024-01-16 11:59:59.999,20985.99927816,3906,99801,10306.02339487,0
2024-01-16 12:00:00,96.698,97.318,96.614,97.121,196206,2024-01-16 12:59:59.999,20218.35904414,3710,112089,11549.98821522,0
2024-01-16 13:00:00,97.133,97.17,95.561,95.924,283507,2024-01-16 13:59:59.999,29440.78017229,5450,118671,12330.79784497,0
2024-01-16 14:00:00,95.913,96.52,94.152,96.05,685134,2024-01-16 14:59:59.999,71885.88847233,13849,311994,32734.19155734,0
2024-01-16 15:00:00,96.043,97.743,95.775,97.295,700493,2024-01-16 15:59:59.999,72319.53688692,12668,338135,34896.89657901,0
2024-01-16 16:00:00,97.286,97.876,96.653,97.139,486668,2024-01-16 16:59:59.999,50058.19152627,8711,225243,23168.04806328,0
2024-01-16 17:00:00,97.134,97.193,96.44,97.044,200633,2024-01-16 17:59:59.999,20729.4886541,3956,97840,10108.24167975,0
2024-01-16 18:00:00,97.035,97.126,96.106,96.666,207451,2024-01-16 18:59:59.999,21469.52244857,3716,85459,8842.35759968,0
2024-01-16 19:00:00,96.673,97.12,96.375,96.808,136346,2024-01-16 19:59:59.999,14089.97806337,2965,68579,7088.16639665,0
2024-01-16 20:00:00,96.878,97.388,96.737,97.253,452204,2024-01-16 20:59:59.999,46563.47262719,5774,196943,20282.66165105,0
2024-01-16 21:00:00,97.243,98.655,97.212,98.449,722860,2024-01-16 21:59:59.999,73927.7946783,9306,331629,33907.64881392,0
2024-01-16 22:00:00,98.448,98.826,98.074,98.216,318599,2024-01-16 22:59:59.999,32356.23654256,7737,140647,14282.53493886,0
2024-01-16 23:00:00,98.212,98.467,97.495,97.668,183575,2024-01-16 23:59:59.999,18743.59672546,4491,86097,8789.07794938,0
2024-01-17 00:00:00,97.669,99.223,97.345,98.618,283186,2024-01-17 00:59:59.999,28795.13458506,6096,151665,15416.63519064,0
2024-01-17 01:00:00,98.628,101.007,98.316,99.423,743885,2024-01-17 01:59:59.999,74334.9468282,12826,344628,34467.25212048,0
2024-01-17 02:00:00,99.436,101.15,98.868,100.701,475500,2024-01-17 02:59:59.999,47593.25763123,8650,244194,24445.73258879,0
2024-01-17 03:00:00,100.688,100.734,99.577,99.983,340767,2024-01-17 03:59:59.999,34052.82485707,6701,162690,16256.3553847,0
2024-01-17 04:00:00,99.986,100.388,99.116,99.363,301623,2024-01-17 04:59:59.999,30289.29912447,5922,127509,12796.7136851,0
2024-01-17 05:00:00,99.389,99.666,97.929,98.027,312991,2024-01-17 05:59:59.999,31682.40039186,6030,121491,12292.82778765,0
2024-01-17 06:00:00,98.044,98.935,97.857,98.479,232542,2024-01-17 06:59:59.999,23622.68170934,4106,125700,12769.59955394,0
2024-01-17 07:00:00,98.48,98.864,97.074,97.332,670675,2024-01-17 07:59:59.999,68666.31734616,8336,327038,33490.6101024,0
2024-01-17 08:00:00,97.323,97.931,96.596,97.916,432167,2024-01-17 08:59:59.999,44393.81962518,6861,215305,22102.04622186,0
2024-01-17 09:00:00,97.912,99.594,97.842,99.154,453736,2024-01-17 09:59:59.999,45974.44887463,7716,243900,24711.75669649,0
2024-01-17 10:00:00,99.143,102.2,98.922,101.972,1457045,2024-01-17 10:59:59.999,144118.17975737,22276,765880,75737.24659976,0
2024-01-17 11:00:00,101.979,102.916,101.011,102.084,1024304,2024-01-17 11:59:59.999,100505.41935538,16056,542474,53200.90689493,0
2024-01-17 12:00:00,102.052,102.498,100.68,102.418,928907,2024-01-17 12:59:59.999,91572.62041059,13742,447788,44153.71418674,0
2024-01-17 13:00:00,102.419,102.764,100.866,101.109,554836,2024-01-17 13:59:59.999,54550.13875702,11757,255196,25079.52989619,0
2024-01-17 14:00:00,101.125,102.434,99.673,101.353,999142,2024-01-17 14:59:59.999,99005.99442817,19911,493938,48922.95121341,0
2024-01-17 15:00:00,101.356,102.189,99.168,99.392,950723,2024-01-17 15:59:59.999,94583.54685692,19587,454961,45262.40235615,0
2024-01-17 16:00:00,99.413,99.586,98.468,98.761,713980,2024-01-17 16:59:59.999,72111.76670992,13303,353746,35727.95692678,0
2024-01-17 17:00:00,98.725,99.362,97.313,99.122,684079,2024-01-17 17:59:59.999,69638.00484825,11241,302826,30804.73726524,0
2024-01-17 18:00:00,99.123,100.407,98.546,100.303,547834,2024-01-17 18:59:59.999,55093.46486214,8811,277567,27916.55332839,0
2024-01-17 19:00:00,100.291,101.284,99.727,100.768,443626,2024-01-17 19:59:59.999,44096.5229398,8484,219701,21837.9260219,0
2024-01-17 20:00:00,100.792,101.923,100.338,101.283,416914,2024-01-17 20:59:59.999,41260.38502488,7818,199819,19775.45069187,0
2024-01-17 21:00:00,101.272,102.205,100.832,101.924,334906,2024-01-17 21:59:59.999,32964.1174387,6377,173028,17024.17509946,0
2024-01-17 22:00:00,101.92,102.046,100.064,101.196,439950,2024-01-17 22:59:59.999,43564.64298094,7962,195966,19407.76171601,0
2024-01-17 23:00:00,101.207,102.397,100.355,102.164,453884,2024-01-17 23:59:59.999,44734.15280866,7688,235813,23247.21049014,0
2024-01-18 00:00:00,102.142,103.645,100.752,100.971,724723,2024-01-18 00:59:59.999,70951.36793363,13105,337578,33063.1115932,0
2024-01-18 01:00:00,100.991,101.29,99.563,100.335,394895,2024-01-18 01:59:59.999,39396.66658903,7885,187463,18691.03180864,0
2024-01-18 02:00:00,100.337,101.309,99.899,100.978,308489,2024-01-18 02:59:59.999,30634.09261724,6661,158662,15763.44975745,0
2024-01-18 03:00:00,100.971,101.122,99.725,99.906,335899,2024-01-18 03:59:59.999,33502.08057739,6074,144133,14377.52990007,0
2024-01-18 04:00:00,99.905,100.509,99.791,100.021,235580,2024-01-18 04:59:59.999,23535.79916442,4501,119393,11929.84103663,0
2024-01-18 05:00:00,100.021,100.853,99.874,100.721,338924,2024-01-18 05:59:59.999,33774.70852417,5180,182680,18202.60488831,0
2024-01-18 06:00:00,100.715,101.483,100.594,101.304,349362,2024-01-18 06:59:59.999,34575.45551422,5516,182491,18059.92033419,0
2024-01-18 07:00:00,101.314,101.48,99.899,100.747,687089,2024-01-18 07:59:59.999,68159.38923896,9415,312637,31011.43366089,0
2024-01-18 08:00:00,100.746,101.221,100.482,100.671,252554,2024-01-18 08:59:59.999,25040.9574206,5251,120835,11979.36052179,0
2024-01-18 09:00:00,100.713,100.999,99.821,99.956,376164,2024-01-18 09:59:59.999,37459.47911293,6565,166025,16532.69095846,0
2024-01-18 10:00:00,99.95,100.407,98.324,98.48,759314,2024-01-18 10:59:59.999,76542.33424301,10706,304312,30671.62537286,0
2024-01-18 11:00:00,98.476,98.998,98.4,98.95,297611,2024-01-18 11:59:59.999,30142.15829658,4988,150240,15216.93831802,0
2024-01-18 12:00:00,98.94,98.94,97.818,98.535,298293,2024-01-18 12:59:59.999,30342.07863699,6590,118964,12092.7673102,0
2024-01-18 13:00:00,98.555,99.191,97.641,98.666,462515,2024-01-18 13:59:59.999,46978.35002181,7566,229507,23307.01631756,0
2024-01-18 14:00:00,98.668,99.188,98.394,99.171,265171,2024-01-18 14:59:59.999,26823.57212916,5507,129801,13127.18225177,0
2024-01-18 15:00:00,99.174,99.192,98.063,98.216,193611,2024-01-18 15:59:59.999,19635.52687119,4506,76749,7786.95795577,0
2024-01-18 16:00:00,98.235,98.235,94.377,95.725,1374948,2024-01-18 16:59:59.999,143016.06431728,25667,608987,63368.13753809,0
2024-01-18 17:00:00,95.693,95.989,94.191,95.481,823512,2024-01-18 17:59:59.999,86569.29101545,15851,411724,43269.74722529,0
2024-01-18 18:00:00,95.468,95.602,93.587,94.778,865675,2024-01-18 18:59:59.999,91492.73076991,13622,445909,47114.57104692,0
2024-01-18 19:00:00,94.816,95.095,91.218,92.307,1518529,2024-01-18 19:59:59.999,162626.99088151,26124,663182,70969.13485932,0
2024-01-18 20:00:00,92.297,94.646,92.027,93.715,967359,2024-01-18 20:59:59.999,103670.04740891,19415,514714,55130.36483557,0
2024-01-18 21:00:00,93.715,94.417,93.251,94.043,395341,2024-01-18 21:59:59.999,42068.16457303,8249,204088,21711.06655568,0
2024-01-18 22:00:00,94.056,94.818,93.801,94.585,278145,2024-01-18 22:59:59.999,29528.41928232,4832,139557,14801.15385969,0
2024-01-18 23:00:00,94.585,94.721,94.034,94.367,192849,2024-01-18 23:59:59.999,20433.73187161,3845,99369,10529.3186959,0
2024-01-19 00:00:00,94.356,94.736,93.571,94.049,303512,2024-01-19 00:59:59.999,32233.2109858,6420,162269,17230.19210413,0
2024-01-19 01:00:00,94.072,94.081,92.75,93.47,450459,2024-01-19 01:59:59.999,48209.94956754,7933,156843,16790.28551461,0
2024-01-19 02:00:00,93.496,93.702,92.288,92.513,278201,2024-01-19 02:59:59.999,29978.56713139,5822,111983,12064.01744899,0
2024-01-19 03:00:00,92.508,93.2,91.413,93.027,514461,2024-01-19 03:59:59.999,55706.09396066,9386,258138,27945.3975938,0
2024-01-19 04:00:00,93.059,93.978,92.801,93.74,262193,2024-01-19 04:59:59.999,28092.62260924,4371,144546,15479.20182418,0
2024-01-19 05:00:00,93.752,94.36,93.413,94.047,163814,2024-01-19 05:59:59.999,17430.96250338,3336,78497,8349.55735183,0
2024-01-19 06:00:00,94.034,95.145,93.885,94.989,280697,2024-01-19 06:59:59.999,29672.93733494,4656,160509,16965.75458976,0
2024-01-19 07:00:00,94.985,95.305,94.253,94.456,321422,2024-01-19 07:59:59.999,33924.28877213,4844,148137,15635.59328788,0
2024-01-19 08:00:00,94.457,94.725,93.814,94.575,257789,2024-01-19 08:59:59.999,27365.88579161,3729,135905,14429.40861035,0
2024-01-19 09:00:00,94.575,95.032,94.034,94.544,249023,2024-01-19 09:59:59.999,26331.24129209,3903,142995,15116.48108211,0
2024-01-19 10:00:00,94.528,95.414,94.401,94.939,238640,2024-01-19 10:59:59.999,25142.82423893,3563,123255,12987.71453422,0
2024-01-19 11:00:00,94.967,95.183,94.368,94.718,181565,2024-01-19 11:59:59.999,19163.59928951,2990,84930,8965.21070247,0
2024-01-19 12:00:00,94.715,94.726,93.833,94.155,291853,2024-01-19 12:59:59.999,30964.28974218,4338,133000,14111.48185484,0
2024-01-19 13:00:00,94.184,94.74,93.764,94.211,431266,2024-01-19 13:59:59.999,45781.10712572,5497,214591,22782.40437021,0
2024-01-19 14:00:00,94.246,94.292,92.289,92.663,947628,2024-01-19 14:59:59.999,101811.77305188,12397,424711,45642.71170781,0
2024-01-19 15:00:00,92.678,92.831,90.672,91.224,1204007,2024-01-19 15:59:59.999,131547.88754062,19980,576455,62974.29476498,0
2024-01-19 16:00:00,91.198,91.242,86.957,88.346,3171160,2024-01-19 16:59:59.999,356228.00620657,49669,1323618,148806.7449797,0
2024-01-19 17:00:00,88.374,91.328,88.018,91.301,1401725,2024-01-19 17:59:59.999,156167.11465915,23824,806977,89881.19872478,0
2024-01-19 18:00:00,91.293,93.471,90.647,93.048,1547905,2024-01-19 18:59:59.999,168067.0103494,22513,821906,89175.52283248,0
2024-01-19 19:00:00,93.03,94.621,92.53,94.031,642369,2024-01-19 19:59:59.999,68771.46305814,11082,318432,34113.42278349,0
2024-01-19 20:00:00,94.037,94.88,92.678,92.963,777259,2024-01-19 20:59:59.999,82751.51110761,12949,369121,39291.50239978,0
2024-01-19 21:00:00,92.968,93.719,92.701,93.55,531779,2024-01-19 21:59:59.999,57132.1611743,7405,317591,34128.68631103,0
2024-01-19 22:00:00,93.539,93.674,92.782,93.389,157685,2024-01-19 22:59:59.999,16928.78101297,3108,77326,8299.88642704,0
2024-01-19 23:00:00,93.381,93.834,93.017,93.557,203418,2024-01-19 23:59:59.999,21792.28536454,3856,102557,10986.32093798,0
2024-01-20 00:00:00,93.536,93.616,92.01,92.114,370675,2024-01-20 00:59:59.999,39986.22822074,6932,180892,19510.18838817,0
2024-01-20 01:00:00,92.081,94.267,92.024,93.816,397018,2024-01-20 01:59:59.999,42552.94426797,6943,187318,20064.37106247,0
2024-01-20 02:00:00,93.824,93.9,93.067,93.39,178913,2024-01-20 02:59:59.999,19149.31275894,3617,91771,9822.49642427,0
2024-01-20 03:00:00,93.386,93.697,93.092,93.543,149978,2024-01-20 03:59:59.999,16071.40771565,2891,71604,7673.68699867,0
2024-01-20 04:00:00,93.56,93.657,92.977,93.004,151509,2024-01-20 04:59:59.999,16239.68155918,2954,65440,7014.04800077,0
2024-01-20 05:00:00,93.02,93.081,92.366,92.561,197310,2024-01-20 05:59:59.999,21288.773903,3472,89467,9653.55674925,0
2024-01-20 06:00:00,92.556,92.991,92.172,92.365,220160,2024-01-20 06:59:59.999,23779.92468378,4270,94789,10239.7630593,0
2024-01-20 07:00:00,92.425,92.624,91.717,91.89,233172,2024-01-20 07:59:59.999,25278.11180682,3851,115790,12554.01062069,0
2024-01-20 08:00:00,91.91,92.234,91.381,91.847,290900,2024-01-20 08:59:59.999,31688.35247265,5122,147576,16073.81961294,0
2024-01-20 09:00:00,91.81,92.15,91.076,91.302,316502,2024-01-20 09:59:59.999,34521.98737353,5444,149625,16316.54434677,0
2024-01-20 10:00:00,91.3,92.279,91.257,91.945,179120,2024-01-20 10:59:59.999,19498.05954682,3489,83284,9067.12979809,0
2024-01-20 11:00:00,91.918,92.213,91.45,91.964,146014,2024-01-20 11:59:59.999,15892.02866848,2858,66077,7191.57166418,0
2024-01-20 12:00:00,91.971,92.212,91.515,91.859,192773,2024-01-20 12:59:59.999,20971.27138887,3525,97230,10575.87809458,0
2024-01-20 13:00:00,91.859,92.173,91.73,92.044,144578,2024-01-20 13:59:59.999,15717.86412551,2483,68310,7426.39452254,0
2024-01-20 14:00:00,92.017,92.059,91.015,91.096,329935,2024-01-20 14:59:59.999,36121.50322013,4735,138541,15164.69696037,0
2024-01-20 15:00:00,91.08,91.55,90.143,90.816,512856,2024-01-20 15:59:59.999,56482.02906578,7811,216979,23885.3981689,0
2024-01-20 16:00:00,90.834,91.405,90.712,91.015,222876,2024-01-20 16:59:59.999,24473.39365459,3907,115725,12706.29851478,0
2024-01-20 17:00:00,91.005,92.507,90.977,92.048,347047,2024-01-20 17:59:59.999,37853.33695523,5574,211377,23061.93728594,0
2024-01-20 18:00:00,92.043,92.522,91.818,92.1,245665,2024-01-20 18:59:59.999,26666.00570018,4227,124422,13504.69549273,0
2024-01-20 19:00:00,92.1,92.45,91.751,91.975,116680,2024-01-20 19:59:59.999,12663.83810354,2489,55729,6047.49244147,0
2024-01-20 20:00:00,91.983,93.025,91.756,92.713,266492,2024-01-20 20:59:59.999,28799.28402165,4129,151249,16346.11171429,0
2024-01-20 21:00:00,92.701,93.414,92.603,92.648,361275,2024-01-20 21:59:59.999,38834.73021879,5106,184850,19870.7528833,0
2024-01-20 22:00:00,92.666,93.2,92.663,93.064,119281,2024-01-20 22:59:59.999,12829.96849658,2156,59026,6349.78599154,0
2024-01-20 23:00:00,93.093,93.1,92.354,92.839,121889,2024-01-20 23:59:59.999,13149.88071104,2461,41952,4524.40564391,0
2024-01-21 00:00:00,92.84,92.983,91.765,92.098,334093,2024-01-21 00:59:59.999,36194.81116395,5065,115069,12470.21697688,0
2024-01-21 01:00:00,92.057,92.483,91.86,92.106,139941,2024-01-21 01:59:59.999,15179.92337819,2946,62728,6804.06220088,0
2024-01-21 02:00:00,92.107,92.796,92.065,92.771,126012,2024-01-21 02:59:59.999,13634.19909016,2686,70581,7636.66747255,0
2024-01-21 03:00:00,92.8,93.25,92.551,92.903,193952,2024-01-21 03:59:59.999,20850.47523495,3359,97346,10463.90810668,0
2024-01-21 04:00:00,92.884,93.039,92.3,92.391,118621,2024-01-21 04:59:59.999,12807.85466278,2141,58223,6288.44290655,0
2024-01-21 05:00:00,92.382,92.538,92.066,92.126,110866,2024-01-21 05:59:59.999,12013.4033536,1821,51303,5558.75313946,0
2024-01-21 06:00:00,92.125,92.235,91.85,91.977,128902,2024-01-21 06:59:59.999,14005.64832413,1940,68796,7474.4789471,0
2024-01-21 07:00:00,91.971,92.526,91.832,92.34,97414,2024-01-21 07:59:59.999,10565.13664571,1808,56770,6156.68550989,0
2024-01-21 08:00:00,92.363,92.914,92.214,92.513,209609,2024-01-21 08:59:59.999,22628.14523058,2967,113117,12216.26136942,0
2024-01-21 09:00:00,92.483,93.249,92.482,93.235,147792,2024-01-21 09:59:59.999,15906.14486483,2676,73462,7906.51042594,0
2024-01-21 10:00:00,93.216,93.931,92.956,93.55,279950,2024-01-21 10:59:59.999,29942.84245784,4234,132232,14147.83951606,0
2024-01-21 11:00:00,93.56,93.699,92.836,93.151,197183,2024-01-21 11:59:59.999,21150.36594479,3347,81296,8717.74738057,0
2024-01-21 12:00:00,93.152,93.597,93.08,93.08,197819,2024-01-21 12:59:59.999,21205.40003585,3335,91791,9838.35475218,0
2024-01-21 13:00:00,93.084,93.525,92.874,93.433,190832,2024-01-21 13:59:59.999,20474.59060043,3283,105648,11333.11858985,0
2024-01-21 14:00:00,93.433,93.675,93.086,93.402,191242,2024-01-21 14:59:59.999,20472.9429576,3056,90267,9663.19077888,0
2024-01-21 15:00:00,93.433,93.534,91.977,92.48,336404,2024-01-21 15:59:59.999,36315.07057814,4879,146090,15776.47737355,0
2024-01-21 16:00:00,92.484,92.595,91.636,92.315,242816,2024-01-21 16:59:59.999,26330.54050714,4024,115095,12477.8109129,0
2024-01-21 17:00:00,92.307,92.592,92.131,92.472,139299,2024-01-21 17:59:59.999,15077.74672697,2027,73411,7945.35076553,0
2024-01-21 18:00:00,92.452,92.878,92.204,92.676,141829,2024-01-21 18:59:59.999,15317.05858977,2168,75892,8195.16906298,0
2024-01-21 19:00:00,92.699,92.75,92.223,92.434,92211,2024-01-21 19:59:59.999,9980.39627793,1517,48824,5285.74735174,0
2024-01-21 20:00:00,92.455,92.505,91.635,91.818,124051,2024-01-21 20:59:59.999,13476.65621144,2042,55165,5994.17773374,0
2024-01-21 21:00:00,91.818,92.599,91.711,92.528,133264,2024-01-21 21:59:59.999,14460.84673618,2274,73247,7949.03944448,0
2024-01-21 22:00:00,92.542,92.58,91.211,91.45,158545,2024-01-21 22:59:59.999,17252.50813527,2495,68278,7436.21528936,0
2024-01-21 23:00:00,91.475,91.648,90.776,91.068,268224,2024-01-21 23:59:59.999,29431.90886947,3966,124270,13634.99962245,0
2024-01-22 00:00:00,91.074,91.758,90.548,91.424,349761,2024-01-22 00:59:59.999,38350.54456644,5781,175788,19268.39801598,0
2024-01-22 01:00:00,91.431,91.881,89.82,90.197,676120,2024-01-22 01:59:59.999,74643.19275157,10026,290705,32091.20245002,0
2024-01-22 02:00:00,90.193,90.588,89.149,89.385,352825,2024-01-22 02:59:59.999,39267.00005763,5983,152689,16982.52405391,0
2024-01-22 03:00:00,89.368,89.633,88.2,89.318,723858,2024-01-22 03:59:59.999,81364.6365727,9210,361233,40586.06162601,0
2024-01-22 04:00:00,89.298,89.442,88.501,88.573,340348,2024-01-22 04:59:59.999,38247.82440935,5977,167709,18847.63847185,0
2024-01-22 05:00:00,88.563,90.107,88.157,89.879,559812,2024-01-22 05:59:59.999,62724.54867893,8245,289654,32432.35812326,0
2024-01-22 06:00:00,89.887,90.122,89.432,89.774,271015,2024-01-22 06:59:59.999,30174.60732521,4875,142177,15828.55149766,0
2024-01-22 07:00:00,89.788,89.847,88.906,89.191,274304,2024-01-22 07:59:59.999,30676.11956086,4117,140477,15712.29180513,0
2024-01-22 08:00:00,89.188,89.188,87.451,88.09,654952,2024-01-22 08:59:59.999,74202.26981151,10021,314026,35573.99451819,0
2024-01-22 09:00:00,88.09,88.845,87.127,87.438,554671,2024-01-22 09:59:59.999,63090.33351224,8864,253730,28853.34793177,0
2024-01-22 10:00:00,87.429,88.189,86.126,87.686,879872,2024-01-22 10:59:59.999,100909.71206818,13689,404573,46374.19757936,0
2024-01-22 11:00:00,87.687,88.878,87.54,88.324,440156,2024-01-22 11:59:59.999,49884.05335109,6823,241842,27412.73624347,0
2024-01-22 12:00:00,88.316,88.799,87.532,88.746,404363,2024-01-22 12:59:59.999,45887.20817653,6418,187094,21232.79647237,0
2024-01-22 13:00:00,88.717,89.934,88.485,88.609,771864,2024-01-22 13:59:59.999,86524.53982693,11733,371126,41595.5209445,0
2024-01-22 14:00:00,88.616,88.724,86.507,87.381,887020,2024-01-22 14:59:59.999,101387.55286699,13652,418213,47812.00045227,0
2024-01-22 15:00:00,87.394,87.576,85.651,87.208,1187831,2024-01-22 15:59:59.999,137290.46653697,16656,544831,62951.15172866,0
2024-01-22 16:00:00,87.212,87.648,85.488,85.931,846894,2024-01-22 16:59:59.999,97942.55263804,12125,409264,47326.67139627,0
2024-01-22 17:00:00,85.92,87.307,85.75,86.767,668350,2024-01-22 17:59:59.999,77180.76636808,9736,298322,34462.54664262,0
2024-01-22 18:00:00,86.794,87.233,84.45,85.978,1253827,2024-01-22 18:59:59.999,146150.30370025,18062,588063,68508.42208138,0
2024-01-22 19:00:00,85.981,86.949,82.001,83.57,2576535,2024-01-22 19:59:59.999,306854.95251611,39060,1195194,142259.64010769,0
2024-01-22 20:00:00,83.604,86.285,83.417,85.643,1018900,2024-01-22 20:59:59.999,119668.6999502,14169,502828,59040.38707416,0
2024-01-22 21:00:00,85.643,85.643,84.237,84.559,598086,2024-01-22 21:59:59.999,70443.68114017,9769,288624,33989.79795341,0
2024-01-22 22:00:00,84.56,85.17,83.521,83.937,592920,2024-01-22 22:59:59.999,70325.54331259,7906,289112,34281.09162344,0
2024-01-22 23:00:00,83.94,84.4,83.144,83.766,521522,2024-01-22 23:59:59.999,62327.36036136,7734,251314,30036.76194332,0
2024-01-23 00:00:00,83.77,85.013,83.671,84.673,544514,2024-01-23 00:59:59.999,64488.16515889,8701,281245,33307.77693068,0
2024-01-23 01:00:00,84.685,84.885,83.566,84.273,269665,2024-01-23 01:59:59.999,32045.45596649,4719,138092,16414.74810463,0
2024-01-23 02:00:00,84.287,85.414,84.163,85.379,343761,2024-01-23 02:59:59.999,40493.48824732,5336,184907,21777.22407219,0
2024-01-23 03:00:00,85.379,85.811,85.108,85.145,287973,2024-01-23 03:59:59.999,33716.41861145,4102,153107,17925.14078392,0
2024-01-23 04:00:00,85.125,85.885,85.125,85.363,224833,2024-01-23 04:59:59.999,26263.25219838,3383,99589,11627.10136648,0
2024-01-23 05:00:00,85.349,85.635,85.105,85.3,167184,2024-01-23 05:59:59.999,19588.58199465,2974,70710,8285.86904967,0
2024-01-23 06:00:00,85.298,85.363,84.603,84.74,201350,2024-01-23 06:59:59.999,23690.05578479,3310,106514,12533.37448636,0
2024-01-23 07:00:00,84.719,84.801,82.233,82.762,735847,2024-01-23 07:59:59.999,88212.44366487,9723,330465,39616.63974833,0
2024-01-23 08:00:00,82.737,83.43,80.566,80.944,1356738,2024-01-23 08:59:59.999,166223.91282027,21181,623780,76384.90143726,0
2024-01-23 09:00:00,80.921,81.453,79.029,80.235,2225235,2024-01-23 09:59:59.999,276937.71100348,32850,989984,123167.3060114,0
2024-01-23 10:00:00,80.222,81.631,79.2,79.317,1128920,2024-01-23 10:59:59.999,140266.75197372,16907,508108,63085.506952,0
2024-01-23 11:00:00,79.318,80.378,78.895,80.101,693279,2024-01-23 11:59:59.999,87033.67111245,11715,331215,41557.17980828,0
2024-01-23 12:00:00,80.121,80.778,78.849,80.269,701368,2024-01-23 12:59:59.999,87823.65079605,12448,350676,43890.95901432,0
2024-01-23 13:00:00,80.272,80.607,79.202,79.297,412332,2024-01-23 13:59:59.999,51596.91010961,7851,216869,27137.51769272,0
2024-01-23 14:00:00,79.285,81.174,78.801,80.967,1164691,2024-01-23 14:59:59.999,145782.38182484,19471,583846,73017.90008871,0
2024-01-23 15:00:00,80.964,83.283,80.956,82.606,1519934,2024-01-23 15:59:59.999,184813.09390835,24332,780622,94956.1788076,0
2024-01-23 16:00:00,82.605,83.486,81.705,83.166,1061233,2024-01-23 16:59:59.999,128754.39309463,15125,550250,66729.60098755,0
2024-01-23 17:00:00,83.178,83.75,82.195,82.47,976340,2024-01-23 17:59:59.999,117643.60862231,15001,463396,55833.59856663,0
2024-01-23 18:00:00,82.469,83.472,81.124,81.26,870886,2024-01-23 18:59:59.999,105851.97750623,11871,401726,48797.35992725,0
2024-01-23 19:00:00,81.265,81.764,80.78,80.86,711834,2024-01-23 19:59:59.999,87533.72050601,9894,337820,41543.08004177,0
2024-01-23 20:00:00,80.869,81.933,80.708,81.21,673393,2024-01-23 20:59:59.999,82704.37363457,9658,365094,44829.10460411,0
2024-01-23 21:00:00,81.196,81.63,80.331,80.928,734276,2024-01-23 21:59:59.999,90888.14205342,10118,354024,43819.92440171,0
2024-01-23 22:00:00,80.929,82.904,80.869,82.591,422560,2024-01-23 22:59:59.999,51665.14446489,6913,240386,29390.31359636,0
2024-01-23 23:00:00,82.581,84.329,82.479,84.256,567483,2024-01-23 23:59:59.999,67924.9606613,8250,297849,35655.11843872,0
2024-01-24 00:00:00,84.262,85.651,83.85,85.422,840364,2024-01-24 00:59:59.999,99219.63072406,12975,435959,51498.46190524,0
2024-01-24 01:00:00,85.415,85.421,83.823,83.827,756926,2024-01-24 01:59:59.999,89502.63234728,10409,371729,43955.60433618,0
2024-01-24 02:00:00,83.832,84.943,83.721,84.294,372971,2024-01-24 02:59:59.999,44244.12190399,5748,176118,20891.22692947,0
2024-01-24 03:00:00,84.332,84.413,83.323,83.479,433133,2024-01-24 03:59:59.999,51696.84771764,7014,186568,22277.1519336,0
2024-01-24 04:00:00,83.49,84.181,83.219,83.501,340310,2024-01-24 04:59:59.999,40618.51920217,5037,178258,21277.92681835,0
2024-01-24 05:00:00,83.499,84.84,83.499,84.702,524364,2024-01-24 05:59:59.999,62191.55139694,6859,274296,32536.27700668,0
2024-01-24 06:00:00,84.706,85.16,83.838,85.112,469428,2024-01-24 06:59:59.999,55504.41480848,6666,227083,26850.45265041,0
2024-01-24 07:00:00,85.102,86.751,84.801,86.04,864167,2024-01-24 07:59:59.999,100552.98710254,11156,459048,53413.41282239,0
2024-01-24 08:00:00,86.064,87.319,85.825,86.415,637553,2024-01-24 08:59:59.999,73740.56849619,9473,307892,35614.36007796,0
2024-01-24 09:00:00,86.408,87.081,86.075,86.66,526054,2024-01-24 09:59:59.999,60750.52595726,7318,295608,34129.6875079,0
2024-01-24 10:00:00,86.661,88.448,86.437,87.77,979122,2024-01-24 10:59:59.999,112058.75066861,12190,519692,59488.31981334,0
2024-01-24 11:00:00,87.771,87.844,86.56,87.106,588760,2024-01-24 11:59:59.999,67627.85685427,8395,273166,31370.56914774,0
2024-01-24 12:00:00,87.088,87.899,86.558,86.612,536220,2024-01-24 12:59:59.999,61424.19154827,8289,262771,30097.72698328,0
2024-01-24 13:00:00,86.617,86.807,85.464,85.928,776508,2024-01-24 13:59:59.999,90187.38133513,9725,354560,41180.01924356,0
2024-01-24 14:00:00,85.933,87.063,85.197,85.904,984118,2024-01-24 14:59:59.999,114373.73931533,13196,507432,58980.29066876,0
2024-01-24 15:00:00,85.885,87.298,85.369,86.939,649469,2024-01-24 15:59:59.999,75148.37320129,8964,317862,36761.03974926,0
2024-01-24 16:00:00,86.952,87.749,86.215,87.656,726917,2024-01-24 16:59:59.999,83557.20250937,9582,358489,41212.59791299,0
2024-01-24 17:00:00,87.671,87.709,86.905,87.14,521585,2024-01-24 17:59:59.999,59775.66971204,6102,258038,29577.89631231,0
2024-01-24 18:00:00,87.113,87.178,85.49,86.101,610453,2024-01-24 18:59:59.999,70849.17345407,9059,300560,34888.30356563,0
2024-01-24 19:00:00,86.111,86.494,85.76,86.299,365473,2024-01-24 19:59:59.999,42461.14673924,5476,194768,22630.77186497,0
2024-01-24 20:00:00,86.284,87.346,85.84,85.993,591478,2024-01-24 20:59:59.999,68298.0968524,8734,281589,32514.70477902,0
2024-01-24 21:00:00,85.972,86.806,85.864,86.49,317654,2024-01-24 21:59:59.999,36772.85131945,5017,162400,18804.67816646,0
2024-01-24 22:00:00,86.49,87.808,86.258,87.443,344578,2024-01-24 22:59:59.999,39538.13994666,5008,166273,19079.7993352,0
2024-01-24 23:00:00,87.443,89.344,87.355,88.708,619158,2024-01-24 23:59:59.999,70033.18098658,8293,334078,37790.61749371,0
2024-01-25 00:00:00,88.712,89.568,88.377,89.395,500909,2024-01-25 00:59:59.999,56321.98964692,9061,251075,28232.44299511,0
2024-01-25 01:00:00,89.396,89.451,87.634,87.85,455628,2024-01-25 01:59:59.999,51587.68769472,7100,205968,23318.58660229,0
2024-01-25 02:00:00,87.848,88.622,87.652,87.877,345074,2024-01-25 02:59:59.999,39142.13840392,5710,161096,18276.85186106,0
2024-01-25 03:00:00,87.89,88.627,87.694,88.285,241816,2024-01-25 03:59:59.999,27427.90528952,4176,121944,13835.39621351,0
2024-01-25 04:00:00,88.257,88.538,87.218,87.609,334675,2024-01-25 04:59:59.999,38087.57630826,5536,156816,17844.1700577,0
2024-01-25 05:00:00,87.58,87.627,86.7,87.079,394022,2024-01-25 05:59:59.999,45258.16336437,5949,178457,20498.94740398,0
2024-01-25 06:00:00,87.073,88.618,86.904,88.375,380891,2024-01-25 06:59:59.999,43478.5466245,5614,192240,21942.68989827,0
2024-01-25 07:00:00,88.388,88.402,87.75,88.124,256799,2024-01-25 07:59:59.999,29145.01698361,5064,130928,14857.99127795,0
2024-01-25 08:00:00,88.133,88.34,87.539,87.625,260352,2024-01-25 08:59:59.999,29613.19581208,3952,118295,13454.53124402,0
2024-01-25 09:00:00,87.617,88.07,87.043,87.07,232795,2024-01-25 09:59:59.999,26580.86486858,4270,120512,13763.28677986,0
2024-01-25 10:00:00,87.073,88.019,86.5,87.929,422256,2024-01-25 10:59:59.999,48475.96592822,6067,203638,23377.42539114,0
2024-01-25 11:00:00,87.929,89.236,87.577,88.964,599312,2024-01-25 11:59:59.999,67646.87122811,9250,297849,33622.04742488,0
2024-01-25 12:00:00,88.965,89.261,86.643,87.048,715922,2024-01-25 12:59:59.999,81678.95944621,10821,352487,40221.14823098,0
2024-01-25 13:00:00,87.036,87.287,86.331,87.092,528417,2024-01-25 13:59:59.999,60859.13064262,7872,257732,29670.41260259,0
2024-01-25 14:00:00,87.064,88.375,86.728,88.028,506676,2024-01-25 14:59:59.999,57808.70855033,7844,246847,28166.78591934,0
2024-01-25 15:00:00,88.05,88.081,85.959,86.344,628173,2024-01-25 15:59:59.999,72443.07986902,9275,334451,38580.2309517,0
2024-01-25 16:00:00,86.337,86.776,85.568,85.735,446650,2024-01-25 16:59:59.999,51750.42733717,6936,218595,25322.45567372,0
2024-01-25 17:00:00,85.726,86.322,85.05,86.05,625968,2024-01-25 17:59:59.999,73022.67938567,8520,300754,35074.31922294,0
2024-01-25 18:00:00,86.089,87.647,86.06,86.583,809116,2024-01-25 18:59:59.999,93069.36352447,10637,435396,50093.72810221,0
2024-01-25 19:00:00,86.599,88.146,86.336,87.699,540021,2024-01-25 19:59:59.999,61799.8932771,7380,265095,30364.17826452,0
2024-01-25 20:00:00,87.707,87.795,86.491,86.953,408337,2024-01-25 20:59:59.999,46861.21735614,5584,205511,23587.06057566,0
2024-01-25 21:00:00,86.953,87.439,86.575,87.089,319831,2024-01-25 21:59:59.999,36739.96728671,5018,157753,18129.348494,0
2024-01-25 22:00:00,87.074,87.336,86.391,87.215,336234,2024-01-25 22:59:59.999,38750.64666492,3887,178954,20626.79547956,0
2024-01-25 23:00:00,87.212,87.538,86.546,86.842,332586,2024-01-25 23:59:59.999,38260.44275379,4490,170588,19624.33953353,0
2024-01-26 00:00:00,86.838,87.612,86.137,86.91,523466,2024-01-26 00:59:59.999,60256.44387422,7072,245793,28299.24295677,0
2024-01-26 01:00:00,86.89,86.943,85.91,86.314,426368,2024-01-26 01:59:59.999,49346.75179329,5873,229485,26567.24667788,0
2024-01-26 02:00:00,86.297,88.135,86.248,88.049,699011,2024-01-26 02:59:59.999,79836.67451963,9384,332311,37944.7185859,0
2024-01-26 03:00:00,88.058,88.223,87.524,87.913,283873,2024-01-26 03:59:59.999,32278.30655134,4304,149166,16962.46070078,0
2024-01-26 04:00:00,87.893,88.45,87.681,87.793,295486,2024-01-26 04:59:59.999,33576.87127057,4203,145419,16526.31123723,0
2024-01-26 05:00:00,87.799,87.984,87.382,87.598,239474,2024-01-26 05:59:59.999,27311.16849582,3723,110560,12609.90560507,0
2024-01-26 06:00:00,87.598,88.04,87.072,87.197,231091,2024-01-26 06:59:59.999,26380.38407338,3550,116224,13268.72248214,0
2024-01-26 07:00:00,87.209,87.362,86.621,86.945,342660,2024-01-26 07:59:59.999,39392.89985332,5143,159487,18335.33442694,0
2024-01-26 08:00:00,86.942,88.065,86.917,87.705,342571,2024-01-26 08:59:59.999,39112.75772827,6123,187479,21407.08013802,0
2024-01-26 09:00:00,87.706,88.676,87.316,87.412,513493,2024-01-26 09:59:59.999,58326.43738601,6269,262467,29804.79106289,0
2024-01-26 10:00:00,87.392,90.817,87.271,90.443,1081557,2024-01-26 10:59:59.999,121399.33703533,15953,599955,67304.20325328,0
2024-01-26 11:00:00,90.413,92.338,90.407,91.867,1243853,2024-01-26 11:59:59.999,135896.14554588,15769,629141,68740.72383666,0
2024-01-26 12:00:00,91.891,92.213,90.363,90.676,733769,2024-01-26 12:59:59.999,80368.54385756,11085,303931,33273.8784347,0
2024-01-26 13:00:00,90.676,91.305,90.066,90.352,601177,2024-01-26 13:59:59.999,66269.72848797,8079,321265,35407.25929362,0
2024-01-26 14:00:00,90.34,92.032,90.283,91.973,575877,2024-01-26 14:59:59.999,63140.3553948,6519,331141,36302.2964748,0
2024-01-26 15:00:00,91.986,92.598,91.306,92.301,574759,2024-01-26 15:59:59.999,62607.03950265,7308,302893,32988.93642694,0
2024-01-26 16:00:00,92.313,93.496,92.127,93.107,917128,2024-01-26 16:59:59.999,98738.62981671,11633,487060,52450.5614442,0
2024-01-26 17:00:00,93.126,93.332,92.41,93.13,579245,2024-01-26 17:59:59.999,62365.61230298,7399,262019,28208.15646055,0
2024-01-26 18:00:00,93.133,93.647,92.528,93.074,433490,2024-01-26 18:59:59.999,46584.48068698,5947,202859,21799.54713268,0
2024-01-26 19:00:00,93.085,93.2,92.405,92.815,517221,2024-01-26 19:59:59.999,55742.56097258,5563,250018,26951.32846684,0
2024-01-26 20:00:00,92.793,93.68,92.022,92.179,521340,2024-01-26 20:59:59.999,56240.15175417,7051,279538,30152.86947596,0
2024-01-26 21:00:00,92.172,92.544,91.734,92.251,352935,2024-01-26 21:59:59.999,38306.22867163,4598,148419,16110.84363627,0
2024-01-26 22:00:00,92.236,92.543,91.625,92.247,353999,2024-01-26 22:59:59.999,38414.2798773,3935,171693,18629.26014898,0
2024-01-26 23:00:00,92.243,92.468,91.804,92.227,352865,2024-01-26 23:59:59.999,38304.1124124,4294,172461,18723.39718701,0
2024-01-27 00:00:00,92.235,92.888,92.021,92.79,314634,2024-01-27 00:59:59.999,34022.42599343,4536,153982,16643.98170525,0
2024-01-27 01:00:00,92.801,93.785,92.182,92.632,530643,2024-01-27 01:59:59.999,57127.14617742,7152,290826,31307.76691241,0
2024-01-27 02:00:00,92.617,93.52,92.584,93.038,240011,2024-01-27 02:59:59.999,25769.91460932,3971,118103,12684.9549974,0
2024-01-27 03:00:00,93.047,93.135,92.526,92.625,198892,2024-01-27 03:59:59.999,21417.76884443,2910,109553,11796.43755641,0
2024-01-27 04:00:00,92.657,92.776,92.439,92.597,227707,2024-01-27 04:59:59.999,24578.31436337,2627,122092,13176.98909725,0
2024-01-27 05:00:00,92.597,92.597,91.289,91.557,307253,2024-01-27 05:59:59.999,33423.23099331,4373,121794,13254.45775645,0
2024-01-27 06:00:00,91.552,91.826,91.078,91.322,229904,2024-01-27 06:59:59.999,25151.12841111,3799,110417,12077.11110513,0
2024-01-27 07:00:00,91.332,91.544,90.715,91.139,321541,2024-01-27 07:59:59.999,35314.60459293,4039,143945,15810.28937901,0
2024-01-27 08:00:00,91.158,91.375,90.671,90.85,301103,2024-01-27 08:59:59.999,33079.94192032,4138,135847,14917.60518343,0
2024-01-27 09:00:00,90.839,92.112,90.655,91.833,349056,2024-01-27 09:59:59.999,38156.10334281,4487,191516,20937.15277697,0
2024-01-27 10:00:00,91.841,92.247,91.684,91.864,262474,2024-01-27 10:59:59.999,28522.39508137,3770,109627,11917.597557,0
2024-01-27 11:00:00,91.862,92.076,91.726,91.976,154961,2024-01-27 11:59:59.999,16859.3803847,2047,59893,6515.29297631,0
2024-01-27 12:00:00,92.001,92.243,91.649,92.063,149841,2024-01-27 12:59:59.999,16291.0982984,2407,75850,8246.0740238,0
2024-01-27 13:00:00,92.052,92.547,91.85,92.137,182434,2024-01-27 13:59:59.999,19789.03530883,2846,102473,11114.22486327,0
2024-01-27 14:00:00,92.12,92.75,92.027,92.6,453160,2024-01-27 14:59:59.999,49003.20366762,3861,207017,22389.23523708,0
2024-01-27 15:00:00,92.601,92.94,92.391,92.754,325574,2024-01-27 15:59:59.999,35123.71051513,3525,150163,16205.61013663,0
2024-01-27 16:00:00,92.773,93.384,92.156,92.337,378275,2024-01-27 16:59:59.999,40738.77316904,5188,175454,18893.41634255,0
2024-01-27 17:00:00,92.356,92.759,92.231,92.517,223139,2024-01-27 17:59:59.999,24106.93526278,2602,114441,12364.78330581,0
2024-01-27 18:00:00,92.522,93.241,92.479,92.832,244195,2024-01-27 18:59:59.999,26298.36727931,2957,117402,12647.90124853,0
2024-01-27 19:00:00,92.858,93.327,92.782,93.074,274211,2024-01-27 19:59:59.999,29439.80817808,3005,137144,14724.07830135,0
2024-01-27 20:00:00,93.072,93.3,92.819,93.285,193396,2024-01-27 20:59:59.999,20780.22915849,3131,98758,10613.62492138,0
2024-01-27 21:00:00,93.287,93.718,92.953,93.504,274254,2024-01-27 21:59:59.999,29370.23161654,4260,136982,14670.21198926,0
2024-01-27 22:00:00,93.471,93.669,93.099,93.657,204999,2024-01-27 22:59:59.999,21945.71529608,3189,100050,10711.44400652,0
2024-01-27 23:00:00,93.664,94.499,93.506,94.262,635396,2024-01-27 23:59:59.999,67548.91924032,10126,348919,37097.01573124,0
2024-01-28 00:00:00,94.254,94.469,93.3,93.789,510938,2024-01-28 00:59:59.999,54394.55141454,8553,247088,26301.75445469,0
2024-01-28 01:00:00,93.765,94.998,93.733,93.962,483157,2024-01-28 01:59:59.999,51156.52430042,7319,236037,24987.22346319,0
2024-01-28 02:00:00,93.961,94.536,93.802,94.368,417512,2024-01-28 02:59:59.999,44364.04204196,4645,231047,24552.30166348,0
2024-01-28 03:00:00,94.345,96.777,94.175,96.635,889674,2024-01-28 03:59:59.999,93121.00710509,11881,491159,51392.38024145,0
2024-01-28 04:00:00,96.633,97.397,96.405,96.991,1002485,2024-01-28 04:59:59.999,103549.41826567,13408,478727,49446.20026139,0
2024-01-28 05:00:00,96.995,97.031,95.478,96.131,743925,2024-01-28 05:59:59.999,77271.02457746,9852,350512,36397.52224877,0
2024-01-28 06:00:00,96.116,96.27,95.242,95.628,399205,2024-01-28 06:59:59.999,41681.2553423,5533,194704,20331.8552224,0
2024-01-28 07:00:00,95.616,96.119,95.432,95.766,276012,2024-01-28 07:59:59.999,28814.44552232,3842,137664,14371.96731346,0
2024-01-28 08:00:00,95.759,97.098,95.54,96.506,598084,2024-01-28 08:59:59.999,61942.19137577,8337,304169,31501.71973919,0
2024-01-28 09:00:00,96.5,97.609,96.444,97.182,405951,2024-01-28 09:59:59.999,41864.79973971,6196,208512,21503.35269176,0
2024-01-28 10:00:00,97.192,99.453,97.189,98.954,982331,2024-01-28 10:59:59.999,99827.39936522,13059,517371,52571.23029414,0
2024-01-28 11:00:00,98.966,99.139,97.595,98.382,716316,2024-01-28 11:59:59.999,72839.495426,9511,350770,35667.20147299,0
2024-01-28 12:00:00,98.389,98.414,96.775,97.917,727425,2024-01-28 12:59:59.999,74622.27924086,10856,346681,35567.36193481,0
2024-01-28 13:00:00,97.907,98.599,97.298,97.585,725564,2024-01-28 13:59:59.999,74131.64803867,8749,353630,36128.02862626,0
2024-01-28 14:00:00,97.587,98.27,96.686,96.807,681773,2024-01-28 14:59:59.999,69922.19184049,7814,313840,32184.07228451,0
2024-01-28 15:00:00,96.803,97.963,96.711,97.057,1054237,2024-01-28 15:59:59.999,108376.29241511,10841,513801,52833.32013349,0
2024-01-28 16:00:00,97.057,97.913,96.98,97.442,295204,2024-01-28 16:59:59.999,30261.93193298,4451,137962,14142.61142255,0
2024-01-28 17:00:00,97.425,97.426,95.742,96.137,600232,2024-01-28 17:59:59.999,62338.8195748,6826,265208,27545.80556702,0
2024-01-28 18:00:00,96.143,96.216,95.12,95.289,406763,2024-01-28 18:59:59.999,42566.5254998,5559,181338,18974.77751919,0
2024-01-28 19:00:00,95.29,95.974,94.197,94.501,622249,2024-01-28 19:59:59.999,65540.77639613,9080,271975,28627.48887786,0
2024-01-28 20:00:00,94.501,95.562,93.45,95.326,784254,2024-01-28 20:59:59.999,83106.09837158,10525,394329,41762.75732044,0
2024-01-28 21:00:00,95.331,96.165,94.902,95.969,351431,2024-01-28 21:59:59.999,36783.5840412,5052,175885,18405.0627913,0
2024-01-28 22:00:00,95.947,96.089,94.691,94.797,239694,2024-01-28 22:59:59.999,25151.54234767,3578,106544,11173.69397174,0
2024-01-28 23:00:00,94.822,96.324,94.503,95.963,360959,2024-01-28 23:59:59.999,37834.27426961,5940,194772,20411.17683058,0
2024-01-29 00:00:00,95.964,96.582,95.036,95.302,447263,2024-01-29 00:59:59.999,46769.59094057,6877,232630,24322.46851292,0
2024-01-29 01:00:00,95.302,97.282,95.276,96.915,539334,2024-01-29 01:59:59.999,55791.42511041,6915,274770,28419.05448233,0
2024-01-29 02:00:00,96.908,97.68,96.444,97.057,327769,2024-01-29 02:59:59.999,33739.87975273,4898,175020,18015.8948663,0
2024-01-29 03:00:00,97.064,98.955,96.894,97.833,469420,2024-01-29 03:59:59.999,47850.70104428,7392,228939,23341.11302487,0
2024-01-29 04:00:00,97.833,97.995,96.9,97.089,315108,2024-01-29 04:59:59.999,32373.2877119,4610,147584,15157.34545498,0
2024-01-29 05:00:00,97.055,97.399,96.206,96.311,321962,2024-01-29 05:59:59.999,33292.42400498,4924,149005,15404.57952306,0
2024-01-29 06:00:00,96.315,97.499,96.285,97.248,324556,2024-01-29 06:59:59.999,33455.39830993,4644,194388,20041.84353654,0
2024-01-29 07:00:00,97.27,97.749,96.549,96.701,387246,2024-01-29 07:59:59.999,39895.03468524,5379,179379,18468.23806083,0
2024-01-29 08:00:00,96.706,97.288,96.255,96.986,326834,2024-01-29 08:59:59.999,33807.53549063,5185,147673,15276.13605755,0
2024-01-29 09:00:00,96.989,97.577,96.325,97.24,318943,2024-01-29 09:59:59.999,32857.58761749,5292,152558,15714.45231141,0
2024-01-29 10:00:00,97.264,97.936,96.811,97.665,239358,2024-01-29 10:59:59.999,24582.72985244,3973,120636,12389.24256494,0
2024-01-29 11:00:00,97.655,97.973,97.028,97.421,235688,2024-01-29 11:59:59.999,24174.38990898,3794,115681,11864.55800918,0
2024-01-29 12:00:00,97.426,97.949,96.675,96.912,336233,2024-01-29 12:59:59.999,34594.54889067,5836,157009,16153.15359281,0
2024-01-29 13:00:00,96.91,97.01,95.76,96.218,609636,2024-01-29 13:59:59.999,63287.58930913,8412,304656,31628.81237562,0
2024-01-29 14:00:00,96.218,96.969,95.49,96.05,463500,2024-01-29 14:59:59.999,48208.88117975,7269,219425,22821.86601398,0
2024-01-29 15:00:00,96.034,100.258,95.734,99.89,1166211,2024-01-29 15:59:59.999,118807.93452538,16963,605325,61650.81267242,0
2024-01-29 16:00:00,99.891,101.8,98.985,101.032,1789339,2024-01-29 16:59:59.999,177973.08684589,26211,912351,90718.41064867,0
2024-01-29 17:00:00,101.032,101.631,100.27,100.566,823149,2024-01-29 17:59:59.999,81579.79147775,12573,398281,39469.09352021,0
2024-01-29 18:00:00,100.514,101.022,99.651,100.176,509374,2024-01-29 18:59:59.999,50789.92820326,8838,248555,24781.50433082,0
2024-01-29 19:00:00,100.15,101.086,100.126,100.555,489176,2024-01-29 19:59:59.999,48602.14230756,7514,247341,24574.75524871,0
2024-01-29 20:00:00,100.553,101.48,100.503,101.232,523601,2024-01-29 20:59:59.999,51792.04000622,10411,292151,28896.52872431,0
2024-01-29 21:00:00,101.224,101.495,101.096,101.132,271198,2024-01-29 21:59:59.999,26773.36435764,6052,128976,12734.24850847,0
2024-01-29 22:00:00,101.133,101.51,100.71,100.894,254726,2024-01-29 22:59:59.999,25183.11374221,4468,129140,12765.03399096,0
2024-01-29 23:00:00,100.906,101.993,100.649,101.653,462939,2024-01-29 23:59:59.999,45704.01028188,9504,247957,24477.10349383,0
2024-01-30 00:00:00,101.657,102.02,101.025,101.07,498102,2024-01-30 00:59:59.999,49089.06172411,10251,235460,23209.5418464,0
2024-01-30 01:00:00,101.056,102.916,100.966,102.817,831403,2024-01-30 01:59:59.999,81256.9827085,14711,445252,43512.0642552,0
2024-01-30 02:00:00,102.835,103.804,102.362,103.156,770446,2024-01-30 02:59:59.999,74713.82711365,14613,427968,41500.0435219,0
2024-01-30 03:00:00,103.144,103.739,101.931,102.13,618247,2024-01-30 03:59:59.999,60263.19989171,11352,294751,28734.48107884,0
2024-01-30 04:00:00,102.117,102.419,101.726,102.225,350232,2024-01-30 04:59:59.999,34339.92058578,4916,173815,17040.5798926,0
2024-01-30 05:00:00,102.191,103.124,101.792,102.705,350535,2024-01-30 05:59:59.999,34214.14505946,5562,186266,18174.25506043,0
2024-01-30 06:00:00,102.721,103.303,102.215,103.214,463313,2024-01-30 06:59:59.999,45088.09688514,6540,224493,21841.1944484,0
2024-01-30 07:00:00,103.213,103.374,102.756,102.901,332231,2024-01-30 07:59:59.999,32241.87544037,4042,158771,15406.82512609,0
2024-01-30 08:00:00,102.881,103.968,102.373,103.374,510942,2024-01-30 08:59:59.999,49472.52607593,6942,282153,27309.51556025,0
2024-01-30 09:00:00,103.374,103.983,103.061,103.353,347298,2024-01-30 09:59:59.999,33557.70780761,4470,162541,15709.53192238,0
2024-01-30 10:00:00,103.356,104.475,102.972,104.241,562199,2024-01-30 10:59:59.999,54079.24450515,7494,277284,26666.973048,0
2024-01-30 11:00:00,104.254,106.466,104.1,106.021,1236454,2024-01-30 11:59:59.999,117286.47258714,15151,677408,64264.08536924,0
2024-01-30 12:00:00,106.074,106.394,103.968,104.65,1312019,2024-01-30 12:59:59.999,124873.40799192,18078,613034,58348.98589421,0
2024-01-30 13:00:00,104.634,105.376,103.571,104.475,815253,2024-01-30 13:59:59.999,78197.18231581,11738,379222,36355.64895468,0
2024-01-30 14:00:00,104.473,105.842,103.696,105.43,712666,2024-01-30 14:59:59.999,67904.67820802,10128,382925,36484.42483119,0
2024-01-30 15:00:00,105.404,106.523,104.692,104.831,1058208,2024-01-30 15:59:59.999,100237.68460232,13034,511613,48452.29456207,0
2024-01-30 16:00:00,104.846,104.982,103.324,104.514,1030766,2024-01-30 16:59:59.999,99049.04843579,13228,495869,47639.50358091,0
2024-01-30 17:00:00,104.535,105.523,104.31,104.877,652828,2024-01-30 17:59:59.999,62244.35625788,9023,334121,31858.08755075,0
2024-01-30 18:00:00,104.873,105.373,103.929,105.173,867406,2024-01-30 18:59:59.999,82767.87972144,10096,443473,42323.84877759,0
2024-01-30 19:00:00,105.187,105.709,104.815,105.321,344188,2024-01-30 19:59:59.999,32683.92402484,5166,174883,16607.11697849,0
2024-01-30 20:00:00,105.305,105.633,104.688,104.987,461180,2024-01-30 20:59:59.999,43811.26017496,5390,223602,21243.35480706,0
2024-01-30 21:00:00,104.992,105.179,104.203,104.338,413788,2024-01-30 21:59:59.999,39542.82615216,5329,201273,19233.27878206,0
2024-01-30 22:00:00,104.35,104.558,103.42,103.465,335368,2024-01-30 22:59:59.999,32235.61374446,4284,141503,13593.21496719,0
2024-01-30 23:00:00,103.479,103.955,101.012,101.446,1423036,2024-01-30 23:59:59.999,139245.47251203,17465,585976,57329.58893561,0
2024-02-01 00:00:00,96.885,97.649,96.081,97.28,565420,2024-02-01 00:59:59.999,58327.42183951,8561,304504,31398.36664592,0
2024-02-01 01:00:00,97.285,97.447,93.52,94.12,1871767,2024-02-01 01:59:59.999,197174.95229478,25777,809254,85228.91112634,0
2024-02-01 02:00:00,94.123,94.582,93.55,94.23,817320,2024-02-01 02:59:59.999,86806.52275732,10023,448851,47655.7163975,0
2024-02-01 03:00:00,94.241,94.481,93.328,93.568,783290,2024-02-01 03:59:59.999,83419.05035595,10071,367449,39165.22116447,0
2024-02-01 04:00:00,93.566,94.382,93.064,94.132,859139,2024-02-01 04:59:59.999,91615.05356481,10936,457556,48813.01364678,0
2024-02-01 05:00:00,94.124,94.433,93.509,94.186,436529,2024-02-01 05:59:59.999,46422.66506699,6843,234647,24952.77343739,0
2024-02-01 06:00:00,94.187,94.884,94.063,94.701,494393,2024-02-01 06:59:59.999,52348.29767036,7225,283627,30027.34612536,0
2024-02-01 07:00:00,94.671,95.758,94.438,94.92,592549,2024-02-01 07:59:59.999,62273.28175482,7550,298199,31352.11212562,0
2024-02-01 08:00:00,94.92,95.411,94.599,95.203,341650,2024-02-01 08:59:59.999,35988.52018201,5214,164725,17351.47295769,0
2024-02-01 09:00:00,95.2,96.146,94.733,95.868,611066,2024-02-01 09:59:59.999,63912.92900723,9193,307850,32202.34508112,0
2024-02-01 10:00:00,95.866,96.715,95.575,96.261,471829,2024-02-01 10:59:59.999,48974.55754847,6734,250943,26048.70859301,0
2024-02-01 11:00:00,96.244,96.472,95.231,95.42,468713,2024-02-01 11:59:59.999,48957.21629373,7051,217230,22682.16093847,0
2024-02-01 12:00:00,95.418,95.972,95.019,95.251,568304,2024-02-01 12:59:59.999,59531.157722,7815,273105,28608.7494915,0
2024-02-01 13:00:00,95.25,96.0,94.633,95.535,461911,2024-02-01 13:59:59.999,48463.4908205,7402,221772,23268.33006482,0
2024-02-01 14:00:00,95.503,97.132,95.435,96.68,1071459,2024-02-01 14:59:59.999,111091.03140024,13128,561795,58267.99650173,0
2024-02-01 15:00:00,96.692,97.464,95.919,95.962,791068,2024-02-01 15:59:59.999,81729.32402479,11144,375391,38771.54704463,0
2024-02-01 16:00:00,95.971,96.458,94.839,96.338,956537,2024-02-01 16:59:59.999,99920.5120415,12309,478725,50005.53340112,0
2024-02-01 17:00:00,96.329,97.54,96.224,97.072,875089,2024-02-01 17:59:59.999,90279.18104161,11719,455423,46983.09759676,0
2024-02-01 18:00:00,97.111,97.496,96.486,96.797,465505,2024-02-01 18:59:59.999,47994.91245685,6154,221960,22884.65556406,0
2024-02-01 19:00:00,96.793,97.998,96.386,97.882,509649,2024-02-01 19:59:59.999,52370.61225815,7555,252591,25956.00942134,0
2024-02-01 20:00:00,97.862,98.112,96.897,97.2,394785,2024-02-01 20:59:59.999,40538.07980528,5783,198856,20418.77302372,0
2024-02-01 21:00:00,97.195,98.066,97.118,97.901,419223,2024-02-01 21:59:59.999,42894.54627624,5630,223644,22886.44971969,0
2024-02-01 22:00:00,97.91,97.982,96.929,97.114,174784,2024-02-01 22:59:59.999,17959.49827308,2791,81574,8382.78156774,0
2024-02-01 23:00:00,97.099,97.964,96.923,97.785,305097,2024-02-01 23:59:59.999,31315.72589596,4503,158357,16250.47995872,0
2024-02-02 00:00:00,97.82,99.568,97.382,98.825,872586,2024-02-02 00:59:59.999,88366.98435364,12445,427897,43342.78539011,0
2024-02-02 01:00:00,98.835,99.246,98.485,98.598,352067,2024-02-02 01:59:59.999,35615.94285037,5065,175766,17782.03477101,0
2024-02-02 02:00:00,98.612,99.398,98.052,99.302,475808,2024-02-02 02:59:59.999,48154.93839775,7341,247624,25058.90464054,0
2024-02-02 03:00:00,99.31,100.047,98.885,98.932,379202,2024-02-02 03:59:59.999,38143.07780184,6200,180528,18150.73028742,0
2024-02-02 04:00:00,98.941,99.359,98.612,98.979,335868,2024-02-02 04:59:59.999,33924.50163662,4771,166372,16805.40595449,0
2024-02-02 05:00:00,98.991,99.586,98.328,99.284,353085,2024-02-02 05:59:59.999,35694.36684719,5317,176464,17833.55055781,0
2024-02-02 06:00:00,99.242,100.382,99.162,100.123,579165,2024-02-02 06:59:59.999,58014.62037913,7020,312769,31332.87535288,0
2024-02-02 07:00:00,100.12,101.5,100.059,101.225,640265,2024-02-02 07:59:59.999,63609.0951922,7419,332705,33061.1739545,0
2024-02-02 08:00:00,101.197,101.478,99.893,100.389,553923,2024-02-02 08:59:59.999,55021.21858549,7810,255831,25402.68568466,0
2024-02-02 09:00:00,100.392,101.232,100.098,100.54,300687,2024-02-02 09:59:59.999,29872.2464265,4406,151294,15036.63306832,0
2024-02-02 10:00:00,100.615,102.271,100.505,101.95,599720,2024-02-02 10:59:59.999,59014.62441202,8586,312438,30747.85754142,0
2024-02-02 11:00:00,101.951,102.318,101.451,101.91,373470,2024-02-02 11:59:59.999,36651.80400718,5536,177481,17415.45139811,0
2024-02-02 12:00:00,101.938,102.53,101.264,101.39,422920,2024-02-02 12:59:59.999,41535.36364546,6930,185322,18187.81817681,0
2024-02-02 13:00:00,101.384,101.668,98.34,98.805,1619274,2024-02-02 13:59:59.999,162257.3190228,22493,663592,66502.49290344,0
2024-02-02 14:00:00,98.812,99.628,98.501,99.244,1024732,2024-02-02 14:59:59.999,103364.75956928,11828,552248,55713.59499337,0
2024-02-02 15:00:00,99.243,101.634,99.126,101.245,994641,2024-02-02 15:59:59.999,98804.45502178,14357,566011,56228.55014617,0
2024-02-02 16:00:00,101.243,102.139,99.792,100.0,775514,2024-02-02 16:59:59.999,76913.19200598,11056,351424,34849.12138506,0
2024-02-02 17:00:00,100.021,100.534,99.076,99.23,446624,2024-02-02 17:59:59.999,44800.80348735,7004,207414,20803.84250961,0
2024-02-02 18:00:00,99.232,99.285,98.307,99.183,451632,2024-02-02 18:59:59.999,45676.32083251,6841,220307,22279.85152737,0
2024-02-02 19:00:00,99.174,99.473,98.605,99.417,249834,2024-02-02 19:59:59.999,25207.79746748,3978,132106,13325.13289907,0
2024-02-02 20:00:00,99.427,99.824,98.878,99.101,329925,2024-02-02 20:59:59.999,33168.87776008,5293,154868,15565.33209622,0
2024-02-02 21:00:00,99.079,99.641,99.007,99.322,165900,2024-02-02 21:59:59.999,16693.68574894,3149,96089,9669.48741563,0
2024-02-02 22:00:00,99.322,100.354,99.192,100.273,268816,2024-02-02 22:59:59.999,26945.00434783,3758,153105,15349.06781892,0
2024-02-02 23:00:00,100.272,100.799,100.183,100.535,238856,2024-02-02 23:59:59.999,23774.79205384,4466,118521,11797.52234353,0
2024-02-03 00:00:00,100.532,101.162,99.969,100.038,478762,2024-02-03 00:59:59.999,47655.8910701,7342,253255,25214.9827567,0
2024-02-03 01:00:00,100.041,100.521,99.451,100.01,399277,2024-02-03 01:59:59.999,39901.51175047,5356,182038,18188.99420166,0
2024-02-03 02:00:00,100.004,100.088,99.088,99.511,307753,2024-02-03 02:59:59.999,30917.68075556,5556,139628,14028.61846217,0
2024-02-03 03:00:00,99.514,99.822,99.157,99.178,160797,2024-02-03 03:59:59.999,16170.89304296,3329,86049,8653.50898662,0
2024-02-03 04:00:00,99.177,99.784,99.134,99.571,167868,2024-02-03 04:59:59.999,16875.85018875,2873,77770,7817.70425195,0
2024-02-03 05:00:00,99.57,100.037,99.321,100.023,134727,2024-02-03 05:59:59.999,13510.91209072,3037,61909,6208.24390668,0
2024-02-03 06:00:00,100.002,100.026,99.558,99.579,95461,2024-02-03 06:59:59.999,9569.15340822,2172,46279,4639.47585538,0
2024-02-03 07:00:00,99.558,99.841,98.625,99.068,355940,2024-02-03 07:59:59.999,35896.08168522,5789,156243,15757.95202364,0
2024-02-03 08:00:00,99.071,99.35,98.378,98.564,274825,2024-02-03 08:59:59.999,27820.83409761,4880,120891,12234.77041652,0
2024-02-03 09:00:00,98.557,99.319,98.524,99.211,212418,2024-02-03 09:59:59.999,21485.54965311,3537,99179,10034.40401062,0
2024-02-03 10:00:00,99.202,99.258,98.707,98.967,172620,2024-02-03 10:59:59.999,17441.81477741,3025,67479,6819.69099395,0
2024-02-03 11:00:00,98.966,98.966,98.356,98.621,154470,2024-02-03 11:59:59.999,15671.74930209,2819,77862,7901.02914305,0
2024-02-03 12:00:00,98.622,98.916,98.477,98.666,100042,2024-02-03 12:59:59.999,10130.03228137,1998,46662,4726.4948938,0
2024-02-03 13:00:00,98.661,98.74,97.711,97.978,318441,2024-02-03 13:59:59.999,32464.02637257,5062,142999,14577.86737903,0
2024-02-03 14:00:00,97.974,98.133,97.514,97.656,431030,2024-02-03 14:59:59.999,44078.29689415,5357,234351,23963.18041306,0
2024-02-03 15:00:00,97.653,98.311,96.625,97.978,877725,2024-02-03 15:59:59.999,90037.19806349,11883,455774,46717.55702249,0
2024-02-03 16:00:00,97.962,98.321,97.728,97.767,215742,2024-02-03 16:59:59.999,22009.98831047,4177,81742,8338.89092129,0
2024-02-03 17:00:00,97.767,98.715,97.544,98.39,274373,2024-02-03 17:59:59.999,27958.44009998,4575,150294,15313.80138928,0
2024-02-03 18:00:00,98.39,98.536,97.237,97.508,420265,2024-02-03 18:59:59.999,42910.05469951,6274,205788,21014.96704603,0
2024-02-03 19:00:00,97.494,98.152,97.381,98.12,168890,2024-02-03 19:59:59.999,17280.83845986,2794,90956,9304.62937228,0
2024-02-03 20:00:00,98.121,98.263,97.701,97.954,127763,2024-02-03 20:59:59.999,13038.28426153,2305,59689,6090.97146427,0
2024-02-03 21:00:00,97.986,98.291,97.65,97.894,95887,2024-02-03 21:59:59.999,9793.33512002,1994,44755,4569.77789582,0
2024-02-03 22:00:00,97.893,98.442,97.719,97.907,134821,2024-02-03 22:59:59.999,13737.70569797,2704,67951,6924.94875542,0
2024-02-03 23:00:00,97.915,98.253,97.543,97.905,187468,2024-02-03 23:59:59.999,19165.41542373,3584,102552,10485.41829195,0
2024-02-04 00:00:00,97.912,98.023,96.804,97.917,367086,2024-02-04 00:59:59.999,37661.51458616,6654,150146,15401.97144207,0
2024-02-04 01:00:00,97.921,98.595,97.456,98.416,267942,2024-02-04 01:59:59.999,27324.59484645,4769,119706,12208.4072582,0
2024-02-04 02:00:00,98.425,98.542,98.094,98.179,138323,2024-02-04 02:59:59.999,14071.84056548,2830,68304,6949.77694025,0
2024-02-04 03:00:00,98.165,98.498,98.133,98.318,76155,2024-02-04 03:59:59.999,7745.28157581,1701,38942,3960.97404924,0
2024-02-04 04:00:00,98.308,98.333,97.17,97.531,249495,2024-02-04 04:59:59.999,25576.02781442,4128,117652,12063.82437744,0
2024-02-04 05:00:00,97.531,98.175,97.333,97.546,192595,2024-02-04 05:59:59.999,19720.2508275,3727,96390,9871.67447101,0
2024-02-04 06:00:00,97.546,97.822,96.888,97.015,265781,2024-02-04 06:59:59.999,27341.20749889,4421,122161,12566.45030995,0
2024-02-04 07:00:00,97.03,97.351,96.121,96.488,377398,2024-02-04 07:59:59.999,39073.9705022,5831,154386,15980.61778144,0
2024-02-04 08:00:00,96.501,96.75,96.361,96.53,136409,2024-02-04 08:59:59.999,14130.66344523,2754,70180,7270.0298606,0
2024-02-04 09:00:00,96.548,97.63,95.893,97.273,428283,2024-02-04 09:59:59.999,44212.58266641,7553,190202,19622.28951414,0
2024-02-04 10:00:00,97.259,97.355,96.862,97.144,116086,2024-02-04 10:59:59.999,11946.0240799,2438,55624,5723.89352074,0
2024-02-04 11:00:00,97.142,98.24,97.014,97.881,316632,2024-02-04 11:59:59.999,32392.5600697,5271,167071,17096.74419786,0
2024-02-04 12:00:00,97.891,98.385,97.723,97.748,220178,2024-02-04 12:59:59.999,22460.40831316,3911,100209,10219.32057451,0
2024-02-04 13:00:00,97.761,97.971,97.565,97.711,152781,2024-02-04 13:59:59.999,15628.9288238,2747,72443,7409.03340409,0
2024-02-04 14:00:00,97.719,98.257,97.4,97.4,283624,2024-02-04 14:59:59.999,29000.81266661,4630,137056,14012.90335215,0
2024-02-04 15:00:00,97.401,97.729,97.225,97.594,147083,2024-02-04 15:59:59.999,15090.21234501,2773,68407,7018.64735165,0
2024-02-04 16:00:00,97.59,97.654,97.104,97.435,99234,2024-02-04 16:59:59.999,10190.47615391,2365,40510,4161.09755282,0
2024-02-04 17:00:00,97.437,97.58,96.984,97.044,170291,2024-02-04 17:59:59.999,17510.47759849,3407,81369,8367.28430493,0
2024-02-04 18:00:00,97.043,97.391,96.417,96.76,356733,2024-02-04 18:59:59.999,36849.31232017,7351,177461,18332.52601306,0
2024-02-04 19:00:00,96.754,96.845,96.067,96.307,283950,2024-02-04 19:59:59.999,29458.72454704,6005,138419,14363.77124431,0
2024-02-04 20:00:00,96.319,96.69,95.6,96.63,449227,2024-02-04 20:59:59.999,46752.21625037,8073,205818,21421.45667851,0
2024-02-04 21:00:00,96.651,96.988,95.91,96.099,123994,2024-02-04 21:59:59.999,12850.71433424,3221,62597,6487.78551348,0
2024-02-04 22:00:00,96.094,96.508,95.044,95.709,417551,2024-02-04 22:59:59.999,43627.66514258,6574,207478,21679.0305624,0
2024-02-04 23:00:00,95.714,95.965,95.205,95.446,260680,2024-02-04 23:59:59.999,27287.72838732,5065,125552,13143.91091715,0
2024-02-05 00:00:00,95.44,96.178,95.126,95.207,290645,2024-02-05 00:59:59.999,30422.20605221,6574,149058,15602.47586078,0
2024-02-05 01:00:00,95.202,95.339,94.133,95.206,563437,2024-02-05 01:59:59.999,59437.9659559,11288,232564,24528.50272499,0
2024-02-05 02:00:00,95.21,95.534,94.727,95.166,187464,2024-02-05 02:59:59.999,19715.48854775,4259,96914,10190.84016242,0
2024-02-05 03:00:00,95.154,96.082,95.124,95.992,288533,2024-02-05 03:59:59.999,30150.28607837,5249,141097,14745.51483094,0
2024-02-05 04:00:00,95.992,96.856,95.863,96.349,335397,2024-02-05 04:59:59.999,34791.34901925,6009,166295,17245.66654632,0
2024-02-05 05:00:00,96.328,96.411,95.735,96.085,171097,2024-02-05 05:59:59.999,17818.49067187,3144,77474,8069.34644048,0
2024-02-05 06:00:00,96.076,96.697,96.018,96.593,195382,2024-02-05 06:59:59.999,20277.86248118,3920,107927,11201.02335686,0
2024-02-05 07:00:00,96.6,97.853,96.571,97.515,520315,2024-02-05 07:59:59.999,53502.16569974,9024,283233,29123.30787922,0
2024-02-05 08:00:00,97.52,97.807,96.89,97.348,281364,2024-02-05 08:59:59.999,28911.96043834,5444,133691,13738.8834566,0
2024-02-05 09:00:00,97.351,97.652,96.883,97.212,245456,2024-02-05 09:59:59.999,25253.54936627,4450,120244,12367.53478043,0
2024-02-05 10:00:00,97.213,98.149,97.213,97.872,371492,2024-02-05 10:59:59.999,37990.13879082,5962,192446,19684.21982861,0
2024-02-05 11:00:00,97.879,97.977,97.459,97.824,162634,2024-02-05 11:59:59.999,16639.2160535,2914,85678,8765.60185591,0
2024-02-05 12:00:00,97.835,97.997,97.313,97.58,226489,2024-02-05 12:59:59.999,23199.00453942,3748,106158,10874.48717575,0
2024-02-05 13:00:00,97.541,98.641,97.3,98.2,366089,2024-02-05 13:59:59.999,37309.97220403,7157,203911,20786.45234864,0
2024-02-05 14:00:00,98.201,98.534,97.533,97.651,376098,2024-02-05 14:59:59.999,38404.00143201,6022,176366,18007.88304333,0
2024-02-05 15:00:00,97.658,97.658,95.15,95.56,890277,2024-02-05 15:59:59.999,92507.12407444,13803,378856,39381.76530682,0
2024-02-05 16:00:00,95.533,96.239,95.299,96.109,436094,2024-02-05 16:59:59.999,45532.57097611,8691,231390,24160.36418986,0
2024-02-05 17:00:00,96.107,96.384,95.39,95.539,263201,2024-02-05 17:59:59.999,27458.7008605,5164,104054,10846.92147361,0
2024-02-05 18:00:00,95.553,95.908,95.4,95.827,158998,2024-02-05 18:59:59.999,16629.54259618,3263,81798,8555.15890932,0
2024-02-05 19:00:00,95.834,96.46,95.737,95.862,171902,2024-02-05 19:59:59.999,17878.0980909,3211,91799,9545.94211871,0
2024-02-05 20:00:00,95.892,95.993,94.82,95.793,334040,2024-02-05 20:59:59.999,35027.10740087,6021,167454,17557.36357215,0
2024-02-05 21:00:00,95.795,96.028,94.812,94.827,322849,2024-02-05 21:59:59.999,33893.26437498,5618,154485,16219.30449683,0
2024-02-05 22:00:00,94.843,95.281,94.149,94.701,337267,2024-02-05 22:59:59.999,35640.28127774,5303,135458,14306.6374578,0
2024-02-05 23:00:00,94.684,95.835,94.5,95.595,256319,2024-02-05 23:59:59.999,26892.75805509,4557,129922,13641.25408915,0
2024-02-06 00:00:00,95.567,95.892,95.38,95.547,138120,2024-02-06 00:59:59.999,14446.03043361,3013,57951,6061.39106028,0
2024-02-06 01:00:00,95.534,96.097,95.157,95.752,224619,2024-02-06 01:59:59.999,23502.65184344,4230,110311,11540.83501665,0
2024-02-06 02:00:00,95.741,96.652,95.574,96.363,211083,2024-02-06 02:59:59.999,21959.70203357,3981,103176,10725.43221684,0
2024-02-06 03:00:00,96.39,96.728,95.6,95.976,273628,2024-02-06 03:59:59.999,28483.27007249,4356,113320,11797.89531963,0
2024-02-06 04:00:00,95.963,96.045,95.366,95.382,147143,2024-02-06 04:59:59.999,15379.82298656,2763,71204,7443.48499605,0
2024-02-06 05:00:00,95.393,95.598,94.82,95.473,312815,2024-02-06 05:59:59.999,32845.35200803,4708,150038,15753.48778579,0
2024-02-06 06:00:00,95.469,95.656,95.2,95.483,106884,2024-02-06 06:59:59.999,11203.09894141,2066,58274,6107.2996938,0
2024-02-06 07:00:00,95.468,95.808,95.251,95.707,239821,2024-02-06 07:59:59.999,25098.55586431,3236,138493,14494.29283399,0
2024-02-06 08:00:00,95.67,96.176,95.61,96.148,281476,2024-02-06 08:59:59.999,29352.93370021,4661,133706,13945.14537725,0
2024-02-06 09:00:00,96.152,96.278,95.692,96.039,134523,2024-02-06 09:59:59.999,14017.46348266,2757,63913,6659.94035224,0
2024-02-06 10:00:00,96.067,96.073,93.07,93.93,1296586,2024-02-06 10:59:59.999,137343.84341836,18847,523582,55493.38385875,0
2024-02-06 11:00:00,93.93,94.756,93.084,94.267,745944,2024-02-06 11:59:59.999,79494.44905871,11794,396297,42223.70293074,0
2024-02-06 12:00:00,94.226,94.79,93.257,94.192,615504,2024-02-06 12:59:59.999,65525.37182735,10164,309146,32909.61045909,0
2024-02-06 13:00:00,94.186,94.725,93.663,93.804,577593,2024-02-06 13:59:59.999,61346.46934417,8861,255738,27148.71573239,0
2024-02-06 14:00:00,93.795,95.076,93.795,94.181,508380,2024-02-06 14:59:59.999,53827.14906267,8597,272792,28877.83466269,0
2024-02-06 15:00:00,94.176,95.803,94.066,95.692,597885,2024-02-06 15:59:59.999,62885.72153128,9282,287466,30241.72393419,0
2024-02-06 16:00:00,95.692,96.095,95.184,95.25,476466,2024-02-06 16:59:59.999,49804.01963131,7014,242016,25289.88993324,0
2024-02-06 17:00:00,95.259,95.891,95.141,95.884,177987,2024-02-06 17:59:59.999,18628.81829781,3356,86058,9007.17625772,0
2024-02-06 18:00:00,95.892,96.574,95.337,96.374,256179,2024-02-06 18:59:59.999,26696.26973972,4403,115253,12010.05872991,0
2024-02-06 19:00:00,96.374,97.69,96.102,97.554,564235,2024-02-06 19:59:59.999,58126.15751877,8439,323799,33362.75300774,0
2024-02-06 20:00:00,97.553,97.895,97.155,97.262,443569,2024-02-06 20:59:59.999,45477.74244975,6184,213787,21918.08117456,0
2024-02-06 21:00:00,97.28,97.391,96.847,96.982,240299,2024-02-06 21:59:59.999,24754.67363027,3431,119714,12333.11491689,0
2024-02-06 22:00:00,96.994,97.812,96.73,97.419,225570,2024-02-06 22:59:59.999,23205.00438854,3115,105799,10881.88270504,0
2024-02-06 23:00:00,97.44,97.558,96.776,96.85,260449,2024-02-06 23:59:59.999,26847.53141371,3453,112790,11627.35919915,0
2024-02-07 00:00:00,96.87,97.346,96.724,96.985,191587,2024-02-07 00:59:59.999,19757.52726324,3350,94483,9743.90602273,0
2024-02-07 01:00:00,96.988,97.426,96.866,97.087,186444,2024-02-07 01:59:59.999,19194.5228443,2874,99259,10219.77282853,0
2024-02-07 02:00:00,97.094,97.164,96.265,96.371,178690,2024-02-07 02:59:59.999,18478.06523729,3009,75343,7790.12017774,0
2024-02-07 03:00:00,96.367,96.467,95.45,95.452,277554,2024-02-07 03:59:59.999,28912.4396819,4456,114324,11908.16062583,0
2024-02-07 04:00:00,95.469,95.766,94.97,95.475,233500,2024-02-07 04:59:59.999,24501.54526139,3992,119898,12578.25051758,0
2024-02-07 05:00:00,95.474,96.169,95.075,95.898,231017,2024-02-07 05:59:59.999,24143.67134542,3917,122271,12774.36926337,0
2024-02-07 06:00:00,95.897,95.963,95.586,95.855,121529,2024-02-07 06:59:59.999,12693.58639695,2490,48787,5096.19965075,0
2024-02-07 07:00:00,95.869,95.966,95.273,95.543,133954,2024-02-07 07:59:59.999,14021.47247278,2463,53217,5571.65240804,0
2024-02-07 08:00:00,95.557,95.655,95.224,95.279,113804,2024-02-07 08:59:59.999,11926.2920817,2063,54207,5680.04260146,0
2024-02-07 09:00:00,95.279,96.0,94.911,95.77,220170,2024-02-07 09:59:59.999,23067.86413564,3668,120745,12648.36690941,0
2024-02-07 10:00:00,95.766,95.766,94.598,94.996,254942,2024-02-07 10:59:59.999,26802.70908306,3690,99908,10508.58495289,0
2024-02-07 11:00:00,95.0,95.526,94.929,95.144,126873,2024-02-07 11:59:59.999,13327.25385775,2683,65192,6847.5919006,0
2024-02-07 12:00:00,95.143,95.73,95.092,95.556,134573,2024-02-07 12:59:59.999,14096.37116402,2549,69833,7315.34390678,0
2024-02-07 13:00:00,95.525,95.708,95.154,95.352,160370,2024-02-07 13:59:59.999,16808.19984531,2664,73630,7717.9873905,0
2024-02-07 14:00:00,95.352,96.227,95.237,95.542,363035,2024-02-07 14:59:59.999,37931.37624502,5610,178936,18695.66060411,0
2024-02-07 15:00:00,95.536,96.644,95.286,96.224,490098,2024-02-07 15:59:59.999,51046.89701595,7355,248462,25878.59875968,0
2024-02-07 16:00:00,96.231,97.2,96.114,97.199,441735,2024-02-07 16:59:59.999,45654.96013758,6789,251565,25994.59170482,0
2024-02-07 17:00:00,97.2,98.071,96.954,97.403,610748,2024-02-07 17:59:59.999,62684.31555144,9276,309850,31789.6460879,0
2024-02-07 18:00:00,97.395,97.616,96.925,97.48,318043,2024-02-07 18:59:59.999,32697.74316334,4809,168440,17312.4407712,0
2024-02-07 19:00:00,97.485,97.75,96.945,97.079,273934,2024-02-07 19:59:59.999,28156.85325867,4359,129226,13282.62769432,0
2024-02-07 20:00:00,97.085,98.663,97.079,98.276,553592,2024-02-07 20:59:59.999,56482.22654489,8634,306405,31258.84305272,0
2024-02-07 21:00:00,98.279,100.925,98.235,100.619,1109091,2024-02-07 21:59:59.999,111044.10885441,13231,605614,60652.20457593,0
2024-02-07 22:00:00,100.614,101.105,100.472,100.952,451631,2024-02-07 22:59:59.999,44826.91748427,5797,238543,23672.86176166,0
2024-02-07 23:00:00,100.958,101.632,100.737,101.153,452723,2024-02-07 23:59:59.999,44815.61811664,5658,206593,20447.22576433,0
2024-02-08 00:00:00,101.157,102.289,100.933,101.96,885964,2024-02-08 00:59:59.999,87021.26901581,11325,500295,49147.46828052,0
2024-02-08 01:00:00,101.972,102.459,101.218,102.221,472931,2024-02-08 01:59:59.999,46485.33669878,7117,220220,21635.21005685,0
2024-02-08 02:00:00,102.215,102.55,101.754,102.044,546121,2024-02-08 02:59:59.999,53460.75408352,7533,253880,24845.34142954,0
2024-02-08 03:00:00,102.054,102.439,101.63,101.768,243362,2024-02-08 03:59:59.999,23853.20838094,3769,105018,10291.42492832,0
2024-02-08 04:00:00,101.776,102.052,101.6,101.722,168953,2024-02-08 04:59:59.999,16597.0254011,2618,75180,7384.69861329,0
2024-02-08 05:00:00,101.736,101.784,101.234,101.292,357541,2024-02-08 05:59:59.999,35204.58405932,3821,133875,13179.160229,0
2024-02-08 06:00:00,101.293,101.529,100.658,100.722,491829,2024-02-08 06:59:59.999,48654.24963958,4518,167906,16610.53300502,0
2024-02-08 07:00:00,100.734,101.167,100.559,100.852,272040,2024-02-08 07:59:59.999,26980.59775686,3479,132513,13137.61729388,0
2024-02-08 08:00:00,100.845,102.047,100.822,101.992,416973,2024-02-08 08:59:59.999,41118.00132047,4272,259037,25532.72421641,0
2024-02-08 09:00:00,101.984,102.358,101.372,101.772,483442,2024-02-08 09:59:59.999,47507.10614856,5583,233095,22903.0342293,0
2024-02-08 10:00:00,101.771,102.137,101.624,101.88,216764,2024-02-08 10:59:59.999,21278.6643949,3135,126448,12413.02594668,0
2024-02-08 11:00:00,101.875,101.981,100.876,101.244,642342,2024-02-08 11:59:59.999,63365.85540183,6232,237144,23402.49997435,0
2024-02-08 12:00:00,101.232,101.714,100.993,101.264,246049,2024-02-08 12:59:59.999,24277.94791145,3765,116418,11487.21599761,0
2024-02-08 13:00:00,101.265,104.021,101.214,103.55,1231889,2024-02-08 13:59:59.999,119737.67293024,14024,734059,71334.43208606,0
2024-02-08 14:00:00,103.553,104.965,103.356,104.387,1705809,2024-02-08 14:59:59.999,163590.36422074,18235,854989,81989.4851388,0
2024-02-08 15:00:00,104.396,104.969,104.053,104.866,837975,2024-02-08 15:59:59.999,80088.848459,9795,430115,41105.8457579,0
2024-02-08 16:00:00,104.866,104.957,102.177,102.987,997490,2024-02-08 16:59:59.999,96323.7133728,11832,400550,38678.36592676,0
2024-02-08 17:00:00,103.003,103.465,102.212,102.485,834204,2024-02-08 17:59:59.999,81163.62385171,9678,397245,38649.94954785,0
2024-02-08 18:00:00,102.488,102.916,101.785,102.731,416717,2024-02-08 18:59:59.999,40671.95108944,5715,187441,18285.34644748,0
2024-02-08 19:00:00,102.732,103.054,102.159,102.346,284781,2024-02-08 19:59:59.999,27759.88434989,4567,155253,15131.39398324,0
2024-02-08 20:00:00,102.354,103.206,102.352,103.029,349701,2024-02-08 20:59:59.999,34012.34980802,5484,186316,18118.10547505,0
2024-02-08 21:00:00,102.994,103.43,102.512,102.744,293673,2024-02-08 21:59:59.999,28503.16523092,4161,133488,12950.96503135,0
2024-02-08 22:00:00,102.735,102.997,102.416,102.692,107289,2024-02-08 22:59:59.999,10446.22995805,2197,42806,4165.9650376,0
2024-02-08 23:00:00,102.708,103.261,102.654,102.8,190431,2024-02-08 23:59:59.999,18488.57375025,3406,102665,9967.27680264,0
2024-02-09 00:00:00,102.802,103.721,102.802,103.357,320636,2024-02-09 00:59:59.999,31018.38478032,4562,142280,13766.30747964,0
2024-02-09 01:00:00,103.358,104.041,103.152,103.985,227232,2024-02-09 01:59:59.999,21921.26416833,3615,139400,13442.63200358,0
2024-02-09 02:00:00,103.985,105.809,103.827,105.688,922899,2024-02-09 02:59:59.999,88079.12566266,12899,536122,51162.55404961,0
2024-02-09 03:00:00,105.679,105.827,104.306,104.406,854370,2024-02-09 03:59:59.999,81245.73131949,10602,369259,35109.05232247,0
2024-02-09 04:00:00,104.404,104.863,103.838,104.388,470306,2024-02-09 04:59:59.999,45078.77189553,6089,233114,22339.24941934,0
2024-02-09 05:00:00,104.404,105.108,104.154,105.064,216025,2024-02-09 05:59:59.999,20640.71874673,3503,116555,11130.22514125,0
2024-02-09 06:00:00,105.066,105.091,104.474,104.816,220932,2024-02-09 06:59:59.999,21089.15337694,3866,89289,8520.32233829,0
2024-02-09 07:00:00,104.793,105.753,104.761,105.29,382934,2024-02-09 07:59:59.999,36333.14025404,5292,208107,19745.99104461,0
2024-02-09 08:00:00,105.292,106.268,105.168,106.253,596857,2024-02-09 08:59:59.999,56418.67464168,6907,285002,26934.9265069,0
2024-02-09 09:00:00,106.255,106.46,104.8,105.3,835935,2024-02-09 09:59:59.999,79186.51211735,9905,339978,32209.73492452,0
2024-02-09 10:00:00,105.315,105.671,105.1,105.571,307459,2024-02-09 10:59:59.999,29173.77774229,4106,177034,16796.56786511,0
2024-02-09 11:00:00,105.573,106.239,104.306,105.961,1432768,2024-02-09 11:59:59.999,136157.12661746,16231,688065,65386.58500225,0
2024-02-09 12:00:00,105.961,107.09,105.384,105.754,1308284,2024-02-09 12:59:59.999,123098.1180952,19588,589419,55448.82208115,0
2024-02-09 13:00:00,105.761,106.04,105.0,106.03,952363,2024-02-09 13:59:59.999,90291.9098304,13063,432903,41038.1964101,0
2024-02-09 14:00:00,106.023,106.578,104.516,104.984,1198697,2024-02-09 14:59:59.999,113837.55103607,16553,490292,46543.66755287,0
2024-02-09 15:00:00,104.978,105.85,104.155,105.701,832172,2024-02-09 15:59:59.999,79305.09199728,12132,372599,35481.77528962,0
2024-02-09 16:00:00,105.713,106.081,104.429,105.042,755372,2024-02-09 16:59:59.999,71759.54504557,11557,282565,26838.21443255,0
2024-02-09 17:00:00,105.052,105.572,104.816,105.35,404147,2024-02-09 17:59:59.999,38409.78409217,6203,143398,13631.68589262,0
2024-02-09 18:00:00,105.362,106.562,105.239,105.783,971632,2024-02-09 18:59:59.999,91596.59581696,12448,465662,43911.26700267,0
2024-02-09 19:00:00,105.795,106.108,104.938,105.052,533207,2024-02-09 19:59:59.999,50561.0939662,8030,284287,26943.01893514,0
2024-02-09 20:00:00,105.06,105.528,104.918,105.205,243305,2024-02-09 20:59:59.999,23121.65586521,4910,123301,11716.96713062,0
2024-02-09 21:00:00,105.224,109.093,105.135,109.005,1226171,2024-02-09 21:59:59.999,114478.14904971,16304,617631,57641.67879138,0
2024-02-09 22:00:00,108.999,109.263,107.718,107.936,1044603,2024-02-09 22:59:59.999,96366.34410063,12963,494194,45594.19948983,0
2024-02-09 23:00:00,107.931,108.323,106.8,107.007,716312,2024-02-09 23:59:59.999,66590.61152502,8978,281603,26196.08455653,0
2024-02-10 00:00:00,106.999,108.272,106.953,107.646,437794,2024-02-10 00:59:59.999,40722.75031809,6678,228716,21272.9955119,0
2024-02-10 01:00:00,107.656,109.153,107.453,108.884,495550,2024-02-10 01:59:59.999,45648.31841981,7540,243800,22455.15297112,0
2024-02-10 02:00:00,108.876,109.969,108.817,109.34,528403,2024-02-10 02:59:59.999,48253.60849341,8280,256424,23415.44855747,0
2024-02-10 03:00:00,109.36,110.776,109.335,110.74,491408,2024-02-10 03:59:59.999,44651.34743077,7345,269845,24520.81518996,0
2024-02-10 04:00:00,110.729,110.911,109.853,110.217,523493,2024-02-10 04:59:59.999,47498.18175364,6715,245952,22317.62879013,0
2024-02-10 05:00:00,110.218,110.498,109.882,110.179,322487,2024-02-10 05:59:59.999,29271.28343865,4370,147133,13352.44904481,0
2024-02-10 06:00:00,110.183,110.198,108.828,109.054,642111,2024-02-10 06:59:59.999,58692.83225247,5909,250334,22876.17062665,0
2024-02-10 07:00:00,109.058,109.348,108.765,108.97,644891,2024-02-10 07:59:59.999,59137.39554525,5529,301100,27605.72280811,0
2024-02-10 08:00:00,108.95,109.701,108.214,108.288,542828,2024-02-10 08:59:59.999,49821.91550127,5960,240070,22018.02328196,0
2024-02-10 09:00:00,108.288,109.259,108.228,109.064,754668,2024-02-10 09:59:59.999,69345.48287872,8250,390277,35851.89931228,0
2024-02-10 10:00:00,109.063,109.16,107.317,107.478,875047,2024-02-10 10:59:59.999,80735.46516915,10365,394931,36426.6187463,0
2024-02-10 11:00:00,107.488,108.481,107.341,108.215,438369,2024-02-10 11:59:59.999,40593.94743551,5912,212056,19631.10647915,0
2024-02-10 12:00:00,108.217,108.282,107.534,107.896,261844,2024-02-10 12:59:59.999,24259.55400563,4313,125959,11667.21150238,0
2024-02-10 13:00:00,107.895,108.193,107.244,108.13,336242,2024-02-10 13:59:59.999,31188.84390773,5171,190691,17685.87118107,0
2024-02-10 14:00:00,108.136,108.758,108.073,108.313,367752,2024-02-10 14:59:59.999,33921.99387687,4858,202059,18638.52207301,0
2024-02-10 15:00:00,108.323,108.843,108.256,108.591,208705,2024-02-10 15:59:59.999,19212.67782351,2967,97580,8984.17235976,0
2024-02-10 16:00:00,108.578,108.749,108.001,108.496,152208,2024-02-10 16:59:59.999,14044.95026695,2845,74264,6852.44146868,0
2024-02-10 17:00:00,108.514,108.777,107.806,107.903,172380,2024-02-10 17:59:59.999,15931.29656328,2850,90685,8381.60536308,0
2024-02-10 18:00:00,107.904,109.59,107.881,109.24,248379,2024-02-10 18:59:59.999,22814.16723222,4191,122600,11264.97145941,0
2024-02-10 19:00:00,109.245,109.61,108.942,109.249,252388,2024-02-10 19:59:59.999,23092.84255824,4229,134131,12270.78300012,0
2024-02-10 20:00:00,109.231,110.475,108.788,109.354,413475,2024-02-10 20:59:59.999,37681.24297373,6185,197944,18039.84559209,0
2024-02-10 21:00:00,109.372,110.349,109.117,109.863,373732,2024-02-10 21:59:59.999,34089.93505216,6499,211533,19299.040223,0
2024-02-10 22:00:00,109.864,110.022,108.605,109.384,355786,2024-02-10 22:59:59.999,32557.36589924,5838,153600,14064.05004683,0
2024-02-10 23:00:00,109.383,109.842,108.704,109.027,317491,2024-02-10 23:59:59.999,29067.23466551,4735,144021,13188.08474347,0
2024-02-11 00:00:00,109.015,109.218,108.417,108.956,308247,2024-02-11 00:59:59.999,28334.64123768,4826,147832,13589.29086487,0
2024-02-11 01:00:00,108.925,108.983,107.826,108.273,392519,2024-02-11 01:59:59.999,36251.6907459,5096,178162,16445.6053395,0
2024-02-11 02:00:00,108.299,108.608,107.831,108.102,211026,2024-02-11 02:59:59.999,19516.27627645,3455,99181,9171.97557503,0
2024-02-11 03:00:00,108.115,109.808,108.084,109.51,445918,2024-02-11 03:59:59.999,40842.53278047,7086,234876,21516.85927741,0
2024-02-11 04:00:00,109.511,109.998,109.067,109.337,436001,2024-02-11 04:59:59.999,39774.08457829,6619,210303,19184.59140694,0
2024-02-11 05:00:00,109.325,109.526,108.828,109.09,215681,2024-02-11 05:59:59.999,19759.43334305,3123,98036,8979.5748326,0
2024-02-11 06:00:00,109.101,109.518,108.85,109.356,186479,2024-02-11 06:59:59.999,17069.71430493,2770,114133,10445.03820067,0
2024-02-11 07:00:00,109.385,109.84,108.867,109.267,301106,2024-02-11 07:59:59.999,27520.50832498,4369,134167,12262.58995567,0
2024-02-11 08:00:00,109.3,109.576,109.001,109.107,209050,2024-02-11 08:59:59.999,19129.82676839,3152,78373,7174.99087447,0
2024-02-11 09:00:00,109.121,110.265,109.107,110.104,284411,2024-02-11 09:59:59.999,25917.93125767,4198,157374,14346.94376952,0
2024-02-11 10:00:00,110.089,110.419,108.6,109.416,647803,2024-02-11 10:59:59.999,59121.34263236,8061,339557,30986.36229048,0
2024-02-11 11:00:00,109.427,109.957,109.173,109.802,325453,2024-02-11 11:59:59.999,29702.37365993,4961,165856,15137.60556,0
2024-02-11 12:00:00,109.792,110.77,109.658,109.689,481997,2024-02-11 12:59:59.999,43739.8772686,7858,231240,20983.09697124,0
2024-02-11 13:00:00,109.696,109.959,109.171,109.227,363583,2024-02-11 13:59:59.999,33214.09494218,5244,172345,15742.81634536,0
2024-02-11 14:00:00,109.228,109.608,108.712,109.585,443768,2024-02-11 14:59:59.999,40632.08191813,5254,223020,20418.30866253,0
2024-02-11 15:00:00,109.593,109.594,108.8,108.874,279174,2024-02-11 15:59:59.999,25609.97645482,3599,116554,10692.55275232,0
2024-02-11 16:00:00,108.868,109.016,108.1,108.5,391659,2024-02-11 16:59:59.999,36092.5153723,5321,178308,16428.97385601,0
2024-02-11 17:00:00,108.511,109.162,108.383,108.957,296940,2024-02-11 17:59:59.999,27255.74309386,3854,135203,12409.2393164,0
2024-02-11 18:00:00,108.957,108.985,107.711,108.43,434859,2024-02-11 18:59:59.999,40165.3179068,5299,189833,17533.33593719,0
2024-02-11 19:00:00,108.431,108.713,108.1,108.242,154656,2024-02-11 19:59:59.999,14270.59614191,2815,78573,7251.21668745,0
2024-02-11 20:00:00,108.259,108.836,107.303,107.405,514492,2024-02-11 20:59:59.999,47708.41935133,6244,210774,19540.72981561,0
2024-02-11 21:00:00,107.404,107.884,107.397,107.44,281941,2024-02-11 21:59:59.999,26209.15842657,3769,151067,14043.30829405,0
2024-02-11 22:00:00,107.431,107.857,107.33,107.59,182714,2024-02-11 22:59:59.999,16980.16912507,2421,94852,8814.87829683,0
2024-02-11 23:00:00,107.589,107.711,107.323,107.559,199310,2024-02-11 23:59:59.999,18539.98417518,3091,91228,8485.82866377,0
2024-02-12 00:00:00,107.571,109.42,107.477,108.72,541133,2024-02-12 00:59:59.999,49773.33787223,7941,276674,25466.16497925,0
2024-02-12 01:00:00,108.719,108.759,107.761,108.082,364667,2024-02-12 01:59:59.999,33699.00485871,5042,163352,15096.85030032,0
2024-02-12 02:00:00,108.094,108.278,104.531,105.95,1478935,2024-02-12 02:59:59.999,139527.05391545,17061,587161,55415.3459009,0
2024-02-12 03:00:00,105.957,106.685,105.556,106.33,505815,2024-02-12 03:59:59.999,47608.60783815,6158,236383,22256.98480076,0
2024-02-12 04:00:00,106.352,106.352,105.573,105.613,394226,2024-02-12 04:59:59.999,37235.39325731,4594,151523,14311.6383171,0
2024-02-12 05:00:00,105.649,106.117,105.395,105.54,206872,2024-02-12 05:59:59.999,19544.13207825,3060,96586,9125.71106748,0
2024-02-12 06:00:00,105.543,105.936,104.687,105.475,550573,2024-02-12 06:59:59.999,52350.0003338,7122,261197,24831.84233429,0
2024-02-12 07:00:00,105.475,106.444,105.47,105.999,393656,2024-02-12 07:59:59.999,37132.68662252,6031,196789,18558.16883643,0
2024-02-12 08:00:00,106.014,106.414,105.519,105.811,193939,2024-02-12 08:59:59.999,18291.7485205,3139,98484,9285.04354193,0
2024-02-12 09:00:00,105.789,105.852,104.65,104.824,353993,2024-02-12 09:59:59.999,33651.29396551,4821,149236,14185.15947296,0
2024-02-12 10:00:00,104.825,105.314,104.341,104.608,455653,2024-02-12 10:59:59.999,43447.39345,6172,214533,20445.95631172,0
2024-02-12 11:00:00,104.605,104.719,103.455,104.314,908236,2024-02-12 11:59:59.999,87322.47530779,10259,382768,36809.81249099,0
2024-02-12 12:00:00,104.3,104.897,103.912,104.572,422931,2024-02-12 12:59:59.999,40494.2502091,6182,213403,20429.78253161,0
2024-02-12 13:00:00,104.583,104.768,104.216,104.574,213145,2024-02-12 13:59:59.999,20397.5198088,4345,99096,9483.77978258,0
2024-02-12 14:00:00,104.574,106.8,104.516,106.701,824228,2024-02-12 14:59:59.999,77858.19169149,11769,447763,42306.66934184,0
2024-02-12 15:00:00,106.701,109.072,106.219,108.938,2002145,2024-02-12 15:59:59.999,185766.23677649,25953,1062013,98545.70659297,0
2024-02-12 16:00:00,108.923,109.336,107.6,108.806,1260470,2024-02-12 16:59:59.999,116164.87723083,17170,620995,57215.35332351,0
2024-02-12 17:00:00,108.8,110.933,108.632,109.849,1589514,2024-02-12 17:59:59.999,144783.98888082,22523,823310,74997.2401734,0
2024-02-12 18:00:00,109.841,110.697,109.318,109.78,1545920,2024-02-12 18:59:59.999,140337.38798497,16201,627061,56891.29010153,0
2024-02-12 19:00:00,109.757,111.5,109.66,109.892,1127651,2024-02-12 19:59:59.999,102031.40589942,14893,594018,53740.15108756,0
2024-02-12 20:00:00,109.892,111.072,109.8,111.045,456289,2024-02-12 20:59:59.999,41353.24123327,7458,245159,22214.07765412,0
2024-02-12 21:00:00,111.051,111.93,110.136,110.36,673051,2024-02-12 21:59:59.999,60615.72701386,10359,324721,29236.45686734,0
2024-02-12 22:00:00,110.36,111.695,110.36,111.695,308941,2024-02-12 22:59:59.999,27843.42123262,5228,159248,14358.3117946,0
2024-02-12 23:00:00,111.7,112.393,111.101,111.8,571499,2024-02-12 23:59:59.999,51152.81002458,8404,278964,24963.60428072,0
2024-02-13 00:00:00,111.8,115.168,111.8,114.123,1209474,2024-02-13 00:59:59.999,106193.95416457,18579,654282,57465.87494283,0
2024-02-13 01:00:00,114.14,114.653,113.604,114.421,742577,2024-02-13 01:59:59.999,65105.67127696,11688,315924,27693.24028675,0
2024-02-13 02:00:00,114.42,114.603,113.238,113.716,624289,2024-02-13 02:59:59.999,54796.37187151,9246,259013,22726.56640989,0
2024-02-13 03:00:00,113.712,114.205,112.896,113.149,567688,2024-02-13 03:59:59.999,49967.56656312,9012,250722,22067.5410726,0
2024-02-13 04:00:00,113.15,114.375,113.124,113.974,510449,2024-02-13 04:59:59.999,44827.86499029,7185,198008,17387.5189372,0
2024-02-13 05:00:00,113.965,114.259,113.738,114.249,249930,2024-02-13 05:59:59.999,21920.98482001,3488,116697,10234.49759481,0
2024-02-13 06:00:00,114.243,114.723,113.737,113.893,363175,2024-02-13 06:59:59.999,31817.56277371,4590,197901,17339.15334803,0
2024-02-13 07:00:00,113.9,114.5,113.54,114.126,400484,2024-02-13 07:59:59.999,35117.37728687,4922,179200,15717.77885997,0
2024-02-13 08:00:00,114.104,115.346,113.918,114.721,577781,2024-02-13 08:59:59.999,50387.37064624,6672,289953,25280.15037929,0
2024-02-13 09:00:00,114.709,114.905,114.07,114.829,437608,2024-02-13 09:59:59.999,38224.62082101,5602,235898,20602.00289685,0
2024-02-13 10:00:00,114.829,114.829,113.412,113.563,584869,2024-02-13 10:59:59.999,51312.17463268,6073,263322,23096.91143838,0
2024-02-13 11:00:00,113.574,114.232,113.0,114.232,785678,2024-02-13 11:59:59.999,69211.06533564,7904,347341,30581.59541679,0
2024-02-13 12:00:00,114.232,114.311,113.362,113.665,398170,2024-02-13 12:59:59.999,34974.89043606,5675,154425,13569.12928381,0
2024-02-13 13:00:00,113.664,114.058,110.82,112.28,1942070,2024-02-13 13:59:59.999,172818.32337516,21316,800085,71198.41311023,0
2024-02-13 14:00:00,112.264,112.741,108.809,110.0,2284361,2024-02-13 14:59:59.999,206606.5226613,29901,1039659,93984.06281099,0
2024-02-13 15:00:00,110.032,111.238,109.15,110.434,973315,2024-02-13 15:59:59.999,88311.43816856,14516,483430,43856.05250827,0
2024-02-13 16:00:00,110.433,110.753,108.5,108.656,772563,2024-02-13 16:59:59.999,70525.25375388,11405,338357,30856.78549676,0
2024-02-13 17:00:00,108.656,110.443,108.4,110.344,656351,2024-02-13 17:59:59.999,59978.16538416,10105,326087,29789.48326539,0
2024-02-13 18:00:00,110.337,112.155,110.221,111.5,593063,2024-02-13 18:59:59.999,53274.84859946,9056,307150,27599.94639136,0
2024-02-13 19:00:00,111.527,112.539,111.018,111.647,602411,2024-02-13 19:59:59.999,53819.50301697,9424,347841,31057.81798685,0
2024-02-13 20:00:00,111.672,113.077,111.616,112.688,523875,2024-02-13 20:59:59.999,46601.19710818,7996,289088,25711.26030766,0
2024-02-13 21:00:00,112.688,113.893,112.359,113.086,608397,2024-02-13 21:59:59.999,53707.82287371,8890,324708,28668.43855712,0
2024-02-13 22:00:00,113.101,113.514,112.016,112.203,520436,2024-02-13 22:59:59.999,46243.17857046,7273,260526,23156.92230655,0
2024-02-13 23:00:00,112.204,112.819,111.767,112.613,361442,2024-02-13 23:59:59.999,32217.91006316,5649,183066,16313.61866086,0
2024-02-14 00:00:00,112.607,112.682,110.832,111.352,587229,2024-02-14 00:59:59.999,52667.81010105,8792,247334,22183.43041184,0
2024-02-14 01:00:00,111.352,112.028,110.815,111.425,506529,2024-02-14 01:59:59.999,45437.99916746,8059,228838,20531.10571022,0
2024-02-14 02:00:00,111.439,111.76,110.909,111.352,250017,2024-02-14 02:59:59.999,22434.38938459,4364,121135,10869.2031915,0
2024-02-14 03:00:00,111.345,112.232,111.278,112.004,275919,2024-02-14 03:59:59.999,24652.51843344,3951,146624,13098.36664177,0
2024-02-14 04:00:00,112.001,112.248,111.356,111.738,255467,2024-02-14 04:59:59.999,22851.61312642,4599,113903,10188.86410422,0
2024-02-14 05:00:00,111.738,113.395,111.703,113.015,363781,2024-02-14 05:59:59.999,32279.99687137,5658,199732,17727.64272972,0
2024-02-14 06:00:00,113.018,113.103,112.503,112.642,320537,2024-02-14 06:59:59.999,28422.47928238,4624,113584,10072.22740909,0
2024-02-14 07:00:00,112.638,113.435,112.629,113.191,402768,2024-02-14 07:59:59.999,35625.29078762,5068,233763,20681.34995921,0
2024-02-14 08:00:00,113.171,114.986,112.879,114.932,809603,2024-02-14 08:59:59.999,71075.66004517,10558,419861,36856.82019276,0
2024-02-14 09:00:00,114.92,116.484,114.653,116.178,1851998,2024-02-14 09:59:59.999,160255.23165395,24477,926233,80155.76735979,0
2024-02-14 10:00:00,116.179,116.357,115.072,115.516,808106,2024-02-14 10:59:59.999,69828.16675839,11315,367132,31720.32150478,0
2024-02-14 11:00:00,115.504,116.122,114.455,115.809,652141,2024-02-14 11:59:59.999,56539.72170584,9682,291564,25264.9443391,0
2024-02-14 12:00:00,115.809,116.271,115.192,115.563,777986,2024-02-14 12:59:59.999,67199.81487934,10222,345842,29875.23131782,0
2024-02-14 13:00:00,115.58,118.362,115.541,118.16,1618807,2024-02-14 13:59:59.999,137970.65158866,20485,973036,82937.05158412,0
2024-02-14 14:00:00,118.162,118.899,117.372,118.082,1366846,2024-02-14 14:59:59.999,115686.78033748,18253,653941,55321.14417179,0
2024-02-14 15:00:00,118.074,118.235,116.116,117.052,1640068,2024-02-14 15:59:59.999,139908.12327967,19994,823505,70209.19540558,0
2024-02-14 16:00:00,117.067,117.225,115.8,116.332,1079542,2024-02-14 16:59:59.999,92536.188682,15328,461842,39566.2680243,0
2024-02-14 17:00:00,116.332,116.939,115.6,116.044,629716,2024-02-14 17:59:59.999,54147.78291661,8870,328372,28224.60236064,0
2024-02-14 18:00:00,116.044,116.165,115.23,115.807,583322,2024-02-14 18:59:59.999,50433.30171333,7601,264044,22822.07628137,0
2024-02-14 19:00:00,115.812,116.699,115.357,116.256,719903,2024-02-14 19:59:59.999,62017.57008904,9047,386857,33330.05217612,0
2024-02-14 20:00:00,116.252,116.873,116.12,116.428,348370,2024-02-14 20:59:59.999,29913.83116383,5462,182837,15698.89544537,0
2024-02-14 21:00:00,116.434,117.158,116.16,117.137,418925,2024-02-14 21:59:59.999,35940.1560336,5466,208436,17878.44492323,0
2024-02-14 22:00:00,117.142,117.439,116.595,117.331,290906,2024-02-14 22:59:59.999,24858.8667761,3894,159012,13588.89180811,0
2024-02-14 23:00:00,117.301,117.491,116.895,117.172,452485,2024-02-14 23:59:59.999,38601.58951471,5935,238031,20307.61627701,0
2024-02-15 00:00:00,117.179,118.612,117.087,118.214,848449,2024-02-15 00:59:59.999,71921.88723268,12407,449928,38146.12467896,0
2024-02-15 01:00:00,118.214,118.278,116.153,116.731,913991,2024-02-15 01:59:59.999,78147.13351494,12636,413084,35332.17560148,0
2024-02-15 02:00:00,116.716,117.492,116.589,116.898,360231,2024-02-15 02:59:59.999,30787.30875793,5963,187607,16033.33568134,0
2024-02-15 03:00:00,116.897,117.83,116.849,117.46,278522,2024-02-15 03:59:59.999,23730.73736551,4555,145465,12395.3724694,0
2024-02-15 04:00:00,117.468,117.502,116.384,116.506,378480,2024-02-15 04:59:59.999,32391.22135935,6066,184053,15751.85167198,0
2024-02-15 05:00:00,116.519,116.699,115.247,115.591,728458,2024-02-15 05:59:59.999,62867.8510258,8054,287166,24777.02662763,0
2024-02-15 06:00:00,115.592,115.924,114.815,115.177,663507,2024-02-15 06:59:59.999,57478.0366282,7456,298994,25893.25792778,0
2024-02-15 07:00:00,115.176,116.022,114.941,115.248,618647,2024-02-15 07:59:59.999,53552.83262365,6854,275332,23823.51212457,0
2024-02-15 08:00:00,115.228,115.868,114.911,115.781,387671,2024-02-15 08:59:59.999,33603.19637905,5106,190011,16473.00832102,0
2024-02-15 09:00:00,115.78,116.512,115.558,116.507,505166,2024-02-15 09:59:59.999,43497.91063197,6239,291573,25109.48216654,0
2024-02-15 10:00:00,116.506,117.216,116.372,116.843,499293,2024-02-15 10:59:59.999,42715.70516894,6476,256076,21911.19923971,0
2024-02-15 11:00:00,116.856,117.104,115.823,116.26,706626,2024-02-15 11:59:59.999,60694.48402168,8456,279202,23969.07505574,0
2024-02-15 12:00:00,116.254,116.912,115.341,116.199,686442,2024-02-15 12:59:59.999,59106.66486786,9862,318835,27443.07888558,0
2024-02-15 13:00:00,116.188,116.565,115.444,116.215,612735,2024-02-15 13:59:59.999,52828.32087646,8029,302064,26037.30802185,0
2024-02-15 14:00:00,116.215,117.452,115.701,117.026,892000,2024-02-15 14:59:59.999,76453.40518291,12586,435622,37332.66146957,0
2024-02-15 15:00:00,117.053,117.271,113.148,114.218,2617186,2024-02-15 15:59:59.999,228077.43298845,32147,1153499,100469.35520073,0
2024-02-15 16:00:00,114.226,115.25,113.087,114.358,1322429,2024-02-15 16:59:59.999,115779.21928461,17604,649529,56832.77776472,0
2024-02-15 17:00:00,114.336,114.63,113.433,113.543,552983,2024-02-15 17:59:59.999,48511.20248455,9315,248700,21819.36257495,0
2024-02-15 18:00:00,113.543,114.259,113.27,113.801,386354,2024-02-15 18:59:59.999,33936.87432543,7055,204332,17947.8878431,0
2024-02-15 19:00:00,113.811,114.595,113.36,114.219,505702,2024-02-15 19:59:59.999,44422.50311374,7621,264838,23267.66903674,0
2024-02-15 20:00:00,114.205,114.612,113.259,113.34,560341,2024-02-15 20:59:59.999,49207.85766019,8845,267178,23458.70690101,0
2024-02-15 21:00:00,113.342,114.005,111.907,112.212,967154,2024-02-15 21:59:59.999,85623.52762869,13385,388894,34387.66222079,0
2024-02-15 22:00:00,112.22,113.267,111.75,112.199,659842,2024-02-15 22:59:59.999,58580.02139306,9004,267074,23697.28480727,0
2024-02-15 23:00:00,112.199,113.845,112.013,113.694,601003,2024-02-15 23:59:59.999,53093.56259297,7812,337578,29832.98950854,0
2024-02-16 00:00:00,113.696,113.932,112.356,113.528,884585,2024-02-16 00:59:59.999,78126.15999493,12156,365103,32242.43739389,0
2024-02-16 01:00:00,113.476,113.784,112.659,113.636,657526,2024-02-16 01:59:59.999,58020.2580677,9647,370885,32723.33591044,0
2024-02-16 02:00:00,113.636,114.336,113.193,114.228,519980,2024-02-16 02:59:59.999,45686.86072906,6810,280120,24611.56953392,0
2024-02-16 03:00:00,114.228,114.444,113.651,114.055,379948,2024-02-16 03:59:59.999,33326.33176108,5775,185116,16236.40080431,0
2024-02-16 04:00:00,114.049,114.187,113.272,113.488,343529,2024-02-16 04:59:59.999,30210.1109996,4824,160658,14124.64662012,0
2024-02-16 05:00:00,113.491,113.555,113.092,113.287,246615,2024-02-16 05:59:59.999,21768.06607715,3828,113128,9986.3522984,0
2024-02-16 06:00:00,113.283,113.54,112.535,112.704,351833,2024-02-16 06:59:59.999,31092.70013787,5528,174646,15434.75247253,0
2024-02-16 07:00:00,112.713,112.887,111.561,111.621,793475,2024-02-16 07:59:59.999,70784.42845792,9570,320028,28549.12450256,0
2024-02-16 08:00:00,111.62,112.323,110.996,111.287,792443,2024-02-16 08:59:59.999,70967.75495,9563,384572,34441.14491458,0
2024-02-16 09:00:00,111.288,111.66,110.167,111.352,1173154,2024-02-16 09:59:59.999,105689.27352427,16067,535621,48239.5595812,0
2024-02-16 10:00:00,111.336,112.564,110.99,112.54,549678,2024-02-16 10:59:59.999,49128.62976241,7638,301871,26979.89683598,0
2024-02-16 11:00:00,112.54,112.8,111.974,112.242,440896,2024-02-16 11:59:59.999,39222.64101418,6690,198370,17643.49226033,0
2024-02-16 12:00:00,112.213,113.309,111.803,113.14,520245,2024-02-16 12:59:59.999,46140.39137028,7049,299000,26522.83125611,0
2024-02-16 13:00:00,113.14,113.232,111.827,112.424,647708,2024-02-16 13:59:59.999,57595.82698567,9128,303650,26999.28705345,0
2024-02-16 14:00:00,112.446,112.627,109.262,109.887,1593621,2024-02-16 14:59:59.999,143996.23384614,22236,653714,59026.91291868,0
2024-02-16 15:00:00,109.891,109.891,108.003,109.777,1633709,2024-02-16 15:59:59.999,149876.20285086,21109,733432,67274.69518572,0
2024-02-16 16:00:00,109.777,110.545,108.944,109.444,918361,2024-02-16 16:59:59.999,83577.13882751,12402,459061,41780.82820844,0
2024-02-16 17:00:00,109.447,109.611,108.808,109.072,483600,2024-02-16 17:59:59.999,44287.43555446,7964,229093,20981.39021563,0
2024-02-16 18:00:00,109.082,109.512,108.313,109.364,377808,2024-02-16 18:59:59.999,34713.07252356,6405,213674,19636.3010917,0
2024-02-16 19:00:00,109.379,109.82,108.387,108.78,463868,2024-02-16 19:59:59.999,42497.3212473,6710,197362,18075.5120922,0
2024-02-16 20:00:00,108.749,109.59,108.461,109.581,347052,2024-02-16 20:59:59.999,31779.37213654,5515,174611,15992.10285398,0
2024-02-16 21:00:00,109.599,109.92,108.977,109.635,272114,2024-02-16 21:59:59.999,24850.0857218,4574,148220,13536.48843698,0
2024-02-16 22:00:00,109.628,109.949,109.231,109.863,265131,2024-02-16 22:59:59.999,24193.88304096,3483,166600,15197.94506559,0
2024-02-16 23:00:00,109.864,110.861,109.751,110.465,369380,2024-02-16 23:59:59.999,33480.2511706,5096,205902,18661.61298242,0
2024-02-17 00:00:00,110.473,111.208,110.246,110.691,425910,2024-02-17 00:59:59.999,38455.81663863,5592,224163,20240.97452508,0
2024-02-17 01:00:00,110.696,110.951,109.351,109.925,469956,2024-02-17 01:59:59.999,42674.49314076,6067,217762,19778.5198903,0
2024-02-17 02:00:00,109.927,110.107,109.381,109.869,305939,2024-02-17 02:59:59.999,27853.40948838,4513,153673,13990.71907193,0
2024-02-17 03:00:00,109.881,110.211,109.293,110.029,289547,2024-02-17 03:59:59.999,26384.77953411,4696,132055,12032.4580289,0
2024-02-17 04:00:00,110.029,110.086,109.406,109.491,262224,2024-02-17 04:59:59.999,23890.91618171,4194,119355,10876.36415546,0
2024-02-17 05:00:00,109.495,109.609,108.768,109.595,350502,2024-02-17 05:59:59.999,32091.41723206,5151,160333,14675.57603671,0
2024-02-17 06:00:00,109.588,109.951,109.47,109.747,295217,2024-02-17 06:59:59.999,26900.17807709,3836,143698,13094.84412375,0
2024-02-17 07:00:00,109.747,110.548,109.653,110.445,226736,2024-02-17 07:59:59.999,20585.2454834,3136,110262,10010.90807261,0
2024-02-17 08:00:00,110.445,110.936,109.224,109.432,563553,2024-02-17 08:59:59.999,51173.02043136,7726,257355,23366.97929439,0
2024-02-17 09:00:00,109.435,109.628,108.566,108.793,565295,2024-02-17 09:59:59.999,51858.53423516,8499,242290,22222.66811371,0
2024-02-17 10:00:00,108.792,109.419,108.475,109.396,482113,2024-02-17 10:59:59.999,44250.93987436,7360,235119,21580.76979429,0
2024-02-17 11:00:00,109.384,109.87,109.233,109.504,340905,2024-02-17 11:59:59.999,31127.5015817,4712,158091,14437.49504726,0
2024-02-17 12:00:00,109.5,109.676,109.107,109.116,294009,2024-02-17 12:59:59.999,26880.36141689,4565,132643,12128.5426844,0
2024-02-17 13:00:00,109.106,109.106,106.789,107.018,1506133,2024-02-17 13:59:59.999,140059.4449959,21051,660923,61458.23986625,0
2024-02-17 14:00:00,107.017,107.371,105.672,107.121,1864412,2024-02-17 14:59:59.999,175043.09766027,23463,858196,80563.13359816,0
2024-02-17 15:00:00,107.089,107.696,106.465,107.305,620280,2024-02-17 15:59:59.999,57903.47459437,9132,319567,29829.37852775,0
2024-02-17 16:00:00,107.291,107.467,106.608,107.101,563269,2024-02-17 16:59:59.999,52642.10600787,7194,296090,27676.26126542,0
2024-02-17 17:00:00,107.097,107.935,107.078,107.772,337579,2024-02-17 17:59:59.999,31367.53692714,5150,184970,17188.62647364,0
2024-02-17 18:00:00,107.77,107.819,107.323,107.607,210817,2024-02-17 18:59:59.999,19603.24920436,3292,95633,8892.92553403,0
2024-02-17 19:00:00,107.607,108.17,107.381,108.114,241285,2024-02-17 19:59:59.999,22370.25972042,3612,132418,12278.06911839,0
2024-02-17 20:00:00,108.104,108.559,107.848,108.454,220162,2024-02-17 20:59:59.999,20341.554592,3445,121072,11185.58367201,0
2024-02-17 21:00:00,108.455,109.763,108.083,109.364,522385,2024-02-17 21:59:59.999,47859.78415562,7662,265498,24322.68651368,0
2024-02-17 22:00:00,109.364,109.726,109.16,109.312,197309,2024-02-17 22:59:59.999,18036.95002161,3000,88874,8124.16300695,0
2024-02-17 23:00:00,109.319,109.396,108.893,109.016,239240,2024-02-17 23:59:59.999,21915.02929733,3561,101411,9289.425453,0
2024-02-18 00:00:00,109.02,109.893,108.751,109.285,386500,2024-02-18 00:59:59.999,35391.95157711,5212,209096,19138.50906093,0
2024-02-18 01:00:00,109.285,109.639,108.196,108.403,331320,2024-02-18 01:59:59.999,30423.93151468,4933,144695,13281.41511854,0
2024-02-18 02:00:00,108.415,108.676,107.612,107.826,480319,2024-02-18 02:59:59.999,44430.12533271,6809,226108,20913.89676734,0
2024-02-18 03:00:00,107.825,108.49,107.732,108.467,324645,2024-02-18 03:59:59.999,30049.34879702,4639,158219,14645.49230043,0
2024-02-18 04:00:00,108.467,109.265,108.421,109.077,303857,2024-02-18 04:59:59.999,27908.63631551,4325,162378,14913.60985469,0
2024-02-18 05:00:00,109.089,109.763,109.007,109.594,230655,2024-02-18 05:59:59.999,21067.94935683,3720,117045,10693.73900095,0
2024-02-18 06:00:00,109.595,109.7,108.158,108.63,250472,2024-02-18 06:59:59.999,22992.94012432,3885,113268,10404.08506427,0
2024-02-18 07:00:00,108.647,109.678,108.375,109.331,430336,2024-02-18 07:59:59.999,39420.49899164,5138,239412,21931.21540598,0
2024-02-18 08:00:00,109.312,109.5,108.933,109.424,213207,2024-02-18 08:59:59.999,19527.74409295,3501,99540,9116.40002707,0
2024-02-18 09:00:00,109.431,111.127,109.43,111.015,689416,2024-02-18 09:59:59.999,62478.95985142,9165,413810,37485.10766791,0
2024-02-18 10:00:00,111.01,113.099,110.98,111.637,1643683,2024-02-18 10:59:59.999,146560.95196648,19831,819830,73109.68168392,0
2024-02-18 11:00:00,111.636,112.272,111.209,111.885,762575,2024-02-18 11:59:59.999,68264.99809809,9241,361444,32349.91333173,0
2024-02-18 12:00:00,111.88,112.207,110.801,110.948,603494,2024-02-18 12:59:59.999,54159.29284389,7399,268689,24102.82011668,0
2024-02-18 13:00:00,110.948,111.553,110.884,111.357,374177,2024-02-18 13:59:59.999,33633.12652847,5702,197150,17719.32753796,0
2024-02-18 14:00:00,111.345,112.592,111.345,112.248,550541,2024-02-18 14:59:59.999,49138.19430203,6620,290306,25913.7813835,0
2024-02-18 15:00:00,112.255,112.516,111.906,112.445,319590,2024-02-18 15:59:59.999,28473.74529905,4827,146877,13086.52739672,0
2024-02-18 16:00:00,112.445,113.4,111.806,112.741,636202,2024-02-18 16:59:59.999,56485.11594009,8016,343818,30519.72900953,0
2024-02-18 17:00:00,112.751,114.185,112.732,113.354,798652,2024-02-18 17:59:59.999,70326.42754093,10187,444709,39165.86763368,0
2024-02-18 18:00:00,113.353,113.769,112.756,113.572,414149,2024-02-18 18:59:59.999,36582.93070631,6269,209234,18474.36795003,0
2024-02-18 19:00:00,113.573,113.726,112.62,112.875,403396,2024-02-18 19:59:59.999,35653.12826446,6032,200433,17719.12391689,0
2024-02-18 20:00:00,112.868,113.315,112.0,112.553,507603,2024-02-18 20:59:59.999,45133.43770249,6919,263055,23385.46902933,0
2024-02-18 21:00:00,112.537,113.591,112.537,113.179,297731,2024-02-18 21:59:59.999,26339.82637047,4666,147885,13086.07047483,0
2024-02-18 22:00:00,113.178,113.783,112.287,112.893,505528,2024-02-18 22:59:59.999,44643.41022787,7914,242901,21452.13685417,0
2024-02-18 23:00:00,112.895,113.317,112.111,112.36,452562,2024-02-18 23:59:59.999,40170.51098121,7021,215003,19088.69538984,0
2024-02-19 00:00:00,112.36,113.078,112.174,112.504,444571,2024-02-19 00:59:59.999,39479.12320855,7432,229909,20421.33314641,0
2024-02-19 01:00:00,112.511,112.517,111.816,112.344,448945,2024-02-19 01:59:59.999,40031.33167871,6466,242935,21658.24541627,0
2024-02-19 02:00:00,112.343,112.585,111.689,112.225,412130,2024-02-19 02:59:59.999,36741.46796301,5379,198824,17725.75242368,0
2024-02-19 03:00:00,112.224,112.351,111.301,111.815,492363,2024-02-19 03:59:59.999,44049.388849,6663,187717,16796.70250154,0
2024-02-19 04:00:00,111.801,112.363,111.515,112.114,246216,2024-02-19 04:59:59.999,21980.52846387,3921,136045,12144.92724491,0
2024-02-19 05:00:00,112.108,112.137,111.306,111.923,468499,2024-02-19 05:59:59.999,41982.86147495,5743,186792,16741.17732764,0
2024-02-19 06:00:00,111.931,113.235,111.883,112.558,665126,2024-02-19 06:59:59.999,59056.81438517,8656,322122,28602.2080113,0
2024-02-19 07:00:00,112.559,113.749,112.355,113.339,480723,2024-02-19 07:59:59.999,42500.81996867,6898,247666,21899.95849306,0
2024-02-19 08:00:00,113.339,113.5,111.725,111.822,542745,2024-02-19 08:59:59.999,48219.63033238,7819,236917,21047.41154853,0
2024-02-19 09:00:00,111.833,112.679,111.814,112.003,511032,2024-02-19 09:59:59.999,45519.51474374,6534,259298,23098.78578577,0
2024-02-19 10:00:00,112.003,112.381,110.881,112.062,1008710,2024-02-19 10:59:59.999,90312.59862743,11696,488398,43724.54011539,0
2024-02-19 11:00:00,112.062,113.07,111.955,112.791,461137,2024-02-19 11:59:59.999,40935.39398457,6828,228073,20251.89768934,0
2024-02-19 12:00:00,112.791,112.884,111.959,112.0,580065,2024-02-19 12:59:59.999,51586.62357409,8201,273024,24281.89214201,0
2024-02-19 13:00:00,112.012,115.1,111.831,113.093,2569630,2024-02-19 13:59:59.999,225688.35821926,31774,1256248,110349.7640046,0
2024-02-19 14:00:00,113.084,113.428,112.343,113.334,829922,2024-02-19 14:59:59.999,73465.91071247,10821,389127,34451.56146984,0
2024-02-19 15:00:00,113.341,115.017,113.341,113.82,1268268,2024-02-19 15:59:59.999,110983.73881756,17055,621120,54349.89417142,0
2024-02-19 16:00:00,113.819,114.272,112.464,112.782,903629,2024-02-19 16:59:59.999,79671.91236386,13465,425046,37473.97411225,0
2024-02-19 17:00:00,112.797,113.8,112.427,112.772,954251,2024-02-19 17:59:59.999,84428.07015716,14313,440421,38969.74552606,0
2024-02-19 18:00:00,112.769,112.955,112.019,112.095,668364,2024-02-19 18:59:59.999,59468.08036665,9934,290202,25821.27859742,0
2024-02-19 19:00:00,112.095,112.411,111.624,112.064,451341,2024-02-19 19:59:59.999,40303.72643785,6486,196084,17507.26018596,0
2024-02-19 20:00:00,112.046,112.617,111.691,112.203,256345,2024-02-19 20:59:59.999,22842.90944973,4196,137675,12265.44042987,0
2024-02-19 21:00:00,112.22,113.017,112.135,112.908,324478,2024-02-19 21:59:59.999,28800.32852872,4734,166565,14783.98322865,0
2024-02-19 22:00:00,112.921,113.175,111.98,112.199,331300,2024-02-19 22:59:59.999,29423.24324551,4919,134737,11965.35139105,0
2024-02-19 23:00:00,112.204,112.419,111.0,111.652,614160,2024-02-19 23:59:59.999,55064.09690275,6991,225526,20212.07344445,0
2024-02-20 00:00:00,111.652,112.236,110.8,110.865,724398,2024-02-20 00:59:59.999,64985.85590099,10472,329214,29536.43648919,0
2024-02-20 01:00:00,110.871,111.224,109.09,109.848,1188932,2024-02-20 01:59:59.999,108011.17494023,14934,471784,42861.37651526,0
2024-02-20 02:00:00,109.859,110.493,109.675,110.347,345010,2024-02-20 02:59:59.999,31365.40923884,5272,185352,16848.8051223,0
2024-02-20 03:00:00,110.348,110.493,109.525,109.571,487274,2024-02-20 03:59:59.999,44247.46820067,5535,247584,22486.79484986,0
2024-02-20 04:00:00,109.574,110.465,109.135,110.425,551853,2024-02-20 04:59:59.999,50193.78087298,6988,253516,23054.56364934,0
2024-02-20 05:00:00,110.429,110.936,110.34,110.854,355574,2024-02-20 05:59:59.999,32123.29223434,4815,192765,17416.67987602,0
2024-02-20 06:00:00,110.862,111.152,110.56,110.87,354470,2024-02-20 06:59:59.999,31975.68539908,5094,204703,18465.88604082,0
2024-02-20 07:00:00,110.86,110.906,109.33,109.536,1078779,2024-02-20 07:59:59.999,97937.55618231,10374,482845,43847.01482839,0
2024-02-20 08:00:00,109.532,109.675,108.51,109.368,830786,2024-02-20 08:59:59.999,76162.41290519,11630,398125,36495.0978803,0
2024-02-20 09:00:00,109.349,109.589,108.14,109.04,812501,2024-02-20 09:59:59.999,74666.05062316,11995,380784,34984.64867875,0
2024-02-20 10:00:00,109.048,110.135,108.932,110.067,800362,2024-02-20 10:59:59.999,72983.77057226,9953,411072,37485.83486749,0
2024-02-20 11:00:00,110.078,110.929,109.789,110.494,679203,2024-02-20 11:59:59.999,61590.48420208,10177,342769,31081.6989616,0
2024-02-20 12:00:00,110.494,110.82,109.221,109.236,920265,2024-02-20 12:59:59.999,83698.66085893,10950,419870,38188.63281749,0
2024-02-20 13:00:00,109.237,110.896,108.98,110.774,1219570,2024-02-20 13:59:59.999,110825.04878984,16508,640003,58159.98087816,0
2024-02-20 14:00:00,110.774,110.84,106.345,107.779,2609346,2024-02-20 14:59:59.999,240829.0231809,36481,1200084,110807.1836305,0
2024-02-20 15:00:00,107.778,107.896,102.274,106.652,3191546,2024-02-20 15:59:59.999,302250.95965848,52976,1439742,136301.10408575,0
2024-02-20 16:00:00,106.654,107.632,105.652,106.045,1138699,2024-02-20 16:59:59.999,106673.02195035,18817,573518,53712.87304423,0
2024-02-20 17:00:00,106.045,106.336,104.703,105.533,1075513,2024-02-20 17:59:59.999,101889.00496652,17231,526382,49861.39324742,0
2024-02-20 18:00:00,105.524,106.674,105.192,106.268,636951,2024-02-20 18:59:59.999,60132.92333513,9384,313973,29634.18616614,0
2024-02-20 19:00:00,106.287,107.502,105.927,107.394,788577,2024-02-20 19:59:59.999,73853.97483316,10217,458908,42955.71558032,0
2024-02-20 20:00:00,107.395,107.657,106.798,107.626,706630,2024-02-20 20:59:59.999,65888.96610475,9150,396302,36954.15343645,0
2024-02-20 21:00:00,107.629,107.908,107.244,107.51,350039,2024-02-20 21:59:59.999,32523.82015506,5422,170839,15875.45375231,0
2024-02-20 22:00:00,107.512,109.1,107.501,108.873,542147,2024-02-20 22:59:59.999,50048.91320231,6575,309558,28578.61656206,0
2024-02-20 23:00:00,108.9,109.78,108.381,108.423,693383,2024-02-20 23:59:59.999,63559.50672336,9656,317128,29059.89782976,0
2024-02-21 00:00:00,108.43,108.515,107.328,107.513,513394,2024-02-21 00:59:59.999,47548.06972613,7119,238608,22095.16366943,0
2024-02-21 01:00:00,107.524,108.377,107.109,107.191,546864,2024-02-21 01:59:59.999,50741.43142809,6925,253527,23521.6804952,0
2024-02-21 02:00:00,107.237,107.449,106.502,106.9,572485,2024-02-21 02:59:59.999,53532.32908691,8105,242150,22639.63648753,0
2024-02-21 03:00:00,106.899,107.325,106.598,106.719,363990,2024-02-21 03:59:59.999,34027.29454442,5127,183271,17132.20140555,0
2024-02-21 04:00:00,106.736,107.142,106.189,106.438,445319,2024-02-21 04:59:59.999,41765.00095488,5877,199088,18671.45058038,0
2024-02-21 05:00:00,106.447,107.013,106.243,106.503,316973,2024-02-21 05:59:59.999,29737.49387409,4749,157108,14741.501185,0
2024-02-21 06:00:00,106.493,107.0,105.357,105.83,759387,2024-02-21 06:59:59.999,71507.97554879,8128,362136,34084.52808557,0
2024-02-21 07:00:00,105.823,105.823,104.183,104.9,804629,2024-02-21 07:59:59.999,76614.67824456,10005,331476,31546.54459666,0
2024-02-21 08:00:00,104.915,105.664,104.781,105.256,490723,2024-02-21 08:59:59.999,46650.23161459,7258,238679,22690.90189135,0
2024-02-21 09:00:00,105.261,105.344,102.682,103.18,1540257,2024-02-21 09:59:59.999,148389.45003957,19600,670434,64580.2369604,0
2024-02-21 10:00:00,103.171,103.921,102.406,103.541,1149431,2024-02-21 10:59:59.999,111162.38892484,15942,590070,57051.28718695,0
2024-02-21 11:00:00,103.541,103.968,102.332,102.804,668811,2024-02-21 11:59:59.999,64817.21418728,10425,358279,34718.01404996,0
2024-02-21 12:00:00,102.8,104.099,101.761,103.8,1184495,2024-02-21 12:59:59.999,114852.99308897,18282,639547,61980.08430966,0
2024-02-21 13:00:00,103.811,104.444,102.751,103.303,1064496,2024-02-21 13:59:59.999,102941.57159182,13320,579794,56057.52113332,0
2024-02-21 14:00:00,103.304,103.348,100.988,101.879,1879561,2024-02-21 14:59:59.999,184507.975336,24941,889001,87218.6221381,0
2024-02-21 15:00:00,101.889,104.131,101.552,103.952,1483323,2024-02-21 15:59:59.999,143772.40830573,18169,858802,83260.94992617,0
2024-02-21 16:00:00,103.941,104.623,103.082,104.056,1466611,2024-02-21 16:59:59.999,140924.62307397,16373,879765,84542.51460148,0
2024-02-21 17:00:00,104.055,104.348,102.094,102.206,670519,2024-02-21 17:59:59.999,65016.47311274,9560,299954,29082.44545993,0
2024-02-21 18:00:00,102.206,102.263,100.25,101.24,1392896,2024-02-21 18:59:59.999,137518.74020446,17279,625669,61799.45143858,0
2024-02-21 19:00:00,101.232,102.251,100.782,102.101,850727,2024-02-21 19:59:59.999,83749.54086466,11607,395654,38959.11214105,0
2024-02-21 20:00:00,102.09,102.271,101.463,101.698,348548,2024-02-21 20:59:59.999,34199.2419131,5657,169656,16646.9615602,0
2024-02-21 21:00:00,101.703,104.76,101.528,104.693,1155157,2024-02-21 21:59:59.999,111923.37779691,18116,686688,66514.36501177,0
2024-02-21 22:00:00,104.693,105.392,104.191,104.705,717933,2024-02-21 22:59:59.999,68587.88689216,11373,321347,30683.95454556,0
2024-02-21 23:00:00,104.703,105.893,104.336,105.17,1100456,2024-02-21 23:59:59.999,104599.88539305,11328,593360,56406.81577542,0
2024-02-22 00:00:00,105.178,105.236,103.854,103.952,531510,2024-02-22 00:59:59.999,50882.01488372,8580,253675,24274.38670586,0
2024-02-22 01:00:00,103.952,104.279,102.141,102.36,704553,2024-02-22 01:59:59.999,68395.9979738,10148,276124,26791.60185038,0
2024-02-22 02:00:00,102.352,103.357,102.257,102.926,581969,2024-02-22 02:59:59.999,56557.96100318,7894,331275,32193.17911404,0
2024-02-22 03:00:00,102.917,103.981,102.636,103.627,442125,2024-02-22 03:59:59.999,42799.07743396,5854,244909,23708.83720339,0
2024-02-22 04:00:00,103.627,104.094,103.255,103.404,588765,2024-02-22 04:59:59.999,56745.09594057,5374,323168,31136.38227009,0
2024-02-22 05:00:00,103.442,104.213,103.317,103.821,366989,2024-02-22 05:59:59.999,35348.72815089,4689,186266,17940.92120193,0
2024-02-22 06:00:00,103.822,105.445,103.776,104.88,969779,2024-02-22 06:59:59.999,92515.59738382,9689,540953,51614.04916049,0
2024-02-22 07:00:00,104.881,105.4,103.914,105.16,1516203,2024-02-22 07:59:59.999,144788.71911558,16092,749576,71580.64870237,0
2024-02-22 08:00:00,105.16,106.192,104.944,105.844,822497,2024-02-22 08:59:59.999,77857.44515755,11691,435643,41239.77687274,0
2024-02-22 09:00:00,105.844,107.13,105.576,106.819,989982,2024-02-22 09:59:59.999,93048.45037299,13237,544002,51132.85686936,0
2024-02-22 10:00:00,106.786,107.193,105.7,106.393,764316,2024-02-22 10:59:59.999,71833.44542219,10105,357712,33615.74871844,0
2024-02-22 11:00:00,106.397,106.467,105.439,105.907,553663,2024-02-22 11:59:59.999,52262.58893238,6980,242473,22889.4085251,0
2024-02-22 12:00:00,105.92,106.241,104.788,105.176,534304,2024-02-22 12:59:59.999,50669.97663626,7618,248796,23593.6294423,0
2024-02-22 13:00:00,105.175,105.26,103.236,103.916,891753,2024-02-22 13:59:59.999,85635.68320331,13561,391539,37611.4137151,0
2024-02-22 14:00:00,103.913,104.839,103.696,104.707,508143,2024-02-22 14:59:59.999,48719.73415305,8043,264139,25327.53362879,0
2024-02-22 15:00:00,104.708,105.943,104.454,105.452,630518,2024-02-22 15:59:59.999,59882.45792924,10154,312437,29683.16690651,0
2024-02-22 16:00:00,105.449,105.556,103.745,104.15,611958,2024-02-22 16:59:59.999,58484.34518358,9403,279221,26688.47499951,0
2024-02-22 17:00:00,104.161,104.711,104.048,104.312,487692,2024-02-22 17:59:59.999,46724.97074437,6436,245154,23489.85687579,0
2024-02-22 18:00:00,104.3,105.139,103.723,104.799,520661,2024-02-22 18:59:59.999,49856.81267379,6884,241937,23170.28354342,0
2024-02-22 19:00:00,104.791,104.822,103.4,103.625,412379,2024-02-22 19:59:59.999,39634.22495848,5826,178509,17157.42154838,0
2024-02-22 20:00:00,103.631,105.428,103.476,105.222,1205657,2024-02-22 20:59:59.999,115085.58252542,16440,484585,46278.3613147,0
2024-02-22 21:00:00,105.217,105.249,103.277,103.63,561722,2024-02-22 21:59:59.999,53980.57769715,7763,287635,27646.93057141,0
2024-02-22 22:00:00,103.643,103.981,102.228,102.983,589997,2024-02-22 22:59:59.999,57258.50338644,8467,270906,26289.81102212,0
2024-02-22 23:00:00,102.999,103.143,101.512,101.743,726474,2024-02-22 23:59:59.999,71139.13941894,9248,304299,29793.62685945,0
2024-02-23 00:00:00,101.743,102.632,101.648,102.622,562835,2024-02-23 00:59:59.999,55111.37045131,7425,271403,26563.52101264,0
2024-02-23 01:00:00,102.613,102.885,102.025,102.064,403295,2024-02-23 01:59:59.999,39337.67328937,5169,181878,17740.29936476,0
2024-02-23 02:00:00,102.071,102.787,101.2,101.497,962169,2024-02-23 02:59:59.999,94175.53658305,11228,448412,43884.94054272,0
2024-02-23 03:00:00,101.503,101.845,101.047,101.845,625986,2024-02-23 03:59:59.999,61731.30565186,8181,282820,27893.72695696,0
2024-02-23 04:00:00,101.848,102.456,101.404,102.424,426198,2024-02-23 04:59:59.999,41779.73662051,5776,214473,21026.08124627,0
2024-02-23 05:00:00,102.424,102.692,102.064,102.556,323576,2024-02-23 05:59:59.999,31594.15060059,3832,157462,15377.05241946,0
2024-02-23 06:00:00,102.552,103.129,102.412,102.964,345496,2024-02-23 06:59:59.999,33615.88317927,3733,176715,17195.24624817,0
2024-02-23 07:00:00,102.951,103.089,101.625,102.01,471801,2024-02-23 07:59:59.999,46088.48550447,5714,215944,21095.10406942,0
2024-02-23 08:00:00,102.009,102.791,101.239,101.789,804813,2024-02-23 08:59:59.999,78918.90424938,9157,353665,34675.85007052,0
2024-02-23 09:00:00,101.788,102.437,101.413,102.407,519498,2024-02-23 09:59:59.999,50970.64059209,7151,235556,23113.0220033,0
2024-02-23 10:00:00,102.407,102.692,101.991,102.617,417771,2024-02-23 10:59:59.999,40773.81587489,5304,194508,18985.15058834,0
2024-02-23 11:00:00,102.617,103.061,102.406,102.712,372234,2024-02-23 11:59:59.999,36237.71583134,4981,186457,18153.66520439,0
2024-02-23 12:00:00,102.713,102.739,101.155,101.231,593580,2024-02-23 12:59:59.999,58301.68289688,8665,279640,27471.19474597,0
2024-02-23 13:00:00,101.243,102.287,101.072,102.22,510425,2024-02-23 13:59:59.999,50228.20162315,6964,255736,25164.10313902,0
2024-02-23 14:00:00,102.216,102.987,101.189,102.307,1195520,2024-02-23 14:59:59.999,117067.49281846,15863,606944,59430.46063539,0
2024-02-23 15:00:00,102.296,102.296,100.214,100.324,1660267,2024-02-23 15:59:59.999,164383.85014325,22885,767341,75991.68981076,0
2024-02-23 16:00:00,100.321,100.789,98.665,100.469,1848633,2024-02-23 16:59:59.999,185377.62296942,29546,896402,89864.77212258,0
2024-02-23 17:00:00,100.479,101.646,100.364,101.607,520892,2024-02-23 17:59:59.999,51623.44753874,8155,264352,26203.21323401,0
2024-02-23 18:00:00,101.595,101.625,100.843,101.457,432136,2024-02-23 18:59:59.999,42660.10185019,6114,217719,21492.38965826,0
2024-02-23 19:00:00,101.457,101.777,101.027,101.451,400321,2024-02-23 19:59:59.999,39486.96150101,5109,194599,19194.52138103,0
2024-02-23 20:00:00,101.456,101.774,100.955,101.578,364375,2024-02-23 20:59:59.999,35943.02121753,5055,174901,17253.25999458,0
2024-02-23 21:00:00,101.58,101.739,100.997,101.131,288265,2024-02-23 21:59:59.999,28458.2832591,4056,146366,14451.46092976,0
2024-02-23 22:00:00,101.131,101.38,99.823,99.884,355230,2024-02-23 22:59:59.999,35303.42460071,4992,158241,15721.25000101,0
2024-02-23 23:00:00,99.882,100.338,98.911,99.921,613692,2024-02-23 23:59:59.999,61569.97473717,8716,313136,31414.14575086,0
2024-02-24 00:00:00,99.951,100.808,99.572,100.611,509401,2024-02-24 00:59:59.999,50848.0655074,7429,252185,25179.42467003,0
2024-02-24 01:00:00,100.612,100.612,98.51,98.76,610113,2024-02-24 01:59:59.999,61423.83258437,9684,314490,31656.58974012,0
2024-02-24 02:00:00,98.751,99.912,98.586,99.762,478874,2024-02-24 02:59:59.999,48148.57474318,6632,231503,23278.53165247,0
2024-02-24 03:00:00,99.762,100.5,99.462,100.291,316528,2024-02-24 03:59:59.999,31675.84652539,4721,155557,15568.40899548,0
2024-02-24 04:00:00,100.273,101.373,100.221,101.141,353575,2024-02-24 04:59:59.999,35078.44299361,4976,189908,18843.47125081,0
2024-02-24 05:00:00,101.133,101.472,100.708,101.328,358105,2024-02-24 05:59:59.999,35405.39526511,4274,189406,18725.72799442,0
2024-02-24 06:00:00,101.325,101.665,101.086,101.416,271892,2024-02-24 06:59:59.999,26836.17241236,4065,135108,13336.32772245,0
2024-02-24 07:00:00,101.417,102.299,101.228,102.284,406859,2024-02-24 07:59:59.999,39961.94418223,5174,218761,21481.93586304,0
2024-02-24 08:00:00,102.285,102.489,101.648,101.739,388371,2024-02-24 08:59:59.999,38051.90135165,5296,168056,16465.55421917,0
2024-02-24 09:00:00,101.739,102.795,101.61,102.556,746630,2024-02-24 09:59:59.999,72918.78374838,7293,430401,42033.05903121,0
2024-02-24 10:00:00,102.548,102.863,102.192,102.339,265800,2024-02-24 10:59:59.999,25933.78248558,3825,122920,11993.49450686,0
2024-02-24 11:00:00,102.328,102.5,101.889,102.209,232878,2024-02-24 11:59:59.999,22776.39436369,3410,105673,10334.6216228,0
2024-02-24 12:00:00,102.207,102.687,101.786,102.348,319247,2024-02-24 12:59:59.999,31264.1353874,4222,162568,15922.46975863,0
2024-02-24 13:00:00,102.328,102.625,102.108,102.377,228301,2024-02-24 13:59:59.999,22299.46834573,3309,119728,11696.28091306,0
2024-02-24 14:00:00,102.381,102.513,101.855,102.231,261965,2024-02-24 14:59:59.999,25623.70162741,4086,141240,13812.32076974,0
2024-02-24 15:00:00,102.231,102.53,102.0,102.018,280657,2024-02-24 15:59:59.999,27458.63610626,3610,123943,12126.61196505,0
2024-02-24 16:00:00,102.026,102.813,101.983,102.62,309828,2024-02-24 16:59:59.999,30243.36898115,4103,181181,17683.68825307,0
2024-02-24 17:00:00,102.621,103.922,102.594,103.536,667626,2024-02-24 17:59:59.999,64587.03452075,8548,374822,36269.04511608,0
2024-02-24 18:00:00,103.549,103.958,103.189,103.408,517026,2024-02-24 18:59:59.999,49916.1296194,6134,259592,25062.02831652,0
2024-02-24 19:00:00,103.4,104.259,103.314,104.174,365328,2024-02-24 19:59:59.999,35200.73263605,4873,215929,20806.85047102,0
2024-02-24 20:00:00,104.145,104.441,103.756,104.131,313882,2024-02-24 20:59:59.999,30167.14830543,4020,152047,14615.20360866,0
2024-02-24 21:00:00,104.121,104.688,103.865,104.564,497624,2024-02-24 21:59:59.999,47699.34574391,5950,266422,25545.48565476,0
2024-02-24 22:00:00,104.557,104.922,103.998,104.199,297210,2024-02-24 22:59:59.999,28445.36442612,3816,132476,12671.08912591,0
2024-02-24 23:00:00,104.189,104.497,104.075,104.115,163585,2024-02-24 23:59:59.999,15686.29335387,2332,83217,7980.51655145,0
2024-02-25 00:00:00,104.12,104.168,103.51,103.837,165566,2024-02-25 00:59:59.999,15956.49361393,2547,79553,7666.80781409,0
2024-02-25 01:00:00,103.827,104.138,103.321,103.886,263195,2024-02-25 01:59:59.999,25399.09350306,3826,119719,11551.72521686,0
2024-02-25 02:00:00,103.886,104.549,103.084,103.425,428515,2024-02-25 02:59:59.999,41262.32584822,6569,204409,19683.05216448,0
2024-02-25 03:00:00,103.421,103.555,102.233,103.456,494401,2024-02-25 03:59:59.999,48071.3808899,6460,219600,21346.68705558,0
2024-02-25 04:00:00,103.46,103.551,102.87,103.29,357714,2024-02-25 04:59:59.999,34656.57735438,4953,179010,17345.17156265,0
2024-02-25 05:00:00,103.305,103.554,102.837,103.405,239422,2024-02-25 05:59:59.999,23206.07934701,3836,112666,10920.35352259,0
2024-02-25 06:00:00,103.408,103.764,103.077,103.291,340813,2024-02-25 06:59:59.999,32956.47877045,5596,173526,16780.12872252,0
2024-02-25 07:00:00,103.292,103.459,102.774,103.087,307092,2024-02-25 07:59:59.999,29789.93665011,4312,144291,13998.84549757,0
2024-02-25 08:00:00,103.086,103.187,102.477,102.608,260784,2024-02-25 08:59:59.999,25360.1308359,4005,129509,12593.4057179,0
2024-02-25 09:00:00,102.608,102.836,102.292,102.514,295032,2024-02-25 09:59:59.999,28773.66248871,4140,138027,13463.39244479,0
2024-02-25 10:00:00,102.504,102.699,102.1,102.515,198316,2024-02-25 10:59:59.999,19370.14741712,3041,87845,8580.42498937,0
2024-02-25 11:00:00,102.521,103.02,102.341,102.899,154482,2024-02-25 11:59:59.999,15033.86664212,2671,87388,8504.79920023,0
2024-02-25 12:00:00,102.899,103.224,102.392,103.088,255477,2024-02-25 12:59:59.999,24861.70212668,3632,122753,11942.98523617,0
2024-02-25 13:00:00,103.087,103.247,102.588,102.701,241424,2024-02-25 13:59:59.999,23454.07757793,3614,121877,11837.90388174,0
2024-02-25 14:00:00,102.691,103.722,102.601,103.58,291587,2024-02-25 14:59:59.999,28237.95538342,4897,141478,13701.28073223,0
2024-02-25 15:00:00,103.583,103.9,102.501,102.844,477848,2024-02-25 15:59:59.999,46284.71605471,6753,191877,18584.64832388,0
2024-02-25 16:00:00,102.84,103.133,102.262,102.756,407092,2024-02-25 16:59:59.999,39665.00358651,6296,196542,19149.80427473,0
2024-02-25 17:00:00,102.753,103.5,102.623,103.465,283082,2024-02-25 17:59:59.999,27437.66256185,4336,143900,13948.24595892,0
2024-02-25 18:00:00,103.488,103.536,102.877,103.253,200891,2024-02-25 18:59:59.999,19474.75774902,3153,94441,9156.05725517,0
2024-02-25 19:00:00,103.253,103.8,102.993,103.491,313798,2024-02-25 19:59:59.999,30318.44407368,4737,165456,15989.09090426,0
2024-02-25 20:00:00,103.49,104.479,103.444,103.753,651689,2024-02-25 20:59:59.999,62633.77368063,8756,331099,31829.5420854,0
2024-02-25 21:00:00,103.749,103.967,103.255,103.527,285971,2024-02-25 21:59:59.999,27607.93461886,4422,136943,13222.13310537,0
2024-02-25 22:00:00,103.527,104.038,103.115,103.636,262605,2024-02-25 22:59:59.999,25339.1934614,3869,134513,12980.87967461,0
2024-02-25 23:00:00,103.625,103.785,103.18,103.576,188905,2024-02-25 23:59:59.999,18252.02372623,2990,98574,9524.39569264,0
2024-02-26 00:00:00,103.581,104.1,103.228,104.053,265161,2024-02-26 00:59:59.999,25571.95260933,4338,148940,14362.78641162,0
2024-02-26 01:00:00,104.064,104.99,103.384,103.505,511746,2024-02-26 01:59:59.999,49153.81303609,7877,265590,25508.7196018,0
2024-02-26 02:00:00,103.512,103.608,102.528,102.647,401872,2024-02-26 02:59:59.999,38952.07825153,5341,161639,15663.39049318,0
2024-02-26 03:00:00,102.652,103.564,102.37,103.564,412936,2024-02-26 03:59:59.999,40148.66670284,5392,223694,21750.10678702,0
2024-02-26 04:00:00,103.568,103.749,103.017,103.239,290999,2024-02-26 04:59:59.999,28143.56898914,4132,126938,12277.39672878,0
2024-02-26 05:00:00,103.261,104.189,103.132,104.076,381320,2024-02-26 05:59:59.999,36804.63037608,4438,191336,18469.4329129,0
2024-02-26 06:00:00,104.077,104.336,103.805,104.271,340626,2024-02-26 06:59:59.999,32701.51330416,4093,157216,15093.55752973,0
2024-02-26 07:00:00,104.272,104.386,103.287,103.392,443805,2024-02-26 07:59:59.999,42751.70173903,5319,216130,20819.82530472,0
2024-02-26 08:00:00,103.388,104.259,103.271,103.67,349795,2024-02-26 08:59:59.999,33720.75086383,5113,174910,16863.82368334,0
2024-02-26 09:00:00,103.67,104.125,101.366,101.553,988820,2024-02-26 09:59:59.999,96685.12565445,14935,447396,43757.34608942,0
2024-02-26 10:00:00,101.552,102.374,101.467,101.907,506167,2024-02-26 10:59:59.999,49609.39933976,6888,257598,25246.54259684,0
2024-02-26 11:00:00,101.907,101.975,100.663,101.037,659362,2024-02-26 11:59:59.999,65102.98057231,7904,293635,28988.71019566,0
2024-02-26 12:00:00,101.035,101.592,100.314,101.475,485980,2024-02-26 12:59:59.999,48151.13596433,9001,228723,22660.57938047,0
2024-02-26 13:00:00,101.475,102.231,101.285,101.64,527853,2024-02-26 13:59:59.999,51850.7377963,7307,259130,25462.31127392,0
2024-02-26 14:00:00,101.641,103.689,101.576,103.646,744776,2024-02-26 14:59:59.999,72384.06987584,10588,362601,35266.97868418,0
2024-02-26 15:00:00,103.647,105.184,103.215,105.124,1500232,2024-02-26 15:59:59.999,144162.48402023,21520,764966,73495.16572415,0
2024-02-26 16:00:00,105.118,107.25,104.683,107.007,1703905,2024-02-26 16:59:59.999,160727.41952768,27264,900699,84927.65478074,0
2024-02-26 17:00:00,107.014,110.157,106.893,109.757,1455278,2024-02-26 17:59:59.999,134175.58137833,21725,729321,67270.85797429,0
2024-02-26 18:00:00,109.752,110.492,108.9,109.421,1221940,2024-02-26 18:59:59.999,111410.73654953,19000,583978,53236.13695491,0
2024-02-26 19:00:00,109.42,110.1,108.427,109.876,1283053,2024-02-26 19:59:59.999,117255.54746182,19685,638020,58305.31912966,0
2024-02-26 20:00:00,109.879,110.678,109.036,109.371,1264799,2024-02-26 20:59:59.999,115289.66526439,16243,610104,55601.08719546,0
2024-02-26 21:00:00,109.365,109.46,108.6,109.137,423350,2024-02-26 21:59:59.999,38867.10291407,6544,207393,19040.08805125,0
2024-02-26 22:00:00,109.138,110.99,109.037,109.88,603523,2024-02-26 22:59:59.999,54970.78520238,9471,306724,27928.43962645,0
2024-02-26 23:00:00,109.88,110.455,109.703,110.064,485398,2024-02-26 23:59:59.999,44115.07358764,6721,218124,19821.81253693,0
2024-02-27 00:00:00,110.08,111.187,109.4,110.92,1026437,2024-02-27 00:59:59.999,92890.4434261,13685,565708,51187.44472184,0
2024-02-27 01:00:00,110.924,112.559,110.708,110.964,1278600,2024-02-27 01:59:59.999,114375.45174752,18115,631683,56503.64823026,0
2024-02-27 02:00:00,110.953,112.277,110.082,111.447,1821426,2024-02-27 02:59:59.999,163887.65984539,29495,832830,74907.40517528,0
2024-02-27 03:00:00,111.46,112.404,110.289,110.441,1013822,2024-02-27 03:59:59.999,90811.00699568,14250,472267,42271.77987226,0
2024-02-27 04:00:00,110.442,110.752,109.323,109.508,816908,2024-02-27 04:59:59.999,74224.4968815,11558,361021,32801.01881281,0
2024-02-27 05:00:00,109.504,110.583,109.319,110.456,407805,2024-02-27 05:59:59.999,37046.59016217,6367,222002,20166.81765707,0
2024-02-27 06:00:00,110.46,111.638,110.421,111.428,441511,2024-02-27 06:59:59.999,39766.54489945,6303,218540,19688.90177229,0
2024-02-27 07:00:00,111.441,111.622,110.327,110.565,445827,2024-02-27 07:59:59.999,40183.76632158,6610,206183,18587.48215029,0
2024-02-27 08:00:00,110.565,112.0,110.565,111.243,490529,2024-02-27 08:59:59.999,44059.6672561,7498,267920,24071.66104604,0
2024-02-27 09:00:00,111.224,111.794,111.085,111.545,415047,2024-02-27 09:59:59.999,37226.13786937,6310,212684,19078.11439607,0
2024-02-27 10:00:00,111.544,112.377,111.183,112.011,556937,2024-02-27 10:59:59.999,49863.87202896,7465,283982,25425.10354579,0
2024-02-27 11:00:00,112.005,112.158,110.717,111.711,629862,2024-02-27 11:59:59.999,56553.79230368,8386,312857,28092.88409304,0
2024-02-27 12:00:00,111.71,112.044,110.16,110.195,930463,2024-02-27 12:59:59.999,83493.92832399,12128,430524,38625.28461041,0
2024-02-27 13:00:00,110.196,110.774,109.159,110.44,1402526,2024-02-27 13:59:59.999,127372.77999951,18264,655406,59513.27293838,0
2024-02-27 14:00:00,110.425,110.55,108.6,109.325,1054986,2024-02-27 14:59:59.999,96164.01933979,13646,504032,45922.27107567,0
2024-02-27 15:00:00,109.328,109.652,106.282,106.92,1541071,2024-02-27 15:59:59.999,142632.66469057,22370,678596,62788.44798029,0
2024-02-27 16:00:00,106.923,107.895,105.401,107.017,1765070,2024-02-27 16:59:59.999,165238.98503744,23300,871068,81494.96733982,0
2024-02-27 17:00:00,107.017,107.591,106.585,107.304,817064,2024-02-27 17:59:59.999,76259.11230821,9582,410314,38304.83514867,0
2024-02-27 18:00:00,107.311,107.788,107.027,107.321,439159,2024-02-27 18:59:59.999,40906.41210335,5561,244936,22814.49130824,0
2024-02-27 19:00:00,107.328,108.578,107.328,108.516,685897,2024-02-27 19:59:59.999,63487.21337396,9175,393579,36438.15890242,0
2024-02-27 20:00:00,108.538,109.01,107.667,108.981,640203,2024-02-27 20:59:59.999,59102.53320126,8704,314604,29045.54804179,0
2024-02-27 21:00:00,108.97,109.5,108.444,109.118,494328,2024-02-27 21:59:59.999,45372.43294166,6808,244003,22399.07526753,0
2024-02-27 22:00:00,109.118,109.487,108.54,108.626,319770,2024-02-27 22:59:59.999,29321.95957492,4702,150700,13818.29799682,0
2024-02-27 23:00:00,108.631,108.78,108.1,108.522,377138,2024-02-27 23:59:59.999,34792.39722421,4524,184690,17040.99763228,0
2024-02-28 00:00:00,108.523,109.45,108.141,108.796,520027,2024-02-28 00:59:59.999,47792.49734236,7116,261855,24069.84606011,0
2024-02-28 01:00:00,108.796,109.062,107.384,108.228,566792,2024-02-28 01:59:59.999,52436.66987466,7604,265953,24608.73608906,0
2024-02-28 02:00:00,108.228,108.459,107.857,108.167,314926,2024-02-28 02:59:59.999,29125.51076999,4646,140163,12965.22676467,0
2024-02-28 03:00:00,108.181,108.181,107.415,107.744,329851,2024-02-28 03:59:59.999,30595.12454177,4614,161149,14949.98451693,0
2024-02-28 04:00:00,107.731,108.976,107.713,108.9,420537,2024-02-28 04:59:59.999,38768.19803972,5099,228307,21050.33431155,0
2024-02-28 05:00:00,108.9,109.329,108.722,108.872,305584,2024-02-28 05:59:59.999,28039.43914046,3974,143976,13211.60606339,0
2024-02-28 06:00:00,108.871,109.207,108.505,108.914,326601,2024-02-28 06:59:59.999,30006.5533097,4428,148434,13637.29283633,0
2024-02-28 07:00:00,108.913,110.322,108.79,110.278,712254,2024-02-28 07:59:59.999,64956.50001298,9018,380303,34689.43817321,0
2024-02-28 08:00:00,110.283,111.0,109.392,110.621,1322317,2024-02-28 08:59:59.999,119990.16221256,17222,622883,56531.73043964,0
2024-02-28 09:00:00,110.62,112.248,109.625,112.17,1750546,2024-02-28 09:59:59.999,157581.5420999,22164,872673,78514.69706217,0
2024-02-28 10:00:00,112.17,114.818,111.229,114.559,1772234,2024-02-28 10:59:59.999,157086.01443332,23395,916709,81229.81875178,0
2024-02-28 11:00:00,114.568,115.331,109.597,111.576,2832088,2024-02-28 11:59:59.999,251109.90635176,37382,1294344,114736.55659262,0
2024-02-28 12:00:00,111.577,112.732,110.864,111.514,1566308,2024-02-28 12:59:59.999,140167.0979343,21300,732534,65578.012758,0
2024-02-28 13:00:00,111.516,113.35,110.94,113.125,1888546,2024-02-28 13:59:59.999,168290.70819339,25893,979845,87302.33401375,0
2024-02-28 14:00:00,113.158,113.507,110.582,111.982,1967531,2024-02-28 14:59:59.999,176040.06927422,27068,992187,88792.07513958,0
2024-02-28 15:00:00,111.982,113.507,110.868,113.194,1582507,2024-02-28 15:59:59.999,141003.53061568,23437,801377,71395.45527634,0
2024-02-28 16:00:00,113.212,116.966,113.147,116.454,4287974,2024-02-28 16:59:59.999,370650.61500971,49874,2077203,179574.46074068,0
2024-02-28 17:00:00,116.448,117.358,106.265,114.939,7973498,2024-02-28 17:59:59.999,708492.30559029,118635,3714753,330050.71112899,0
2024-02-28 18:00:00,114.961,115.001,108.044,113.37,3673766,2024-02-28 18:59:59.999,329357.12462543,63461,1832879,164325.56698433,0
2024-02-28 19:00:00,113.368,114.319,111.337,111.549,1306921,2024-02-28 19:59:59.999,115787.15973699,22236,595407,52752.80256475,0
2024-02-28 20:00:00,111.549,112.953,110.315,112.453,1224861,2024-02-28 20:59:59.999,109904.27220387,21911,597036,53573.49710083,0
2024-02-28 21:00:00,112.453,116.689,111.612,116.283,1763648,2024-02-28 21:59:59.999,153979.29206295,26929,910438,79472.17503,0
2024-02-28 22:00:00,116.283,118.105,115.612,116.073,2126906,2024-02-28 22:59:59.999,181719.32530141,36613,984109,84031.26653696,0
2024-02-28 23:00:00,116.061,119.675,115.88,119.526,2036875,2024-02-28 23:59:59.999,173584.02960989,27866,1003375,85488.88007327,0
2024-02-29 00:00:00,119.565,123.389,117.519,123.389,4277374,2024-02-29 00:59:59.999,357442.19161854,61891,1891901,158059.57863097,0
2024-02-29 01:00:00,123.36,124.718,121.324,124.095,3021613,2024-02-29 01:59:59.999,246207.89998831,40743,1330048,108411.60528702,0
2024-02-29 02:00:00,124.105,124.824,121.72,121.91,2119429,2024-02-29 02:59:59.999,172156.85757082,29523,910845,74001.20809576,0
2024-02-29 03:00:00,121.889,124.285,121.179,123.746,2192833,2024-02-29 03:59:59.999,179073.89887534,25091,1151297,94006.02633463,0
2024-02-29 04:00:00,123.772,124.882,122.502,123.078,1452982,2024-02-29 04:59:59.999,117578.93576648,22879,704948,57050.91438319,0
2024-02-29 05:00:00,123.078,126.181,122.555,124.092,2463670,2024-02-29 05:59:59.999,197715.2992843,34682,1134059,90998.19755325,0
2024-02-29 06:00:00,124.079,125.243,122.66,123.65,1459115,2024-02-29 06:59:59.999,117757.70534197,23676,650776,52492.59351554,0
2024-02-29 07:00:00,123.593,126.198,122.259,125.654,1685438,2024-02-29 07:59:59.999,135843.44466042,26286,738068,59440.16586301,0
2024-02-29 08:00:00,125.652,132.56,125.284,131.837,4727949,2024-02-29 08:59:59.999,365256.37869715,58405,2377377,183767.83081417,0
2024-02-29 09:00:00,131.83,133.22,128.597,129.318,2623487,2024-02-29 09:59:59.999,200465.71686659,34534,1162651,88841.60403807,0
2024-02-29 10:00:00,129.323,129.405,128.15,128.914,1756911,2024-02-29 10:59:59.999,136395.60675739,25616,856204,66455.97828096,0
2024-02-29 11:00:00,128.915,130.984,128.123,129.348,2453919,2024-02-29 11:59:59.999,189105.03402081,29535,1213848,93530.34582026,0
2024-02-29 12:00:00,129.348,130.181,127.021,129.33,2199900,2024-02-29 12:59:59.999,170583.50091603,30037,1074885,83331.9102566,0
2024-02-29 13:00:00,129.352,134.462,129.173,132.964,3778404,2024-02-29 13:59:59.999,286026.10385559,46910,1872430,141715.19036043,0
2024-02-29 14:00:00,132.96,134.878,131.062,131.808,3347435,2024-02-29 14:59:59.999,251292.58771065,45084,1560741,117122.19445819,0
2024-02-29 15:00:00,131.825,132.87,130.623,132.513,1506349,2024-02-29 15:59:59.999,114361.8844373,20539,728485,55298.07682612,0
2024-02-29 16:00:00,132.524,133.269,127.293,130.942,3610463,2024-02-29 16:59:59.999,278421.3108654,44810,1678601,129467.45381569,0
2024-02-29 17:00:00,130.964,132.386,126.625,128.973,3427995,2024-02-29 17:59:59.999,265431.28487258,51175,1687898,130690.259909,0
2024-02-29 18:00:00,128.96,130.168,126.616,127.84,2157041,2024-02-29 18:59:59.999,168262.73319816,32878,1057557,82506.28137149,0
2024-02-29 19:00:00,127.832,130.644,127.263,130.409,1507391,2024-02-29 19:59:59.999,116527.7616718,20666,744772,57584.56251816,0
2024-02-29 20:00:00,130.432,132.132,130.277,130.747,1489920,2024-02-29 20:59:59.999,113618.00226008,18853,750574,57235.45343924,0
2024-02-29 21:00:00,130.746,130.781,124.8,128.002,2987428,2024-02-29 21:59:59.999,234327.72840547,41574,1327365,104150.45821678,0
2024-02-29 22:00:00,128.001,128.34,122.75,123.854,2117563,2024-02-29 22:59:59.999,169565.60124337,32663,929113,74366.79258102,0
2024-02-29 23:00:00,123.901,126.499,123.733,125.836,1208184,2024-02-29 23:59:59.999,96184.61305933,18274,619079,49302.39683891,0
2024-03-01 00:00:00,125.858,133.33,125.815,133.238,2668745,2024-03-01 00:59:59.999,206755.75064172,41694,1415216,109574.00657254,0
2024-03-01 01:00:00,133.221,137.475,131.751,135.947,4111146,2024-03-01 01:59:59.999,305602.05292206,52909,2115561,157265.37562427,0
2024-03-01 02:00:00,135.947,136.871,132.8,134.1,3177238,2024-03-01 02:59:59.999,236791.16517528,41314,1612193,120200.34953203,0
2024-03-01 03:00:00,134.1,136.521,133.825,134.224,2564960,2024-03-01 03:59:59.999,189558.99736741,35474,1228313,90789.39941808,0
2024-03-01 04:00:00,134.206,137.748,134.128,137.655,3044628,2024-03-01 04:59:59.999,223557.95507959,34356,1562773,114693.23267649,0
2024-03-01 05:00:00,137.636,137.978,133.777,134.281,1761560,2024-03-01 05:59:59.999,130104.71022179,26317,799534,59025.93060157,0
2024-03-01 06:00:00,134.292,135.378,132.705,133.705,2142507,2024-03-01 06:59:59.999,159932.16978204,26450,1075079,80218.29869011,0
2024-03-01 07:00:00,133.687,134.495,131.892,132.168,1351432,2024-03-01 07:59:59.999,101589.74678081,18034,589655,44312.35751243,0
2024-03-01 08:00:00,132.177,133.5,131.0,132.48,1948226,2024-03-01 08:59:59.999,147110.98713315,26986,965334,72862.90574552,0
2024-03-01 09:00:00,132.48,134.523,132.423,134.295,898148,2024-03-01 09:59:59.999,67188.7776806,13867,455720,34101.58448481,0
2024-03-01 10:00:00,134.271,135.234,133.4,134.428,1013500,2024-03-01 10:59:59.999,75431.48712361,15220,459292,34178.82093821,0
2024-03-01 11:00:00,134.429,135.722,133.53,135.608,1689942,2024-03-01 11:59:59.999,125432.0101354,20230,831240,61683.95413542,0
2024-03-01 12:00:00,135.601,135.601,133.901,134.515,1253914,2024-03-01 12:59:59.999,93080.35503459,20638,625321,46429.32547532,0
2024-03-01 13:00:00,134.531,135.219,133.563,135.215,1249900,2024-03-01 13:59:59.999,92926.40303992,16436,593124,44110.17270083,0
2024-03-01 14:00:00,135.213,135.267,131.502,133.123,2555612,2024-03-01 14:59:59.999,192103.51630417,34272,1200096,90168.64504613,0
2024-03-01 15:00:00,133.123,133.872,130.411,131.38,2103857,2024-03-01 15:59:59.999,159169.22849307,30900,980737,74189.75350956,0
2024-03-01 16:00:00,131.38,131.8,129.532,129.635,1613354,2024-03-01 16:59:59.999,123589.3202296,21775,731101,55958.07568373,0
2024-03-01 17:00:00,129.635,133.01,129.548,132.128,1886330,2024-03-01 17:59:59.999,143228.188976,22275,975810,74114.68956751,0
2024-03-01 18:00:00,132.155,133.654,130.866,133.057,1505529,2024-03-01 18:59:59.999,113699.64454754,21174,732350,55332.6007352,0
2024-03-01 19:00:00,133.064,133.514,130.16,131.147,1571682,2024-03-01 19:59:59.999,119313.11305886,16217,700931,53220.37079729,0
2024-03-01 20:00:00,131.149,132.1,129.974,131.894,1272097,2024-03-01 20:59:59.999,97087.08001007,17052,604053,46101.98392531,0
2024-03-01 21:00:00,131.894,131.901,130.004,131.07,942368,2024-03-01 21:59:59.999,72136.8381916,15097,481021,36824.60629984,0
2024-03-01 22:00:00,131.1,131.911,130.116,130.915,702769,2024-03-01 22:59:59.999,53641.90711242,9446,335340,25604.88270967,0
2024-03-01 23:00:00,130.931,131.93,129.425,129.595,889445,2024-03-01 23:59:59.999,67994.01296571,12430,420202,32118.84109758,0
2024-03-02 00:00:00,129.605,131.991,129.387,130.696,1433617,2024-03-02 00:59:59.999,109537.33915875,23187,730915,55858.06167699,0
2024-03-02 01:00:00,130.694,130.735,127.519,129.371,2509977,2024-03-02 01:59:59.999,195042.84625737,31482,1245131,96766.88419905,0
2024-03-02 02:00:00,129.37,130.355,128.76,130.128,954636,2024-03-02 02:59:59.999,73730.10737754,13742,445602,34405.89727475,0
2024-03-02 03:00:00,130.136,130.49,129.455,130.402,666826,2024-03-02 03:59:59.999,51258.52456936,9847,339533,26101.33463388,0
2024-03-02 04:00:00,130.401,131.056,129.506,129.545,902801,2024-03-02 04:59:59.999,69337.85113473,10854,421900,32403.62268291,0
2024-03-02 05:00:00,129.528,129.811,128.068,128.599,1016607,2024-03-02 05:59:59.999,78872.87045154,14021,516637,40083.36026207,0
2024-03-02 06:00:00,128.589,129.802,128.178,129.421,846524,2024-03-02 06:59:59.999,65571.25610244,11567,389021,30133.70892766,0
2024-03-02 07:00:00,129.421,129.513,128.214,129.412,751145,2024-03-02 07:59:59.999,58270.55818511,9841,361050,28015.19645367,0
2024-03-02 08:00:00,129.412,130.875,128.015,130.144,1355133,2024-03-02 08:59:59.999,104549.60529206,18811,660154,50946.65151159,0
2024-03-02 09:00:00,130.1,130.8,127.57,128.803,1607034,2024-03-02 09:59:59.999,124774.31895773,22655,801507,62221.08843815,0
2024-03-02 10:00:00,128.804,129.75,128.24,128.53,760559,2024-03-02 10:59:59.999,58945.35316799,10583,330751,25634.12110685,0
2024-03-02 11:00:00,128.524,129.586,128.491,129.044,804311,2024-03-02 11:59:59.999,62310.58443537,10864,375814,29110.495541,0
2024-03-02 12:00:00,129.032,130.545,128.766,130.0,907461,2024-03-02 12:59:59.999,69788.38440086,11371,442048,33998.55677178,0
2024-03-02 13:00:00,130.043,130.721,129.071,129.552,1060737,2024-03-02 13:59:59.999,81651.93221965,13577,510968,39337.91894116,0
2024-03-02 14:00:00,129.552,129.622,127.524,128.692,2023024,2024-03-02 14:59:59.999,157545.88113293,24363,1010026,78651.03894885,0
2024-03-02 15:00:00,128.692,129.119,127.712,128.157,964831,2024-03-02 15:59:59.999,75116.91252558,12373,484877,37747.3239915,0
2024-03-02 16:00:00,128.157,128.977,127.716,128.548,1122194,2024-03-02 16:59:59.999,87475.30822461,11510,594571,46361.43385249,0
2024-03-02 17:00:00,128.544,129.059,128.01,128.175,885106,2024-03-02 17:59:59.999,68806.91005437,9651,441140,34298.33854579,0
2024-03-02 18:00:00,128.161,129.984,128.105,129.944,623381,2024-03-02 18:59:59.999,48315.47388748,7906,286529,22207.31794473,0
2024-03-02 19:00:00,129.944,131.028,129.768,130.893,851983,2024-03-02 19:59:59.999,65330.95583271,9303,422624,32409.5973409,0
2024-03-02 20:00:00,130.892,131.616,128.664,129.465,1097440,2024-03-02 20:59:59.999,84578.16164059,14930,526472,40587.36640089,0
2024-03-02 21:00:00,129.461,130.016,128.701,129.056,377103,2024-03-02 21:59:59.999,29139.42106959,5969,190478,14718.48192808,0
2024-03-02 22:00:00,129.068,129.66,128.5,128.568,359785,2024-03-02 22:59:59.999,27878.12852872,5155,193296,14979.21057373,0
2024-03-02 23:00:00,128.568,130.374,128.531,130.28,555697,2024-03-02 23:59:59.999,42871.11729882,8439,281995,21755.90807419,0
2024-03-03 00:00:00,130.28,130.648,128.952,129.005,1088903,2024-03-03 00:59:59.999,83852.05756784,17519,575300,44310.35503452,0
2024-03-03 01:00:00,129.042,131.017,128.66,130.402,1143753,2024-03-03 01:59:59.999,87953.63707925,15016,533588,41046.68114114,0
2024-03-03 02:00:00,130.391,130.562,128.487,129.489,857965,2024-03-03 02:59:59.999,66316.96933935,11322,449604,34757.72019555,0
2024-03-03 03:00:00,129.489,130.548,129.251,130.419,640475,2024-03-03 03:59:59.999,49173.01233473,7214,296869,22793.67385625,0
2024-03-03 04:00:00,130.424,130.831,129.911,130.488,554123,2024-03-03 04:59:59.999,42470.77189145,6399,259949,19924.81675975,0
2024-03-03 05:00:00,130.495,130.566,129.545,129.854,584670,2024-03-03 05:59:59.999,44984.85842685,8407,291680,22445.02346428,0
2024-03-03 06:00:00,129.844,130.533,128.65,129.37,1118099,2024-03-03 06:59:59.999,86366.26536058,12975,553164,42739.70585831,0
2024-03-03 07:00:00,129.364,129.655,124.0,126.924,3661739,2024-03-03 07:59:59.999,289327.42231035,48665,1665150,131526.76221297,0
2024-03-03 08:00:00,126.927,127.661,125.157,126.975,2376695,2024-03-03 08:59:59.999,187682.26687857,30454,1273826,100613.06114349,0
2024-03-03 09:00:00,126.937,131.557,126.714,130.192,2969251,2024-03-03 09:59:59.999,228118.34874481,31053,1431894,110079.4409212,0
2024-03-03 10:00:00,130.194,130.737,129.21,129.291,1045835,2024-03-03 10:59:59.999,80548.48315672,13380,517092,39826.03375825,0
2024-03-03 11:00:00,129.305,129.956,128.914,128.943,690352,2024-03-03 11:59:59.999,53354.86098648,9744,329848,25492.46251484,0
2024-03-03 12:00:00,128.94,129.393,127.705,128.544,1529990,2024-03-03 12:59:59.999,119074.31335456,19092,706061,54946.01226894,0
2024-03-03 13:00:00,128.509,129.264,128.311,128.938,604933,2024-03-03 13:59:59.999,46981.21241248,8588,304666,23666.61888601,0
2024-03-03 14:00:00,128.958,129.828,128.404,128.867,928208,2024-03-03 14:59:59.999,71918.32987793,11885,449827,34855.15383207,0
2024-03-03 15:00:00,128.867,129.799,128.838,129.515,473575,2024-03-03 15:59:59.999,36606.38396254,7412,226246,17489.79057644,0
2024-03-03 16:00:00,129.541,130.6,129.015,130.6,1293807,2024-03-03 16:59:59.999,99573.56442578,14774,669895,51566.38330088,0
2024-03-03 17:00:00,130.599,131.333,129.956,130.67,1265007,2024-03-03 17:59:59.999,96774.32630662,15087,672788,51475.59163384,0
2024-03-03 18:00:00,130.671,131.419,130.247,130.782,688474,2024-03-03 18:59:59.999,52674.08698876,8661,358041,27400.90584319,0
2024-03-03 19:00:00,130.783,131.262,130.201,130.426,454273,2024-03-03 19:59:59.999,34763.45391159,5915,210931,16140.68508966,0
2024-03-03 20:00:00,130.425,130.777,129.859,129.994,456582,2024-03-03 20:59:59.999,35067.23914478,6305,247021,18971.02865111,0
2024-03-03 21:00:00,129.994,130.538,129.7,130.489,328242,2024-03-03 21:59:59.999,25217.17802234,5225,156083,11991.18636856,0
2024-03-03 22:00:00,130.469,132.423,129.982,131.195,902912,2024-03-03 22:59:59.999,68847.94621586,11368,451189,34392.89012521,0
2024-03-03 23:00:00,131.2,131.547,129.834,130.389,764822,2024-03-03 23:59:59.999,58558.27797,12137,359698,27544.59712314,0
